season_year,personName,personId,plusMinusPoints,minutes,points,assists,fieldGoalsPercentage,performance_score
2023-24,A.J. Lawson,1630639,-18,23.0,12.0,2.0,0.385,-3.615
2023-24,A.J. Lawson,1630639,-4,21.0,2.0,2.0,0.167,0.16699999999999982
2023-24,A.J. Lawson,1630639,2,23.0,8.0,1.0,0.75,11.75
2023-24,A.J. Lawson,1630639,16,30.0,17.0,3.0,0.7,36.7
2023-24,A.J. Lawson,1630639,21,24.0,14.0,2.0,0.5,37.5
2023-24,AJ Green,1631260,-7,21.0,18.0,2.5,0.6234999999999999,14.1235
2023-24,AJ Green,1631260,1,28.0,14.0,0.0,0.5,15.5
2023-24,AJ Green,1631260,2,22.0,6.0,0.0,0.4,8.4
2023-24,AJ Green,1631260,3,21.0,10.0,0.0,0.5,13.5
2023-24,AJ Green,1631260,14,22.0,6.0,3.0,0.5,23.5
2023-24,Aaron Gordon,203932,-28,27.5,13.0,2.0,0.5625,-12.4375
2023-24,Aaron Gordon,203932,-22,34.0,7.0,3.0,0.3,-11.7
2023-24,Aaron Gordon,203932,-20,28.0,12.0,4.0,0.833,-3.1670000000000016
2023-24,Aaron Gordon,203932,-18,31.0,11.0,5.0,0.364,-1.6359999999999992
2023-24,Aaron Gordon,203932,-14,32.0,14.0,2.0,0.5,2.5
2023-24,Aaron Gordon,203932,-12,22.0,3.0,3.0,0.2,-5.8
2023-24,Aaron Gordon,203932,-11,32.0,17.0,3.0,0.615,9.614999999999998
2023-24,Aaron Gordon,203932,-9,32.0,5.0,2.0,0.1665,-1.8335
2023-24,Aaron Gordon,203932,-7,32.0,16.0,5.0,0.5,14.5
2023-24,Aaron Gordon,203932,-6,35.0,19.0,3.0,0.457,16.457
2023-24,Aaron Gordon,203932,-5,30.0,14.0,4.0,0.556,13.556000000000001
2023-24,Aaron Gordon,203932,-4,36.0,16.0,3.0,0.625,15.625
2023-24,Aaron Gordon,203932,-2,34.0,13.0,4.0,0.4963333333333333,15.496333333333332
2023-24,Aaron Gordon,203932,-1,30.0,19.0,1.0,0.889,19.889
2023-24,Aaron Gordon,203932,0,38.0,16.0,4.0,0.636,20.636
2023-24,Aaron Gordon,203932,1,34.0,14.333333333333334,3.3333333333333335,0.513,19.17966666666667
2023-24,Aaron Gordon,203932,2,39.0,20.0,5.0,0.667,27.667
2023-24,Aaron Gordon,203932,3,25.0,7.0,7.0,1.0,18.0
2023-24,Aaron Gordon,203932,4,36.0,15.0,1.0,0.438,20.438
2023-24,Aaron Gordon,203932,5,32.0,9.0,1.0,0.6,15.6
2023-24,Aaron Gordon,203932,6,33.4,17.8,2.6,0.5954,26.995400000000004
2023-24,Aaron Gordon,203932,7,39.0,16.0,7.0,0.438,30.438
2023-24,Aaron Gordon,203932,8,33.8,15.2,4.4,0.5972000000000001,28.197200000000002
2023-24,Aaron Gordon,203932,9,28.333333333333332,12.666666666666666,4.0,0.523,26.189666666666664
2023-24,Aaron Gordon,203932,10,27.0,13.0,3.0,0.625,26.625
2023-24,Aaron Gordon,203932,11,33.0,23.0,4.0,0.75,38.75
2023-24,Aaron Gordon,203932,12,32.25,12.5,2.5,0.44575,27.44575
2023-24,Aaron Gordon,203932,13,31.0,16.0,3.0,0.7,32.7
2023-24,Aaron Gordon,203932,14,30.0,12.0,2.0,0.667,28.667
2023-24,Aaron Gordon,203932,16,23.0,13.0,2.0,0.667,31.667
2023-24,Aaron Gordon,203932,17,35.0,18.0,3.5,0.6225,39.1225
2023-24,Aaron Gordon,203932,18,27.666666666666668,13.333333333333334,4.333333333333333,0.6106666666666667,36.27733333333333
2023-24,Aaron Gordon,203932,19,26.0,12.5,4.5,0.9165,36.9165
2023-24,Aaron Gordon,203932,20,24.0,17.5,4.5,0.6805,42.680499999999995
2023-24,Aaron Gordon,203932,21,32.0,17.0,2.0,0.7,40.7
2023-24,Aaron Gordon,203932,22,31.0,12.333333333333334,5.333333333333333,0.5326666666666666,40.199333333333335
2023-24,Aaron Gordon,203932,23,27.0,8.0,7.0,0.8,38.8
2023-24,Aaron Gordon,203932,25,26.0,15.0,5.0,0.667,45.667
2023-24,Aaron Gordon,203932,26,34.0,15.0,5.0,0.444,46.444
2023-24,Aaron Gordon,203932,29,24.0,10.0,0.0,0.8,39.8
2023-24,Aaron Gordon,203932,40,24.0,17.0,6.0,0.875,63.875
2023-24,Aaron Holiday,1628988,-16,35.0,9.0,5.0,0.4,-1.5999999999999996
2023-24,Aaron Holiday,1628988,-14,30.0,19.0,1.0,0.538,6.538
2023-24,Aaron Holiday,1628988,-10,20.0,8.0,5.0,1.0,4.0
2023-24,Aaron Holiday,1628988,-6,20.0,8.0,4.0,0.375,6.375
2023-24,Aaron Holiday,1628988,-5,26.0,22.0,4.0,0.615,21.615
2023-24,Aaron Holiday,1628988,-3,24.0,13.0,2.0,0.308,12.308
2023-24,Aaron Holiday,1628988,-1,20.0,7.0,3.0,0.429,9.429
2023-24,Aaron Holiday,1628988,1,22.0,18.0,2.0,0.7,21.7
2023-24,Aaron Holiday,1628988,2,26.0,8.0,0.0,0.375,10.375
2023-24,Aaron Holiday,1628988,3,20.0,11.0,0.0,0.571,14.571
2023-24,Aaron Holiday,1628988,4,29.0,12.0,2.0,0.5,18.5
2023-24,Aaron Holiday,1628988,5,27.0,12.0,5.0,0.625,22.625
2023-24,Aaron Holiday,1628988,8,27.0,15.5,2.5,0.65,26.65
2023-24,Aaron Holiday,1628988,9,23.5,15.5,1.5,0.5725,26.5725
2023-24,Aaron Holiday,1628988,10,22.0,8.0,1.0,0.333,19.333
2023-24,Aaron Holiday,1628988,12,22.0,7.0,3.0,0.5,22.5
2023-24,Aaron Holiday,1628988,15,27.5,15.0,3.5,0.5105,34.0105
2023-24,Aaron Holiday,1628988,16,21.0,13.0,1.0,1.0,31.0
2023-24,Aaron Holiday,1628988,19,20.0,7.0,6.0,0.286,32.286
2023-24,Aaron Holiday,1628988,21,23.0,11.0,4.0,0.333,36.333
2023-24,Aaron Nesmith,1630174,-23,27.0,14.0,0.0,0.417,-8.583
2023-24,Aaron Nesmith,1630174,-20,26.0,7.5,1.5,0.3275,-10.6725
2023-24,Aaron Nesmith,1630174,-17,26.0,13.0,1.0,0.333,-2.667
2023-24,Aaron Nesmith,1630174,-15,26.5,11.0,1.5,0.375,-2.125
2023-24,Aaron Nesmith,1630174,-13,20.0,9.0,3.0,0.6,-0.40000000000000036
2023-24,Aaron Nesmith,1630174,-11,27.0,4.0,0.0,0.1,-6.9
2023-24,Aaron Nesmith,1630174,-10,22.0,6.0,2.0,0.25,-1.75
2023-24,Aaron Nesmith,1630174,-9,25.0,7.666666666666667,1.0,0.35233333333333333,0.019000000000001904
2023-24,Aaron Nesmith,1630174,-8,33.0,15.0,0.0,0.625,7.625
2023-24,Aaron Nesmith,1630174,-7,27.0,6.0,3.0,0.182,2.1820000000000004
2023-24,Aaron Nesmith,1630174,-6,24.0,9.5,0.5,0.45,4.449999999999999
2023-24,Aaron Nesmith,1630174,-5,28.0,8.333333333333334,2.0,0.29133333333333333,5.624666666666668
2023-24,Aaron Nesmith,1630174,-4,31.666666666666668,10.333333333333334,1.3333333333333333,0.4666666666666666,8.133333333333335
2023-24,Aaron Nesmith,1630174,-3,41.0,26.0,7.0,0.647,30.647
2023-24,Aaron Nesmith,1630174,-2,31.333333333333332,15.333333333333334,1.6666666666666667,0.6106666666666667,15.610666666666667
2023-24,Aaron Nesmith,1630174,-1,37.0,16.0,6.0,0.545,21.545
2023-24,Aaron Nesmith,1630174,0,26.0,9.0,2.0,0.5,11.5
2023-24,Aaron Nesmith,1630174,1,26.2,12.6,0.8,0.5782,14.978200000000001
2023-24,Aaron Nesmith,1630174,2,29.4,12.8,1.4,0.47240000000000004,16.672400000000003
2023-24,Aaron Nesmith,1630174,4,24.0,17.0,1.0,0.667,22.667
2023-24,Aaron Nesmith,1630174,6,25.5,10.5,1.5,0.5445,18.5445
2023-24,Aaron Nesmith,1630174,7,33.0,22.0,3.0,0.615,32.614999999999995
2023-24,Aaron Nesmith,1630174,8,23.0,19.0,1.0,1.0,29.0
2023-24,Aaron Nesmith,1630174,9,25.0,14.0,1.5,0.5555,25.0555
2023-24,Aaron Nesmith,1630174,10,30.0,25.0,2.0,0.615,37.614999999999995
2023-24,Aaron Nesmith,1630174,12,31.0,13.0,0.0,0.417,25.417
2023-24,Aaron Nesmith,1630174,13,29.0,11.0,1.0,0.45,25.45
2023-24,Aaron Nesmith,1630174,14,32.5,16.0,1.0,0.4825,31.4825
2023-24,Aaron Nesmith,1630174,15,33.5,12.0,2.0,0.4495,29.4495
2023-24,Aaron Nesmith,1630174,16,25.5,11.0,2.0,0.479,29.479
2023-24,Aaron Nesmith,1630174,17,27.5,12.0,1.0,0.5,30.5
2023-24,Aaron Nesmith,1630174,18,25.5,17.5,1.0,0.8125,37.3125
2023-24,Aaron Nesmith,1630174,19,33.0,22.0,4.0,0.727,45.727000000000004
2023-24,Aaron Nesmith,1630174,21,28.0,16.0,3.0,0.75,40.75
2023-24,Aaron Nesmith,1630174,25,30.666666666666668,14.333333333333334,1.6666666666666667,0.5266666666666667,41.52666666666667
2023-24,Aaron Nesmith,1630174,28,25.0,11.0,0.0,0.556,39.556
2023-24,Aaron Wiggins,1630598,-30,28.0,10.0,5.0,0.364,-14.636
2023-24,Aaron Wiggins,1630598,-15,22.0,9.0,1.0,0.8,-4.199999999999999
2023-24,Aaron Wiggins,1630598,-14,25.0,16.0,1.0,0.778,3.7779999999999987
2023-24,Aaron Wiggins,1630598,-11,20.5,7.0,0.0,0.4375,-3.5625
2023-24,Aaron Wiggins,1630598,-7,21.0,13.0,2.0,0.857,8.857
2023-24,Aaron Wiggins,1630598,-2,23.0,12.5,1.0,0.6875,12.1875
2023-24,Aaron Wiggins,1630598,0,20.0,7.0,1.0,0.5,8.5
2023-24,Aaron Wiggins,1630598,3,33.333333333333336,20.333333333333332,2.6666666666666665,0.46866666666666673,26.468666666666667
2023-24,Aaron Wiggins,1630598,5,22.0,4.0,5.0,0.333,14.333
2023-24,Aaron Wiggins,1630598,14,24.0,19.0,3.0,0.667,36.667
2023-24,Aaron Wiggins,1630598,16,26.0,15.0,2.0,0.75,33.75
2023-24,Aaron Wiggins,1630598,18,21.0,7.0,0.0,0.5,25.5
2023-24,Aaron Wiggins,1630598,22,25.0,8.0,1.0,0.5,31.5
2023-24,Adama Sanogo,1641766,11,35.0,22.0,0.0,0.444,33.444
2023-24,Al Horford,201143,-26,32.0,3.0,3.0,0.2,-19.8
2023-24,Al Horford,201143,-23,26.0,3.0,3.0,0.167,-16.833
2023-24,Al Horford,201143,-9,32.0,11.0,0.0,0.8,2.8000000000000007
2023-24,Al Horford,201143,-8,38.0,13.0,6.0,0.286,11.286000000000001
2023-24,Al Horford,201143,-7,25.0,8.0,2.0,0.75,3.75
2023-24,Al Horford,201143,-5,28.0,7.5,1.5,0.6335,4.6335
2023-24,Al Horford,201143,-3,22.0,11.0,2.0,0.8,10.8
2023-24,Al Horford,201143,-2,31.0,2.0,4.0,0.333,4.333
2023-24,Al Horford,201143,0,32.0,9.0,3.0,0.333,12.333
2023-24,Al Horford,201143,1,26.666666666666668,5.333333333333333,1.0,0.3,7.633333333333333
2023-24,Al Horford,201143,2,28.0,7.2,2.2,0.495,11.895
2023-24,Al Horford,201143,3,21.5,7.0,1.0,0.381,11.381
2023-24,Al Horford,201143,4,27.0,6.0,2.0,0.4,12.4
2023-24,Al Horford,201143,5,30.0,11.0,6.0,0.571,22.571
2023-24,Al Horford,201143,7,25.75,4.0,2.5,0.275,13.775
2023-24,Al Horford,201143,8,28.333333333333332,11.666666666666666,2.6666666666666665,0.5623333333333332,22.895666666666664
2023-24,Al Horford,201143,9,27.0,14.666666666666666,2.0,0.625,26.291666666666664
2023-24,Al Horford,201143,10,33.0,12.666666666666666,4.666666666666667,0.676,28.00933333333333
2023-24,Al Horford,201143,11,26.333333333333332,9.333333333333334,2.6666666666666665,0.7713333333333333,23.77133333333333
2023-24,Al Horford,201143,12,31.333333333333332,11.0,6.0,0.537,29.537
2023-24,Al Horford,201143,13,22.0,2.0,1.0,0.333,16.333
2023-24,Al Horford,201143,14,26.0,11.5,1.5,0.653,27.653
2023-24,Al Horford,201143,15,35.0,16.0,3.5,0.7855,35.2855
2023-24,Al Horford,201143,16,22.0,14.0,2.0,0.714,32.714
2023-24,Al Horford,201143,17,32.0,6.0,3.0,0.375,26.375
2023-24,Al Horford,201143,18,28.0,16.0,6.0,0.75,40.75
2023-24,Al Horford,201143,19,23.0,8.0,2.0,0.429,29.429000000000002
2023-24,Al Horford,201143,21,27.0,12.0,3.0,0.625,36.625
2023-24,Al Horford,201143,24,26.0,6.0,5.0,0.333,35.333
2023-24,Al Horford,201143,27,23.0,11.0,2.0,0.556,40.556
2023-24,Al Horford,201143,29,30.0,8.0,3.0,0.571,40.571
2023-24,Al Horford,201143,30,20.0,7.0,1.0,0.667,38.667
2023-24,Al Horford,201143,32,24.0,16.0,2.0,0.7,50.7
2023-24,Al Horford,201143,35,20.0,7.0,4.0,0.6,46.6
2023-24,Alec Burks,202692,-29,22.0,14.0,1.0,0.333,-13.667
2023-24,Alec Burks,202692,-28,30.0,13.0,0.0,0.313,-14.687
2023-24,Alec Burks,202692,-25,25.0,15.0,0.0,0.364,-9.636
2023-24,Alec Burks,202692,-16,23.0,16.0,5.0,0.333,5.332999999999998
2023-24,Alec Burks,202692,-15,24.666666666666668,12.666666666666666,1.0,0.3496666666666666,-0.983666666666668
2023-24,Alec Burks,202692,-13,20.0,6.0,1.0,0.2,-5.8
2023-24,Alec Burks,202692,-12,34.0,27.0,1.0,0.529,16.529
2023-24,Alec Burks,202692,-11,29.0,19.0,1.0,0.5,9.5
2023-24,Alec Burks,202692,-10,21.0,16.5,1.5,0.4225,8.4225
2023-24,Alec Burks,202692,-9,21.0,11.0,7.0,0.444,9.443999999999999
2023-24,Alec Burks,202692,-5,23.0,6.0,2.0,0.182,3.1820000000000004
2023-24,Alec Burks,202692,-4,21.0,22.0,1.0,0.5,19.5
2023-24,Alec Burks,202692,0,27.0,9.0,3.0,0.25,12.25
2023-24,Alec Burks,202692,2,29.0,11.0,6.0,0.6,19.6
2023-24,Alec Burks,202692,4,20.0,18.0,1.0,0.455,23.455
2023-24,Alec Burks,202692,5,25.0,15.0,1.0,0.364,21.364
2023-24,Alec Burks,202692,6,20.0,16.0,4.0,0.429,26.429
2023-24,Alec Burks,202692,9,22.5,10.0,1.0,0.3035,20.3035
2023-24,Alec Burks,202692,12,28.0,25.0,2.0,0.583,39.583
2023-24,Alec Burks,202692,18,26.5,22.0,2.0,0.6234999999999999,42.6235
2023-24,Alec Burks,202692,19,25.0,18.0,0.0,0.5,37.5
2023-24,Alec Burks,202692,24,29.0,33.0,6.0,0.45,63.45
2023-24,Alec Burks,202692,28,30.0,24.0,2.0,0.5,54.5
2023-24,Aleksej Pokusevski,1630197,-29,24.0,9.0,4.0,0.5,-15.5
2023-24,Aleksej Pokusevski,1630197,-12,27.0,3.0,1.0,0.2,-7.8
2023-24,Aleksej Pokusevski,1630197,-6,20.0,8.0,1.5,0.3095,3.8095
2023-24,Aleksej Pokusevski,1630197,-2,22.0,10.0,1.0,1.0,10.0
2023-24,Aleksej Pokusevski,1630197,5,25.0,10.0,1.0,0.5,16.5
2023-24,Aleksej Pokusevski,1630197,10,26.0,9.0,3.0,0.8,22.8
2023-24,Aleksej Pokusevski,1630197,27,20.0,14.0,0.0,0.667,41.667
2023-24,Alex Caruso,1627936,-26,32.0,6.0,5.0,0.4,-14.6
2023-24,Alex Caruso,1627936,-25,35.0,17.0,6.0,0.385,-1.6149999999999984
2023-24,Alex Caruso,1627936,-21,26.0,13.0,3.0,0.4,-4.600000000000001
2023-24,Alex Caruso,1627936,-17,32.0,8.0,3.0,0.231,-5.769
2023-24,Alex Caruso,1627936,-16,24.0,6.5,3.5,0.5,-5.5
2023-24,Alex Caruso,1627936,-15,33.0,13.5,3.0,0.40900000000000003,1.908999999999999
2023-24,Alex Caruso,1627936,-12,26.333333333333332,8.666666666666666,3.0,0.39633333333333337,0.06299999999999883
2023-24,Alex Caruso,1627936,-11,34.0,11.0,4.5,0.478,4.978
2023-24,Alex Caruso,1627936,-10,34.5,9.5,3.5,0.4365,3.4365000000000006
2023-24,Alex Caruso,1627936,-9,27.0,7.5,3.25,0.35275,2.1027500000000003
2023-24,Alex Caruso,1627936,-8,36.0,11.0,6.0,0.5625,9.5625
2023-24,Alex Caruso,1627936,-7,25.0,10.0,3.0,0.5,6.5
2023-24,Alex Caruso,1627936,-6,29.0,10.666666666666666,3.6666666666666665,0.48133333333333334,8.814666666666666
2023-24,Alex Caruso,1627936,-5,24.5,9.0,1.0,0.4585,5.458500000000001
2023-24,Alex Caruso,1627936,-4,30.0,12.0,2.0,0.571,10.571
2023-24,Alex Caruso,1627936,-2,30.5,10.0,1.5,0.548,10.048
2023-24,Alex Caruso,1627936,0,29.333333333333332,8.666666666666666,3.6666666666666665,0.35833333333333334,12.691666666666665
2023-24,Alex Caruso,1627936,1,35.5,9.0,5.0,0.4365,15.4365
2023-24,Alex Caruso,1627936,3,28.0,10.5,4.5,0.4335,18.433500000000002
2023-24,Alex Caruso,1627936,4,33.0,2.0,7.0,0.1,13.1
2023-24,Alex Caruso,1627936,5,28.0,6.5,2.0,0.3255,13.8255
2023-24,Alex Caruso,1627936,6,30.0,14.5,4.0,0.7375,25.2375
2023-24,Alex Caruso,1627936,7,26.333333333333332,15.0,1.6666666666666667,0.6266666666666666,24.293333333333333
2023-24,Alex Caruso,1627936,8,33.0,12.0,5.0,0.5,25.5
2023-24,Alex Caruso,1627936,9,31.0,12.0,2.0,0.385,23.384999999999998
2023-24,Alex Caruso,1627936,10,21.0,8.0,3.0,0.667,21.667
2023-24,Alex Caruso,1627936,11,33.0,10.0,3.0,0.571,24.570999999999998
2023-24,Alex Caruso,1627936,12,34.0,16.0,5.0,0.583,33.583
2023-24,Alex Caruso,1627936,14,32.0,15.0,3.0,0.417,32.417
2023-24,Alex Caruso,1627936,15,27.0,15.0,2.0,0.714,32.714
2023-24,Alex Caruso,1627936,16,20.0,10.0,3.0,1.0,30.0
2023-24,Alex Caruso,1627936,17,33.5,8.0,4.5,0.44299999999999995,29.942999999999998
2023-24,Alex Caruso,1627936,18,27.5,9.0,2.5,0.5625,30.0625
2023-24,Alex Caruso,1627936,19,31.5,8.5,5.5,0.38549999999999995,33.3855
2023-24,Alex Caruso,1627936,22,36.0,23.0,7.0,0.692,52.692
2023-24,Alex Caruso,1627936,23,30.5,10.0,8.5,0.5,42.0
2023-24,Alex Caruso,1627936,24,30.0,19.0,2.0,0.778,45.778
2023-24,Alex Caruso,1627936,29,31.0,13.0,2.0,0.556,44.556
2023-24,Alperen Sengun,1630578,-21,20.0,7.0,1.0,0.429,-12.571
2023-24,Alperen Sengun,1630578,-19,28.0,22.0,4.0,0.556,7.556000000000001
2023-24,Alperen Sengun,1630578,-17,28.0,15.5,4.0,0.4365,2.9364999999999988
2023-24,Alperen Sengun,1630578,-16,36.0,18.5,3.0,0.4545,5.9544999999999995
2023-24,Alperen Sengun,1630578,-15,27.0,20.0,2.0,0.667,7.667000000000002
2023-24,Alperen Sengun,1630578,-14,27.0,17.0,2.0,0.4855,5.485499999999998
2023-24,Alperen Sengun,1630578,-12,36.0,24.0,10.0,0.556,22.555999999999997
2023-24,Alperen Sengun,1630578,-11,31.5,23.5,3.5,0.5575,16.5575
2023-24,Alperen Sengun,1630578,-10,28.75,16.0,4.0,0.475,10.475000000000001
2023-24,Alperen Sengun,1630578,-9,39.0,30.0,8.0,0.647,29.647
2023-24,Alperen Sengun,1630578,-8,37.2,29.2,5.4,0.5464,27.1464
2023-24,Alperen Sengun,1630578,-7,28.5,17.5,3.5,0.49750000000000005,14.497499999999999
2023-24,Alperen Sengun,1630578,-6,34.0,19.333333333333332,5.666666666666667,0.47333333333333333,19.473333333333333
2023-24,Alperen Sengun,1630578,-5,33.0,10.0,5.0,0.364,10.364
2023-24,Alperen Sengun,1630578,-4,33.0,21.0,5.0,0.526,22.526
2023-24,Alperen Sengun,1630578,-3,31.5,24.0,4.5,0.6415,26.1415
2023-24,Alperen Sengun,1630578,-2,33.0,25.5,6.0,0.5345,30.0345
2023-24,Alperen Sengun,1630578,0,31.0,21.0,4.0,0.333,25.333
2023-24,Alperen Sengun,1630578,1,31.0,15.0,1.0,0.333,17.333
2023-24,Alperen Sengun,1630578,2,36.5,21.0,10.0,0.49650000000000005,33.4965
2023-24,Alperen Sengun,1630578,5,29.0,14.0,2.0,0.5,21.5
2023-24,Alperen Sengun,1630578,6,35.0,23.5,4.5,0.4825,34.4825
2023-24,Alperen Sengun,1630578,8,35.0,20.0,6.0,0.467,34.467
2023-24,Alperen Sengun,1630578,9,27.0,19.0,4.0,0.75,32.75
2023-24,Alperen Sengun,1630578,10,33.5,22.0,2.5,0.5660000000000001,35.066
2023-24,Alperen Sengun,1630578,11,33.0,17.0,7.0,0.5,35.5
2023-24,Alperen Sengun,1630578,12,37.0,23.333333333333332,7.666666666666667,0.5953333333333334,43.59533333333333
2023-24,Alperen Sengun,1630578,15,39.0,31.0,7.0,0.609,53.609
2023-24,Alperen Sengun,1630578,16,32.0,21.0,2.0,0.429,39.429
2023-24,Alperen Sengun,1630578,17,33.0,30.0,4.0,0.647,51.647
2023-24,Alperen Sengun,1630578,18,28.666666666666668,25.0,4.666666666666667,0.7026666666666667,48.36933333333333
2023-24,Alperen Sengun,1630578,20,27.0,26.0,9.0,0.692,55.692
2023-24,Alperen Sengun,1630578,21,30.5,17.0,4.0,0.566,42.566
2023-24,Alperen Sengun,1630578,23,28.0,24.0,8.0,0.714,55.714
2023-24,Alperen Sengun,1630578,27,34.0,15.0,6.0,0.538,48.538
2023-24,Alperen Sengun,1630578,30,24.5,19.5,7.5,0.6025,57.6025
2023-24,Amari Bailey,1641735,17,21.0,11.0,5.0,0.4,33.4
2023-24,Amen Thompson,1641708,-34,21.0,8.0,2.0,0.3,-23.7
2023-24,Amen Thompson,1641708,-15,28.5,10.5,3.5,0.522,-0.47799999999999976
2023-24,Amen Thompson,1641708,-14,22.0,9.0,2.0,0.3375,-2.6624999999999996
2023-24,Amen Thompson,1641708,-13,33.0,19.0,2.0,0.529,8.529
2023-24,Amen Thompson,1641708,-11,31.0,8.0,4.0,0.8,1.8000000000000007
2023-24,Amen Thompson,1641708,-10,25.0,7.0,1.0,0.3145,-1.6854999999999993
2023-24,Amen Thompson,1641708,-8,31.0,15.0,5.0,0.5,12.5
2023-24,Amen Thompson,1641708,-7,33.0,13.0,6.0,0.5,12.5
2023-24,Amen Thompson,1641708,-5,32.5,15.0,4.5,0.746,15.245999999999999
2023-24,Amen Thompson,1641708,-3,21.0,8.0,3.0,0.6813333333333333,8.681333333333333
2023-24,Amen Thompson,1641708,-1,35.0,15.0,4.0,0.5,18.5
2023-24,Amen Thompson,1641708,0,27.0,13.5,2.5,0.528,16.528
2023-24,Amen Thompson,1641708,1,37.0,13.0,4.0,0.857,18.857
2023-24,Amen Thompson,1641708,7,30.0,4.0,6.0,0.222,17.222
2023-24,Amen Thompson,1641708,10,33.0,18.5,5.0,0.6945,34.194500000000005
2023-24,Amen Thompson,1641708,11,40.0,18.0,5.0,0.5,34.5
2023-24,Amen Thompson,1641708,12,39.0,18.0,10.0,0.889,40.888999999999996
2023-24,Amen Thompson,1641708,13,26.0,18.0,0.0,0.727,31.727
2023-24,Amen Thompson,1641708,14,33.0,15.0,2.0,0.545,31.545
2023-24,Amen Thompson,1641708,15,35.0,17.0,6.0,0.5,38.5
2023-24,Amen Thompson,1641708,24,26.5,18.0,3.5,0.725,46.225
2023-24,Amen Thompson,1641708,25,22.0,13.0,8.0,0.667,46.667
2023-24,Amen Thompson,1641708,27,24.0,19.0,4.0,0.818,50.818
2023-24,Amen Thompson,1641708,32,32.0,25.0,2.0,0.833,59.833
2023-24,Amir Coffey,1629599,-22,28.0,8.0,3.0,0.375,-10.625
2023-24,Amir Coffey,1629599,-18,28.333333333333332,8.0,1.3333333333333333,0.425,-8.241666666666665
2023-24,Amir Coffey,1629599,-17,26.0,4.0,1.0,0.333,-11.667
2023-24,Amir Coffey,1629599,-16,23.0,2.0,1.0,0.333,-12.667
2023-24,Amir Coffey,1629599,-14,21.0,8.0,3.0,0.6,-2.4000000000000004
2023-24,Amir Coffey,1629599,-12,27.0,8.0,3.0,0.667,-0.3330000000000002
2023-24,Amir Coffey,1629599,-11,29.0,14.333333333333334,1.3333333333333333,0.39566666666666667,5.062333333333335
2023-24,Amir Coffey,1629599,-8,32.0,9.0,1.0,0.571,2.5709999999999997
2023-24,Amir Coffey,1629599,-7,23.5,9.0,2.0,0.472,4.4719999999999995
2023-24,Amir Coffey,1629599,-5,26.666666666666668,14.333333333333334,1.6666666666666667,0.5573333333333333,11.557333333333332
2023-24,Amir Coffey,1629599,-4,29.5,13.0,1.5,0.6819999999999999,11.182
2023-24,Amir Coffey,1629599,-3,32.5,12.5,2.5,0.5,12.5
2023-24,Amir Coffey,1629599,-1,22.0,4.0,0.0,0.333,3.333
2023-24,Amir Coffey,1629599,0,21.0,3.0,0.0,0.3335,3.3335
2023-24,Amir Coffey,1629599,1,27.0,2.0,2.0,0.333,5.333
2023-24,Amir Coffey,1629599,3,24.0,2.0,2.0,0.167,7.167
2023-24,Amir Coffey,1629599,4,28.0,3.0,1.0,0.167,8.167
2023-24,Amir Coffey,1629599,5,27.5,15.0,0.5,0.3875,20.8875
2023-24,Amir Coffey,1629599,6,22.0,10.0,3.0,0.6,19.6
2023-24,Amir Coffey,1629599,7,30.0,11.0,0.0,0.444,18.444000000000003
2023-24,Amir Coffey,1629599,8,25.0,2.0,0.0,0.2,10.2
2023-24,Amir Coffey,1629599,9,24.8,9.4,1.0,0.6012000000000001,20.0012
2023-24,Amir Coffey,1629599,10,22.0,10.0,3.0,1.0,24.0
2023-24,Amir Coffey,1629599,12,23.0,9.0,0.0,0.8,21.8
2023-24,Amir Coffey,1629599,15,20.0,17.0,1.0,0.714,33.714
2023-24,Amir Coffey,1629599,18,23.0,9.0,1.0,0.6,28.6
2023-24,Amir Coffey,1629599,23,30.0,13.0,2.0,0.833,38.833
2023-24,Andre Drummond,203083,-31,28.0,11.0,0.0,0.385,-19.615000000000002
2023-24,Andre Drummond,203083,-15,30.0,13.0,0.0,0.417,-1.5830000000000002
2023-24,Andre Drummond,203083,-8,21.0,7.0,0.0,0.333,-0.6669999999999998
2023-24,Andre Drummond,203083,-5,24.0,9.0,0.0,0.364,4.364000000000001
2023-24,Andre Drummond,203083,-4,20.0,13.0,0.0,0.625,9.625
2023-24,Andre Drummond,203083,-3,23.0,9.0,0.0,0.6,6.6
2023-24,Andre Drummond,203083,1,36.0,17.0,1.0,0.667,19.667
2023-24,Andre Drummond,203083,4,29.75,15.5,0.5,0.7905,20.7905
2023-24,Andre Drummond,203083,7,27.5,15.5,0.5,0.669,23.669
2023-24,Andre Drummond,203083,8,26.0,12.333333333333334,0.0,0.5053333333333333,20.83866666666667
2023-24,Andre Drummond,203083,16,25.5,18.0,1.0,0.75,35.75
2023-24,Andre Jackson Jr.,1641748,-26,23.0,6.0,0.0,0.75,-19.25
2023-24,Andre Jackson Jr.,1641748,-6,26.0,7.0,3.0,0.333,4.333
2023-24,Andre Jackson Jr.,1641748,0,27.0,10.0,2.0,0.625,12.625
2023-24,Andre Jackson Jr.,1641748,2,25.0,10.0,1.0,0.5,13.5
2023-24,Andre Jackson Jr.,1641748,3,36.0,9.0,4.0,0.667,16.667
2023-24,Andrew Nembhard,1629614,-28,30.0,10.0,4.0,0.333,-13.667
2023-24,Andrew Nembhard,1629614,-22,20.0,14.0,1.0,0.353,-6.647
2023-24,Andrew Nembhard,1629614,-20,23.0,14.0,4.0,0.5,-1.5
2023-24,Andrew Nembhard,1629614,-19,26.0,8.0,3.0,0.3205,-7.679500000000001
2023-24,Andrew Nembhard,1629614,-16,28.0,12.0,7.0,0.5,3.5
2023-24,Andrew Nembhard,1629614,-15,30.0,16.5,4.5,0.6805,6.6804999999999986
2023-24,Andrew Nembhard,1629614,-12,26.0,15.0,5.0,0.778,8.777999999999999
2023-24,Andrew Nembhard,1629614,-11,25.0,8.666666666666666,1.6666666666666667,0.4286666666666667,-0.23800000000000132
2023-24,Andrew Nembhard,1629614,-10,34.0,10.0,5.0,0.375,5.375
2023-24,Andrew Nembhard,1629614,-9,27.333333333333332,9.666666666666666,4.333333333333333,0.4443333333333333,5.444333333333333
2023-24,Andrew Nembhard,1629614,-8,27.0,3.0,2.0,0.2,-2.8
2023-24,Andrew Nembhard,1629614,-4,22.5,9.0,2.5,0.6905,8.1905
2023-24,Andrew Nembhard,1629614,-3,28.0,15.0,5.0,0.462,17.462
2023-24,Andrew Nembhard,1629614,-2,26.0,7.5,3.5,0.6145,9.6145
2023-24,Andrew Nembhard,1629614,0,25.0,3.3333333333333335,2.6666666666666665,0.22633333333333336,6.226333333333334
2023-24,Andrew Nembhard,1629614,1,26.0,2.0,5.0,0.125,8.125
2023-24,Andrew Nembhard,1629614,2,25.0,9.0,6.0,0.333,17.333
2023-24,Andrew Nembhard,1629614,4,22.0,10.0,6.0,0.667,20.667
2023-24,Andrew Nembhard,1629614,5,33.666666666666664,12.666666666666666,6.333333333333333,0.494,24.494
2023-24,Andrew Nembhard,1629614,7,29.0,22.0,8.0,0.625,37.625
2023-24,Andrew Nembhard,1629614,8,30.0,10.5,4.25,0.79725,23.54725
2023-24,Andrew Nembhard,1629614,9,25.5,11.5,3.5,0.5075,24.5075
2023-24,Andrew Nembhard,1629614,10,28.0,7.5,8.5,0.472,26.472
2023-24,Andrew Nembhard,1629614,12,21.0,12.0,10.0,0.667,34.667
2023-24,Andrew Nembhard,1629614,14,32.333333333333336,10.666666666666666,5.666666666666667,0.5763333333333334,30.909666666666666
2023-24,Andrew Nembhard,1629614,16,29.0,7.0,3.0,0.55,26.55
2023-24,Andrew Nembhard,1629614,17,29.0,10.0,2.0,0.444,29.444000000000003
2023-24,Andrew Nembhard,1629614,18,30.5,18.0,6.5,0.5845,43.0845
2023-24,Andrew Nembhard,1629614,19,27.0,0.0,3.0,0.0,22.0
2023-24,Andrew Nembhard,1629614,20,28.0,10.5,5.5,0.4165,36.4165
2023-24,Andrew Nembhard,1629614,21,25.0,4.0,4.0,0.4,29.4
2023-24,Andrew Nembhard,1629614,31,22.0,10.0,5.0,0.8,46.8
2023-24,Andrew Wiggins,203952,-29,22.0,5.0,2.0,0.25,-21.75
2023-24,Andrew Wiggins,203952,-22,27.0,10.0,0.0,0.333,-11.667
2023-24,Andrew Wiggins,203952,-14,28.0,13.166666666666666,1.5,0.4538333333333333,1.1204999999999998
2023-24,Andrew Wiggins,203952,-13,27.0,9.5,2.5,0.4645,-0.5355000000000008
2023-24,Andrew Wiggins,203952,-12,21.0,13.5,2.0,0.4545,3.9544999999999995
2023-24,Andrew Wiggins,203952,-11,29.0,15.0,1.0,0.417,5.417000000000002
2023-24,Andrew Wiggins,203952,-10,23.0,9.333333333333334,0.3333333333333333,0.30133333333333334,-0.03199999999999825
2023-24,Andrew Wiggins,203952,-9,29.0,10.0,3.0,0.4,4.4
2023-24,Andrew Wiggins,203952,-8,27.0,17.0,1.0,0.417,10.417000000000002
2023-24,Andrew Wiggins,203952,-7,21.0,9.0,0.0,0.444,2.444000000000001
2023-24,Andrew Wiggins,203952,-6,27.0,11.0,0.5,0.3625,5.862500000000001
2023-24,Andrew Wiggins,203952,-5,25.5,11.0,0.5,0.4665,6.9665
2023-24,Andrew Wiggins,203952,-4,28.0,13.0,1.25,0.43225,10.68225
2023-24,Andrew Wiggins,203952,-3,26.666666666666668,15.666666666666666,1.0,0.5403333333333333,14.206999999999997
2023-24,Andrew Wiggins,203952,-2,26.0,12.0,2.0,0.462,12.462
2023-24,Andrew Wiggins,203952,-1,27.8,13.8,1.6,0.3854,14.785400000000001
2023-24,Andrew Wiggins,203952,0,26.0,14.0,1.0,0.444,15.444
2023-24,Andrew Wiggins,203952,1,41.0,22.0,3.0,0.667,26.667
2023-24,Andrew Wiggins,203952,2,27.0,10.666666666666666,2.0,0.3456666666666666,15.012333333333332
2023-24,Andrew Wiggins,203952,3,32.0,23.0,2.0,0.5,28.5
2023-24,Andrew Wiggins,203952,4,30.0,17.0,8.0,0.615,29.615
2023-24,Andrew Wiggins,203952,5,25.0,11.0,4.0,0.364,20.364
2023-24,Andrew Wiggins,203952,6,30.5,20.0,2.0,0.441,28.441
2023-24,Andrew Wiggins,203952,7,29.0,16.0,1.0,0.412,24.412
2023-24,Andrew Wiggins,203952,9,30.0,14.4,3.2,0.515,27.115000000000002
2023-24,Andrew Wiggins,203952,10,24.0,13.0,0.0,0.5415,23.5415
2023-24,Andrew Wiggins,203952,11,29.0,12.0,1.0,0.364,24.364
2023-24,Andrew Wiggins,203952,12,30.0,19.0,2.0,0.5556666666666666,33.55566666666667
2023-24,Andrew Wiggins,203952,17,26.5,19.0,1.0,0.613,37.613
2023-24,Andrew Wiggins,203952,18,33.0,22.5,3.0,0.718,44.218
2023-24,Andrew Wiggins,203952,22,25.5,16.0,2.5,0.509,41.009
2023-24,Andrew Wiggins,203952,31,28.0,17.0,0.0,0.6,48.6
2023-24,Anfernee Simons,1629014,-36,20.0,14.0,2.0,0.308,-19.692
2023-24,Anfernee Simons,1629014,-35,28.0,5.0,3.0,0.0,-27.0
2023-24,Anfernee Simons,1629014,-31,27.0,15.0,3.0,0.313,-12.687000000000001
2023-24,Anfernee Simons,1629014,-27,27.0,18.0,4.0,0.429,-4.5710000000000015
2023-24,Anfernee Simons,1629014,-26,26.0,12.0,3.0,0.286,-10.714
2023-24,Anfernee Simons,1629014,-24,29.333333333333332,16.333333333333332,5.666666666666667,0.48033333333333333,-1.5196666666666658
2023-24,Anfernee Simons,1629014,-21,34.0,10.0,0.0,0.19,-10.81
2023-24,Anfernee Simons,1629014,-20,36.0,29.0,4.0,0.478,13.478000000000002
2023-24,Anfernee Simons,1629014,-18,32.0,12.0,6.0,0.267,0.26699999999999946
2023-24,Anfernee Simons,1629014,-17,28.0,14.0,1.0,0.545,-1.455
2023-24,Anfernee Simons,1629014,-16,32.0,20.0,5.0,0.316,9.315999999999999
2023-24,Anfernee Simons,1629014,-15,33.0,17.0,5.0,0.417,7.417000000000002
2023-24,Anfernee Simons,1629014,-14,28.0,14.5,3.5,0.3125,4.3125
2023-24,Anfernee Simons,1629014,-13,21.0,3.0,6.0,0.167,-3.833
2023-24,Anfernee Simons,1629014,-12,40.0,26.0,4.0,0.385,18.385
2023-24,Anfernee Simons,1629014,-11,39.0,26.0,5.0,0.485,20.485
2023-24,Anfernee Simons,1629014,-10,35.0,30.0,8.0,0.476,28.476
2023-24,Anfernee Simons,1629014,-9,37.0,38.0,4.0,0.435,33.435
2023-24,Anfernee Simons,1629014,-8,34.5,18.0,5.0,0.3395,15.339500000000001
2023-24,Anfernee Simons,1629014,-6,33.0,17.0,3.0,0.333,14.332999999999998
2023-24,Anfernee Simons,1629014,-5,37.5,32.5,9.0,0.5095000000000001,37.0095
2023-24,Anfernee Simons,1629014,-2,37.0,41.0,7.0,0.536,46.536
2023-24,Anfernee Simons,1629014,-1,37.333333333333336,26.333333333333332,7.0,0.47333333333333333,32.806666666666665
2023-24,Anfernee Simons,1629014,1,42.5,28.5,10.5,0.472,40.472
2023-24,Anfernee Simons,1629014,2,37.0,28.0,4.0,0.37,34.37
2023-24,Anfernee Simons,1629014,3,38.0,30.0,9.0,0.417,42.417
2023-24,Anfernee Simons,1629014,4,35.333333333333336,28.333333333333332,5.333333333333333,0.48733333333333334,38.153999999999996
2023-24,Anfernee Simons,1629014,7,45.0,38.0,11.0,0.52,56.52
2023-24,Anfernee Simons,1629014,10,44.0,30.0,7.0,0.435,47.435
2023-24,Anfernee Simons,1629014,11,38.0,20.0,4.0,0.4,35.4
2023-24,Anfernee Simons,1629014,12,25.0,7.0,8.0,0.333,27.333
2023-24,Anfernee Simons,1629014,13,42.0,36.0,8.0,0.435,57.435
2023-24,Anfernee Simons,1629014,15,40.0,33.0,5.0,0.65,53.65
2023-24,Anfernee Simons,1629014,22,25.0,29.0,5.0,0.474,56.474
2023-24,Anfernee Simons,1629014,26,28.0,15.0,6.0,0.5,47.5
2023-24,Anthony Black,1641710,-19,21.0,2.0,0.0,0.333,-16.667
2023-24,Anthony Black,1641710,-18,22.0,0.0,0.0,0.0,-18.0
2023-24,Anthony Black,1641710,-13,32.0,8.0,2.0,0.429,-2.5709999999999997
2023-24,Anthony Black,1641710,-11,30.0,20.0,1.0,0.778,10.777999999999999
2023-24,Anthony Black,1641710,-9,33.0,13.0,1.0,0.625,5.625
2023-24,Anthony Black,1641710,-8,22.0,5.0,1.0,1.0,-1.0
2023-24,Anthony Black,1641710,-6,24.0,7.0,1.0,0.2,2.1999999999999993
2023-24,Anthony Black,1641710,-5,23.0,6.0,3.0,0.5,4.5
2023-24,Anthony Black,1641710,-4,27.0,4.0,1.0,0.143,1.1429999999999998
2023-24,Anthony Black,1641710,-3,25.5,5.5,3.0,0.41700000000000004,5.917
2023-24,Anthony Black,1641710,-2,29.0,15.0,1.5,0.5335,15.0335
2023-24,Anthony Black,1641710,-1,23.5,6.5,3.0,0.4285,8.9285
2023-24,Anthony Black,1641710,0,24.75,7.0,3.5,0.59375,11.09375
2023-24,Anthony Black,1641710,1,26.0,2.0,1.0,0.0,4.0
2023-24,Anthony Black,1641710,2,21.0,4.0,4.0,0.5,10.5
2023-24,Anthony Black,1641710,4,26.0,7.0,3.0,0.6,14.6
2023-24,Anthony Black,1641710,6,28.0,2.0,3.0,0.333,11.333
2023-24,Anthony Black,1641710,7,24.666666666666668,7.0,1.6666666666666667,0.462,16.128666666666668
2023-24,Anthony Black,1641710,8,22.0,5.0,0.0,0.333,13.333
2023-24,Anthony Black,1641710,18,21.0,8.0,2.0,0.6,28.6
2023-24,Anthony Black,1641710,21,23.0,9.0,2.0,0.429,32.429
2023-24,Anthony Black,1641710,32,30.0,11.0,2.0,0.667,45.667
2023-24,Anthony Davis,203076,-24,31.5,20.5,2.0,0.6060000000000001,-0.8939999999999984
2023-24,Anthony Davis,203076,-17,34.5,18.5,3.5,0.41000000000000003,5.41
2023-24,Anthony Davis,203076,-16,32.0,27.0,1.0,0.579,12.579
2023-24,Anthony Davis,203076,-13,36.0,18.333333333333332,2.6666666666666665,0.4736666666666667,8.473666666666666
2023-24,Anthony Davis,203076,-12,36.5,24.0,5.5,0.5175,18.0175
2023-24,Anthony Davis,203076,-11,38.0,24.5,2.5,0.5285,16.5285
2023-24,Anthony Davis,203076,-10,36.333333333333336,28.0,2.6666666666666665,0.5303333333333333,21.197000000000003
2023-24,Anthony Davis,203076,-9,29.5,17.5,3.0,0.5854999999999999,12.0855
2023-24,Anthony Davis,203076,-8,36.5,24.5,3.0,0.5609999999999999,20.061
2023-24,Anthony Davis,203076,-6,36.5,29.75,4.25,0.576,28.576
2023-24,Anthony Davis,203076,-5,36.0,18.0,4.0,0.357,17.357
2023-24,Anthony Davis,203076,-4,37.5,21.0,1.5,0.6000000000000001,19.1
2023-24,Anthony Davis,203076,-3,39.0,20.5,4.0,0.47150000000000003,21.9715
2023-24,Anthony Davis,203076,-2,41.0,25.666666666666668,2.6666666666666665,0.5906666666666667,26.924000000000003
2023-24,Anthony Davis,203076,-1,38.0,27.0,1.0,0.385,27.385
2023-24,Anthony Davis,203076,0,35.0,27.0,4.0,0.62875,31.62875
2023-24,Anthony Davis,203076,1,34.0,16.0,2.0,0.421,19.421
2023-24,Anthony Davis,203076,2,46.5,35.0,3.5,0.4435,40.9435
2023-24,Anthony Davis,203076,3,35.5,25.75,4.25,0.57375,33.573750000000004
2023-24,Anthony Davis,203076,4,39.0,23.0,4.0,0.625,31.625
2023-24,Anthony Davis,203076,5,37.0,37.0,1.0,0.565,43.565
2023-24,Anthony Davis,203076,6,34.333333333333336,26.0,3.6666666666666665,0.516,36.18266666666667
2023-24,Anthony Davis,203076,7,39.0,30.0,2.0,0.588,39.588
2023-24,Anthony Davis,203076,8,37.0,24.5,4.5,0.5825,37.582499999999996
2023-24,Anthony Davis,203076,10,29.5,26.0,2.0,0.6485,38.6485
2023-24,Anthony Davis,203076,11,43.5,31.5,3.0,0.635,46.135
2023-24,Anthony Davis,203076,12,32.0,23.5,3.5,0.47750000000000004,39.4775
2023-24,Anthony Davis,203076,13,36.0,22.0,6.0,0.556,41.556
2023-24,Anthony Davis,203076,14,27.0,21.0,1.0,0.5,36.5
2023-24,Anthony Davis,203076,15,35.5,28.5,4.0,0.647,48.147
2023-24,Anthony Davis,203076,16,37.0,26.0,11.0,0.75,53.75
2023-24,Anthony Davis,203076,17,41.0,30.0,6.0,0.5,53.5
2023-24,Anthony Davis,203076,18,35.0,24.0,0.0,0.75,42.75
2023-24,Anthony Davis,203076,21,29.5,23.5,7.0,0.671,52.171
2023-24,Anthony Davis,203076,24,38.0,37.0,1.0,0.52,62.52
2023-24,Anthony Davis,203076,28,31.0,22.0,6.0,0.714,56.714
2023-24,Anthony Davis,203076,29,33.5,31.5,2.5,0.594,63.594
2023-24,Anthony Davis,203076,34,29.0,26.0,4.0,0.786,64.786
2023-24,Anthony Davis,203076,35,31.0,16.0,5.0,0.5,56.5
2023-24,Anthony Edwards,1630162,-29,30.0,13.0,4.0,0.25,-11.75
2023-24,Anthony Edwards,1630162,-21,35.0,13.0,4.0,0.429,-3.5710000000000015
2023-24,Anthony Edwards,1630162,-20,42.0,19.0,3.0,0.259,2.2590000000000003
2023-24,Anthony Edwards,1630162,-16,35.0,26.0,5.0,0.436,15.436
2023-24,Anthony Edwards,1630162,-15,37.0,35.0,5.0,0.5,25.5
2023-24,Anthony Edwards,1630162,-14,39.0,25.0,7.0,0.435,18.435000000000002
2023-24,Anthony Edwards,1630162,-13,35.0,18.0,4.0,0.45799999999999996,9.457999999999998
2023-24,Anthony Edwards,1630162,-10,36.0,24.5,5.0,0.45,19.95
2023-24,Anthony Edwards,1630162,-9,36.666666666666664,24.666666666666668,6.333333333333333,0.482,22.482
2023-24,Anthony Edwards,1630162,-8,37.0,30.0,8.0,0.5,30.5
2023-24,Anthony Edwards,1630162,-5,35.5,30.0,3.0,0.4335,28.433500000000002
2023-24,Anthony Edwards,1630162,-4,43.0,38.0,5.0,0.462,39.462
2023-24,Anthony Edwards,1630162,-1,40.666666666666664,29.333333333333332,5.0,0.5016666666666666,33.834999999999994
2023-24,Anthony Edwards,1630162,0,32.25,20.5,2.25,0.345,23.095
2023-24,Anthony Edwards,1630162,1,25.0,6.0,3.0,0.286,10.286
2023-24,Anthony Edwards,1630162,2,36.75,33.0,4.5,0.4905,39.9905
2023-24,Anthony Edwards,1630162,3,37.0,28.0,5.0,0.429,36.429
2023-24,Anthony Edwards,1630162,5,35.0,32.0,6.0,0.41533333333333333,43.415333333333336
2023-24,Anthony Edwards,1630162,6,37.0,35.0,5.666666666666667,0.5353333333333333,47.202
2023-24,Anthony Edwards,1630162,7,37.0,20.5,11.5,0.47000000000000003,39.47
2023-24,Anthony Edwards,1630162,8,36.8,30.0,5.6,0.4466,44.0466
2023-24,Anthony Edwards,1630162,9,34.0,16.0,5.0,0.39649999999999996,30.3965
2023-24,Anthony Edwards,1630162,10,35.0,27.5,3.5,0.5145,41.5145
2023-24,Anthony Edwards,1630162,11,35.666666666666664,31.0,3.3333333333333335,0.48100000000000004,45.81433333333334
2023-24,Anthony Edwards,1630162,12,34.0,16.0,5.0,0.353,33.353
2023-24,Anthony Edwards,1630162,13,34.0,28.0,5.0,0.5495,46.5495
2023-24,Anthony Edwards,1630162,14,34.0,20.5,5.5,0.353,40.353
2023-24,Anthony Edwards,1630162,15,37.0,33.0,7.0,0.407,55.407
2023-24,Anthony Edwards,1630162,16,35.25,31.75,4.75,0.53025,53.03025
2023-24,Anthony Edwards,1630162,17,33.0,37.0,4.0,0.609,58.609
2023-24,Anthony Edwards,1630162,18,33.0,23.333333333333332,6.666666666666667,0.5479999999999999,48.548
2023-24,Anthony Edwards,1630162,19,35.0,31.0,6.0,0.5,56.5
2023-24,Anthony Edwards,1630162,20,34.0,9.0,11.0,0.158,40.158
2023-24,Anthony Edwards,1630162,21,33.0,19.0,7.0,0.467,47.467
2023-24,Anthony Edwards,1630162,22,36.0,37.0,4.0,0.517,63.517
2023-24,Anthony Edwards,1630162,23,33.0,24.0,7.0,0.571,54.571
2023-24,Anthony Edwards,1630162,26,30.0,28.0,6.0,0.435,60.435
2023-24,Anthony Edwards,1630162,27,34.0,31.5,3.5,0.5920000000000001,62.592
2023-24,Anthony Edwards,1630162,35,33.0,26.0,8.0,0.455,69.455
2023-24,Anthony Edwards,1630162,36,32.0,34.0,7.0,0.571,77.571
2023-24,Anthony Edwards,1630162,41,27.0,9.0,6.0,0.444,56.444
2023-24,Anthony Gill,1630264,-20,20.0,6.0,3.0,0.429,-10.571
2023-24,Anthony Gill,1630264,-12,20.0,18.0,0.0,0.583,6.582999999999998
2023-24,Anthony Gill,1630264,-7,24.0,13.0,3.0,0.455,9.454999999999998
2023-24,Anthony Gill,1630264,-5,22.0,12.0,3.0,0.556,10.556000000000001
2023-24,Anthony Gill,1630264,-4,30.0,8.0,1.0,0.364,5.364000000000001
2023-24,Anthony Gill,1630264,-3,35.0,15.0,3.0,0.545,15.545000000000002
2023-24,Anthony Gill,1630264,7,38.0,12.0,0.0,0.545,19.545
2023-24,Armoni Brooks,1629717,-12,28.0,12.0,2.0,0.286,2.2859999999999996
2023-24,Ashton Hagans,1630204,-28,27.0,4.0,3.0,0.286,-20.714
2023-24,Ashton Hagans,1630204,-7,23.0,8.0,3.0,0.5,4.5
2023-24,Ashton Hagans,1630204,-5,23.0,5.0,4.0,0.5,4.5
2023-24,Ashton Hagans,1630204,-1,21.0,2.0,6.0,0.0,7.0
2023-24,Ashton Hagans,1630204,3,22.0,8.0,3.0,0.6,14.6
2023-24,Ashton Hagans,1630204,5,32.0,13.0,8.0,0.444,26.444
2023-24,Ashton Hagans,1630204,22,24.0,6.0,5.0,0.4,33.4
2023-24,Ausar Thompson,1641709,-23,20.0,12.0,0.0,0.545,-10.455
2023-24,Ausar Thompson,1641709,-21,30.0,9.0,2.0,0.6,-9.4
2023-24,Ausar Thompson,1641709,-19,32.5,8.5,1.5,0.21100000000000002,-8.789
2023-24,Ausar Thompson,1641709,-17,23.0,7.0,1.0,0.5,-8.5
2023-24,Ausar Thompson,1641709,-16,25.0,16.0,5.0,0.294,5.2940000000000005
2023-24,Ausar Thompson,1641709,-15,21.0,8.0,1.0,0.6,-5.4
2023-24,Ausar Thompson,1641709,-14,26.0,4.0,3.0,0.143,-6.857
2023-24,Ausar Thompson,1641709,-13,34.0,14.5,3.5,0.429,5.4289999999999985
2023-24,Ausar Thompson,1641709,-11,26.0,3.0,1.0,0.25,-6.75
2023-24,Ausar Thompson,1641709,-10,24.0,5.0,2.0,0.5,-2.5
2023-24,Ausar Thompson,1641709,-9,29.0,16.0,2.0,0.571,9.571000000000002
2023-24,Ausar Thompson,1641709,-8,30.5,16.25,1.25,0.65525,10.155249999999999
2023-24,Ausar Thompson,1641709,-7,29.0,9.5,2.5,0.45,5.449999999999999
2023-24,Ausar Thompson,1641709,-6,28.5,6.5,2.0,0.4375,2.9375
2023-24,Ausar Thompson,1641709,-4,32.5,14.0,3.5,0.518,14.018
2023-24,Ausar Thompson,1641709,-3,27.0,16.0,2.0,0.571,15.571000000000002
2023-24,Ausar Thompson,1641709,-1,29.0,10.0,3.0,0.714,12.714
2023-24,Ausar Thompson,1641709,0,24.0,9.5,2.5,0.46900000000000003,12.469
2023-24,Ausar Thompson,1641709,1,36.0,15.0,3.0,0.545,19.545
2023-24,Ausar Thompson,1641709,2,32.0,12.0,4.0,0.545,18.545
2023-24,Ausar Thompson,1641709,3,31.25,10.0,2.75,0.59175,16.341749999999998
2023-24,Ausar Thompson,1641709,4,43.0,14.0,3.0,0.5,21.5
2023-24,Ausar Thompson,1641709,6,28.25,11.75,2.25,0.724,20.724
2023-24,Ausar Thompson,1641709,9,27.0,14.0,2.0,0.75,25.75
2023-24,Ausar Thompson,1641709,10,29.0,6.0,6.0,0.222,22.222
2023-24,Ausar Thompson,1641709,12,27.0,12.0,2.0,0.833,26.833
2023-24,Ausar Thompson,1641709,14,34.0,13.0,3.0,0.625,30.625
2023-24,Ausar Thompson,1641709,20,28.0,6.0,1.0,0.333,27.333
2023-24,Austin Reaves,1630559,-28,25.0,7.0,4.0,0.222,-16.778
2023-24,Austin Reaves,1630559,-23,32.666666666666664,15.333333333333334,7.0,0.566,-0.10066666666666535
2023-24,Austin Reaves,1630559,-22,26.0,17.0,2.0,0.634,-2.3659999999999997
2023-24,Austin Reaves,1630559,-21,30.0,19.0,2.0,0.875,0.875
2023-24,Austin Reaves,1630559,-19,32.0,16.0,5.5,0.4915,2.9914999999999985
2023-24,Austin Reaves,1630559,-18,27.0,16.0,4.0,0.636,2.6359999999999992
2023-24,Austin Reaves,1630559,-17,35.0,14.0,2.0,0.286,-0.7139999999999986
2023-24,Austin Reaves,1630559,-15,34.0,22.0,6.0,0.482,13.482
2023-24,Austin Reaves,1630559,-14,31.0,12.5,3.5,0.39049999999999996,2.3904999999999994
2023-24,Austin Reaves,1630559,-13,33.0,9.0,5.0,0.333,1.3330000000000002
2023-24,Austin Reaves,1630559,-12,27.0,5.0,2.0,0.083,-4.917
2023-24,Austin Reaves,1630559,-11,28.0,9.0,3.0,0.473,1.4730000000000008
2023-24,Austin Reaves,1630559,-10,35.0,14.0,4.0,0.417,8.417000000000002
2023-24,Austin Reaves,1630559,-9,32.0,17.25,9.25,0.5145,18.014499999999998
2023-24,Austin Reaves,1630559,-8,33.5,17.0,4.5,0.40049999999999997,13.900500000000001
2023-24,Austin Reaves,1630559,-6,33.0,7.0,6.0,0.5,7.5
2023-24,Austin Reaves,1630559,-5,35.333333333333336,13.0,5.0,0.4126666666666667,13.412666666666667
2023-24,Austin Reaves,1630559,-4,33.5,13.0,3.0,0.4,12.399999999999999
2023-24,Austin Reaves,1630559,-3,31.0,17.0,6.0,0.5,20.5
2023-24,Austin Reaves,1630559,-2,35.142857142857146,19.0,7.857142857142857,0.5022857142857143,25.359428571428573
2023-24,Austin Reaves,1630559,-1,32.333333333333336,14.333333333333334,5.0,0.4673333333333333,18.800666666666668
2023-24,Austin Reaves,1630559,0,33.5,15.5,7.0,0.4665,22.9665
2023-24,Austin Reaves,1630559,1,33.0,10.0,9.0,0.333,20.333
2023-24,Austin Reaves,1630559,2,36.0,14.666666666666666,4.333333333333333,0.4566666666666667,21.456666666666667
2023-24,Austin Reaves,1630559,3,29.5,22.5,4.0,0.5835,30.0835
2023-24,Austin Reaves,1630559,4,34.75,19.75,6.0,0.437,30.187
2023-24,Austin Reaves,1630559,6,29.5,13.5,4.0,0.429,23.929
2023-24,Austin Reaves,1630559,7,34.0,18.0,5.5,0.4335,30.9335
2023-24,Austin Reaves,1630559,8,33.5,19.0,7.0,0.606,34.606
2023-24,Austin Reaves,1630559,9,27.0,16.0,5.666666666666667,0.6880000000000001,31.354666666666667
2023-24,Austin Reaves,1630559,10,30.5,19.0,4.5,0.538,34.038
2023-24,Austin Reaves,1630559,13,27.0,14.0,4.333333333333333,0.5326666666666667,31.866
2023-24,Austin Reaves,1630559,14,33.0,20.0,8.0,0.778,42.778
2023-24,Austin Reaves,1630559,15,29.0,13.5,6.0,0.46,34.96
2023-24,Austin Reaves,1630559,16,34.0,32.0,3.0,0.556,51.556
2023-24,Austin Reaves,1630559,17,26.0,20.0,2.0,0.438,39.438
2023-24,Austin Reaves,1630559,20,29.0,14.0,7.0,0.75,41.75
2023-24,Austin Reaves,1630559,21,25.5,14.5,5.5,0.5,41.5
2023-24,Austin Reaves,1630559,22,33.0,22.0,7.0,0.692,51.692
2023-24,Austin Reaves,1630559,25,32.0,15.0,6.0,0.333,46.333
2023-24,Austin Reaves,1630559,26,34.0,12.0,6.0,0.455,44.455
2023-24,Austin Reaves,1630559,31,35.0,13.0,11.0,0.333,55.333
2023-24,Ayo Dosunmu,1630245,-35,29.0,9.0,6.0,0.308,-19.692
2023-24,Ayo Dosunmu,1630245,-27,31.0,16.0,3.0,0.667,-7.332999999999998
2023-24,Ayo Dosunmu,1630245,-24,34.0,7.0,4.0,0.182,-12.818
2023-24,Ayo Dosunmu,1630245,-19,31.0,15.0,0.0,0.5,-3.5
2023-24,Ayo Dosunmu,1630245,-18,38.0,8.0,6.0,0.286,-3.7140000000000004
2023-24,Ayo Dosunmu,1630245,-16,23.0,10.0,2.0,0.4,-3.5999999999999996
2023-24,Ayo Dosunmu,1630245,-15,39.0,18.0,5.0,0.438,8.437999999999999
2023-24,Ayo Dosunmu,1630245,-14,40.0,14.0,8.0,0.429,8.428999999999998
2023-24,Ayo Dosunmu,1630245,-13,29.0,8.5,2.0,0.472,-2.0280000000000005
2023-24,Ayo Dosunmu,1630245,-11,30.0,12.5,2.5,0.35600000000000004,4.356
2023-24,Ayo Dosunmu,1630245,-10,34.666666666666664,16.333333333333332,1.0,0.6033333333333334,7.936666666666664
2023-24,Ayo Dosunmu,1630245,-9,31.6,12.0,3.6,0.4952,7.095199999999998
2023-24,Ayo Dosunmu,1630245,-8,38.0,14.0,6.0,0.75,12.75
2023-24,Ayo Dosunmu,1630245,-7,36.333333333333336,15.666666666666666,4.333333333333333,0.5419999999999999,13.542000000000002
2023-24,Ayo Dosunmu,1630245,-6,37.0,9.0,3.0,0.429,6.429
2023-24,Ayo Dosunmu,1630245,-5,33.0,12.0,2.0,0.4,9.4
2023-24,Ayo Dosunmu,1630245,-3,36.5,11.5,7.5,0.34099999999999997,16.341
2023-24,Ayo Dosunmu,1630245,-2,26.0,4.0,3.0,0.4,5.4
2023-24,Ayo Dosunmu,1630245,-1,31.0,17.0,3.5,0.8165,20.3165
2023-24,Ayo Dosunmu,1630245,0,25.0,10.0,1.5,0.449,11.949
2023-24,Ayo Dosunmu,1630245,1,38.0,16.666666666666668,2.6666666666666665,0.5276666666666666,20.861
2023-24,Ayo Dosunmu,1630245,2,32.5,17.5,1.0,0.361,20.861
2023-24,Ayo Dosunmu,1630245,3,39.0,24.0,5.0,0.5,32.5
2023-24,Ayo Dosunmu,1630245,6,39.5,14.5,5.5,0.403,26.403
2023-24,Ayo Dosunmu,1630245,7,29.0,21.0,4.0,0.889,32.888999999999996
2023-24,Ayo Dosunmu,1630245,8,32.0,15.0,3.0,0.667,26.667
2023-24,Ayo Dosunmu,1630245,10,39.5,15.5,4.5,0.4365,30.4365
2023-24,Ayo Dosunmu,1630245,11,28.0,13.5,3.0,0.381,27.881
2023-24,Ayo Dosunmu,1630245,12,38.0,23.0,10.0,0.529,45.529
2023-24,Ayo Dosunmu,1630245,13,32.0,20.0,3.5,0.646,37.146
2023-24,Ayo Dosunmu,1630245,14,36.5,14.5,4.0,0.5960000000000001,33.096000000000004
2023-24,Ayo Dosunmu,1630245,18,36.5,14.5,6.0,0.628,39.128
2023-24,Ayo Dosunmu,1630245,19,26.0,13.0,3.0,0.857,35.857
2023-24,Ayo Dosunmu,1630245,22,40.0,34.0,9.0,0.636,65.636
2023-24,Ayo Dosunmu,1630245,28,27.0,20.0,4.0,0.7,52.7
2023-24,Bam Adebayo,1628389,-29,29.0,14.0,3.0,0.4,-11.600000000000001
2023-24,Bam Adebayo,1628389,-28,28.0,19.0,2.0,0.571,-6.4289999999999985
2023-24,Bam Adebayo,1628389,-23,35.0,16.0,4.0,0.538,-2.4619999999999997
2023-24,Bam Adebayo,1628389,-20,31.0,10.0,0.5,0.4155,-9.0845
2023-24,Bam Adebayo,1628389,-19,31.0,20.0,6.0,0.8,7.800000000000001
2023-24,Bam Adebayo,1628389,-18,30.0,5.0,4.0,0.111,-8.889
2023-24,Bam Adebayo,1628389,-16,35.666666666666664,23.666666666666668,2.3333333333333335,0.5436666666666666,10.543666666666667
2023-24,Bam Adebayo,1628389,-15,34.0,22.0,7.0,0.471,14.471
2023-24,Bam Adebayo,1628389,-12,34.5,19.0,3.5,0.41000000000000003,10.91
2023-24,Bam Adebayo,1628389,-10,33.0,21.5,4.0,0.5,16.0
2023-24,Bam Adebayo,1628389,-9,34.0,16.0,2.0,0.5,9.5
2023-24,Bam Adebayo,1628389,-8,33.5,17.0,2.0,0.478,11.478000000000002
2023-24,Bam Adebayo,1628389,-6,32.666666666666664,21.0,4.0,0.521,19.521
2023-24,Bam Adebayo,1628389,-5,38.0,20.0,4.5,0.5535,20.0535
2023-24,Bam Adebayo,1628389,-4,35.0,23.0,4.0,0.507,23.507
2023-24,Bam Adebayo,1628389,-3,37.5,20.75,4.0,0.43275,22.18275
2023-24,Bam Adebayo,1628389,-1,35.0,24.0,5.0,0.667,28.667
2023-24,Bam Adebayo,1628389,0,35.0,24.666666666666668,3.0,0.5116666666666667,28.178333333333335
2023-24,Bam Adebayo,1628389,1,37.0,22.0,4.0,0.5715,27.5715
2023-24,Bam Adebayo,1628389,2,32.5,19.5,3.5,0.619,25.619
2023-24,Bam Adebayo,1628389,3,36.0,15.0,5.0,0.3433333333333333,23.343333333333334
2023-24,Bam Adebayo,1628389,4,33.0,13.0,2.0,0.556,19.556
2023-24,Bam Adebayo,1628389,5,35.75,21.75,5.75,0.5845,33.0845
2023-24,Bam Adebayo,1628389,6,32.5,21.0,2.0,0.5720000000000001,29.572
2023-24,Bam Adebayo,1628389,7,33.5,21.5,4.5,0.5075,33.5075
2023-24,Bam Adebayo,1628389,8,36.0,18.666666666666668,3.6666666666666665,0.492,30.825333333333337
2023-24,Bam Adebayo,1628389,9,25.0,19.0,3.0,0.8,31.8
2023-24,Bam Adebayo,1628389,10,37.5,20.0,5.5,0.4285,35.9285
2023-24,Bam Adebayo,1628389,11,36.0,28.0,7.0,0.611,46.611
2023-24,Bam Adebayo,1628389,12,38.666666666666664,15.666666666666666,5.0,0.5356666666666666,33.20233333333333
2023-24,Bam Adebayo,1628389,13,32.0,15.0,1.0,0.667,29.667
2023-24,Bam Adebayo,1628389,15,36.0,30.0,1.0,0.533,46.533
2023-24,Bam Adebayo,1628389,16,33.0,18.0,6.0,0.583,40.583
2023-24,Bam Adebayo,1628389,17,31.666666666666668,21.0,3.6666666666666665,0.633,42.29966666666667
2023-24,Bam Adebayo,1628389,27,27.0,15.0,3.0,0.636,45.635999999999996
2023-24,Bam Adebayo,1628389,29,26.0,21.0,9.0,0.75,59.75
2023-24,Bam Adebayo,1628389,30,31.0,16.0,11.0,0.571,57.571
2023-24,Bam Adebayo,1628389,32,29.0,14.0,3.0,0.778,49.778
2023-24,Ben Sheppard,1641767,-11,20.0,8.0,0.0,0.6,-2.4000000000000004
2023-24,Ben Sheppard,1641767,-5,22.0,8.0,2.0,0.25,5.25
2023-24,Ben Sheppard,1641767,-2,25.0,4.0,2.0,0.143,4.143
2023-24,Ben Sheppard,1641767,3,21.5,7.0,2.0,0.5,12.5
2023-24,Ben Sheppard,1641767,5,21.0,12.0,0.0,0.571,17.570999999999998
2023-24,Ben Sheppard,1641767,7,26.0,11.0,1.0,0.5,19.5
2023-24,Ben Sheppard,1641767,8,22.0,10.5,1.0,0.5355,20.0355
2023-24,Ben Sheppard,1641767,12,24.5,9.5,1.0,0.3165,22.816499999999998
2023-24,Ben Sheppard,1641767,13,21.0,7.0,0.0,0.667,20.667
2023-24,Ben Sheppard,1641767,14,28.0,7.0,2.0,0.4,23.4
2023-24,Ben Sheppard,1641767,17,25.0,7.0,2.0,0.5,26.5
2023-24,Ben Sheppard,1641767,18,20.0,2.0,1.0,0.0,21.0
2023-24,Ben Simmons,1627732,-23,21.0,2.0,4.0,0.5,-16.5
2023-24,Ben Simmons,1627732,-12,33.0,2.0,4.0,0.333,-5.667
2023-24,Ben Simmons,1627732,-9,32.5,6.0,5.5,0.45,2.9499999999999993
2023-24,Ben Simmons,1627732,-6,22.0,4.0,9.0,0.333,7.333
2023-24,Ben Simmons,1627732,-3,24.0,5.0,8.0,0.2,10.2
2023-24,Ben Simmons,1627732,0,32.0,10.0,8.0,0.625,18.625
2023-24,Ben Simmons,1627732,1,20.0,9.0,7.0,0.571,17.571
2023-24,Ben Simmons,1627732,3,35.0,11.0,8.0,0.833,22.833
2023-24,Ben Simmons,1627732,10,21.0,13.0,5.0,0.857,28.857
2023-24,Bennedict Mathurin,1631097,-24,25.0,9.0,1.0,0.364,-13.636
2023-24,Bennedict Mathurin,1631097,-21,29.0,11.0,1.0,0.25,-8.75
2023-24,Bennedict Mathurin,1631097,-20,20.0,13.0,1.0,0.4,-5.6
2023-24,Bennedict Mathurin,1631097,-18,25.0,11.0,2.0,0.5,-4.5
2023-24,Bennedict Mathurin,1631097,-16,25.0,13.0,4.0,0.385,1.3850000000000016
2023-24,Bennedict Mathurin,1631097,-15,24.0,14.0,1.0,0.25,0.25
2023-24,Bennedict Mathurin,1631097,-14,22.0,12.5,1.0,0.579,0.07900000000000063
2023-24,Bennedict Mathurin,1631097,-13,23.0,11.0,1.0,0.182,-0.8179999999999996
2023-24,Bennedict Mathurin,1631097,-11,34.0,34.0,2.0,0.6,25.6
2023-24,Bennedict Mathurin,1631097,-10,23.0,5.0,2.0,0.286,-2.7140000000000004
2023-24,Bennedict Mathurin,1631097,-9,21.0,11.0,0.0,0.4,2.4000000000000004
2023-24,Bennedict Mathurin,1631097,-7,24.0,13.666666666666666,1.6666666666666667,0.3433333333333333,8.676666666666666
2023-24,Bennedict Mathurin,1631097,-6,25.5,13.0,1.0,0.345,8.345
2023-24,Bennedict Mathurin,1631097,-5,31.0,13.0,3.0,0.25,11.25
2023-24,Bennedict Mathurin,1631097,-4,24.5,10.5,4.5,0.44299999999999995,11.443
2023-24,Bennedict Mathurin,1631097,-3,33.0,27.0,4.0,0.7046666666666667,28.704666666666668
2023-24,Bennedict Mathurin,1631097,-2,25.0,18.5,1.5,0.445,18.445
2023-24,Bennedict Mathurin,1631097,-1,28.5,22.0,2.5,0.612,24.112
2023-24,Bennedict Mathurin,1631097,0,23.0,4.0,0.0,0.333,4.333
2023-24,Bennedict Mathurin,1631097,2,26.5,13.0,2.0,0.4655,17.4655
2023-24,Bennedict Mathurin,1631097,3,26.0,14.0,1.0,0.333,18.333
2023-24,Bennedict Mathurin,1631097,4,29.0,16.0,2.0,0.353,22.353
2023-24,Bennedict Mathurin,1631097,5,24.0,19.0,0.0,0.438,24.438
2023-24,Bennedict Mathurin,1631097,6,25.5,12.0,2.5,0.2905,20.7905
2023-24,Bennedict Mathurin,1631097,8,30.0,18.0,5.5,0.4305,31.9305
2023-24,Bennedict Mathurin,1631097,10,30.0,14.0,3.0,0.5355,27.5355
2023-24,Bennedict Mathurin,1631097,11,30.0,17.5,2.5,0.5285,31.5285
2023-24,Bennedict Mathurin,1631097,14,28.0,19.5,2.5,0.51075,36.51075
2023-24,Bennedict Mathurin,1631097,16,27.0,15.0,3.0,0.667,34.667
2023-24,Bennedict Mathurin,1631097,17,23.0,9.0,1.0,0.25,27.25
2023-24,Bennedict Mathurin,1631097,18,38.0,22.0,4.0,0.5,44.5
2023-24,Bennedict Mathurin,1631097,22,36.0,25.0,0.0,0.6,47.6
2023-24,Bennedict Mathurin,1631097,27,31.0,15.0,0.0,0.5,42.5
2023-24,Bilal Coulibaly,1641731,-33,30.0,13.0,4.0,0.364,-15.636
2023-24,Bilal Coulibaly,1641731,-30,30.5,13.5,1.5,0.5335000000000001,-14.4665
2023-24,Bilal Coulibaly,1641731,-25,25.0,0.0,0.0,0.0,-25.0
2023-24,Bilal Coulibaly,1641731,-24,32.0,5.0,1.0,0.167,-17.833
2023-24,Bilal Coulibaly,1641731,-22,28.0,6.333333333333333,2.3333333333333335,0.46666666666666673,-12.866666666666667
2023-24,Bilal Coulibaly,1641731,-20,27.0,2.0,2.0,0.25,-15.75
2023-24,Bilal Coulibaly,1641731,-19,29.0,6.0,2.0,0.268,-10.732
2023-24,Bilal Coulibaly,1641731,-18,33.0,10.0,3.0,0.571,-4.429
2023-24,Bilal Coulibaly,1641731,-17,27.666666666666668,6.333333333333333,1.6666666666666667,0.36200000000000004,-8.638
2023-24,Bilal Coulibaly,1641731,-15,30.0,15.0,2.0,0.556,2.556000000000001
2023-24,Bilal Coulibaly,1641731,-14,29.0,7.75,1.25,0.3075,-4.692500000000001
2023-24,Bilal Coulibaly,1641731,-13,26.5,3.5,2.0,0.21650000000000003,-7.2835
2023-24,Bilal Coulibaly,1641731,-12,32.0,7.0,2.0,0.375,-2.625
2023-24,Bilal Coulibaly,1641731,-11,25.666666666666668,8.666666666666666,2.3333333333333335,0.373,0.37299999999999933
2023-24,Bilal Coulibaly,1641731,-10,26.0,6.0,1.0,0.5,-2.5
2023-24,Bilal Coulibaly,1641731,-9,36.5,17.0,1.5,0.481,9.981000000000002
2023-24,Bilal Coulibaly,1641731,-8,29.5,10.5,3.0,0.525,6.025
2023-24,Bilal Coulibaly,1641731,-7,27.0,14.0,3.0,0.6,10.600000000000001
2023-24,Bilal Coulibaly,1641731,-5,24.5,7.0,1.0,0.2665,3.2665000000000006
2023-24,Bilal Coulibaly,1641731,-2,25.0,4.0,3.0,1.0,6.0
2023-24,Bilal Coulibaly,1641731,-1,31.0,7.0,2.0,0.6,8.6
2023-24,Bilal Coulibaly,1641731,0,27.0,11.0,0.0,0.571,11.571
2023-24,Bilal Coulibaly,1641731,1,29.333333333333332,9.333333333333334,1.6666666666666667,0.512,12.512
2023-24,Bilal Coulibaly,1641731,2,26.5,12.0,2.0,0.47650000000000003,16.4765
2023-24,Bilal Coulibaly,1641731,3,22.0,14.0,1.0,0.667,18.667
2023-24,Bilal Coulibaly,1641731,4,25.0,12.0,1.0,0.714,17.714
2023-24,Bilal Coulibaly,1641731,6,32.0,21.0,3.0,0.333,30.333
2023-24,Bilal Coulibaly,1641731,8,30.0,17.0,0.0,0.667,25.667
2023-24,Bilal Coulibaly,1641731,9,31.0,8.0,2.0,0.286,19.286
2023-24,Bilal Coulibaly,1641731,13,28.0,11.0,2.0,0.8165,26.816499999999998
2023-24,Bilal Coulibaly,1641731,15,27.0,5.0,3.0,0.4,23.4
2023-24,Bilal Coulibaly,1641731,17,36.0,11.0,1.0,0.5,29.5
2023-24,Bilal Coulibaly,1641731,19,27.0,5.0,0.0,0.333,24.333
2023-24,Bilal Coulibaly,1641731,23,28.0,9.0,2.0,0.521,34.521
2023-24,Bismack Biyombo,202687,-28,21.0,2.0,1.0,0.25,-24.75
2023-24,Bismack Biyombo,202687,-21,23.0,0.0,4.0,0.0,-17.0
2023-24,Bismack Biyombo,202687,-16,29.5,9.5,1.5,0.8335,-4.166499999999999
2023-24,Bismack Biyombo,202687,-14,21.0,0.0,0.0,0.0,-14.0
2023-24,Bismack Biyombo,202687,-10,31.0,5.0,2.0,0.5,-2.5
2023-24,Bismack Biyombo,202687,-9,29.0,6.0,1.0,0.6,-1.4000000000000004
2023-24,Bismack Biyombo,202687,-5,29.0,8.0,1.0,0.25,4.25
2023-24,Bismack Biyombo,202687,-4,24.0,8.0,1.0,0.8,5.800000000000001
2023-24,Bismack Biyombo,202687,-2,23.0,3.0,1.0,0.5,2.5
2023-24,Bismack Biyombo,202687,-1,25.0,2.0,4.0,0.333,5.333
2023-24,Bismack Biyombo,202687,3,21.0,8.0,0.0,0.8,11.8
2023-24,Bismack Biyombo,202687,4,31.0,9.0,2.0,0.528,15.528
2023-24,Bismack Biyombo,202687,5,30.0,6.0,2.0,1.0,14.0
2023-24,Bismack Biyombo,202687,6,31.0,14.0,4.0,0.778,24.778
2023-24,Bismack Biyombo,202687,8,27.0,4.0,1.0,0.5,13.5
2023-24,Bismack Biyombo,202687,10,23.0,4.0,4.0,0.667,18.667
2023-24,Bismack Biyombo,202687,17,31.0,6.0,1.0,1.0,25.0
2023-24,Bismack Biyombo,202687,18,26.0,8.0,4.0,0.5,30.5
2023-24,Bismack Biyombo,202687,20,35.0,13.0,3.0,0.833,36.833
2023-24,Blake Wesley,1631104,-9,25.0,7.0,1.0,0.091,-0.9090000000000007
2023-24,Blake Wesley,1631104,-8,25.0,5.0,7.0,0.25,4.25
2023-24,Blake Wesley,1631104,-7,28.0,12.0,6.0,1.0,12.0
2023-24,Blake Wesley,1631104,-4,21.0,10.0,1.0,0.625,7.625
2023-24,Blake Wesley,1631104,1,25.0,10.0,7.0,0.8,18.8
2023-24,Blake Wesley,1631104,8,20.0,4.0,9.0,0.333,21.333
2023-24,Blake Wesley,1631104,13,22.0,13.0,3.0,0.714,29.714
2023-24,Blake Wesley,1631104,15,20.0,5.0,3.0,0.286,23.286
2023-24,Blake Wesley,1631104,24,30.0,17.0,5.0,0.778,46.778
2023-24,Bobby Portis,1626171,-25,25.0,16.0,2.0,0.5,-6.5
2023-24,Bobby Portis,1626171,-24,23.0,20.0,1.0,0.615,-2.3850000000000016
2023-24,Bobby Portis,1626171,-21,29.0,12.0,3.0,0.417,-5.583
2023-24,Bobby Portis,1626171,-18,28.5,16.5,0.5,0.4625,-0.5375000000000014
2023-24,Bobby Portis,1626171,-16,21.0,4.0,3.0,0.286,-8.714
2023-24,Bobby Portis,1626171,-14,27.5,6.5,2.0,0.202,-5.298
2023-24,Bobby Portis,1626171,-13,25.0,7.0,0.0,0.4,-5.6
2023-24,Bobby Portis,1626171,-12,22.0,6.0,0.0,0.375,-5.625
2023-24,Bobby Portis,1626171,-11,24.6,15.8,1.2,0.5828,6.582799999999999
2023-24,Bobby Portis,1626171,-9,31.0,17.0,1.0,0.667,9.667000000000002
2023-24,Bobby Portis,1626171,-8,20.5,10.5,1.5,0.43900000000000006,4.439
2023-24,Bobby Portis,1626171,-7,23.0,13.0,1.0,0.556,7.556000000000001
2023-24,Bobby Portis,1626171,-6,27.0,13.0,1.0,0.364,8.364
2023-24,Bobby Portis,1626171,-5,24.75,15.75,1.25,0.47075,12.470749999999999
2023-24,Bobby Portis,1626171,-4,22.5,10.75,0.25,0.46,7.460000000000001
2023-24,Bobby Portis,1626171,-3,27.333333333333332,12.0,0.6666666666666666,0.45166666666666666,10.118333333333332
2023-24,Bobby Portis,1626171,-2,25.0,11.0,1.0,0.357,10.357
2023-24,Bobby Portis,1626171,-1,20.5,8.5,1.0,0.5335000000000001,9.0335
2023-24,Bobby Portis,1626171,0,24.0,15.0,2.0,0.583,17.583
2023-24,Bobby Portis,1626171,2,21.333333333333332,16.0,2.0,0.5793333333333334,20.579333333333334
2023-24,Bobby Portis,1626171,3,27.2,8.4,1.6,0.31520000000000004,13.3152
2023-24,Bobby Portis,1626171,4,27.5,18.0,1.5,0.5625,24.0625
2023-24,Bobby Portis,1626171,5,30.0,18.0,0.0,0.467,23.467
2023-24,Bobby Portis,1626171,6,24.0,11.0,2.0,0.455,19.455
2023-24,Bobby Portis,1626171,7,22.0,10.666666666666666,0.6666666666666666,0.5259999999999999,18.859333333333332
2023-24,Bobby Portis,1626171,8,26.0,13.5,3.5,0.442,25.442
2023-24,Bobby Portis,1626171,9,22.0,15.0,0.0,0.538,24.538
2023-24,Bobby Portis,1626171,10,26.0,20.5,1.0,0.631,32.131
2023-24,Bobby Portis,1626171,13,21.5,17.5,1.0,0.5575,32.057500000000005
2023-24,Bobby Portis,1626171,14,27.0,19.5,2.0,0.521,36.021
2023-24,Bobby Portis,1626171,15,27.25,20.75,1.0,0.52425,37.274249999999995
2023-24,Bobby Portis,1626171,16,22.0,19.0,2.0,0.615,37.614999999999995
2023-24,Bobby Portis,1626171,17,27.0,19.0,1.5,0.5905,38.0905
2023-24,Bobby Portis,1626171,20,30.0,14.0,4.0,0.667,38.667
2023-24,Bobby Portis,1626171,22,30.0,30.0,3.0,0.778,55.778
2023-24,Bobby Portis,1626171,24,25.5,25.0,1.5,0.6555,51.1555
2023-24,Bobby Portis,1626171,34,20.0,21.0,3.0,0.563,58.563
2023-24,Bogdan Bogdanovic,203992,-31,29.5,14.5,2.0,0.354,-14.146
2023-24,Bogdan Bogdanovic,203992,-24,24.0,10.0,2.0,0.25,-11.75
2023-24,Bogdan Bogdanovic,203992,-22,44.0,11.0,2.0,0.235,-8.765
2023-24,Bogdan Bogdanovic,203992,-21,33.0,18.0,4.0,0.417,1.4170000000000016
2023-24,Bogdan Bogdanovic,203992,-20,23.0,14.0,2.0,0.385,-3.6149999999999984
2023-24,Bogdan Bogdanovic,203992,-19,36.0,17.0,2.0,0.4,0.3999999999999986
2023-24,Bogdan Bogdanovic,203992,-18,23.0,16.0,3.0,0.214,1.2139999999999986
2023-24,Bogdan Bogdanovic,203992,-17,36.0,16.0,3.0,0.462,2.4619999999999997
2023-24,Bogdan Bogdanovic,203992,-15,35.0,13.0,1.0,0.308,-0.6920000000000002
2023-24,Bogdan Bogdanovic,203992,-14,24.5,12.5,4.0,0.3095,2.8095
2023-24,Bogdan Bogdanovic,203992,-13,28.0,14.0,4.0,0.455,5.454999999999998
2023-24,Bogdan Bogdanovic,203992,-12,25.0,17.0,0.0,0.455,5.454999999999998
2023-24,Bogdan Bogdanovic,203992,-8,32.5,20.5,3.5,0.4665,16.4665
2023-24,Bogdan Bogdanovic,203992,-7,25.0,14.0,0.0,0.333,7.333
2023-24,Bogdan Bogdanovic,203992,-6,29.5,18.5,2.0,0.5225,15.0225
2023-24,Bogdan Bogdanovic,203992,-5,28.0,17.0,2.0,0.5,14.5
2023-24,Bogdan Bogdanovic,203992,-4,31.5,13.5,3.0,0.41150000000000003,12.9115
2023-24,Bogdan Bogdanovic,203992,-3,32.333333333333336,17.666666666666668,1.3333333333333333,0.39066666666666666,16.390666666666668
2023-24,Bogdan Bogdanovic,203992,-2,28.75,26.5,2.75,0.5955,27.8455
2023-24,Bogdan Bogdanovic,203992,-1,34.0,25.666666666666668,2.3333333333333335,0.5296666666666666,27.529666666666667
2023-24,Bogdan Bogdanovic,203992,0,25.0,16.0,3.0,0.545,19.545
2023-24,Bogdan Bogdanovic,203992,1,35.0,14.333333333333334,2.6666666666666665,0.37666666666666665,18.376666666666665
2023-24,Bogdan Bogdanovic,203992,3,29.4,19.0,3.0,0.4128,25.4128
2023-24,Bogdan Bogdanovic,203992,4,27.5,14.5,3.75,0.43624999999999997,22.68625
2023-24,Bogdan Bogdanovic,203992,5,32.666666666666664,15.0,5.333333333333333,0.3833333333333333,25.716666666666665
2023-24,Bogdan Bogdanovic,203992,6,24.0,12.5,2.5,0.4,21.4
2023-24,Bogdan Bogdanovic,203992,7,29.333333333333332,15.333333333333334,3.3333333333333335,0.371,26.037666666666667
2023-24,Bogdan Bogdanovic,203992,8,26.0,11.5,2.5,0.34299999999999997,22.343
2023-24,Bogdan Bogdanovic,203992,9,33.0,10.0,4.0,0.267,23.267
2023-24,Bogdan Bogdanovic,203992,11,28.0,25.5,3.5,0.48550000000000004,40.4855
2023-24,Bogdan Bogdanovic,203992,12,28.0,17.6,5.4,0.5232,35.5232
2023-24,Bogdan Bogdanovic,203992,13,27.75,16.0,2.25,0.499,31.749
2023-24,Bogdan Bogdanovic,203992,14,29.0,22.0,5.0,0.571,41.571
2023-24,Bogdan Bogdanovic,203992,15,30.0,14.0,4.5,0.4645,33.9645
2023-24,Bogdan Bogdanovic,203992,17,31.5,19.0,2.5,0.48450000000000004,38.9845
2023-24,Bogdan Bogdanovic,203992,18,35.0,17.0,3.0,0.455,38.455
2023-24,Bogdan Bogdanovic,203992,19,33.333333333333336,13.666666666666666,5.0,0.48733333333333334,38.153999999999996
2023-24,Bogdan Bogdanovic,203992,21,32.0,20.0,6.0,0.438,47.438
2023-24,Bogdan Bogdanovic,203992,24,27.0,12.0,1.0,0.263,37.263
2023-24,Bogdan Bogdanovic,203992,27,33.0,19.0,3.0,0.467,49.467
2023-24,Bojan Bogdanovic,202711,-29,32.0,19.0,2.0,0.333,-7.667000000000002
2023-24,Bojan Bogdanovic,202711,-28,26.0,17.0,2.0,0.5,-8.5
2023-24,Bojan Bogdanovic,202711,-26,30.0,17.0,0.0,0.417,-8.582999999999998
2023-24,Bojan Bogdanovic,202711,-21,26.0,14.0,2.0,0.364,-4.635999999999999
2023-24,Bojan Bogdanovic,202711,-19,32.0,26.0,2.0,0.714,9.713999999999999
2023-24,Bojan Bogdanovic,202711,-18,28.0,9.0,1.0,0.4,-7.6
2023-24,Bojan Bogdanovic,202711,-16,31.0,21.5,2.0,0.5740000000000001,8.074000000000002
2023-24,Bojan Bogdanovic,202711,-13,22.5,15.0,0.5,0.519,3.0189999999999984
2023-24,Bojan Bogdanovic,202711,-12,34.0,17.0,2.0,0.357,7.356999999999999
2023-24,Bojan Bogdanovic,202711,-11,26.0,10.0,1.5,0.2915,0.7914999999999992
2023-24,Bojan Bogdanovic,202711,-10,31.666666666666668,21.0,1.0,0.40399999999999997,12.404
2023-24,Bojan Bogdanovic,202711,-9,25.666666666666668,18.333333333333332,2.6666666666666665,0.4503333333333333,12.450333333333333
2023-24,Bojan Bogdanovic,202711,-8,29.5,23.0,3.0,0.6125,18.6125
2023-24,Bojan Bogdanovic,202711,-7,35.0,12.0,3.0,0.263,8.263
2023-24,Bojan Bogdanovic,202711,-6,43.0,17.0,6.0,0.381,17.381
2023-24,Bojan Bogdanovic,202711,-5,42.0,36.0,5.0,0.5,36.5
2023-24,Bojan Bogdanovic,202711,-4,29.25,13.25,2.0,0.3845,11.6345
2023-24,Bojan Bogdanovic,202711,-3,38.0,23.0,2.0,0.474,22.474
2023-24,Bojan Bogdanovic,202711,-2,25.0,14.0,0.0,0.6,12.6
2023-24,Bojan Bogdanovic,202711,-1,33.0,15.0,4.0,0.3915,18.3915
2023-24,Bojan Bogdanovic,202711,0,35.5,26.5,4.0,0.4535,30.9535
2023-24,Bojan Bogdanovic,202711,3,23.0,22.0,0.0,0.615,25.615
2023-24,Bojan Bogdanovic,202711,4,34.5,21.0,2.0,0.4645,27.4645
2023-24,Bojan Bogdanovic,202711,7,24.0,9.0,1.0,0.364,17.364
2023-24,Bojan Bogdanovic,202711,12,35.0,30.0,3.0,0.526,45.526
2023-24,Bol Bol,1629626,3,26.0,25.0,0.0,0.647,28.647
2023-24,Bol Bol,1629626,7,22.0,15.0,1.0,0.625,23.625
2023-24,Bol Bol,1629626,8,23.0,11.0,1.0,0.556,20.556
2023-24,Bol Bol,1629626,13,25.0,7.0,0.0,0.5,20.5
2023-24,Bones Hyland,1630538,-18,29.0,20.0,6.0,0.412,8.411999999999999
2023-24,Bones Hyland,1630538,-7,43.0,37.0,9.0,0.517,39.517
2023-24,Bones Hyland,1630538,-5,22.0,5.0,4.0,0.222,4.2219999999999995
2023-24,Bones Hyland,1630538,-4,21.0,17.0,3.0,0.545,16.545
2023-24,Bones Hyland,1630538,-1,23.0,8.5,2.5,0.361,10.361
2023-24,Bones Hyland,1630538,2,21.0,12.0,5.0,0.417,19.417
2023-24,Bones Hyland,1630538,8,31.0,12.666666666666666,4.666666666666667,0.42366666666666664,25.756999999999998
2023-24,Bones Hyland,1630538,10,21.0,18.0,1.0,0.5,29.5
2023-24,Bones Hyland,1630538,17,31.0,17.0,11.0,0.667,45.667
2023-24,Bradley Beal,203078,-21,35.0,22.0,7.0,0.529,8.529
2023-24,Bradley Beal,203078,-18,30.0,15.0,3.5,0.4075,0.9074999999999989
2023-24,Bradley Beal,203078,-16,27.5,8.0,4.0,0.404,-3.596
2023-24,Bradley Beal,203078,-15,27.0,16.0,3.0,0.417,4.417000000000002
2023-24,Bradley Beal,203078,-14,31.0,24.0,2.0,0.529,12.529
2023-24,Bradley Beal,203078,-12,38.0,13.0,5.0,0.429,6.4289999999999985
2023-24,Bradley Beal,203078,-11,36.0,16.5,3.5,0.5645,9.564499999999999
2023-24,Bradley Beal,203078,-9,38.0,33.0,5.0,0.684,29.683999999999997
2023-24,Bradley Beal,203078,-8,37.0,12.0,5.0,0.417,9.417000000000002
2023-24,Bradley Beal,203078,-7,37.0,21.333333333333332,4.333333333333333,0.5166666666666667,19.18333333333333
2023-24,Bradley Beal,203078,-6,39.0,14.0,10.0,0.313,18.313
2023-24,Bradley Beal,203078,-4,34.0,12.0,3.0,0.385,11.385
2023-24,Bradley Beal,203078,-1,31.0,13.333333333333334,5.0,0.5026666666666667,17.836000000000002
2023-24,Bradley Beal,203078,0,34.333333333333336,15.333333333333334,7.333333333333333,0.4046666666666667,23.071333333333335
2023-24,Bradley Beal,203078,1,36.333333333333336,13.333333333333334,5.333333333333333,0.3473333333333333,20.014000000000003
2023-24,Bradley Beal,203078,2,36.5,14.0,5.5,0.5315,22.0315
2023-24,Bradley Beal,203078,4,36.5,19.5,5.5,0.5125,29.5125
2023-24,Bradley Beal,203078,5,33.0,31.0,6.0,0.714,42.714
2023-24,Bradley Beal,203078,6,36.0,21.0,4.5,0.469,31.969
2023-24,Bradley Beal,203078,7,36.0,30.0,7.0,0.524,44.524
2023-24,Bradley Beal,203078,8,33.0,20.0,4.0,0.692,32.692
2023-24,Bradley Beal,203078,9,36.333333333333336,18.333333333333332,5.666666666666667,0.4203333333333334,33.42033333333333
2023-24,Bradley Beal,203078,11,38.0,25.0,3.0,0.688,39.688
2023-24,Bradley Beal,203078,13,31.0,14.5,4.5,0.6515,32.6515
2023-24,Bradley Beal,203078,15,28.0,13.0,12.0,0.6,40.6
2023-24,Bradley Beal,203078,16,28.0,19.5,4.0,0.3895,39.8895
2023-24,Bradley Beal,203078,17,34.0,27.5,7.5,0.6665,52.6665
2023-24,Bradley Beal,203078,19,33.5,24.5,5.0,0.5835,49.0835
2023-24,Bradley Beal,203078,22,34.0,21.0,1.0,0.5,44.5
2023-24,Bradley Beal,203078,25,32.0,37.0,4.0,0.667,66.667
2023-24,Bradley Beal,203078,27,36.0,25.0,9.0,0.611,61.611
2023-24,Brandin Podziemski,1641764,-31,25.0,2.0,2.0,0.167,-26.833
2023-24,Brandin Podziemski,1641764,-26,25.0,13.0,3.0,0.571,-9.428999999999998
2023-24,Brandin Podziemski,1641764,-25,23.0,5.0,1.0,0.5,-18.5
2023-24,Brandin Podziemski,1641764,-15,25.0,4.0,2.5,0.1665,-8.3335
2023-24,Brandin Podziemski,1641764,-13,34.0,9.5,4.5,0.4165,1.4164999999999992
2023-24,Brandin Podziemski,1641764,-9,28.0,5.0,4.0,0.182,0.18200000000000038
2023-24,Brandin Podziemski,1641764,-8,32.0,6.0,4.5,0.23399999999999999,2.734
2023-24,Brandin Podziemski,1641764,-7,25.0,11.0,4.5,0.4495,8.9495
2023-24,Brandin Podziemski,1641764,-4,25.25,8.5,3.25,0.48950000000000005,8.2395
2023-24,Brandin Podziemski,1641764,-3,25.0,9.5,4.5,0.45199999999999996,11.452
2023-24,Brandin Podziemski,1641764,-2,28.0,13.0,5.0,0.5,16.5
2023-24,Brandin Podziemski,1641764,-1,27.666666666666668,16.333333333333332,4.0,0.5713333333333334,19.904666666666664
2023-24,Brandin Podziemski,1641764,0,32.0,19.0,5.0,0.467,24.467
2023-24,Brandin Podziemski,1641764,1,30.4,9.4,4.8,0.4476,15.647599999999999
2023-24,Brandin Podziemski,1641764,4,24.0,11.5,2.0,0.702,18.201999999999998
2023-24,Brandin Podziemski,1641764,5,28.666666666666668,10.666666666666666,5.166666666666667,0.46799999999999997,21.301333333333332
2023-24,Brandin Podziemski,1641764,6,27.0,11.5,1.5,0.4375,19.4375
2023-24,Brandin Podziemski,1641764,7,26.0,11.0,4.0,0.571,22.570999999999998
2023-24,Brandin Podziemski,1641764,9,24.0,10.0,3.0,0.444,22.444000000000003
2023-24,Brandin Podziemski,1641764,10,21.0,6.0,1.0,0.3,17.3
2023-24,Brandin Podziemski,1641764,11,31.5,12.5,3.5,0.4395,27.4395
2023-24,Brandin Podziemski,1641764,12,27.5,9.5,3.5,0.41975,25.41975
2023-24,Brandin Podziemski,1641764,13,33.0,7.0,3.5,0.472,23.972
2023-24,Brandin Podziemski,1641764,14,28.0,7.0,4.0,0.375,25.375
2023-24,Brandin Podziemski,1641764,15,29.0,8.0,2.5,0.4275,25.927500000000002
2023-24,Brandin Podziemski,1641764,16,28.0,10.0,5.0,0.333,31.333
2023-24,Brandin Podziemski,1641764,17,31.5,9.25,4.75,0.44175,31.44175
2023-24,Brandin Podziemski,1641764,18,31.0,16.0,9.5,0.634,44.134
2023-24,Brandin Podziemski,1641764,19,26.0,10.0,2.0,0.556,31.556
2023-24,Brandin Podziemski,1641764,20,23.0,10.0,2.0,0.444,32.444
2023-24,Brandin Podziemski,1641764,23,33.0,9.0,7.0,0.333,39.333
2023-24,Brandin Podziemski,1641764,25,31.0,15.0,7.0,0.583,47.583
2023-24,Brandon Boston Jr.,1630527,-15,39.0,23.0,2.0,0.417,10.417000000000002
2023-24,Brandon Boston Jr.,1630527,-11,21.0,9.0,0.0,0.5,-1.5
2023-24,Brandon Boston Jr.,1630527,-4,30.0,15.0,3.0,0.313,14.312999999999999
2023-24,Brandon Boston Jr.,1630527,-2,23.0,9.0,0.0,0.444,7.444000000000001
2023-24,Brandon Boston Jr.,1630527,0,24.0,10.0,1.0,0.333,11.333
2023-24,Brandon Boston Jr.,1630527,1,27.0,12.0,1.0,0.455,14.455
2023-24,Brandon Clarke,1629634,-20,23.0,6.0,2.0,0.333,-11.667
2023-24,Brandon Clarke,1629634,-13,27.0,14.0,0.0,0.583,1.5830000000000002
2023-24,Brandon Clarke,1629634,10,23.0,15.0,0.0,0.583,25.583
2023-24,Brandon Clarke,1629634,15,20.0,6.0,1.0,0.429,22.429000000000002
2023-24,Brandon Ingram,1627742,-33,31.0,9.0,7.0,0.308,-16.692
2023-24,Brandon Ingram,1627742,-29,35.0,22.0,5.0,0.455,-1.5450000000000017
2023-24,Brandon Ingram,1627742,-28,23.0,13.0,0.0,0.667,-14.333
2023-24,Brandon Ingram,1627742,-24,31.0,24.0,6.0,0.44,6.440000000000001
2023-24,Brandon Ingram,1627742,-22,27.0,26.0,1.0,0.5,5.5
2023-24,Brandon Ingram,1627742,-19,32.0,12.0,5.0,0.214,-1.7860000000000014
2023-24,Brandon Ingram,1627742,-15,33.5,15.0,8.5,0.509,9.009
2023-24,Brandon Ingram,1627742,-14,33.0,9.0,6.0,0.364,1.3640000000000008
2023-24,Brandon Ingram,1627742,-13,34.0,17.0,5.0,0.6,9.600000000000001
2023-24,Brandon Ingram,1627742,-12,30.0,12.0,4.0,0.333,4.332999999999998
2023-24,Brandon Ingram,1627742,-10,31.333333333333332,17.666666666666668,6.333333333333333,0.528,14.527999999999999
2023-24,Brandon Ingram,1627742,-8,21.0,14.0,3.0,0.583,9.582999999999998
2023-24,Brandon Ingram,1627742,-7,41.0,24.0,7.0,0.45,24.45
2023-24,Brandon Ingram,1627742,-6,36.0,19.0,6.0,0.467,19.467
2023-24,Brandon Ingram,1627742,-5,38.0,21.0,8.0,0.474,24.474
2023-24,Brandon Ingram,1627742,-3,28.0,30.0,4.0,0.4,31.4
2023-24,Brandon Ingram,1627742,-2,35.0,19.0,6.0,0.389,23.389
2023-24,Brandon Ingram,1627742,0,34.5,25.25,5.5,0.49024999999999996,31.24025
2023-24,Brandon Ingram,1627742,1,34.0,18.8,6.6,0.47240000000000004,26.8724
2023-24,Brandon Ingram,1627742,2,36.0,23.5,5.5,0.5,31.5
2023-24,Brandon Ingram,1627742,3,36.333333333333336,28.666666666666668,6.0,0.47100000000000003,38.13766666666667
2023-24,Brandon Ingram,1627742,4,35.75,23.0,5.75,0.46375,33.213750000000005
2023-24,Brandon Ingram,1627742,5,32.25,15.25,5.5,0.46375,26.21375
2023-24,Brandon Ingram,1627742,7,22.0,13.0,1.0,0.417,21.417
2023-24,Brandon Ingram,1627742,8,25.0,12.0,6.0,0.714,26.714
2023-24,Brandon Ingram,1627742,10,34.0,14.5,6.5,0.39249999999999996,31.3925
2023-24,Brandon Ingram,1627742,12,31.0,26.333333333333332,3.6666666666666665,0.5283333333333333,42.528333333333336
2023-24,Brandon Ingram,1627742,13,32.0,23.0,5.666666666666667,0.5306666666666667,42.19733333333333
2023-24,Brandon Ingram,1627742,14,35.0,15.0,6.0,0.5,35.5
2023-24,Brandon Ingram,1627742,15,33.0,24.0,5.0,0.5,44.5
2023-24,Brandon Ingram,1627742,17,37.0,26.0,8.0,0.556,51.556
2023-24,Brandon Ingram,1627742,18,36.0,25.0,7.0,0.55,50.55
2023-24,Brandon Ingram,1627742,20,29.0,19.333333333333332,7.0,0.4736666666666667,46.807
2023-24,Brandon Ingram,1627742,23,26.0,26.0,4.0,0.588,53.588
2023-24,Brandon Ingram,1627742,33,25.0,31.0,3.0,0.611,67.61099999999999
2023-24,Brandon Ingram,1627742,34,29.0,15.0,8.0,0.5,57.5
2023-24,Brandon Ingram,1627742,37,29.0,41.0,9.0,0.762,87.762
2023-24,Brandon Ingram,1627742,45,30.0,34.0,6.0,0.619,85.619
2023-24,Brandon Miller,1641706,-32,32.0,14.0,2.0,0.429,-15.571000000000002
2023-24,Brandon Miller,1641706,-31,30.0,15.5,2.0,0.3135,-13.186499999999999
2023-24,Brandon Miller,1641706,-30,32.0,21.0,3.0,0.529,-5.471
2023-24,Brandon Miller,1641706,-28,29.0,14.0,4.0,0.25,-9.75
2023-24,Brandon Miller,1641706,-25,32.0,21.0,1.0,0.35,-2.6499999999999986
2023-24,Brandon Miller,1641706,-24,32.666666666666664,13.666666666666666,3.0,0.3713333333333333,-6.962000000000003
2023-24,Brandon Miller,1641706,-23,34.0,13.0,1.0,0.417,-8.583
2023-24,Brandon Miller,1641706,-20,34.0,21.0,4.0,0.4,5.399999999999999
2023-24,Brandon Miller,1641706,-19,38.0,29.0,3.0,0.579,13.579
2023-24,Brandon Miller,1641706,-18,32.0,12.0,3.0,0.333,-2.667
2023-24,Brandon Miller,1641706,-17,34.5,24.5,3.5,0.48,11.48
2023-24,Brandon Miller,1641706,-16,30.0,21.0,0.0,0.421,5.420999999999999
2023-24,Brandon Miller,1641706,-15,34.5,21.5,3.5,0.4545,10.4545
2023-24,Brandon Miller,1641706,-13,24.0,13.0,2.0,0.556,2.556000000000001
2023-24,Brandon Miller,1641706,-12,38.5,23.0,2.0,0.5265,13.526499999999999
2023-24,Brandon Miller,1641706,-11,30.0,13.0,2.0,0.455,4.455
2023-24,Brandon Miller,1641706,-10,36.0,24.0,3.0,0.444,17.444
2023-24,Brandon Miller,1641706,-9,35.0,7.0,1.0,0.25,-0.75
2023-24,Brandon Miller,1641706,-8,36.333333333333336,15.0,4.666666666666667,0.361,12.027666666666669
2023-24,Brandon Miller,1641706,-7,30.5,21.5,1.5,0.467,16.467
2023-24,Brandon Miller,1641706,-6,32.666666666666664,13.5,2.5,0.3786666666666667,10.378666666666668
2023-24,Brandon Miller,1641706,-5,39.5,20.5,3.0,0.444,18.944
2023-24,Brandon Miller,1641706,-4,34.0,19.0,2.3333333333333335,0.47733333333333333,17.810666666666666
2023-24,Brandon Miller,1641706,-3,34.333333333333336,20.0,3.0,0.43366666666666664,20.433666666666667
2023-24,Brandon Miller,1641706,-2,32.0,16.0,2.5,0.481,16.981
2023-24,Brandon Miller,1641706,-1,35.333333333333336,19.0,1.6666666666666667,0.48500000000000004,20.151666666666667
2023-24,Brandon Miller,1641706,0,34.333333333333336,21.0,2.3333333333333335,0.5036666666666667,23.837
2023-24,Brandon Miller,1641706,1,33.0,27.0,2.0,0.529,30.529
2023-24,Brandon Miller,1641706,2,35.0,20.0,3.0,0.467,25.467
2023-24,Brandon Miller,1641706,3,29.4,16.2,2.6,0.3558,22.1558
2023-24,Brandon Miller,1641706,4,27.0,15.0,2.0,0.5,21.5
2023-24,Brandon Miller,1641706,5,31.5,18.0,1.5,0.5355,25.0355
2023-24,Brandon Miller,1641706,7,38.5,24.5,1.5,0.645,33.644999999999996
2023-24,Brandon Miller,1641706,8,35.0,31.0,1.0,0.579,40.579
2023-24,Brandon Miller,1641706,14,29.0,27.0,2.0,0.846,43.846000000000004
2023-24,Brandon Miller,1641706,17,33.0,10.0,1.0,0.571,28.570999999999998
2023-24,Brandon Miller,1641706,22,39.0,9.0,4.0,0.333,35.333
2023-24,Brandon Miller,1641706,24,36.0,26.0,4.0,0.421,54.421
2023-24,Brandon Williams,1630314,-29,29.0,22.0,3.0,0.381,-3.6189999999999998
2023-24,Brice Sensabaugh,1641729,-24,33.0,22.0,3.0,0.429,1.4289999999999985
2023-24,Brice Sensabaugh,1641729,-20,27.0,11.0,1.0,0.36650000000000005,-7.6335
2023-24,Brice Sensabaugh,1641729,-16,24.0,0.0,5.0,0.0,-11.0
2023-24,Brice Sensabaugh,1641729,-14,27.0,16.0,4.0,0.357,6.356999999999999
2023-24,Brice Sensabaugh,1641729,-13,30.0,22.0,4.0,0.571,13.571000000000002
2023-24,Brice Sensabaugh,1641729,-9,20.0,7.0,2.0,0.333,0.3330000000000002
2023-24,Brice Sensabaugh,1641729,-6,20.0,9.0,1.0,0.375,4.375
2023-24,Brice Sensabaugh,1641729,-5,28.0,14.0,2.0,0.556,11.556000000000001
2023-24,Brice Sensabaugh,1641729,0,20.0,4.0,1.0,0.222,5.222
2023-24,Brice Sensabaugh,1641729,1,26.333333333333332,8.666666666666666,2.6666666666666665,0.4653333333333333,12.798666666666666
2023-24,Brice Sensabaugh,1641729,4,25.0,14.333333333333334,2.6666666666666665,0.425,21.425
2023-24,Brook Lopez,201572,-34,24.0,11.0,1.0,0.714,-21.286
2023-24,Brook Lopez,201572,-22,24.0,14.5,1.0,0.5,-6.0
2023-24,Brook Lopez,201572,-21,28.0,10.0,0.6666666666666666,0.399,-9.934333333333335
2023-24,Brook Lopez,201572,-17,28.0,11.0,0.0,0.444,-5.555999999999999
2023-24,Brook Lopez,201572,-16,20.0,15.0,1.0,0.5,0.5
2023-24,Brook Lopez,201572,-15,27.5,3.0,1.0,0.238,-10.762
2023-24,Brook Lopez,201572,-14,28.0,17.0,0.0,0.778,3.7779999999999987
2023-24,Brook Lopez,201572,-12,32.0,17.0,0.5,0.5035000000000001,6.003499999999999
2023-24,Brook Lopez,201572,-10,28.5,11.0,1.5,0.528,3.0280000000000005
2023-24,Brook Lopez,201572,-9,29.333333333333332,14.666666666666666,1.6666666666666667,0.48500000000000004,7.818333333333332
2023-24,Brook Lopez,201572,-7,22.666666666666668,7.666666666666667,2.0,0.3873333333333333,3.054000000000002
2023-24,Brook Lopez,201572,-6,26.0,14.0,1.0,0.556,9.556000000000001
2023-24,Brook Lopez,201572,-5,31.0,7.0,1.0,0.5,3.5
2023-24,Brook Lopez,201572,-3,30.0,10.0,2.0,0.27749999999999997,9.2775
2023-24,Brook Lopez,201572,-2,23.0,7.0,0.0,0.333,5.333
2023-24,Brook Lopez,201572,-1,40.0,19.0,3.0,0.545,21.545
2023-24,Brook Lopez,201572,1,35.0,11.25,1.25,0.3335,13.8335
2023-24,Brook Lopez,201572,2,35.5,15.5,2.0,0.506,20.006
2023-24,Brook Lopez,201572,3,30.5,8.0,3.0,0.307,14.307
2023-24,Brook Lopez,201572,4,33.0,9.0,1.0,0.571,14.571
2023-24,Brook Lopez,201572,5,33.333333333333336,16.666666666666668,1.6666666666666667,0.5433333333333333,23.87666666666667
2023-24,Brook Lopez,201572,6,34.5,19.5,0.5,0.4665,26.4665
2023-24,Brook Lopez,201572,7,33.0,19.5,3.5,0.6115,30.6115
2023-24,Brook Lopez,201572,8,33.0,18.5,1.0,0.489,27.989
2023-24,Brook Lopez,201572,9,31.333333333333332,12.0,2.0,0.48533333333333334,23.485333333333333
2023-24,Brook Lopez,201572,10,32.0,13.0,0.0,1.0,24.0
2023-24,Brook Lopez,201572,11,29.5,10.0,0.0,0.5235,21.5235
2023-24,Brook Lopez,201572,12,29.5,9.5,3.5,0.36650000000000005,25.366500000000002
2023-24,Brook Lopez,201572,13,32.0,12.25,1.5,0.527,27.277
2023-24,Brook Lopez,201572,14,29.666666666666668,16.333333333333332,2.3333333333333335,0.4976666666666667,33.16433333333333
2023-24,Brook Lopez,201572,15,35.0,5.0,1.0,0.143,21.143
2023-24,Brook Lopez,201572,17,30.5,12.5,2.0,0.5235,32.0235
2023-24,Brook Lopez,201572,19,32.0,13.5,2.0,0.5835,35.0835
2023-24,Brook Lopez,201572,20,27.0,15.0,3.0,0.75,38.75
2023-24,Brook Lopez,201572,23,31.0,12.0,3.0,0.625,38.625
2023-24,Brook Lopez,201572,26,33.0,10.0,4.0,0.4,40.4
2023-24,Brook Lopez,201572,28,33.0,9.0,3.0,0.5,40.5
2023-24,Brook Lopez,201572,29,34.0,24.0,0.0,0.727,53.727000000000004
2023-24,Brook Lopez,201572,30,32.0,15.0,2.0,0.875,47.875
2023-24,Brook Lopez,201572,33,27.0,5.5,2.0,0.222,40.722
2023-24,Brook Lopez,201572,34,26.0,11.0,2.0,0.444,47.444
2023-24,Bruce Brown,1628971,-31,26.0,9.0,3.0,0.571,-18.429000000000002
2023-24,Bruce Brown,1628971,-26,20.0,11.0,3.0,0.364,-11.636
2023-24,Bruce Brown,1628971,-25,20.0,3.0,1.0,0.167,-20.833
2023-24,Bruce Brown,1628971,-22,27.333333333333332,11.333333333333334,4.0,0.5136666666666666,-6.152999999999999
2023-24,Bruce Brown,1628971,-20,24.0,14.0,1.5,0.571,-3.9289999999999985
2023-24,Bruce Brown,1628971,-19,24.0,6.5,3.0,0.4165,-9.0835
2023-24,Bruce Brown,1628971,-16,26.666666666666668,13.0,3.3333333333333335,0.6166666666666667,0.9499999999999993
2023-24,Bruce Brown,1628971,-15,22.0,8.0,0.0,0.375,-6.625
2023-24,Bruce Brown,1628971,-14,31.0,12.0,4.0,0.625,2.625
2023-24,Bruce Brown,1628971,-13,29.8,13.4,3.4,0.477,4.277000000000001
2023-24,Bruce Brown,1628971,-12,24.5,5.0,2.0,0.1665,-4.8335
2023-24,Bruce Brown,1628971,-9,31.0,9.0,2.0,0.5,2.5
2023-24,Bruce Brown,1628971,-8,37.0,13.0,3.0,0.357,8.357
2023-24,Bruce Brown,1628971,-7,26.0,12.0,3.0,0.556,8.556000000000001
2023-24,Bruce Brown,1628971,-6,30.5,9.75,2.75,0.44775,6.947749999999999
2023-24,Bruce Brown,1628971,-5,25.0,9.0,2.0,0.45375,6.453749999999999
2023-24,Bruce Brown,1628971,-3,27.0,16.0,6.0,0.455,19.455
2023-24,Bruce Brown,1628971,-1,26.0,9.0,2.25,0.514,10.764
2023-24,Bruce Brown,1628971,0,27.0,9.0,3.0,0.4375,12.4375
2023-24,Bruce Brown,1628971,1,20.0,7.0,2.0,0.167,10.167
2023-24,Bruce Brown,1628971,2,31.333333333333332,11.0,5.333333333333333,0.39999999999999997,18.73333333333333
2023-24,Bruce Brown,1628971,4,26.0,10.5,3.0,0.45699999999999996,17.957
2023-24,Bruce Brown,1628971,7,31.0,7.0,6.0,0.375,20.375
2023-24,Bruce Brown,1628971,8,28.25,12.25,2.75,0.5690000000000001,23.569000000000003
2023-24,Bruce Brown,1628971,9,36.0,16.5,2.5,0.494,28.494
2023-24,Bruce Brown,1628971,11,24.0,15.0,1.0,0.7,27.7
2023-24,Bruce Brown,1628971,13,32.0,9.0,0.0,0.364,22.364
2023-24,Bruce Brown,1628971,15,32.0,17.5,4.0,0.53,37.03
2023-24,Bruce Brown,1628971,18,37.0,19.0,3.0,0.538,40.538
2023-24,Bruce Brown,1628971,20,36.0,30.0,2.0,0.688,52.688
2023-24,Bruce Brown,1628971,21,23.0,7.0,4.0,0.429,32.429
2023-24,Bruce Brown,1628971,25,22.0,17.0,2.0,0.889,44.888999999999996
2023-24,Bruce Brown,1628971,26,36.0,10.0,5.0,0.3,41.3
2023-24,Bruce Brown,1628971,34,28.0,6.0,6.0,0.5,46.5
2023-24,Bruno Fernando,1628981,-24,21.0,12.0,1.0,0.6,-10.4
2023-24,Bruno Fernando,1628981,-21,25.0,6.0,1.0,0.4,-13.6
2023-24,Bruno Fernando,1628981,-17,22.0,6.0,2.0,0.6,-8.4
2023-24,Bruno Fernando,1628981,-14,24.0,5.0,0.0,0.333,-8.667
2023-24,Bruno Fernando,1628981,-7,22.0,14.0,2.0,0.667,9.667000000000002
2023-24,Bruno Fernando,1628981,-6,21.0,1.0,0.0,0.0,-5.0
2023-24,Bruno Fernando,1628981,-3,21.0,10.0,2.0,0.571,9.571
2023-24,Bruno Fernando,1628981,-1,22.0,6.0,1.0,0.333,6.333
2023-24,Bruno Fernando,1628981,0,21.0,10.0,4.0,0.667,14.667
2023-24,Bruno Fernando,1628981,2,20.0,6.0,0.0,0.6,8.6
2023-24,Bruno Fernando,1628981,3,22.0,4.0,0.0,0.5,7.5
2023-24,Bruno Fernando,1628981,5,23.0,9.5,1.0,0.65,16.15
2023-24,Bruno Fernando,1628981,7,20.0,7.0,1.0,0.5,15.5
2023-24,Bruno Fernando,1628981,19,25.0,25.0,1.0,0.786,45.786
2023-24,Bryce McGowens,1631121,-19,30.0,15.0,0.0,0.5,-3.5
2023-24,Bryce McGowens,1631121,-18,23.0,12.0,0.0,0.714,-5.286
2023-24,Bryce McGowens,1631121,-17,24.0,12.0,0.0,0.5,-4.5
2023-24,Bryce McGowens,1631121,-16,23.0,10.0,3.0,0.5,-2.5
2023-24,Bryce McGowens,1631121,-14,20.0,7.0,0.0,0.4,-6.6
2023-24,Bryce McGowens,1631121,-10,21.0,10.0,2.0,0.667,2.667
2023-24,Bryce McGowens,1631121,-7,26.5,16.5,3.5,0.5145,13.514499999999998
2023-24,Bryce McGowens,1631121,-6,22.5,8.5,2.5,0.4285,5.4285
2023-24,Bryce McGowens,1631121,-5,23.0,10.0,1.0,0.571,6.571
2023-24,Bryce McGowens,1631121,-3,30.0,13.0,1.0,0.5075,11.5075
2023-24,Bryce McGowens,1631121,-2,21.0,4.0,3.0,0.5,5.5
2023-24,Bryce McGowens,1631121,1,20.666666666666668,5.333333333333333,1.3333333333333333,0.4443333333333333,8.111
2023-24,Bryce McGowens,1631121,9,22.0,3.0,1.0,0.25,13.25
2023-24,Bryce McGowens,1631121,11,22.0,13.0,0.0,0.8,24.8
2023-24,Bryce McGowens,1631121,17,20.0,4.0,1.0,0.333,22.333
2023-24,Buddy Boeheim,1631205,3,22.0,13.0,3.0,0.5,19.5
2023-24,Buddy Hield,1627741,-24,25.5,10.0,2.5,0.4375,-11.0625
2023-24,Buddy Hield,1627741,-21,22.0,11.0,2.0,0.286,-7.714
2023-24,Buddy Hield,1627741,-20,31.0,18.0,3.0,0.6,1.6000000000000014
2023-24,Buddy Hield,1627741,-16,23.0,7.0,5.0,0.375,-3.625
2023-24,Buddy Hield,1627741,-15,24.333333333333332,7.333333333333333,2.0,0.27299999999999996,-5.393666666666668
2023-24,Buddy Hield,1627741,-13,30.0,12.0,5.0,0.313,4.312999999999999
2023-24,Buddy Hield,1627741,-12,30.0,14.0,4.0,0.556,6.556000000000001
2023-24,Buddy Hield,1627741,-10,28.2,10.2,3.0,0.323,3.5229999999999997
2023-24,Buddy Hield,1627741,-8,35.5,16.5,7.0,0.4205,15.9205
2023-24,Buddy Hield,1627741,-7,28.0,18.0,0.0,0.545,11.545000000000002
2023-24,Buddy Hield,1627741,-5,25.0,14.5,2.5,0.4375,12.4375
2023-24,Buddy Hield,1627741,-4,30.0,15.0,3.0,0.353,14.353000000000002
2023-24,Buddy Hield,1627741,-2,30.4,16.6,3.8,0.5247999999999999,18.9248
2023-24,Buddy Hield,1627741,-1,29.25,17.25,4.25,0.4025,20.9025
2023-24,Buddy Hield,1627741,0,30.0,8.0,2.0,0.273,10.273
2023-24,Buddy Hield,1627741,1,28.0,16.0,1.0,0.462,18.462
2023-24,Buddy Hield,1627741,2,24.333333333333332,11.333333333333334,2.0,0.532,15.865333333333334
2023-24,Buddy Hield,1627741,3,31.0,13.0,6.0,0.455,22.455
2023-24,Buddy Hield,1627741,4,25.0,8.25,2.75,0.25525,15.25525
2023-24,Buddy Hield,1627741,5,26.0,10.666666666666666,3.6666666666666665,0.49699999999999994,19.830333333333332
2023-24,Buddy Hield,1627741,6,29.5,12.0,2.5,0.46,20.96
2023-24,Buddy Hield,1627741,7,30.0,13.5,3.5,0.5505,24.5505
2023-24,Buddy Hield,1627741,10,27.75,17.0,2.5,0.44275,29.94275
2023-24,Buddy Hield,1627741,11,30.75,14.25,3.75,0.47325,29.47325
2023-24,Buddy Hield,1627741,14,23.0,18.0,2.0,0.636,34.635999999999996
2023-24,Buddy Hield,1627741,15,25.0,14.0,5.0,0.556,34.556
2023-24,Buddy Hield,1627741,16,30.0,14.0,2.0,0.556,32.556
2023-24,Buddy Hield,1627741,19,26.0,16.0,3.0,0.667,38.667
2023-24,Buddy Hield,1627741,20,25.0,16.666666666666668,2.6666666666666665,0.549,39.882333333333335
2023-24,Buddy Hield,1627741,21,25.0,18.0,0.0,0.5,39.5
2023-24,Buddy Hield,1627741,22,26.5,19.0,2.0,0.7065,43.7065
2023-24,Buddy Hield,1627741,23,25.0,11.0,2.0,0.667,36.667
2023-24,Buddy Hield,1627741,29,31.0,21.0,2.0,0.636,52.635999999999996
2023-24,CJ McCollum,203468,-38,25.0,9.0,2.0,0.286,-26.714
2023-24,CJ McCollum,203468,-30,22.0,7.0,4.0,0.286,-18.714
2023-24,CJ McCollum,203468,-20,34.0,12.0,3.0,0.267,-4.7330000000000005
2023-24,CJ McCollum,203468,-19,33.333333333333336,18.333333333333332,4.666666666666667,0.393,4.393000000000001
2023-24,CJ McCollum,203468,-18,30.0,19.0,3.0,0.5,4.5
2023-24,CJ McCollum,203468,-17,35.0,33.0,5.0,0.435,21.435000000000002
2023-24,CJ McCollum,203468,-13,30.0,12.0,7.0,0.4,6.399999999999999
2023-24,CJ McCollum,203468,-11,35.0,27.333333333333332,6.666666666666667,0.5379999999999999,23.537999999999997
2023-24,CJ McCollum,203468,-10,32.0,15.0,3.0,0.404,8.404
2023-24,CJ McCollum,203468,-9,38.0,16.0,2.0,0.429,9.428999999999998
2023-24,CJ McCollum,203468,-8,31.0,13.0,4.0,0.385,9.385000000000002
2023-24,CJ McCollum,203468,-7,41.0,23.0,5.0,0.333,21.333
2023-24,CJ McCollum,203468,-6,37.5,27.5,4.5,0.4415,26.441499999999998
2023-24,CJ McCollum,203468,-5,37.0,28.0,5.0,0.476,28.476
2023-24,CJ McCollum,203468,-4,31.0,13.5,4.0,0.4285,13.9285
2023-24,CJ McCollum,203468,-3,39.0,15.0,9.0,0.353,21.353
2023-24,CJ McCollum,203468,-2,33.0,13.0,2.0,0.4,13.4
2023-24,CJ McCollum,203468,-1,36.5,20.0,4.0,0.5,23.5
2023-24,CJ McCollum,203468,0,29.0,11.0,4.0,0.385,15.385
2023-24,CJ McCollum,203468,1,30.0,20.0,3.0,0.5,24.5
2023-24,CJ McCollum,203468,2,41.0,36.0,4.0,0.417,42.417
2023-24,CJ McCollum,203468,3,28.5,15.0,3.5,0.4155,21.9155
2023-24,CJ McCollum,203468,4,33.0,22.0,4.666666666666667,0.5033333333333333,31.17
2023-24,CJ McCollum,203468,6,32.5,19.0,4.5,0.44999999999999996,29.95
2023-24,CJ McCollum,203468,7,36.0,23.0,7.0,0.5,37.5
2023-24,CJ McCollum,203468,8,31.0,22.0,6.0,0.5,36.5
2023-24,CJ McCollum,203468,9,37.0,14.5,4.0,0.406,27.906
2023-24,CJ McCollum,203468,12,30.666666666666668,21.666666666666668,5.666666666666667,0.47333333333333333,39.80666666666667
2023-24,CJ McCollum,203468,13,34.333333333333336,20.333333333333332,4.666666666666667,0.503,38.503
2023-24,CJ McCollum,203468,14,35.0,30.0,7.0,0.571,51.571
2023-24,CJ McCollum,203468,15,28.666666666666668,21.666666666666668,5.333333333333333,0.511,42.510999999999996
2023-24,CJ McCollum,203468,16,37.0,24.0,6.5,0.516,47.016
2023-24,CJ McCollum,203468,17,29.0,33.0,2.0,0.647,52.647
2023-24,CJ McCollum,203468,18,31.0,20.5,5.0,0.445,43.945
2023-24,CJ McCollum,203468,19,34.5,25.5,5.0,0.49150000000000005,49.9915
2023-24,CJ McCollum,203468,20,31.0,16.0,5.0,0.5,41.5
2023-24,CJ McCollum,203468,21,27.5,26.0,3.0,0.6000000000000001,50.6
2023-24,CJ McCollum,203468,22,29.0,11.0,7.5,0.264,40.763999999999996
2023-24,CJ McCollum,203468,25,31.0,28.0,6.0,0.5,59.5
2023-24,CJ McCollum,203468,30,25.0,14.0,1.0,0.455,45.455
2023-24,CJ McCollum,203468,31,27.0,30.0,4.0,0.688,65.688
2023-24,Cade Cunningham,1630595,-33,23.0,15.0,5.0,0.4,-12.600000000000001
2023-24,Cade Cunningham,1630595,-32,24.0,4.0,2.0,0.222,-25.778
2023-24,Cade Cunningham,1630595,-27,28.0,15.0,6.0,0.353,-5.6469999999999985
2023-24,Cade Cunningham,1630595,-24,38.0,10.0,5.0,0.267,-8.733
2023-24,Cade Cunningham,1630595,-23,30.0,21.0,7.0,0.294,5.2940000000000005
2023-24,Cade Cunningham,1630595,-22,28.0,18.5,5.5,0.45599999999999996,2.4559999999999995
2023-24,Cade Cunningham,1630595,-21,30.0,13.666666666666666,7.666666666666667,0.3403333333333333,0.6736666666666657
2023-24,Cade Cunningham,1630595,-20,32.0,21.0,6.0,0.533,7.533000000000001
2023-24,Cade Cunningham,1630595,-19,29.0,23.0,10.0,0.409,14.408999999999999
2023-24,Cade Cunningham,1630595,-17,25.0,12.5,7.5,0.361,3.3610000000000007
2023-24,Cade Cunningham,1630595,-15,32.0,17.0,9.0,0.421,11.421
2023-24,Cade Cunningham,1630595,-14,35.0,17.0,5.0,0.333,8.332999999999998
2023-24,Cade Cunningham,1630595,-13,33.666666666666664,22.333333333333332,9.333333333333334,0.49733333333333335,19.163999999999994
2023-24,Cade Cunningham,1630595,-12,34.5,28.5,6.0,0.42000000000000004,22.92
2023-24,Cade Cunningham,1630595,-11,34.5,12.5,11.5,0.349,13.349
2023-24,Cade Cunningham,1630595,-9,39.0,21.0,5.0,0.389,17.389
2023-24,Cade Cunningham,1630595,-8,35.333333333333336,24.666666666666668,7.333333333333333,0.45333333333333337,24.453333333333333
2023-24,Cade Cunningham,1630595,-7,34.666666666666664,31.0,5.666666666666667,0.5073333333333333,30.174
2023-24,Cade Cunningham,1630595,-6,31.666666666666668,25.0,7.333333333333333,0.43,26.763333333333335
2023-24,Cade Cunningham,1630595,-5,34.0,21.5,6.5,0.447,23.447
2023-24,Cade Cunningham,1630595,-2,39.5,36.5,8.0,0.5740000000000001,43.074
2023-24,Cade Cunningham,1630595,-1,32.5,21.0,7.0,0.48950000000000005,27.4895
2023-24,Cade Cunningham,1630595,1,37.666666666666664,29.666666666666668,10.0,0.5016666666666666,41.16833333333334
2023-24,Cade Cunningham,1630595,2,34.0,22.0,10.0,0.5,34.5
2023-24,Cade Cunningham,1630595,3,35.0,25.0,9.666666666666666,0.40199999999999997,38.068666666666665
2023-24,Cade Cunningham,1630595,4,42.0,31.0,9.0,0.545,44.545
2023-24,Cade Cunningham,1630595,5,35.0,30.5,6.5,0.5715,42.5715
2023-24,Cade Cunningham,1630595,6,34.0,36.0,8.0,0.591,50.591
2023-24,Cade Cunningham,1630595,7,32.0,20.25,6.5,0.39775,34.14775
2023-24,Cade Cunningham,1630595,10,34.5,27.5,9.0,0.5465,47.0465
2023-24,Cade Cunningham,1630595,13,37.0,23.0,11.0,0.4,47.4
2023-24,Cade Cunningham,1630595,16,36.0,33.0,7.0,0.394,56.394
2023-24,Cade Cunningham,1630595,19,38.0,32.0,11.0,0.455,62.455
2023-24,Cade Cunningham,1630595,20,32.0,22.0,8.0,0.4,50.4
2023-24,Cade Cunningham,1630595,23,36.0,26.0,5.0,0.692,54.692
2023-24,Caleb Houstan,1631216,-18,27.0,10.0,1.0,0.347,-6.6530000000000005
2023-24,Caleb Houstan,1631216,-13,34.0,14.0,2.0,0.385,3.3850000000000016
2023-24,Caleb Houstan,1631216,-11,21.0,7.0,0.0,0.143,-3.857
2023-24,Caleb Houstan,1631216,-10,25.0,7.0,2.0,0.5,-0.5
2023-24,Caleb Houstan,1631216,-6,22.0,0.0,1.0,0.0,-5.0
2023-24,Caleb Houstan,1631216,-3,20.0,0.0,0.0,0.0,-3.0
2023-24,Caleb Houstan,1631216,0,23.0,6.0,0.0,0.667,6.667
2023-24,Caleb Houstan,1631216,2,27.5,8.5,2.0,0.4165,12.9165
2023-24,Caleb Houstan,1631216,6,30.0,15.0,1.0,0.667,22.667
2023-24,Caleb Houstan,1631216,9,25.0,6.0,0.5,0.5,16.0
2023-24,Caleb Houstan,1631216,13,36.0,25.0,4.0,0.533,42.533
2023-24,Caleb Houstan,1631216,17,20.0,6.0,0.0,0.5,23.5
2023-24,Caleb Houstan,1631216,21,30.0,9.0,1.0,0.75,31.75
2023-24,Caleb Houstan,1631216,31,20.0,9.0,0.0,0.75,40.75
2023-24,Caleb Martin,1628997,-25,21.0,8.0,2.0,0.167,-14.833
2023-24,Caleb Martin,1628997,-22,25.0,10.0,5.0,0.8,-6.199999999999999
2023-24,Caleb Martin,1628997,-18,34.0,15.0,4.0,0.4,1.3999999999999986
2023-24,Caleb Martin,1628997,-16,38.0,14.0,6.0,0.357,4.356999999999999
2023-24,Caleb Martin,1628997,-15,30.0,10.0,0.0,0.333,-4.667
2023-24,Caleb Martin,1628997,-14,25.0,9.0,1.0,0.429,-3.5709999999999997
2023-24,Caleb Martin,1628997,-11,31.5,12.0,3.0,0.579,4.579000000000001
2023-24,Caleb Martin,1628997,-9,35.5,13.0,2.5,0.4565,6.9565
2023-24,Caleb Martin,1628997,-8,31.5,16.5,2.0,0.5165,11.0165
2023-24,Caleb Martin,1628997,-7,30.0,11.0,2.0,0.556,6.556000000000001
2023-24,Caleb Martin,1628997,-4,28.333333333333332,7.333333333333333,3.3333333333333335,0.29633333333333334,6.962999999999999
2023-24,Caleb Martin,1628997,-1,35.0,11.0,2.0,0.444,12.444
2023-24,Caleb Martin,1628997,0,36.0,16.0,2.6666666666666665,0.47633333333333333,19.143
2023-24,Caleb Martin,1628997,1,26.5,11.75,2.75,0.44725000000000004,15.94725
2023-24,Caleb Martin,1628997,2,32.0,4.0,2.0,0.143,8.143
2023-24,Caleb Martin,1628997,3,25.333333333333332,7.166666666666667,2.3333333333333335,0.3401666666666667,12.840166666666667
2023-24,Caleb Martin,1628997,4,30.0,7.0,0.0,0.3,11.3
2023-24,Caleb Martin,1628997,5,29.75,12.5,2.5,0.507,20.506999999999998
2023-24,Caleb Martin,1628997,7,27.0,6.0,2.5,0.4165,15.9165
2023-24,Caleb Martin,1628997,8,28.5,18.5,2.0,0.528,29.028
2023-24,Caleb Martin,1628997,9,36.0,17.0,2.0,0.75,28.75
2023-24,Caleb Martin,1628997,10,29.0,3.0,3.0,0.333,16.333
2023-24,Caleb Martin,1628997,12,27.0,10.5,1.5,0.423,24.423000000000002
2023-24,Caleb Martin,1628997,13,24.0,5.5,2.0,0.4335,20.933500000000002
2023-24,Caleb Martin,1628997,14,28.666666666666668,12.666666666666666,3.0,0.5236666666666666,30.19033333333333
2023-24,Caleb Martin,1628997,15,25.0,14.0,3.0,0.556,32.556
2023-24,Caleb Martin,1628997,16,23.0,12.0,2.0,0.417,30.417
2023-24,Caleb Martin,1628997,17,31.0,24.0,3.0,0.563,44.563
2023-24,Caleb Martin,1628997,18,40.0,16.0,1.0,0.429,35.429
2023-24,Caleb Martin,1628997,22,24.0,2.0,2.0,0.333,26.333
2023-24,Cam Reddish,1629629,-20,28.0,7.5,0.0,0.3305,-12.1695
2023-24,Cam Reddish,1629629,-14,23.0,2.0,0.0,0.2,-11.8
2023-24,Cam Reddish,1629629,-10,22.0,4.0,2.0,0.5,-3.5
2023-24,Cam Reddish,1629629,-8,20.0,7.0,1.0,0.333,0.3330000000000002
2023-24,Cam Reddish,1629629,-7,25.5,8.5,0.5,0.2855,2.2855000000000008
2023-24,Cam Reddish,1629629,-6,31.5,6.0,1.5,0.2985,1.7984999999999998
2023-24,Cam Reddish,1629629,-4,32.0,7.5,3.0,0.34299999999999997,6.843
2023-24,Cam Reddish,1629629,-1,26.0,12.0,1.5,0.46399999999999997,12.964
2023-24,Cam Reddish,1629629,0,32.0,16.0,0.0,0.5,16.5
2023-24,Cam Reddish,1629629,1,24.666666666666668,6.333333333333333,1.6666666666666667,0.32866666666666666,9.328666666666667
2023-24,Cam Reddish,1629629,7,27.0,17.0,0.0,0.5,24.5
2023-24,Cam Reddish,1629629,10,29.0,14.0,1.5,0.6625,26.1625
2023-24,Cam Reddish,1629629,12,24.0,10.0,3.0,0.571,25.570999999999998
2023-24,Cam Reddish,1629629,13,33.0,5.5,5.0,0.3095,23.8095
2023-24,Cam Reddish,1629629,16,24.0,10.0,2.0,0.429,28.429000000000002
2023-24,Cam Reddish,1629629,31,23.0,9.0,2.0,0.5,42.5
2023-24,Cam Thomas,1630560,-35,25.0,5.0,2.0,0.111,-27.889
2023-24,Cam Thomas,1630560,-29,36.0,19.0,6.0,0.429,-3.5710000000000015
2023-24,Cam Thomas,1630560,-25,29.0,18.333333333333332,2.3333333333333335,0.4223333333333333,-3.9110000000000014
2023-24,Cam Thomas,1630560,-24,30.0,17.0,1.0,0.333,-5.667000000000002
2023-24,Cam Thomas,1630560,-19,32.0,18.0,7.0,0.423,6.422999999999998
2023-24,Cam Thomas,1630560,-18,33.0,25.0,2.0,0.421,9.421
2023-24,Cam Thomas,1630560,-17,36.0,32.0,3.0,0.522,18.522
2023-24,Cam Thomas,1630560,-15,30.0,20.0,2.0,0.381,7.381
2023-24,Cam Thomas,1630560,-14,29.0,13.5,1.75,0.2585,1.5084999999999997
2023-24,Cam Thomas,1630560,-11,33.0,25.0,4.0,0.579,18.579
2023-24,Cam Thomas,1630560,-10,30.0,19.0,4.0,0.5,13.5
2023-24,Cam Thomas,1630560,-9,32.333333333333336,20.0,1.6666666666666667,0.3526666666666667,13.019333333333336
2023-24,Cam Thomas,1630560,-8,36.0,41.0,6.0,0.577,39.577
2023-24,Cam Thomas,1630560,-7,34.0,28.0,5.0,0.432,26.432000000000002
2023-24,Cam Thomas,1630560,-6,37.0,19.5,3.0,0.4195,16.9195
2023-24,Cam Thomas,1630560,-5,29.5,17.5,2.75,0.34175,15.591750000000001
2023-24,Cam Thomas,1630560,-4,29.25,19.5,2.25,0.46675,18.21675
2023-24,Cam Thomas,1630560,-3,29.0,27.5,2.0,0.585,27.085
2023-24,Cam Thomas,1630560,-2,36.0,23.0,0.0,0.318,21.318
2023-24,Cam Thomas,1630560,-1,21.0,8.0,4.0,0.286,11.286
2023-24,Cam Thomas,1630560,0,24.0,26.0,1.0,0.524,27.524
2023-24,Cam Thomas,1630560,1,20.0,14.0,0.0,0.429,15.429
2023-24,Cam Thomas,1630560,2,34.0,26.0,2.0,0.429,30.429
2023-24,Cam Thomas,1630560,3,37.333333333333336,34.0,2.0,0.5253333333333333,39.525333333333336
2023-24,Cam Thomas,1630560,4,29.0,25.5,2.5,0.469,32.469
2023-24,Cam Thomas,1630560,5,35.0,37.0,4.5,0.569,47.069
2023-24,Cam Thomas,1630560,6,30.333333333333332,25.0,2.6666666666666665,0.47266666666666673,34.13933333333333
2023-24,Cam Thomas,1630560,8,37.0,33.0,2.0,0.588,43.588
2023-24,Cam Thomas,1630560,9,31.0,23.0,3.0,0.35,35.35
2023-24,Cam Thomas,1630560,11,35.0,22.0,5.0,0.35366666666666663,38.35366666666667
2023-24,Cam Thomas,1630560,12,36.0,35.0,3.5,0.6505,51.1505
2023-24,Cam Thomas,1630560,14,29.0,17.0,4.0,0.368,35.367999999999995
2023-24,Cam Thomas,1630560,16,40.0,28.0,4.0,0.455,48.455
2023-24,Cam Thomas,1630560,22,36.0,25.0,4.0,0.474,51.474000000000004
2023-24,Cam Thomas,1630560,23,36.0,40.0,5.0,0.538,68.538
2023-24,Cam Thomas,1630560,25,31.0,25.0,0.0,0.5,50.5
2023-24,Cam Thomas,1630560,27,30.0,29.0,5.0,0.474,61.474
2023-24,Cam Whitmore,1641715,-15,27.0,13.5,0.0,0.41200000000000003,-1.0879999999999992
2023-24,Cam Whitmore,1641715,-14,20.0,9.0,1.0,0.364,-3.6359999999999992
2023-24,Cam Whitmore,1641715,-13,20.0,17.0,0.0,0.5,4.5
2023-24,Cam Whitmore,1641715,-10,24.0,13.0,0.0,0.455,3.455
2023-24,Cam Whitmore,1641715,-8,20.0,12.0,1.0,0.333,5.333
2023-24,Cam Whitmore,1641715,-7,23.0,17.0,0.0,0.429,10.428999999999998
2023-24,Cam Whitmore,1641715,-5,23.0,14.0,0.0,0.455,9.455
2023-24,Cam Whitmore,1641715,-3,32.0,16.0,1.0,0.5,14.5
2023-24,Cam Whitmore,1641715,-2,20.0,17.0,1.0,0.509,16.509
2023-24,Cam Whitmore,1641715,-1,23.0,17.0,1.0,0.467,17.467
2023-24,Cam Whitmore,1641715,0,23.0,14.0,1.0,0.5,15.5
2023-24,Cam Whitmore,1641715,2,22.0,13.0,1.0,0.417,16.417
2023-24,Cam Whitmore,1641715,3,28.0,19.0,1.0,0.375,23.375
2023-24,Cam Whitmore,1641715,6,26.0,18.0,4.0,0.455,28.455
2023-24,Cam Whitmore,1641715,8,26.0,17.0,1.0,0.462,26.462
2023-24,Cam Whitmore,1641715,10,26.0,14.0,0.0,0.357,24.357
2023-24,Cam Whitmore,1641715,13,25.0,11.0,4.0,0.286,28.286
2023-24,Cam Whitmore,1641715,14,35.0,21.0,5.0,0.529,40.528999999999996
2023-24,Cam Whitmore,1641715,19,23.0,13.0,0.0,0.4,32.4
2023-24,Cam Whitmore,1641715,22,21.0,25.0,1.0,0.588,48.588
2023-24,Cam Whitmore,1641715,26,20.0,24.0,2.0,0.5,52.5
2023-24,Cameron Johnson,1629661,-28,27.0,9.0,2.0,0.25,-16.75
2023-24,Cameron Johnson,1629661,-23,29.0,9.0,2.0,0.364,-11.636
2023-24,Cameron Johnson,1629661,-22,25.0,11.0,0.0,0.308,-10.692
2023-24,Cameron Johnson,1629661,-16,26.0,17.0,2.0,0.5,3.5
2023-24,Cameron Johnson,1629661,-14,24.0,9.5,2.0,0.307,-2.1929999999999996
2023-24,Cameron Johnson,1629661,-13,26.0,13.333333333333334,1.3333333333333333,0.43933333333333335,2.1060000000000016
2023-24,Cameron Johnson,1629661,-12,22.0,6.0,0.0,0.231,-5.769
2023-24,Cameron Johnson,1629661,-11,23.0,3.0,1.0,0.143,-6.857
2023-24,Cameron Johnson,1629661,-8,27.666666666666668,10.666666666666666,2.3333333333333335,0.3906666666666667,5.390666666666666
2023-24,Cameron Johnson,1629661,-7,20.0,6.0,2.0,0.143,1.1430000000000007
2023-24,Cameron Johnson,1629661,-6,25.5,11.333333333333334,1.8333333333333333,0.4116666666666666,7.578333333333335
2023-24,Cameron Johnson,1629661,-5,30.0,16.75,3.0,0.50825,15.25825
2023-24,Cameron Johnson,1629661,-4,27.0,15.0,2.0,0.333,13.332999999999998
2023-24,Cameron Johnson,1629661,-3,33.0,17.0,3.0,0.455,17.455
2023-24,Cameron Johnson,1629661,-2,28.0,13.0,5.0,0.417,16.417
2023-24,Cameron Johnson,1629661,-1,26.666666666666668,11.666666666666666,4.0,0.4723333333333333,15.139
2023-24,Cameron Johnson,1629661,1,25.666666666666668,14.666666666666666,3.0,0.537,19.203666666666663
2023-24,Cameron Johnson,1629661,2,34.5,16.0,4.0,0.481,22.481
2023-24,Cameron Johnson,1629661,3,32.5,18.0,2.0,0.45,23.45
2023-24,Cameron Johnson,1629661,4,28.0,13.0,2.0,0.571,19.570999999999998
2023-24,Cameron Johnson,1629661,6,28.666666666666668,15.666666666666666,2.0,0.5483333333333333,24.214999999999996
2023-24,Cameron Johnson,1629661,7,30.0,23.0,1.0,0.5,31.5
2023-24,Cameron Johnson,1629661,8,26.0,18.0,3.0,0.545,29.545
2023-24,Cameron Johnson,1629661,10,30.0,14.0,3.0,0.5,27.5
2023-24,Cameron Johnson,1629661,12,38.0,23.0,5.0,0.615,40.614999999999995
2023-24,Cameron Johnson,1629661,13,24.0,12.0,3.0,0.556,28.556
2023-24,Cameron Johnson,1629661,14,26.5,12.0,1.5,0.4875,27.9875
2023-24,Cameron Johnson,1629661,15,34.0,14.0,1.0,0.313,30.313000000000002
2023-24,Cameron Johnson,1629661,16,23.0,10.0,5.0,0.444,31.444000000000003
2023-24,Cameron Johnson,1629661,18,27.0,16.0,3.0,0.5,37.5
2023-24,Cameron Johnson,1629661,21,29.0,20.0,2.0,0.636,43.635999999999996
2023-24,Cameron Johnson,1629661,29,32.5,24.0,4.5,0.641,58.141
2023-24,Cameron Payne,1626166,-21,20.0,7.0,1.0,0.222,-12.778
2023-24,Cameron Payne,1626166,-18,28.0,16.0,4.0,0.353,2.3530000000000015
2023-24,Cameron Payne,1626166,-17,30.0,7.0,5.0,0.333,-4.667
2023-24,Cameron Payne,1626166,-8,25.0,14.0,2.0,0.75,8.75
2023-24,Cameron Payne,1626166,-6,24.0,8.0,6.0,0.3,8.3
2023-24,Cameron Payne,1626166,-3,22.0,11.0,3.0,0.4,11.4
2023-24,Cameron Payne,1626166,-2,22.0,15.0,1.0,0.5,14.5
2023-24,Cameron Payne,1626166,-1,26.5,12.5,4.5,0.382,16.382
2023-24,Cameron Payne,1626166,3,21.0,2.0,3.0,0.143,8.143
2023-24,Cameron Payne,1626166,4,28.5,16.5,5.0,0.497,25.997
2023-24,Cameron Payne,1626166,6,23.0,10.0,3.0,0.444,19.444000000000003
2023-24,Cameron Payne,1626166,7,23.0,7.0,3.0,0.25,17.25
2023-24,Cameron Payne,1626166,9,27.0,5.0,6.0,0.667,20.667
2023-24,Cameron Payne,1626166,12,29.0,7.0,5.0,0.231,24.231
2023-24,Cameron Payne,1626166,14,21.0,6.0,6.0,0.375,26.375
2023-24,Cameron Payne,1626166,15,37.0,24.0,3.0,0.563,42.563
2023-24,Cameron Payne,1626166,16,23.0,23.0,3.0,0.533,42.533
2023-24,Cameron Payne,1626166,19,20.0,3.0,4.0,0.143,26.143
2023-24,Cameron Payne,1626166,21,20.0,2.0,6.0,0.333,29.333
2023-24,Cameron Payne,1626166,24,22.0,18.0,6.0,0.667,48.667
2023-24,Caris LeVert,1627747,-26,20.0,2.0,1.0,0.2,-22.8
2023-24,Caris LeVert,1627747,-24,22.0,9.0,4.0,0.333,-10.667
2023-24,Caris LeVert,1627747,-20,24.0,11.0,1.0,0.6,-7.4
2023-24,Caris LeVert,1627747,-17,26.0,5.0,2.0,0.222,-9.777999999999999
2023-24,Caris LeVert,1627747,-16,27.0,29.0,7.0,0.474,20.473999999999997
2023-24,Caris LeVert,1627747,-14,34.0,29.0,5.0,0.5,20.5
2023-24,Caris LeVert,1627747,-13,37.0,16.0,6.0,0.375,9.375
2023-24,Caris LeVert,1627747,-11,28.5,18.5,2.5,0.5854999999999999,10.5855
2023-24,Caris LeVert,1627747,-10,31.0,9.666666666666666,7.0,0.33899999999999997,7.005666666666663
2023-24,Caris LeVert,1627747,-9,36.0,16.0,12.0,0.444,19.444
2023-24,Caris LeVert,1627747,-7,28.0,21.0,1.0,0.538,15.538
2023-24,Caris LeVert,1627747,-6,31.0,11.0,5.0,0.235,10.235
2023-24,Caris LeVert,1627747,-5,24.0,11.0,4.5,0.406,10.906
2023-24,Caris LeVert,1627747,-4,32.0,15.0,5.0,0.556,16.556
2023-24,Caris LeVert,1627747,-3,29.0,12.4,5.0,0.3882,14.7882
2023-24,Caris LeVert,1627747,-2,34.666666666666664,16.666666666666668,7.666666666666667,0.35200000000000004,22.685333333333336
2023-24,Caris LeVert,1627747,-1,29.25,17.75,4.5,0.495,21.745
2023-24,Caris LeVert,1627747,0,35.0,19.5,1.5,0.41200000000000003,21.412
2023-24,Caris LeVert,1627747,1,29.0,31.0,4.0,0.6,36.6
2023-24,Caris LeVert,1627747,2,28.0,8.75,7.0,0.30075,18.05075
2023-24,Caris LeVert,1627747,3,25.5,14.5,3.5,0.39149999999999996,21.3915
2023-24,Caris LeVert,1627747,4,24.0,12.0,5.0,0.3,21.3
2023-24,Caris LeVert,1627747,6,26.0,7.5,1.5,0.4,15.4
2023-24,Caris LeVert,1627747,7,28.5,14.0,5.0,0.423,26.423
2023-24,Caris LeVert,1627747,8,25.333333333333332,11.0,5.0,0.3953333333333333,24.395333333333333
2023-24,Caris LeVert,1627747,9,23.0,5.0,9.0,0.286,23.286
2023-24,Caris LeVert,1627747,10,30.0,19.0,5.0,0.429,34.429
2023-24,Caris LeVert,1627747,11,29.25,14.0,5.0,0.35425,30.35425
2023-24,Caris LeVert,1627747,12,32.0,20.5,6.5,0.4645,39.4645
2023-24,Caris LeVert,1627747,13,27.0,11.0,11.0,0.429,35.429
2023-24,Caris LeVert,1627747,14,29.0,10.0,1.0,0.5,25.5
2023-24,Caris LeVert,1627747,16,28.0,11.0,6.0,0.5,33.5
2023-24,Caris LeVert,1627747,17,34.0,26.0,5.0,0.692,48.692
2023-24,Caris LeVert,1627747,18,28.5,16.0,7.5,0.4165,41.9165
2023-24,Caris LeVert,1627747,20,25.0,10.0,6.0,0.4,36.4
2023-24,Caris LeVert,1627747,22,22.0,21.0,5.0,0.5,48.5
2023-24,Caris LeVert,1627747,23,35.0,22.0,3.0,0.444,48.444
2023-24,Caris LeVert,1627747,24,22.0,13.0,5.0,0.75,42.75
2023-24,Caris LeVert,1627747,27,29.0,2.0,9.0,0.167,38.167
2023-24,Cason Wallace,1641717,-29,20.0,2.0,1.0,0.2,-25.8
2023-24,Cason Wallace,1641717,-18,25.0,15.0,0.0,0.455,-2.545
2023-24,Cason Wallace,1641717,-16,28.0,12.0,5.0,0.444,1.443999999999999
2023-24,Cason Wallace,1641717,-13,21.5,5.5,1.0,0.4375,-6.0625
2023-24,Cason Wallace,1641717,-11,21.0,7.0,1.0,1.0,-2.0
2023-24,Cason Wallace,1641717,-9,24.0,5.0,0.0,0.222,-3.7779999999999996
2023-24,Cason Wallace,1641717,-6,22.0,5.0,2.0,0.5,1.5
2023-24,Cason Wallace,1641717,-5,23.333333333333332,8.0,1.3333333333333333,0.4443333333333333,4.777666666666667
2023-24,Cason Wallace,1641717,-4,24.0,4.5,1.5,0.34299999999999997,2.343
2023-24,Cason Wallace,1641717,-2,22.333333333333332,6.333333333333333,1.6666666666666667,0.6113333333333334,6.611333333333333
2023-24,Cason Wallace,1641717,-1,32.0,16.0,1.0,0.857,16.857
2023-24,Cason Wallace,1641717,0,20.0,10.0,0.5,0.393,10.893
2023-24,Cason Wallace,1641717,1,23.0,10.0,0.0,0.8,11.8
2023-24,Cason Wallace,1641717,3,23.333333333333332,6.0,3.3333333333333335,0.443,12.776333333333334
2023-24,Cason Wallace,1641717,4,29.0,7.0,1.3333333333333333,0.4443333333333333,12.777666666666667
2023-24,Cason Wallace,1641717,6,23.333333333333332,13.333333333333334,2.0,0.5633333333333334,21.89666666666667
2023-24,Cason Wallace,1641717,8,21.0,9.0,3.0,0.8,20.8
2023-24,Cason Wallace,1641717,9,22.0,10.0,1.0,0.429,20.429000000000002
2023-24,Cason Wallace,1641717,12,23.0,9.0,0.5,0.5569999999999999,22.057000000000002
2023-24,Cason Wallace,1641717,14,22.5,12.5,2.5,0.5569999999999999,29.557000000000002
2023-24,Cason Wallace,1641717,17,25.0,10.0,2.0,0.5,29.5
2023-24,Cason Wallace,1641717,18,20.0,12.0,1.0,0.5,31.5
2023-24,Cason Wallace,1641717,19,20.5,6.0,0.5,0.5355,26.0355
2023-24,Cason Wallace,1641717,22,24.5,11.0,2.5,0.6425,36.1425
2023-24,Cason Wallace,1641717,23,31.0,16.0,3.0,0.667,42.667
2023-24,Cason Wallace,1641717,24,24.0,0.0,3.0,0.0,27.0
2023-24,Cedi Osman,1626224,-21,23.0,13.0,1.0,0.4,-6.6
2023-24,Cedi Osman,1626224,-19,20.0,9.0,1.0,0.571,-8.429
2023-24,Cedi Osman,1626224,-17,27.0,11.0,5.0,0.444,-0.5560000000000009
2023-24,Cedi Osman,1626224,-16,22.0,11.5,1.0,0.5625,-2.9375
2023-24,Cedi Osman,1626224,-15,20.0,3.0,0.0,0.333,-11.667
2023-24,Cedi Osman,1626224,-11,22.0,14.5,1.5,0.6,5.600000000000001
2023-24,Cedi Osman,1626224,-10,32.0,6.0,6.0,0.375,2.375
2023-24,Cedi Osman,1626224,-9,27.5,11.0,1.5,0.5415,4.041499999999999
2023-24,Cedi Osman,1626224,-5,28.0,20.0,2.0,0.667,17.667
2023-24,Cedi Osman,1626224,-2,24.0,8.0,1.5,0.402,7.901999999999999
2023-24,Cedi Osman,1626224,5,22.0,9.0,1.0,0.6,15.6
2023-24,Cedi Osman,1626224,9,24.0,10.5,2.0,0.607,22.107
2023-24,Cedi Osman,1626224,10,28.0,13.0,5.0,0.571,28.571
2023-24,Cedi Osman,1626224,13,24.0,15.0,6.0,0.545,34.545
2023-24,Cedi Osman,1626224,14,20.0,11.0,3.0,0.667,28.667
2023-24,Charlie Brown Jr.,1629718,-11,22.0,3.0,0.0,0.2,-7.8
2023-24,Chet Holmgren,1631096,-23,25.0,19.0,0.0,0.583,-3.4170000000000016
2023-24,Chet Holmgren,1631096,-20,23.0,9.0,1.0,0.364,-9.636
2023-24,Chet Holmgren,1631096,-19,31.0,14.0,2.0,0.5,-2.5
2023-24,Chet Holmgren,1631096,-16,25.0,4.0,2.0,0.222,-9.777999999999999
2023-24,Chet Holmgren,1631096,-14,33.0,8.0,5.0,0.2,-0.8000000000000007
2023-24,Chet Holmgren,1631096,-13,30.5,8.0,1.5,0.3195,-3.1805000000000003
2023-24,Chet Holmgren,1631096,-12,28.0,15.0,1.0,0.429,4.4289999999999985
2023-24,Chet Holmgren,1631096,-11,28.0,16.5,1.5,0.4285,7.4285
2023-24,Chet Holmgren,1631096,-10,29.666666666666668,14.0,2.0,0.4723333333333333,6.472333333333335
2023-24,Chet Holmgren,1631096,-8,30.0,9.0,4.0,0.444,5.444000000000001
2023-24,Chet Holmgren,1631096,-7,32.5,20.5,1.0,0.5295,15.029499999999999
2023-24,Chet Holmgren,1631096,-5,30.0,22.0,3.0,0.615,20.615
2023-24,Chet Holmgren,1631096,-4,34.0,15.5,4.5,0.3375,16.3375
2023-24,Chet Holmgren,1631096,-3,30.0,17.0,1.3333333333333333,0.5346666666666667,15.867999999999999
2023-24,Chet Holmgren,1631096,-1,29.285714285714285,13.142857142857142,2.142857142857143,0.5108571428571429,14.796571428571427
2023-24,Chet Holmgren,1631096,1,31.5,24.0,4.0,0.643,29.643
2023-24,Chet Holmgren,1631096,2,31.0,15.0,5.0,0.375,22.375
2023-24,Chet Holmgren,1631096,3,31.0,19.0,2.0,0.6835,24.6835
2023-24,Chet Holmgren,1631096,4,31.2,19.2,3.2,0.5008,26.9008
2023-24,Chet Holmgren,1631096,5,29.666666666666668,16.666666666666668,1.6666666666666667,0.4443333333333333,23.77766666666667
2023-24,Chet Holmgren,1631096,6,26.5,20.5,1.0,0.671,28.171
2023-24,Chet Holmgren,1631096,8,32.5,11.5,2.5,0.5,22.5
2023-24,Chet Holmgren,1631096,9,29.333333333333332,24.666666666666668,3.6666666666666665,0.6930000000000001,38.02633333333334
2023-24,Chet Holmgren,1631096,10,30.666666666666668,20.666666666666668,2.8333333333333335,0.6451666666666667,34.14516666666667
2023-24,Chet Holmgren,1631096,11,32.0,16.0,3.0,0.547,30.547
2023-24,Chet Holmgren,1631096,13,26.333333333333332,17.0,2.6666666666666665,0.5313333333333333,33.198
2023-24,Chet Holmgren,1631096,14,25.5,14.5,2.0,0.593,31.093
2023-24,Chet Holmgren,1631096,15,31.0,13.0,1.0,0.5,29.5
2023-24,Chet Holmgren,1631096,16,30.0,18.0,2.5,0.59275,37.092749999999995
2023-24,Chet Holmgren,1631096,17,28.5,21.5,6.0,0.7164999999999999,45.216499999999996
2023-24,Chet Holmgren,1631096,18,30.5,19.0,1.0,0.509,38.509
2023-24,Chet Holmgren,1631096,22,30.0,14.0,2.0,0.556,38.556
2023-24,Chet Holmgren,1631096,24,25.0,16.0,2.0,0.667,42.667
2023-24,Chet Holmgren,1631096,27,31.5,26.5,2.5,0.5835,56.5835
2023-24,Chet Holmgren,1631096,30,25.0,8.5,2.5,0.35,41.35
2023-24,Chet Holmgren,1631096,32,33.0,21.0,5.0,0.667,58.667
2023-24,Chet Holmgren,1631096,41,20.0,19.0,3.0,0.692,63.692
2023-24,Chimezie Metu,1629002,-20,32.5,12.0,1.5,0.472,-6.0280000000000005
2023-24,Chimezie Metu,1629002,-17,22.0,6.0,1.0,0.5,-9.5
2023-24,Chimezie Metu,1629002,-13,35.5,12.5,2.5,0.5,2.5
2023-24,Chimezie Metu,1629002,-12,42.0,20.0,3.0,1.0,12.0
2023-24,Chimezie Metu,1629002,-9,34.0,7.0,2.0,0.3,0.3000000000000007
2023-24,Chimezie Metu,1629002,-8,27.0,17.0,0.0,0.6,9.600000000000001
2023-24,Chimezie Metu,1629002,-4,20.0,8.0,0.0,0.375,4.375
2023-24,Chimezie Metu,1629002,-3,33.0,23.0,2.0,0.5,22.5
2023-24,Chimezie Metu,1629002,-2,22.0,8.0,1.0,0.375,7.375
2023-24,Chimezie Metu,1629002,-1,23.0,10.0,1.0,0.444,10.444
2023-24,Chimezie Metu,1629002,4,26.0,5.0,1.0,0.222,10.222000000000001
2023-24,Chimezie Metu,1629002,6,26.0,14.0,1.0,0.5,21.5
2023-24,Chimezie Metu,1629002,20,27.0,9.0,3.0,0.444,32.444
2023-24,Chimezie Metu,1629002,22,34.0,18.0,2.0,0.545,42.545
2023-24,Chimezie Metu,1629002,28,25.0,14.0,0.0,0.714,42.714
2023-24,Chris Boucher,1628449,-9,21.0,6.0,1.0,0.5,-1.5
2023-24,Chris Boucher,1628449,0,23.0,11.0,2.0,0.833,13.833
2023-24,Chris Boucher,1628449,1,27.0,14.0,1.0,0.556,16.556
2023-24,Chris Boucher,1628449,3,31.0,16.0,2.0,0.8,21.8
2023-24,Chris Boucher,1628449,6,20.0,9.0,0.0,0.25,15.25
2023-24,Chris Boucher,1628449,14,20.0,7.0,2.0,0.5,23.5
2023-24,Chris Duarte,1630537,-4,25.0,10.0,1.0,0.375,7.375
2023-24,Chris Duarte,1630537,0,26.0,4.0,3.0,0.143,7.143
2023-24,Chris Duarte,1630537,2,23.0,9.0,0.5,0.25,11.75
2023-24,Chris Duarte,1630537,3,29.0,12.0,4.0,0.455,19.455
2023-24,Chris Duarte,1630537,6,32.0,13.0,4.0,0.625,23.625
2023-24,Chris Duarte,1630537,10,24.0,5.0,4.0,0.4,19.4
2023-24,Chris Duarte,1630537,11,26.0,7.0,0.0,0.333,18.333
2023-24,Chris Paul,101108,-29,21.0,2.0,7.0,0.167,-19.833
2023-24,Chris Paul,101108,-15,24.0,15.0,5.0,0.75,5.75
2023-24,Chris Paul,101108,-14,31.0,9.0,4.0,0.333,-0.6669999999999998
2023-24,Chris Paul,101108,-12,25.0,7.0,5.5,0.38549999999999995,0.8855000000000004
2023-24,Chris Paul,101108,-11,25.0,9.0,4.5,0.372,2.872
2023-24,Chris Paul,101108,-10,32.0,24.0,6.0,0.643,20.643
2023-24,Chris Paul,101108,-9,36.0,15.0,4.0,0.429,10.428999999999998
2023-24,Chris Paul,101108,-8,28.0,10.5,4.0,0.55,7.050000000000001
2023-24,Chris Paul,101108,-7,23.0,9.5,4.5,0.354,7.353999999999999
2023-24,Chris Paul,101108,-5,20.0,7.0,6.0,0.375,8.375
2023-24,Chris Paul,101108,-4,26.0,5.0,6.666666666666667,0.32666666666666666,7.993333333333334
2023-24,Chris Paul,101108,-3,28.0,12.5,8.5,0.472,18.472
2023-24,Chris Paul,101108,-2,22.0,13.0,4.0,0.5835,15.5835
2023-24,Chris Paul,101108,-1,21.0,2.0,5.0,0.0,6.0
2023-24,Chris Paul,101108,1,23.0,0.0,7.0,0.0,8.0
2023-24,Chris Paul,101108,2,26.0,9.0,6.0,0.48700000000000004,17.487000000000002
2023-24,Chris Paul,101108,3,30.25,8.5,10.0,0.413,21.913
2023-24,Chris Paul,101108,4,30.0,9.0,6.0,0.571,19.570999999999998
2023-24,Chris Paul,101108,5,28.0,9.5,6.5,0.34175,21.34175
2023-24,Chris Paul,101108,6,27.0,1.0,13.0,0.0,20.0
2023-24,Chris Paul,101108,7,33.0,19.0,8.0,0.474,34.474000000000004
2023-24,Chris Paul,101108,9,30.5,5.5,11.5,0.2915,26.2915
2023-24,Chris Paul,101108,11,32.0,11.0,9.0,0.833,31.833
2023-24,Chris Paul,101108,12,32.0,15.0,11.5,0.598,39.098
2023-24,Chris Paul,101108,13,24.5,15.0,4.5,0.5835,33.0835
2023-24,Chris Paul,101108,15,35.0,12.0,9.0,0.5,36.5
2023-24,Chris Paul,101108,16,28.0,5.0,10.0,0.333,31.333
2023-24,Chris Paul,101108,17,23.0,11.0,5.5,0.55,34.05
2023-24,Chris Paul,101108,21,24.0,11.0,9.0,0.5,41.5
2023-24,Chris Paul,101108,22,28.5,8.5,7.5,0.402,38.402
2023-24,Chris Paul,101108,27,25.0,4.0,10.0,0.286,41.286
2023-24,Christian Braun,1631128,-14,22.0,13.0,2.0,0.667,1.6669999999999998
2023-24,Christian Braun,1631128,-13,24.0,13.0,1.0,0.5355,1.5355000000000008
2023-24,Christian Braun,1631128,-11,23.0,9.0,2.0,0.5,0.5
2023-24,Christian Braun,1631128,-9,21.0,2.0,2.0,0.333,-4.667
2023-24,Christian Braun,1631128,-7,23.0,13.0,2.5,0.3575,8.8575
2023-24,Christian Braun,1631128,-6,26.0,8.0,2.0,0.2,4.199999999999999
2023-24,Christian Braun,1631128,-3,20.0,8.0,2.0,0.5,7.5
2023-24,Christian Braun,1631128,-2,26.0,6.0,3.5,0.2665,7.766500000000001
2023-24,Christian Braun,1631128,0,24.0,5.0,4.0,0.2,9.2
2023-24,Christian Braun,1631128,1,24.0,9.5,1.5,0.3335,12.3335
2023-24,Christian Braun,1631128,2,20.0,2.0,1.0,0.5,5.5
2023-24,Christian Braun,1631128,3,27.0,19.0,1.5,0.562,24.062
2023-24,Christian Braun,1631128,5,26.333333333333332,14.0,4.0,0.6446666666666667,23.644666666666666
2023-24,Christian Braun,1631128,6,23.666666666666668,6.333333333333333,2.3333333333333335,0.43333333333333335,15.1
2023-24,Christian Braun,1631128,7,25.666666666666668,8.0,2.0,0.5776666666666667,17.577666666666666
2023-24,Christian Braun,1631128,8,24.0,13.0,4.0,0.714,25.714
2023-24,Christian Braun,1631128,9,24.0,7.0,2.0,0.49166666666666664,18.491666666666667
2023-24,Christian Braun,1631128,10,23.0,12.0,1.0,0.625,23.625
2023-24,Christian Braun,1631128,13,23.5,8.0,2.5,0.5835,24.0835
2023-24,Christian Braun,1631128,17,28.0,11.0,5.0,0.667,33.667
2023-24,Christian Braun,1631128,18,27.0,4.0,2.0,0.25,24.25
2023-24,Christian Braun,1631128,19,20.0,6.0,1.0,0.5,26.5
2023-24,Christian Braun,1631128,21,32.0,15.0,2.0,0.5,38.5
2023-24,Christian Braun,1631128,25,21.0,13.0,7.0,0.444,45.444
2023-24,Christian Braun,1631128,26,28.0,10.0,1.0,0.5,37.5
2023-24,Christian Wood,1626174,-19,21.0,0.0,1.0,0.0,-18.0
2023-24,Christian Wood,1626174,-15,21.0,6.0,1.0,0.333,-7.667
2023-24,Christian Wood,1626174,-13,21.0,9.0,1.0,0.571,-2.4290000000000003
2023-24,Christian Wood,1626174,-12,27.0,4.5,1.5,0.2915,-5.7085
2023-24,Christian Wood,1626174,-11,20.0,7.0,1.0,0.167,-2.833
2023-24,Christian Wood,1626174,-4,22.0,12.0,1.5,0.5355,10.0355
2023-24,Christian Wood,1626174,-1,30.0,12.0,1.0,0.4,12.4
2023-24,Christian Wood,1626174,1,24.0,13.0,3.0,0.5,17.5
2023-24,Christian Wood,1626174,2,25.0,12.0,0.0,0.444,14.444
2023-24,Christian Wood,1626174,3,23.0,14.0,1.0,0.5,18.5
2023-24,Christian Wood,1626174,9,21.0,2.0,2.0,0.125,13.125
2023-24,Christian Wood,1626174,12,26.0,9.0,3.0,0.5,24.5
2023-24,Christian Wood,1626174,13,28.0,16.5,2.5,0.7284999999999999,32.7285
2023-24,Christian Wood,1626174,14,29.0,10.0,0.0,0.667,24.667
2023-24,Christian Wood,1626174,19,23.0,9.0,4.0,0.75,32.75
2023-24,Christian Wood,1626174,23,21.0,7.0,1.0,0.286,31.286
2023-24,Chuma Okeke,1629643,-17,29.0,16.0,2.0,0.6,1.6000000000000014
2023-24,Chuma Okeke,1629643,-9,24.0,3.0,0.5,0.1335,-5.3665
2023-24,Chuma Okeke,1629643,-8,24.5,7.0,0.5,0.5415,0.041499999999999204
2023-24,Chuma Okeke,1629643,-5,25.0,15.0,0.0,0.714,10.714
2023-24,Chuma Okeke,1629643,-2,28.0,3.0,1.0,0.333,2.333
2023-24,Chuma Okeke,1629643,4,27.0,11.0,3.0,0.8,18.8
2023-24,Chuma Okeke,1629643,17,38.0,3.0,2.0,0.2,22.2
2023-24,Clint Capela,203991,-25,28.0,6.0,2.0,0.429,-16.570999999999998
2023-24,Clint Capela,203991,-24,22.0,14.0,0.0,0.6,-9.4
2023-24,Clint Capela,203991,-21,26.0,8.0,1.0,0.8,-11.2
2023-24,Clint Capela,203991,-19,28.0,15.0,0.0,0.6,-3.4000000000000004
2023-24,Clint Capela,203991,-17,34.0,17.0,1.0,0.583,1.5829999999999984
2023-24,Clint Capela,203991,-16,36.0,4.0,0.0,0.333,-11.667
2023-24,Clint Capela,203991,-14,21.0,8.0,0.3333333333333333,0.5416666666666666,-5.125
2023-24,Clint Capela,203991,-13,27.0,14.0,0.0,0.875,1.875
2023-24,Clint Capela,203991,-12,22.0,9.0,0.0,0.5,-2.5
2023-24,Clint Capela,203991,-11,36.0,6.0,2.0,0.375,-2.625
2023-24,Clint Capela,203991,-10,24.666666666666668,8.333333333333334,0.6666666666666666,0.3833333333333333,-0.6166666666666671
2023-24,Clint Capela,203991,-9,24.666666666666668,13.333333333333334,1.3333333333333333,0.5973333333333334,6.264000000000001
2023-24,Clint Capela,203991,-8,22.25,9.5,0.75,0.44175000000000003,2.6917500000000008
2023-24,Clint Capela,203991,-7,25.0,11.5,1.5,0.5635,6.5634999999999994
2023-24,Clint Capela,203991,-6,26.0,10.0,2.0,0.556,6.556000000000001
2023-24,Clint Capela,203991,-4,26.714285714285715,11.857142857142858,1.7142857142857142,0.5468571428571428,10.118285714285713
2023-24,Clint Capela,203991,-3,27.0,14.0,2.0,0.545,13.545000000000002
2023-24,Clint Capela,203991,-1,21.0,7.0,1.0,0.6,7.6
2023-24,Clint Capela,203991,0,32.5,11.0,3.5,0.625,15.125
2023-24,Clint Capela,203991,1,30.0,10.0,4.0,0.308,15.308
2023-24,Clint Capela,203991,2,29.0,16.0,2.0,0.7204999999999999,20.7205
2023-24,Clint Capela,203991,3,28.0,9.0,1.0,0.667,13.667
2023-24,Clint Capela,203991,4,25.0,16.0,1.6666666666666667,0.723,22.389666666666667
2023-24,Clint Capela,203991,6,26.0,10.0,2.0,0.7556666666666666,18.755666666666666
2023-24,Clint Capela,203991,7,25.0,10.5,0.5,0.8335,18.8335
2023-24,Clint Capela,203991,8,24.0,11.0,0.6666666666666666,0.7103333333333334,20.377
2023-24,Clint Capela,203991,9,24.0,9.0,0.0,0.444,18.444000000000003
2023-24,Clint Capela,203991,10,27.0,17.0,2.0,0.636,29.636
2023-24,Clint Capela,203991,11,24.0,13.0,1.0,0.6,25.6
2023-24,Clint Capela,203991,12,25.333333333333332,11.333333333333334,2.3333333333333335,0.5556666666666666,26.222333333333335
2023-24,Clint Capela,203991,13,25.5,14.0,3.0,0.42000000000000004,30.42
2023-24,Clint Capela,203991,14,20.0,15.0,0.0,0.7,29.7
2023-24,Clint Capela,203991,15,23.0,12.0,1.0,0.5,28.5
2023-24,Clint Capela,203991,17,20.0,10.0,0.0,0.667,27.667
2023-24,Clint Capela,203991,18,25.0,15.0,3.0,0.636,36.635999999999996
2023-24,Clint Capela,203991,19,27.5,18.0,0.0,0.7905,37.7905
2023-24,Clint Capela,203991,20,34.0,18.0,0.0,0.75,38.75
2023-24,Clint Capela,203991,22,22.0,12.0,1.0,0.455,35.455
2023-24,Clint Capela,203991,30,30.0,11.0,1.0,0.556,42.556
2023-24,Coby White,1629632,-26,31.5,17.0,3.5,0.34299999999999997,-5.157
2023-24,Coby White,1629632,-24,33.0,16.0,2.0,0.263,-5.736999999999998
2023-24,Coby White,1629632,-23,37.0,26.0,8.0,0.474,11.473999999999997
2023-24,Coby White,1629632,-18,34.333333333333336,13.666666666666666,5.333333333333333,0.3416666666666666,1.341666666666665
2023-24,Coby White,1629632,-17,35.0,13.0,6.0,0.5,2.5
2023-24,Coby White,1629632,-16,31.0,19.5,3.0,0.6094999999999999,7.109500000000001
2023-24,Coby White,1629632,-15,41.0,10.0,6.0,0.143,1.1430000000000007
2023-24,Coby White,1629632,-14,38.0,22.0,2.0,0.5,10.5
2023-24,Coby White,1629632,-12,38.0,18.0,3.0,0.333,9.332999999999998
2023-24,Coby White,1629632,-11,33.0,13.4,4.6,0.3764,7.3764
2023-24,Coby White,1629632,-10,34.5,12.0,3.5,0.25,5.75
2023-24,Coby White,1629632,-9,36.0,18.0,3.0,0.4685,12.468499999999999
2023-24,Coby White,1629632,-8,30.0,15.0,4.0,0.286,11.286000000000001
2023-24,Coby White,1629632,-7,35.0,11.0,10.0,0.273,14.273
2023-24,Coby White,1629632,-6,32.0,10.0,4.0,0.333,8.333
2023-24,Coby White,1629632,-5,36.333333333333336,22.333333333333332,6.666666666666667,0.47500000000000003,24.475
2023-24,Coby White,1629632,-4,39.0,32.0,4.0,0.647,32.647
2023-24,Coby White,1629632,-2,37.666666666666664,22.333333333333332,4.333333333333333,0.43133333333333335,25.098
2023-24,Coby White,1629632,-1,41.0,21.0,5.5,0.3885,25.8885
2023-24,Coby White,1629632,0,34.75,21.0,5.25,0.48275,26.73275
2023-24,Coby White,1629632,1,40.6,22.4,4.6,0.4568,28.4568
2023-24,Coby White,1629632,2,36.0,20.0,7.0,0.438,29.438
2023-24,Coby White,1629632,3,36.5,20.0,3.5,0.4395,26.9395
2023-24,Coby White,1629632,4,35.75,20.75,5.0,0.53775,30.28775
2023-24,Coby White,1629632,5,31.0,9.0,2.3333333333333335,0.351,16.684333333333335
2023-24,Coby White,1629632,6,36.333333333333336,23.333333333333332,6.0,0.478,35.81133333333334
2023-24,Coby White,1629632,7,38.2,22.0,6.6,0.42960000000000004,36.0296
2023-24,Coby White,1629632,9,36.5,19.25,6.0,0.5785,34.8285
2023-24,Coby White,1629632,10,36.0,18.5,3.5,0.42800000000000005,32.428
2023-24,Coby White,1629632,11,39.0,26.0,6.0,0.609,43.609
2023-24,Coby White,1629632,12,43.0,35.0,9.0,0.545,56.545
2023-24,Coby White,1629632,15,36.0,24.0,7.5,0.6535,47.1535
2023-24,Coby White,1629632,16,50.0,14.0,12.0,0.25,42.25
2023-24,Coby White,1629632,17,36.0,17.0,5.0,0.5,39.5
2023-24,Coby White,1629632,18,39.0,24.0,6.0,0.6,48.6
2023-24,Coby White,1629632,20,39.0,26.0,11.0,0.45,57.45
2023-24,Coby White,1629632,23,35.0,23.0,4.0,0.526,50.525999999999996
2023-24,Coby White,1629632,24,37.0,18.0,5.0,0.467,47.467
2023-24,Cody Martin,1628998,-36,24.0,5.0,5.0,0.222,-25.778
2023-24,Cody Martin,1628998,-23,22.0,2.0,7.0,0.143,-13.857
2023-24,Cody Martin,1628998,-19,21.0,7.0,4.0,0.6,-7.4
2023-24,Cody Martin,1628998,-15,27.0,7.0,4.0,0.222,-3.7780000000000005
2023-24,Cody Martin,1628998,-14,32.0,11.0,4.0,0.41500000000000004,1.4149999999999991
2023-24,Cody Martin,1628998,-13,28.0,7.0,3.0,0.333,-2.667
2023-24,Cody Martin,1628998,-11,28.0,4.0,3.0,0.286,-3.7140000000000004
2023-24,Cody Martin,1628998,-10,26.0,13.0,1.0,0.5,4.5
2023-24,Cody Martin,1628998,-8,27.0,6.5,2.0,0.36650000000000005,0.8665000000000003
2023-24,Cody Martin,1628998,-5,24.0,5.0,3.0,0.25,3.25
2023-24,Cody Martin,1628998,-4,29.0,11.0,2.0,0.625,9.625
2023-24,Cody Martin,1628998,-3,30.0,14.0,8.0,0.5,19.5
2023-24,Cody Martin,1628998,-2,26.0,3.5,5.5,0.1665,7.166499999999999
2023-24,Cody Martin,1628998,-1,28.0,19.0,8.0,0.538,26.538
2023-24,Cody Martin,1628998,0,29.0,6.0,4.0,0.293,10.293
2023-24,Cody Martin,1628998,2,32.0,12.0,2.0,0.444,16.444000000000003
2023-24,Cody Martin,1628998,3,24.0,7.0,2.0,0.375,12.375
2023-24,Cody Martin,1628998,5,28.0,5.0,2.0,0.286,12.286
2023-24,Cody Martin,1628998,6,25.0,5.0,3.0,0.4,14.4
2023-24,Cody Martin,1628998,10,31.0,11.0,10.0,0.5,31.5
2023-24,Cody Martin,1628998,33,29.0,6.0,4.0,0.5,43.5
2023-24,Cody Zeller,203469,12,23.0,9.0,2.0,0.571,23.570999999999998
2023-24,Cody Zeller,203469,14,21.0,4.0,5.0,1.0,24.0
2023-24,Colby Jones,1641732,17,23.0,7.0,4.0,0.333,28.333
2023-24,Cole Anthony,1630175,-32,31.0,20.0,1.0,0.471,-10.529
2023-24,Cole Anthony,1630175,-22,30.0,15.0,3.0,0.375,-3.625
2023-24,Cole Anthony,1630175,-17,30.0,10.0,5.0,0.231,-1.7690000000000001
2023-24,Cole Anthony,1630175,-14,26.0,12.0,3.0,0.41200000000000003,1.4120000000000008
2023-24,Cole Anthony,1630175,-12,24.0,14.333333333333334,3.6666666666666665,0.4226666666666667,6.422666666666668
2023-24,Cole Anthony,1630175,-9,24.5,15.0,2.0,0.36650000000000005,8.366499999999998
2023-24,Cole Anthony,1630175,-8,25.0,16.0,3.0,0.286,11.286000000000001
2023-24,Cole Anthony,1630175,-7,30.0,18.0,7.0,0.5,18.5
2023-24,Cole Anthony,1630175,-6,24.25,13.0,2.75,0.4635,10.2135
2023-24,Cole Anthony,1630175,-5,31.0,19.0,2.0,0.571,16.571
2023-24,Cole Anthony,1630175,-4,25.0,8.0,2.0,0.375,6.375
2023-24,Cole Anthony,1630175,-3,23.0,7.0,2.0,0.143,6.143000000000001
2023-24,Cole Anthony,1630175,0,23.666666666666668,9.666666666666666,0.6666666666666666,0.4543333333333333,10.787666666666665
2023-24,Cole Anthony,1630175,1,27.0,10.0,2.0,0.2,13.2
2023-24,Cole Anthony,1630175,2,26.8,13.8,2.8,0.42560000000000003,19.0256
2023-24,Cole Anthony,1630175,3,32.0,26.0,4.0,0.588,33.588
2023-24,Cole Anthony,1630175,4,21.0,16.0,3.0,0.545,23.545
2023-24,Cole Anthony,1630175,5,22.0,11.0,4.0,0.364,20.364
2023-24,Cole Anthony,1630175,6,23.0,9.0,5.0,0.375,20.375
2023-24,Cole Anthony,1630175,7,26.25,12.0,4.5,0.35050000000000003,23.8505
2023-24,Cole Anthony,1630175,8,26.5,12.0,7.0,0.472,27.472
2023-24,Cole Anthony,1630175,9,30.0,16.0,6.0,0.467,31.467
2023-24,Cole Anthony,1630175,10,23.0,5.0,4.0,0.25,19.25
2023-24,Cole Anthony,1630175,11,24.0,15.0,3.0,0.417,29.417
2023-24,Cole Anthony,1630175,14,26.0,25.0,5.0,0.563,44.563
2023-24,Cole Anthony,1630175,15,26.5,22.0,5.0,0.509,42.509
2023-24,Cole Anthony,1630175,16,31.0,16.0,4.5,0.4335,36.933499999999995
2023-24,Cole Anthony,1630175,17,26.0,18.0,4.0,0.51,39.510000000000005
2023-24,Cole Anthony,1630175,18,26.0,15.0,5.0,0.5,38.5
2023-24,Cole Anthony,1630175,21,24.0,11.0,1.0,0.625,33.625
2023-24,Cole Anthony,1630175,23,23.0,16.0,6.0,0.5,45.5
2023-24,Cole Anthony,1630175,24,21.0,21.0,3.0,0.75,48.75
2023-24,Cole Swider,1631306,-2,20.0,11.0,1.0,0.5,10.5
2023-24,Collin Gillespie,1631221,0,20.0,6.0,3.0,0.429,9.429
2023-24,Collin Gillespie,1631221,5,21.0,4.0,7.0,0.4,16.4
2023-24,Collin Gillespie,1631221,23,23.0,18.0,4.0,0.778,45.778
2023-24,Collin Sexton,1629012,-27,30.0,25.0,2.5,0.5695,1.0695000000000014
2023-24,Collin Sexton,1629012,-21,33.0,20.0,5.0,0.643,4.643000000000001
2023-24,Collin Sexton,1629012,-20,26.0,22.0,5.0,0.6,7.600000000000001
2023-24,Collin Sexton,1629012,-18,29.0,22.0,3.0,0.5,7.5
2023-24,Collin Sexton,1629012,-15,26.0,21.0,6.5,0.6415,13.1415
2023-24,Collin Sexton,1629012,-13,20.0,13.0,3.0,0.417,3.4170000000000016
2023-24,Collin Sexton,1629012,-12,26.5,16.5,5.0,0.43300000000000005,9.933
2023-24,Collin Sexton,1629012,-11,27.0,19.0,6.5,0.509,15.009
2023-24,Collin Sexton,1629012,-10,33.0,20.333333333333332,5.0,0.4666666666666666,15.799999999999997
2023-24,Collin Sexton,1629012,-9,28.666666666666668,20.0,6.333333333333333,0.5043333333333334,17.837666666666667
2023-24,Collin Sexton,1629012,-8,31.0,20.0,5.0,0.563,17.563
2023-24,Collin Sexton,1629012,-7,28.333333333333332,17.666666666666668,6.333333333333333,0.5763333333333334,17.576333333333334
2023-24,Collin Sexton,1629012,-6,24.8,19.2,6.4,0.5166000000000001,20.116600000000002
2023-24,Collin Sexton,1629012,-5,23.0,6.0,7.0,0.1,8.1
2023-24,Collin Sexton,1629012,-3,23.333333333333332,14.0,3.3333333333333335,0.395,14.728333333333332
2023-24,Collin Sexton,1629012,-2,27.0,20.5,4.5,0.494,23.494
2023-24,Collin Sexton,1629012,-1,30.5,18.5,3.0,0.4455,20.9455
2023-24,Collin Sexton,1629012,1,38.0,26.0,9.0,0.55,36.55
2023-24,Collin Sexton,1629012,2,28.0,21.0,5.0,0.4165,28.4165
2023-24,Collin Sexton,1629012,3,29.0,21.0,4.5,0.428,28.928
2023-24,Collin Sexton,1629012,4,32.666666666666664,26.666666666666668,6.333333333333333,0.5433333333333333,37.54333333333334
2023-24,Collin Sexton,1629012,5,35.0,21.5,4.5,0.438,31.438
2023-24,Collin Sexton,1629012,6,32.0,20.5,4.0,0.48749999999999993,30.9875
2023-24,Collin Sexton,1629012,7,27.0,22.0,10.0,0.643,39.643
2023-24,Collin Sexton,1629012,11,21.0,22.0,4.0,0.571,37.571
2023-24,Collin Sexton,1629012,12,31.0,23.0,3.5,0.4345,38.9345
2023-24,Collin Sexton,1629012,14,26.0,21.5,6.0,0.551,42.051
2023-24,Collin Sexton,1629012,15,26.5,27.5,7.0,0.528,50.028
2023-24,Collin Sexton,1629012,17,31.0,27.0,4.0,0.647,48.647
2023-24,Collin Sexton,1629012,18,31.666666666666668,27.666666666666668,6.0,0.5156666666666666,52.18233333333334
2023-24,Collin Sexton,1629012,19,30.5,20.0,11.5,0.45899999999999996,50.959
2023-24,Collin Sexton,1629012,22,22.0,23.0,6.0,0.8,51.8
2023-24,Corey Kispert,1630557,-35,21.0,12.0,0.0,0.571,-22.429000000000002
2023-24,Corey Kispert,1630557,-30,24.0,20.0,0.0,0.5,-9.5
2023-24,Corey Kispert,1630557,-28,27.0,10.0,2.0,0.214,-15.786
2023-24,Corey Kispert,1630557,-27,35.0,16.0,1.0,0.545,-9.454999999999998
2023-24,Corey Kispert,1630557,-22,22.0,9.0,0.0,0.571,-12.429
2023-24,Corey Kispert,1630557,-21,27.0,8.5,4.5,0.4165,-7.583500000000001
2023-24,Corey Kispert,1630557,-20,22.0,13.0,0.5,0.4555,-6.044499999999999
2023-24,Corey Kispert,1630557,-19,21.0,4.0,1.0,0.2,-13.8
2023-24,Corey Kispert,1630557,-18,26.0,15.0,3.0,0.5776666666666667,0.5776666666666657
2023-24,Corey Kispert,1630557,-16,32.5,9.5,2.0,0.3035,-4.1965
2023-24,Corey Kispert,1630557,-15,28.0,16.0,1.0,0.5,2.5
2023-24,Corey Kispert,1630557,-14,23.0,24.0,4.0,0.643,14.643
2023-24,Corey Kispert,1630557,-13,23.0,12.666666666666666,1.0,0.5566666666666666,1.2233333333333327
2023-24,Corey Kispert,1630557,-12,37.0,23.0,0.0,0.75,11.75
2023-24,Corey Kispert,1630557,-11,24.5,11.0,2.0,0.40900000000000003,2.4090000000000007
2023-24,Corey Kispert,1630557,-10,24.0,5.0,1.0,0.182,-3.8179999999999996
2023-24,Corey Kispert,1630557,-9,37.5,17.0,2.5,0.5155000000000001,11.0155
2023-24,Corey Kispert,1630557,-8,24.0,11.0,1.0,0.364,4.364000000000001
2023-24,Corey Kispert,1630557,-7,25.6,13.6,2.2,0.4774,9.2774
2023-24,Corey Kispert,1630557,-6,27.5,15.5,1.0,0.4445,10.944500000000001
2023-24,Corey Kispert,1630557,-5,26.0,11.0,2.0,0.444,8.444
2023-24,Corey Kispert,1630557,-4,31.5,22.5,5.5,0.531,24.531
2023-24,Corey Kispert,1630557,-2,27.0,17.5,2.0,0.4735,17.9735
2023-24,Corey Kispert,1630557,-1,33.0,18.0,2.0,0.583,19.583
2023-24,Corey Kispert,1630557,0,21.0,9.0,2.0,0.375,11.375
2023-24,Corey Kispert,1630557,1,29.5,14.0,3.0,0.5665,18.5665
2023-24,Corey Kispert,1630557,2,32.25,19.5,4.5,0.49375,26.49375
2023-24,Corey Kispert,1630557,4,23.0,7.5,3.5,0.2915,15.2915
2023-24,Corey Kispert,1630557,5,34.5,24.5,1.0,0.5635,31.0635
2023-24,Corey Kispert,1630557,6,23.0,12.0,1.6666666666666667,0.5663333333333334,20.232999999999997
2023-24,Corey Kispert,1630557,7,24.0,16.0,2.0,0.4,25.4
2023-24,Corey Kispert,1630557,8,38.0,19.0,3.0,0.333,30.333
2023-24,Corey Kispert,1630557,12,39.5,18.5,3.0,0.4665,33.966499999999996
2023-24,Corey Kispert,1630557,14,37.0,15.0,2.0,0.667,31.667
2023-24,Corey Kispert,1630557,19,30.0,13.0,2.0,0.429,34.429
2023-24,Corey Kispert,1630557,21,28.0,23.0,1.0,0.643,45.643
2023-24,Cory Joseph,202709,-16,20.0,3.0,2.0,0.143,-10.857
2023-24,Cory Joseph,202709,12,20.5,4.5,1.5,0.5,18.5
2023-24,Craig Porter Jr.,1641854,-24,35.0,16.0,5.0,0.5,-2.5
2023-24,Craig Porter Jr.,1641854,-19,26.0,8.0,4.0,0.5,-6.5
2023-24,Craig Porter Jr.,1641854,-13,24.0,13.0,4.0,0.455,4.454999999999998
2023-24,Craig Porter Jr.,1641854,-9,22.0,10.0,2.0,0.417,3.417
2023-24,Craig Porter Jr.,1641854,-2,24.0,13.5,5.0,0.493,16.993
2023-24,Craig Porter Jr.,1641854,-1,21.0,13.0,1.0,0.714,13.714
2023-24,Craig Porter Jr.,1641854,0,21.0,12.0,5.0,0.714,17.714
2023-24,Craig Porter Jr.,1641854,3,29.0,7.0,11.0,0.333,21.333
2023-24,Craig Porter Jr.,1641854,5,20.0,4.0,3.0,0.333,12.333
2023-24,Craig Porter Jr.,1641854,7,22.0,8.0,4.0,0.429,19.429000000000002
2023-24,Craig Porter Jr.,1641854,9,29.0,9.0,7.0,0.364,25.364
2023-24,Craig Porter Jr.,1641854,14,39.0,19.0,8.0,0.571,41.571
2023-24,Craig Porter Jr.,1641854,21,27.0,12.0,9.0,0.556,42.556
2023-24,D'Angelo Russell,1626156,-19,30.5,14.0,4.0,0.3355,-0.6645000000000003
2023-24,D'Angelo Russell,1626156,-18,27.0,22.0,4.0,0.5,8.5
2023-24,D'Angelo Russell,1626156,-17,34.5,8.5,4.5,0.22449999999999998,-3.775499999999999
2023-24,D'Angelo Russell,1626156,-16,34.0,20.0,7.0,0.5,11.5
2023-24,D'Angelo Russell,1626156,-14,40.0,23.0,13.0,0.429,22.429000000000002
2023-24,D'Angelo Russell,1626156,-13,34.0,28.0,5.0,0.6,20.6
2023-24,D'Angelo Russell,1626156,-12,33.0,18.0,9.0,0.4,15.399999999999999
2023-24,D'Angelo Russell,1626156,-11,32.0,11.5,6.0,0.273,6.773
2023-24,D'Angelo Russell,1626156,-10,35.0,10.0,3.0,0.3,3.3000000000000007
2023-24,D'Angelo Russell,1626156,-8,24.0,12.0,7.0,0.5,11.5
2023-24,D'Angelo Russell,1626156,-7,31.75,14.0,6.5,0.303,13.803
2023-24,D'Angelo Russell,1626156,-6,27.666666666666668,11.666666666666666,7.0,0.38400000000000006,13.050666666666665
2023-24,D'Angelo Russell,1626156,-5,36.0,20.0,7.0,0.571,22.571
2023-24,D'Angelo Russell,1626156,-4,31.6,12.2,6.8,0.39039999999999997,15.3904
2023-24,D'Angelo Russell,1626156,-3,36.0,18.5,8.5,0.35350000000000004,24.3535
2023-24,D'Angelo Russell,1626156,-2,39.5,33.5,7.0,0.5265,39.0265
2023-24,D'Angelo Russell,1626156,1,31.5,19.333333333333332,7.166666666666667,0.438,27.938
2023-24,D'Angelo Russell,1626156,2,28.333333333333332,16.666666666666668,5.0,0.48733333333333334,24.154
2023-24,D'Angelo Russell,1626156,3,32.25,13.25,4.75,0.36075,21.36075
2023-24,D'Angelo Russell,1626156,4,36.5,18.75,8.25,0.39125,31.39125
2023-24,D'Angelo Russell,1626156,5,30.5,15.5,6.0,0.4095,26.9095
2023-24,D'Angelo Russell,1626156,7,34.666666666666664,26.0,5.0,0.5713333333333334,38.57133333333333
2023-24,D'Angelo Russell,1626156,8,32.5,14.75,5.0,0.45325,28.20325
2023-24,D'Angelo Russell,1626156,9,35.0,12.5,10.0,0.404,31.904
2023-24,D'Angelo Russell,1626156,10,50.0,29.0,12.0,0.318,51.318
2023-24,D'Angelo Russell,1626156,12,48.0,28.0,5.0,0.421,45.421
2023-24,D'Angelo Russell,1626156,13,39.0,30.0,5.0,0.474,48.474
2023-24,D'Angelo Russell,1626156,16,35.0,29.0,3.0,0.55,48.55
2023-24,D'Angelo Russell,1626156,18,29.0,16.0,9.0,0.5,43.5
2023-24,D'Angelo Russell,1626156,21,32.0,20.5,4.0,0.532,46.032
2023-24,D'Angelo Russell,1626156,23,26.5,19.5,4.0,0.5645,47.064499999999995
2023-24,D'Angelo Russell,1626156,24,37.0,19.0,4.0,0.462,47.462
2023-24,D'Angelo Russell,1626156,25,26.0,24.0,5.0,0.667,54.667
2023-24,D'Angelo Russell,1626156,27,30.0,27.0,10.0,0.571,64.571
2023-24,D'Angelo Russell,1626156,29,33.0,34.0,8.0,0.667,71.667
2023-24,D'Angelo Russell,1626156,30,26.0,20.0,8.0,0.778,58.778
2023-24,D'Angelo Russell,1626156,31,34.0,35.0,9.0,0.765,75.765
2023-24,Dalano Banton,1630625,-44,30.0,12.0,2.0,0.263,-29.737000000000002
2023-24,Dalano Banton,1630625,-38,38.0,17.0,7.0,0.231,-13.768999999999998
2023-24,Dalano Banton,1630625,-25,38.0,28.0,5.0,0.524,8.524000000000001
2023-24,Dalano Banton,1630625,-21,41.0,28.0,6.0,0.5,13.5
2023-24,Dalano Banton,1630625,-20,41.0,16.0,2.0,0.3,-1.6999999999999993
2023-24,Dalano Banton,1630625,-18,21.0,8.0,4.0,0.333,-5.667
2023-24,Dalano Banton,1630625,-15,36.0,31.0,9.0,0.565,25.564999999999998
2023-24,Dalano Banton,1630625,-14,26.5,15.0,3.5,0.4115,4.9115
2023-24,Dalano Banton,1630625,-11,36.0,28.0,9.0,0.478,26.478
2023-24,Dalano Banton,1630625,-10,33.0,18.0,4.0,0.35,12.350000000000001
2023-24,Dalano Banton,1630625,-9,38.0,29.0,4.0,0.358,24.357999999999997
2023-24,Dalano Banton,1630625,-8,26.0,16.0,3.0,0.5,11.5
2023-24,Dalano Banton,1630625,-6,28.0,12.0,6.0,0.333,12.332999999999998
2023-24,Dalano Banton,1630625,-5,33.0,11.0,0.0,0.571,6.571
2023-24,Dalano Banton,1630625,-4,24.0,12.0,3.0,0.357,11.357
2023-24,Dalano Banton,1630625,-1,32.0,14.0,1.0,0.263,14.263
2023-24,Dalano Banton,1630625,1,35.0,26.0,5.0,0.471,32.471000000000004
2023-24,Dalano Banton,1630625,5,32.0,12.0,3.0,0.3745,20.374499999999998
2023-24,Dalano Banton,1630625,14,33.0,21.0,8.0,0.4,43.4
2023-24,Dalano Banton,1630625,18,42.0,25.0,4.0,0.563,47.563
2023-24,Dalano Banton,1630625,26,20.0,19.0,3.0,0.533,48.533
2023-24,Dalen Terry,1631207,-13,26.0,17.0,8.0,0.75,12.75
2023-24,Dalen Terry,1631207,-3,20.0,7.0,1.0,1.0,6.0
2023-24,Dalen Terry,1631207,6,21.0,8.0,4.0,0.6,18.6
2023-24,Dalen Terry,1631207,9,24.0,6.0,1.0,0.429,16.429000000000002
2023-24,Dalen Terry,1631207,11,21.0,2.0,3.0,0.5,16.5
2023-24,Dalen Terry,1631207,14,20.0,6.0,7.0,0.286,27.286
2023-24,Damian Jones,1627745,15,20.0,14.0,0.0,0.875,29.875
2023-24,Damian Lillard,203081,-29,29.0,6.0,5.0,0.167,-17.833
2023-24,Damian Lillard,203081,-26,27.5,16.0,5.5,0.397,-4.1030000000000015
2023-24,Damian Lillard,203081,-25,32.0,16.0,5.0,0.357,-3.6430000000000007
2023-24,Damian Lillard,203081,-22,34.5,16.5,5.5,0.25,0.25
2023-24,Damian Lillard,203081,-21,37.0,12.0,6.0,0.278,-2.7220000000000013
2023-24,Damian Lillard,203081,-18,33.0,20.0,6.0,0.438,8.437999999999999
2023-24,Damian Lillard,203081,-14,34.0,21.0,7.0,0.333,14.332999999999998
2023-24,Damian Lillard,203081,-11,38.0,18.0,8.0,0.313,15.312999999999999
2023-24,Damian Lillard,203081,-10,37.0,36.0,6.0,0.417,32.417
2023-24,Damian Lillard,203081,-8,34.0,19.5,4.0,0.2535,15.753499999999999
2023-24,Damian Lillard,203081,-7,37.5,26.0,7.5,0.396,26.896
2023-24,Damian Lillard,203081,-6,36.75,25.0,8.25,0.358,27.607999999999997
2023-24,Damian Lillard,203081,-5,49.0,27.0,8.0,0.31,30.310000000000002
2023-24,Damian Lillard,203081,-1,38.0,35.0,11.0,0.579,45.579
2023-24,Damian Lillard,203081,0,40.0,14.0,9.0,0.176,23.176
2023-24,Damian Lillard,203081,1,35.666666666666664,27.0,7.0,0.5066666666666667,35.50666666666667
2023-24,Damian Lillard,203081,2,33.0,22.333333333333332,4.0,0.45566666666666666,28.788999999999998
2023-24,Damian Lillard,203081,3,34.0,19.5,7.0,0.4375,29.9375
2023-24,Damian Lillard,203081,4,38.0,13.0,5.0,0.188,22.188
2023-24,Damian Lillard,203081,5,33.0,34.0,3.0,0.4,42.4
2023-24,Damian Lillard,203081,6,38.25,28.0,6.25,0.41075,40.66075
2023-24,Damian Lillard,203081,8,36.0,24.5,7.0,0.3645,39.8645
2023-24,Damian Lillard,203081,9,38.0,23.0,8.666666666666666,0.39666666666666667,41.06333333333333
2023-24,Damian Lillard,203081,10,33.333333333333336,30.0,7.666666666666667,0.4706666666666666,48.13733333333333
2023-24,Damian Lillard,203081,11,34.666666666666664,23.333333333333332,8.666666666666666,0.4246666666666667,43.42466666666667
2023-24,Damian Lillard,203081,12,29.5,28.5,4.5,0.42500000000000004,45.425
2023-24,Damian Lillard,203081,13,37.0,24.0,8.666666666666666,0.4633333333333334,46.129999999999995
2023-24,Damian Lillard,203081,14,36.666666666666664,29.0,9.666666666666666,0.5713333333333334,53.238
2023-24,Damian Lillard,203081,15,35.333333333333336,23.0,4.0,0.373,42.373000000000005
2023-24,Damian Lillard,203081,16,38.0,30.0,8.0,0.909,54.909
2023-24,Damian Lillard,203081,17,33.0,28.0,7.0,0.615,52.615
2023-24,Damian Lillard,203081,18,35.0,28.0,8.0,0.43900000000000006,54.439
2023-24,Damian Lillard,203081,20,37.0,17.0,8.0,0.267,45.266999999999996
2023-24,Damian Lillard,203081,21,37.0,27.0,7.0,0.474,55.474
2023-24,Damian Lillard,203081,23,33.0,21.5,9.0,0.469,53.969
2023-24,Damian Lillard,203081,25,28.5,29.0,8.5,0.5,63.0
2023-24,Damian Lillard,203081,26,31.5,36.5,4.5,0.5680000000000001,67.568
2023-24,Damian Lillard,203081,33,29.0,26.0,8.0,0.5,67.5
2023-24,Damian Lillard,203081,37,35.0,24.0,9.0,0.533,70.533
2023-24,Damian Lillard,203081,41,24.0,23.0,7.0,0.571,71.571
2023-24,Daniel Gafford,1629655,-27,24.0,8.0,1.0,0.6,-17.4
2023-24,Daniel Gafford,1629655,-23,21.0,4.5,1.0,0.6,-16.9
2023-24,Daniel Gafford,1629655,-22,24.0,15.0,1.0,1.0,-5.0
2023-24,Daniel Gafford,1629655,-21,30.0,12.0,1.0,0.556,-7.443999999999999
2023-24,Daniel Gafford,1629655,-18,24.0,4.0,1.0,0.5,-12.5
2023-24,Daniel Gafford,1629655,-16,25.0,8.666666666666666,1.6666666666666667,0.6013333333333333,-5.065333333333335
2023-24,Daniel Gafford,1629655,-15,24.0,11.0,0.0,0.75,-3.25
2023-24,Daniel Gafford,1629655,-13,20.5,11.0,1.0,0.875,-0.125
2023-24,Daniel Gafford,1629655,-12,26.0,8.0,3.0,0.667,-0.3330000000000002
2023-24,Daniel Gafford,1629655,-8,27.333333333333332,13.0,3.0,0.8333333333333334,8.833333333333332
2023-24,Daniel Gafford,1629655,-7,25.0,19.0,1.0,0.727,13.727
2023-24,Daniel Gafford,1629655,-6,25.0,11.0,3.0,0.7595000000000001,8.7595
2023-24,Daniel Gafford,1629655,-4,26.0,12.5,1.5,0.845,10.845
2023-24,Daniel Gafford,1629655,-3,30.0,13.5,1.5,0.6905,12.6905
2023-24,Daniel Gafford,1629655,-1,28.666666666666668,15.0,2.6666666666666665,0.6983333333333333,17.365000000000002
2023-24,Daniel Gafford,1629655,0,28.5,11.5,2.0,0.741,14.241
2023-24,Daniel Gafford,1629655,1,25.0,9.0,1.0,0.429,11.429
2023-24,Daniel Gafford,1629655,2,23.0,9.333333333333334,2.0,0.7713333333333333,14.104666666666667
2023-24,Daniel Gafford,1629655,3,28.0,16.0,2.0,0.75,21.75
2023-24,Daniel Gafford,1629655,4,29.0,16.0,1.5,0.6845,22.1845
2023-24,Daniel Gafford,1629655,5,27.0,15.0,1.0,0.7,21.7
2023-24,Daniel Gafford,1629655,6,26.0,10.0,1.0,1.0,18.0
2023-24,Daniel Gafford,1629655,7,24.5,13.5,3.0,0.7855,24.2855
2023-24,Daniel Gafford,1629655,8,29.5,10.0,2.5,0.732,21.232
2023-24,Daniel Gafford,1629655,9,31.0,16.0,0.0,0.7,25.7
2023-24,Daniel Gafford,1629655,10,26.0,10.0,2.0,0.8,22.8
2023-24,Daniel Gafford,1629655,11,26.25,18.25,0.75,0.86,30.86
2023-24,Daniel Gafford,1629655,13,24.333333333333332,8.0,1.3333333333333333,0.6903333333333332,23.023666666666667
2023-24,Daniel Gafford,1629655,14,32.0,11.0,2.0,0.5,27.5
2023-24,Daniel Gafford,1629655,15,30.5,14.0,3.0,0.8175,32.817499999999995
2023-24,Daniel Gafford,1629655,19,28.0,9.0,4.0,0.5,32.5
2023-24,Daniel Gafford,1629655,21,21.0,10.0,3.0,0.714,34.714
2023-24,Daniel Gafford,1629655,22,24.0,17.0,1.0,1.0,41.0
2023-24,Daniel Gafford,1629655,25,27.0,24.0,5.0,0.909,54.909
2023-24,Daniel Gafford,1629655,26,29.0,10.0,0.0,1.0,37.0
2023-24,Daniel Theis,1628464,-9,21.0,15.0,1.0,1.0,8.0
2023-24,Daniel Theis,1628464,-7,20.5,4.5,1.0,0.354,-1.146
2023-24,Daniel Theis,1628464,-3,26.0,18.0,2.0,0.889,17.889
2023-24,Daniel Theis,1628464,-2,20.0,3.0,2.0,0.333,3.333
2023-24,Daniel Theis,1628464,-1,21.0,12.0,1.0,0.545,12.545
2023-24,Daniel Theis,1628464,0,25.5,6.5,1.0,0.325,7.825
2023-24,Daniel Theis,1628464,1,26.0,14.0,0.0,0.667,15.667
2023-24,Daniel Theis,1628464,5,20.0,3.0,2.0,0.333,10.333
2023-24,Daniel Theis,1628464,6,28.0,16.0,2.0,0.5,24.5
2023-24,Daniel Theis,1628464,7,20.0,6.0,1.0,0.6,14.6
2023-24,Daniel Theis,1628464,9,20.0,6.0,1.0,0.6,16.6
2023-24,Daniel Theis,1628464,12,20.0,8.5,2.5,0.5820000000000001,23.582
2023-24,Daniel Theis,1628464,14,23.0,6.333333333333333,1.6666666666666667,0.387,22.387
2023-24,Daniel Theis,1628464,18,21.0,19.0,2.0,0.8,39.8
2023-24,Danilo Gallinari,201568,-4,20.0,7.0,1.0,0.75,4.75
2023-24,Danilo Gallinari,201568,13,22.0,20.0,2.0,0.75,35.75
2023-24,Dante Exum,203957,-14,22.0,11.0,2.0,1.0,0.0
2023-24,Dante Exum,203957,-9,24.0,11.0,6.0,0.455,8.454999999999998
2023-24,Dante Exum,203957,-8,21.0,7.0,2.0,0.25,1.25
2023-24,Dante Exum,203957,-7,40.0,16.0,1.0,0.5,10.5
2023-24,Dante Exum,203957,-3,22.0,4.0,2.0,0.1665,3.1665
2023-24,Dante Exum,203957,2,29.6,12.8,5.2,0.49560000000000004,20.4956
2023-24,Dante Exum,203957,6,24.0,9.0,6.0,0.75,21.75
2023-24,Dante Exum,203957,7,31.5,20.0,3.5,0.8165,31.3165
2023-24,Dante Exum,203957,9,33.0,11.0,7.0,0.625,27.625
2023-24,Dante Exum,203957,14,27.0,10.333333333333334,4.0,0.5519999999999999,28.885333333333335
2023-24,Dante Exum,203957,15,20.0,2.0,3.0,0.2,20.2
2023-24,Dante Exum,203957,16,30.0,17.5,3.5,0.646,37.646
2023-24,Dante Exum,203957,18,31.0,20.0,4.0,0.8,42.8
2023-24,Dante Exum,203957,23,35.0,14.0,2.0,0.455,39.455
2023-24,Dante Exum,203957,40,25.0,5.0,7.0,0.222,52.222
2023-24,Danuel House Jr.,1627863,-27,22.0,2.0,1.0,0.333,-23.667
2023-24,Danuel House Jr.,1627863,-21,29.0,7.0,0.0,0.25,-13.75
2023-24,Danuel House Jr.,1627863,2,23.0,8.0,1.0,0.5,11.5
2023-24,Danuel House Jr.,1627863,6,27.0,6.0,0.0,0.429,12.429
2023-24,Danuel House Jr.,1627863,7,27.0,9.0,0.0,0.75,16.75
2023-24,Danuel House Jr.,1627863,15,22.0,3.0,1.0,1.0,20.0
2023-24,Dario Saric,203967,-12,26.0,4.0,2.0,0.4,-5.6
2023-24,Dario Saric,203967,-7,22.0,17.0,1.0,0.6,11.600000000000001
2023-24,Dario Saric,203967,-6,28.5,12.5,4.5,0.528,11.527999999999999
2023-24,Dario Saric,203967,-5,32.0,21.0,4.0,0.4,20.4
2023-24,Dario Saric,203967,-4,20.0,12.0,2.0,0.625,10.625
2023-24,Dario Saric,203967,-3,24.0,12.0,4.0,0.4,13.399999999999999
2023-24,Dario Saric,203967,1,20.0,12.0,1.0,0.5,14.5
2023-24,Dario Saric,203967,2,27.0,11.0,1.0,0.5,14.5
2023-24,Dario Saric,203967,3,22.0,13.0,6.0,0.714,22.714
2023-24,Dario Saric,203967,4,22.0,11.0,3.0,0.375,18.375
2023-24,Dario Saric,203967,5,26.0,18.0,2.0,0.5,25.5
2023-24,Dario Saric,203967,6,24.5,8.0,5.5,0.41700000000000004,19.917
2023-24,Dario Saric,203967,7,20.0,7.0,1.0,0.273,15.273
2023-24,Dario Saric,203967,12,22.0,17.0,4.0,0.667,33.667
2023-24,Dario Saric,203967,13,26.0,20.0,4.0,0.636,37.635999999999996
2023-24,Dario Saric,203967,14,20.0,6.0,2.0,0.286,22.286
2023-24,Dario Saric,203967,15,26.0,13.0,5.0,0.571,33.571
2023-24,Dario Saric,203967,17,20.0,13.0,1.0,0.455,31.455
2023-24,Dariq Whitehead,1641727,-16,21.0,2.0,3.0,0.2,-10.8
2023-24,Darius Bazley,1629647,-12,33.0,12.0,0.0,0.5,0.5
2023-24,Darius Bazley,1629647,-6,30.0,6.0,2.0,0.667,2.667
2023-24,Darius Bazley,1629647,-3,25.0,8.0,0.0,0.4,5.4
2023-24,Darius Bazley,1629647,-1,23.0,10.0,1.5,0.757,11.257
2023-24,Darius Garland,1629636,-24,27.0,14.0,3.0,0.545,-6.454999999999998
2023-24,Darius Garland,1629636,-17,22.0,9.0,3.0,0.444,-4.555999999999999
2023-24,Darius Garland,1629636,-16,29.666666666666668,17.666666666666668,4.333333333333333,0.4483333333333333,6.448333333333334
2023-24,Darius Garland,1629636,-14,33.0,16.0,6.0,0.357,8.357
2023-24,Darius Garland,1629636,-12,39.0,15.0,8.0,0.412,11.411999999999999
2023-24,Darius Garland,1629636,-11,34.0,17.0,5.0,0.389,11.389
2023-24,Darius Garland,1629636,-10,31.0,14.0,6.0,0.455,10.454999999999998
2023-24,Darius Garland,1629636,-9,35.0,19.0,4.0,0.381,14.381
2023-24,Darius Garland,1629636,-8,30.0,21.0,9.0,0.563,22.563
2023-24,Darius Garland,1629636,-6,36.0,23.5,4.0,0.513,22.013
2023-24,Darius Garland,1629636,-4,37.0,14.0,12.0,0.333,22.333
2023-24,Darius Garland,1629636,-3,37.0,26.0,7.0,0.478,30.478
2023-24,Darius Garland,1629636,-1,32.333333333333336,13.0,7.333333333333333,0.47700000000000004,19.810333333333332
2023-24,Darius Garland,1629636,0,35.333333333333336,18.666666666666668,8.666666666666666,0.385,27.718333333333337
2023-24,Darius Garland,1629636,2,32.333333333333336,14.0,8.0,0.41100000000000003,24.411
2023-24,Darius Garland,1629636,3,34.0,18.0,6.5,0.467,27.967
2023-24,Darius Garland,1629636,4,38.0,22.0,6.0,0.445,32.445
2023-24,Darius Garland,1629636,5,35.5,24.0,4.0,0.4455,33.445499999999996
2023-24,Darius Garland,1629636,6,35.5,25.5,5.0,0.489,36.989000000000004
2023-24,Darius Garland,1629636,8,39.0,26.0,9.0,0.556,43.556
2023-24,Darius Garland,1629636,9,29.5,10.5,6.0,0.333,25.833
2023-24,Darius Garland,1629636,10,36.0,13.0,7.0,0.278,30.278
2023-24,Darius Garland,1629636,12,36.5,16.0,7.5,0.4125,35.9125
2023-24,Darius Garland,1629636,13,34.0,22.0,5.0,0.391,40.391
2023-24,Darius Garland,1629636,14,31.5,12.5,10.0,0.432,36.932
2023-24,Darius Garland,1629636,15,30.0,24.0,7.0,0.353,46.353
2023-24,Darius Garland,1629636,17,32.0,15.0,10.0,0.5,42.5
2023-24,Darius Garland,1629636,18,32.0,26.0,6.0,0.625,50.625
2023-24,Darius Garland,1629636,19,44.0,34.0,8.0,0.5,61.5
2023-24,Darius Garland,1629636,20,26.0,18.0,6.0,0.545,44.545
2023-24,Darius Garland,1629636,22,34.5,18.0,7.5,0.4335,47.933499999999995
2023-24,Darius Garland,1629636,23,30.666666666666668,19.0,9.0,0.5366666666666666,51.53666666666666
2023-24,David Duke Jr.,1630561,11,21.0,15.0,0.0,0.75,26.75
2023-24,David Roddy,1631223,-38,32.0,14.0,1.0,0.375,-22.625
2023-24,David Roddy,1631223,-22,31.0,11.0,3.0,0.455,-7.545
2023-24,David Roddy,1631223,-19,34.0,11.5,1.5,0.4165,-5.583500000000001
2023-24,David Roddy,1631223,-17,23.0,9.0,1.0,0.5,-6.5
2023-24,David Roddy,1631223,-16,27.0,16.0,4.0,0.6,4.600000000000001
2023-24,David Roddy,1631223,-15,27.0,14.0,0.0,0.556,-0.44399999999999906
2023-24,David Roddy,1631223,-13,27.5,12.0,0.5,0.4285,-0.07150000000000034
2023-24,David Roddy,1631223,-11,26.5,14.0,1.0,0.5505,4.5504999999999995
2023-24,David Roddy,1631223,-10,30.0,8.0,1.0,0.429,-0.5709999999999997
2023-24,David Roddy,1631223,-9,31.0,10.0,4.0,0.364,5.364000000000001
2023-24,David Roddy,1631223,-7,31.0,17.0,3.0,0.353,13.353000000000002
2023-24,David Roddy,1631223,-5,23.166666666666668,8.666666666666666,1.6666666666666667,0.43383333333333335,5.767166666666666
2023-24,David Roddy,1631223,-4,28.0,9.0,2.0,0.3,7.300000000000001
2023-24,David Roddy,1631223,-3,23.5,4.5,1.0,0.2855,2.7855
2023-24,David Roddy,1631223,-2,28.0,9.0,2.0,0.5,9.5
2023-24,David Roddy,1631223,-1,22.0,8.0,1.0,0.4,8.4
2023-24,David Roddy,1631223,0,23.5,16.5,1.5,0.6305000000000001,18.6305
2023-24,David Roddy,1631223,1,30.5,8.5,3.0,0.2735,12.7735
2023-24,David Roddy,1631223,2,22.0,15.0,3.0,0.545,20.545
2023-24,David Roddy,1631223,4,32.0,14.0,1.0,0.385,19.384999999999998
2023-24,David Roddy,1631223,7,22.0,4.0,1.0,0.333,12.333
2023-24,David Roddy,1631223,9,21.0,12.0,2.0,0.417,23.417
2023-24,David Roddy,1631223,11,25.0,11.0,3.0,0.429,25.429000000000002
2023-24,David Roddy,1631223,12,24.0,6.0,3.0,0.222,21.222
2023-24,David Roddy,1631223,16,25.0,0.0,1.0,0.0,17.0
2023-24,Davion Mitchell,1630558,-30,27.0,5.0,2.0,0.182,-22.817999999999998
2023-24,Davion Mitchell,1630558,-15,24.0,11.0,1.0,0.625,-2.375
2023-24,Davion Mitchell,1630558,-13,26.0,7.0,5.0,0.429,-0.5709999999999997
2023-24,Davion Mitchell,1630558,-9,21.0,8.0,3.0,0.5,2.5
2023-24,Davion Mitchell,1630558,-6,24.0,10.5,3.5,0.4625,8.4625
2023-24,Davion Mitchell,1630558,-4,24.0,7.0,5.0,0.375,8.375
2023-24,Davion Mitchell,1630558,-3,29.0,13.0,4.0,0.556,14.556000000000001
2023-24,Davion Mitchell,1630558,-1,24.0,12.5,1.5,0.7375,13.7375
2023-24,Davion Mitchell,1630558,3,23.5,9.0,2.5,0.5,15.0
2023-24,Davion Mitchell,1630558,7,20.0,2.0,3.0,0.143,12.143
2023-24,Davion Mitchell,1630558,8,24.0,18.0,0.0,0.667,26.667
2023-24,Davion Mitchell,1630558,10,21.0,8.0,3.0,0.571,21.570999999999998
2023-24,Davion Mitchell,1630558,12,22.0,5.0,2.0,0.286,19.286
2023-24,Davion Mitchell,1630558,16,25.0,14.0,3.0,0.5,33.5
2023-24,Davion Mitchell,1630558,33,21.0,11.0,3.0,0.364,47.364000000000004
2023-24,Davion Mitchell,1630558,36,27.0,12.0,3.0,0.375,51.375
2023-24,Davis Bertans,202722,-30,23.0,6.0,0.0,0.25,-23.75
2023-24,Davis Bertans,202722,-15,24.0,7.5,1.5,0.375,-5.625
2023-24,Davis Bertans,202722,-13,25.0,2.0,2.0,0.2,-8.8
2023-24,Davis Bertans,202722,-11,23.5,14.0,0.5,0.5055000000000001,4.0055
2023-24,Davis Bertans,202722,-10,25.0,14.0,1.0,0.455,5.455
2023-24,Davis Bertans,202722,-8,30.0,16.0,1.0,0.625,9.625
2023-24,Davis Bertans,202722,-7,31.0,11.0,3.0,0.286,7.286
2023-24,Davis Bertans,202722,-5,27.0,7.0,4.0,0.286,6.286
2023-24,Davis Bertans,202722,-3,22.0,9.0,1.0,0.429,7.429
2023-24,Davis Bertans,202722,3,22.0,5.0,0.0,0.167,8.167
2023-24,Davis Bertans,202722,7,25.0,14.0,0.0,0.455,21.455
2023-24,Davis Bertans,202722,9,21.0,3.0,0.0,0.1,12.1
2023-24,Davis Bertans,202722,10,24.0,12.0,0.0,0.444,22.444000000000003
2023-24,Davis Bertans,202722,25,28.0,11.0,4.0,0.375,40.375
2023-24,Day'Ron Sharpe,1630549,-29,24.0,4.0,2.0,0.4,-22.6
2023-24,Day'Ron Sharpe,1630549,-8,22.5,7.0,3.5,0.722,3.2219999999999995
2023-24,Day'Ron Sharpe,1630549,-7,23.0,8.0,3.0,0.364,4.364000000000001
2023-24,Day'Ron Sharpe,1630549,-5,20.0,11.0,1.0,0.571,7.571
2023-24,Day'Ron Sharpe,1630549,-2,23.0,11.0,0.0,0.571,9.571
2023-24,Day'Ron Sharpe,1630549,15,21.0,11.0,3.0,0.75,29.75
2023-24,Day'Ron Sharpe,1630549,21,23.0,5.0,2.0,1.0,29.0
2023-24,Day'Ron Sharpe,1630549,31,26.0,9.0,3.0,0.571,43.571
2023-24,De'Aaron Fox,1628368,-32,28.0,14.0,0.0,0.278,-17.722
2023-24,De'Aaron Fox,1628368,-30,25.0,3.0,4.0,0.1,-22.9
2023-24,De'Aaron Fox,1628368,-27,31.5,16.5,4.0,0.34299999999999997,-6.157
2023-24,De'Aaron Fox,1628368,-25,37.0,21.0,4.0,0.333,0.3329999999999984
2023-24,De'Aaron Fox,1628368,-19,26.0,29.0,3.0,0.563,13.563000000000002
2023-24,De'Aaron Fox,1628368,-17,35.5,26.0,5.0,0.483,14.483
2023-24,De'Aaron Fox,1628368,-14,31.5,20.0,4.0,0.42100000000000004,10.421
2023-24,De'Aaron Fox,1628368,-12,35.0,24.0,3.0,0.4815,15.4815
2023-24,De'Aaron Fox,1628368,-9,37.25,28.75,4.25,0.43175,24.43175
2023-24,De'Aaron Fox,1628368,-7,37.5,27.0,6.0,0.378,26.378
2023-24,De'Aaron Fox,1628368,-4,37.5,20.0,4.5,0.3425,20.8425
2023-24,De'Aaron Fox,1628368,-3,41.333333333333336,29.333333333333332,5.333333333333333,0.4283333333333333,32.095
2023-24,De'Aaron Fox,1628368,-2,38.0,43.0,4.0,0.615,45.615
2023-24,De'Aaron Fox,1628368,-1,39.0,22.333333333333332,6.666666666666667,0.48,28.48
2023-24,De'Aaron Fox,1628368,0,37.666666666666664,25.333333333333332,8.0,0.4003333333333334,33.733666666666664
2023-24,De'Aaron Fox,1628368,1,39.0,39.0,4.0,0.5,44.5
2023-24,De'Aaron Fox,1628368,2,36.0,32.0,4.333333333333333,0.526,38.85933333333334
2023-24,De'Aaron Fox,1628368,3,38.0,33.0,6.833333333333333,0.5005000000000001,43.33383333333334
2023-24,De'Aaron Fox,1628368,4,37.0,30.0,6.0,0.44,40.44
2023-24,De'Aaron Fox,1628368,5,37.0,42.5,4.0,0.5680000000000001,52.068
2023-24,De'Aaron Fox,1628368,6,36.0,33.0,6.0,0.5,45.5
2023-24,De'Aaron Fox,1628368,7,34.5,18.5,2.0,0.4185,27.9185
2023-24,De'Aaron Fox,1628368,8,36.0,21.5,7.0,0.5355,37.0355
2023-24,De'Aaron Fox,1628368,9,40.0,30.0,7.5,0.475,46.975
2023-24,De'Aaron Fox,1628368,12,42.0,30.0,8.0,0.462,50.462
2023-24,De'Aaron Fox,1628368,13,31.0,21.666666666666668,5.666666666666667,0.488,40.821333333333335
2023-24,De'Aaron Fox,1628368,14,33.5,24.5,4.0,0.394,42.894
2023-24,De'Aaron Fox,1628368,15,36.0,32.5,6.5,0.519,54.519
2023-24,De'Aaron Fox,1628368,16,34.5,21.5,4.0,0.42200000000000004,41.922
2023-24,De'Aaron Fox,1628368,17,35.0,28.0,6.0,0.55,51.55
2023-24,De'Aaron Fox,1628368,18,37.0,34.0,5.0,0.542,57.542
2023-24,De'Aaron Fox,1628368,19,37.0,36.0,12.0,0.438,67.438
2023-24,De'Aaron Fox,1628368,20,33.5,27.0,5.0,0.4585,52.4585
2023-24,De'Aaron Fox,1628368,21,32.0,23.0,7.0,0.529,51.528999999999996
2023-24,De'Aaron Fox,1628368,22,32.5,23.0,10.5,0.494,55.994
2023-24,De'Aaron Fox,1628368,23,32.0,33.0,7.0,0.545,63.545
2023-24,De'Aaron Fox,1628368,25,30.0,24.0,5.0,0.609,54.609
2023-24,De'Aaron Fox,1628368,26,27.0,15.0,10.0,0.467,51.467
2023-24,De'Aaron Fox,1628368,28,36.0,24.0,12.0,0.467,64.467
2023-24,De'Aaron Fox,1628368,31,32.0,29.0,8.0,0.455,68.455
2023-24,De'Andre Hunter,1629631,-29,26.0,6.0,1.0,0.0,-22.0
2023-24,De'Andre Hunter,1629631,-22,26.0,8.0,3.0,0.286,-10.714
2023-24,De'Andre Hunter,1629631,-20,29.0,18.0,2.0,0.455,0.4549999999999983
2023-24,De'Andre Hunter,1629631,-19,28.0,11.0,3.0,0.5,-4.5
2023-24,De'Andre Hunter,1629631,-18,26.0,18.0,2.0,0.417,2.4170000000000016
2023-24,De'Andre Hunter,1629631,-16,36.0,13.0,3.0,0.3,0.3000000000000007
2023-24,De'Andre Hunter,1629631,-13,29.5,14.5,1.0,0.433,2.933
2023-24,De'Andre Hunter,1629631,-12,26.0,5.0,1.0,0.286,-5.714
2023-24,De'Andre Hunter,1629631,-11,33.0,14.666666666666666,1.3333333333333333,0.438,5.437999999999999
2023-24,De'Andre Hunter,1629631,-9,35.0,10.0,2.0,0.364,3.3640000000000008
2023-24,De'Andre Hunter,1629631,-8,28.333333333333332,15.333333333333334,1.3333333333333333,0.4443333333333333,9.111
2023-24,De'Andre Hunter,1629631,-5,21.0,12.0,2.0,0.375,9.375
2023-24,De'Andre Hunter,1629631,-4,28.0,21.0,1.0,0.5,18.5
2023-24,De'Andre Hunter,1629631,-3,30.0,15.5,0.5,0.46699999999999997,13.466999999999999
2023-24,De'Andre Hunter,1629631,-1,32.0,27.0,1.0,0.615,27.615
2023-24,De'Andre Hunter,1629631,0,46.0,23.0,3.0,0.435,26.435
2023-24,De'Andre Hunter,1629631,1,39.0,21.0,1.0,0.5,23.5
2023-24,De'Andre Hunter,1629631,2,33.5,20.0,4.0,0.5,26.5
2023-24,De'Andre Hunter,1629631,3,32.25,20.5,1.5,0.4285,25.4285
2023-24,De'Andre Hunter,1629631,4,28.0,18.75,1.5,0.51125,24.76125
2023-24,De'Andre Hunter,1629631,5,24.0,20.0,2.0,0.615,27.615
2023-24,De'Andre Hunter,1629631,6,28.333333333333332,12.0,1.0,0.3323333333333333,19.33233333333333
2023-24,De'Andre Hunter,1629631,8,32.0,9.5,2.5,0.2915,20.2915
2023-24,De'Andre Hunter,1629631,9,28.0,19.5,1.0,0.5335,30.0335
2023-24,De'Andre Hunter,1629631,13,25.0,22.0,0.0,0.643,35.643
2023-24,De'Andre Hunter,1629631,14,35.0,26.0,4.0,0.688,44.688
2023-24,De'Andre Hunter,1629631,17,26.5,9.5,1.0,0.4665,27.9665
2023-24,De'Andre Hunter,1629631,20,30.0,13.0,1.0,0.417,34.417
2023-24,De'Andre Hunter,1629631,21,29.0,15.5,1.5,0.46099999999999997,38.461
2023-24,De'Andre Hunter,1629631,25,28.0,18.0,2.0,0.625,45.625
2023-24,De'Anthony Melton,1629001,-17,28.0,13.0,3.0,0.345,-0.6550000000000011
2023-24,De'Anthony Melton,1629001,-9,34.5,23.0,2.0,0.5575,16.5575
2023-24,De'Anthony Melton,1629001,-6,30.0,16.0,3.0,0.273,13.273
2023-24,De'Anthony Melton,1629001,-4,24.0,10.0,4.0,0.3,10.3
2023-24,De'Anthony Melton,1629001,-3,32.0,12.0,2.0,0.2395,11.2395
2023-24,De'Anthony Melton,1629001,-1,29.0,10.0,6.0,0.571,15.571000000000002
2023-24,De'Anthony Melton,1629001,0,28.0,5.0,4.0,0.22149999999999997,9.2215
2023-24,De'Anthony Melton,1629001,1,31.0,11.5,2.5,0.393,15.393
2023-24,De'Anthony Melton,1629001,2,26.0,14.0,4.0,0.5,20.5
2023-24,De'Anthony Melton,1629001,3,35.0,15.0,2.0,0.417,20.417
2023-24,De'Anthony Melton,1629001,4,30.0,14.0,5.0,0.417,23.417
2023-24,De'Anthony Melton,1629001,8,28.0,6.0,2.0,0.6,16.6
2023-24,De'Anthony Melton,1629001,9,25.0,6.0,3.0,0.222,18.222
2023-24,De'Anthony Melton,1629001,10,21.0,4.0,5.0,0.167,19.167
2023-24,De'Anthony Melton,1629001,11,25.0,9.0,2.0,0.5,22.5
2023-24,De'Anthony Melton,1629001,12,32.666666666666664,16.0,4.666666666666667,0.393,33.05966666666667
2023-24,De'Anthony Melton,1629001,15,29.0,10.0,2.0,0.333,27.333
2023-24,De'Anthony Melton,1629001,17,26.0,5.0,5.0,0.182,27.182000000000002
2023-24,De'Anthony Melton,1629001,18,21.0,10.0,1.0,0.444,29.444000000000003
2023-24,De'Anthony Melton,1629001,20,25.0,6.0,2.0,0.333,28.333
2023-24,De'Anthony Melton,1629001,23,27.0,21.0,1.0,0.8,45.8
2023-24,De'Anthony Melton,1629001,24,29.5,13.0,1.0,0.391,38.391
2023-24,De'Anthony Melton,1629001,25,34.0,15.0,5.0,0.462,45.462
2023-24,De'Anthony Melton,1629001,27,30.0,12.0,8.0,0.444,47.444
2023-24,DeAndre Jordan,201599,-6,24.0,9.0,2.0,0.5,5.5
2023-24,DeAndre Jordan,201599,7,20.0,9.0,1.0,1.0,18.0
2023-24,DeAndre Jordan,201599,17,33.0,21.0,5.0,0.727,43.727000000000004
2023-24,DeJon Jarreau,1630610,-11,20.0,2.0,5.0,0.167,-3.833
2023-24,DeJon Jarreau,1630610,-8,28.0,7.0,5.0,0.333,4.333
2023-24,DeJon Jarreau,1630610,-6,20.0,5.0,3.0,0.333,2.333
2023-24,DeJon Jarreau,1630610,21,20.0,8.0,6.0,0.375,35.375
2023-24,DeMar DeRozan,201942,-31,38.0,19.0,4.0,0.438,-7.562000000000001
2023-24,DeMar DeRozan,201942,-29,32.0,20.0,2.0,0.45,-6.550000000000001
2023-24,DeMar DeRozan,201942,-25,38.0,28.0,4.0,0.769,7.768999999999998
2023-24,DeMar DeRozan,201942,-24,30.0,16.0,3.0,0.5,-4.5
2023-24,DeMar DeRozan,201942,-20,25.0,19.0,6.0,0.5,5.5
2023-24,DeMar DeRozan,201942,-18,35.0,19.0,5.5,0.403,6.902999999999999
2023-24,DeMar DeRozan,201942,-17,35.0,11.0,5.0,0.38,-0.620000000000001
2023-24,DeMar DeRozan,201942,-16,34.5,24.5,5.0,0.40149999999999997,13.901499999999999
2023-24,DeMar DeRozan,201942,-15,34.0,15.0,5.0,0.6,5.600000000000001
2023-24,DeMar DeRozan,201942,-14,32.0,20.5,3.5,0.369,10.369
2023-24,DeMar DeRozan,201942,-13,35.0,21.0,4.0,0.375,12.375
2023-24,DeMar DeRozan,201942,-12,31.333333333333332,18.333333333333332,5.333333333333333,0.47333333333333333,12.139999999999997
2023-24,DeMar DeRozan,201942,-11,35.0,21.5,4.0,0.519,15.018999999999998
2023-24,DeMar DeRozan,201942,-10,40.5,22.5,6.5,0.44599999999999995,19.446
2023-24,DeMar DeRozan,201942,-9,42.0,19.0,4.0,0.263,14.263000000000002
2023-24,DeMar DeRozan,201942,-8,40.0,21.0,8.0,0.429,21.429
2023-24,DeMar DeRozan,201942,-7,38.333333333333336,23.666666666666668,6.333333333333333,0.5026666666666667,23.502666666666666
2023-24,DeMar DeRozan,201942,-6,39.0,29.333333333333332,4.666666666666667,0.49333333333333335,28.493333333333332
2023-24,DeMar DeRozan,201942,-5,35.5,17.0,5.0,0.3725,17.3725
2023-24,DeMar DeRozan,201942,-3,39.333333333333336,27.666666666666668,6.666666666666667,0.5883333333333334,31.921666666666667
2023-24,DeMar DeRozan,201942,-2,38.666666666666664,23.333333333333332,4.333333333333333,0.4073333333333333,26.073999999999998
2023-24,DeMar DeRozan,201942,-1,40.0,24.0,6.0,0.563,29.563
2023-24,DeMar DeRozan,201942,0,42.5,31.5,4.0,0.479,35.979
2023-24,DeMar DeRozan,201942,2,35.0,25.0,5.0,0.606,32.606
2023-24,DeMar DeRozan,201942,3,37.0,15.0,3.0,0.4,21.4
2023-24,DeMar DeRozan,201942,4,39.25,30.0,5.5,0.53025,40.03025
2023-24,DeMar DeRozan,201942,5,41.0,29.5,5.75,0.494,40.744
2023-24,DeMar DeRozan,201942,6,37.666666666666664,28.333333333333332,7.0,0.446,41.77933333333333
2023-24,DeMar DeRozan,201942,7,39.0,27.0,8.0,0.478,42.478
2023-24,DeMar DeRozan,201942,8,40.0,25.0,6.0,0.471,39.471000000000004
2023-24,DeMar DeRozan,201942,9,37.0,27.0,6.0,0.409,42.409
2023-24,DeMar DeRozan,201942,10,38.5,20.5,7.5,0.522,38.522
2023-24,DeMar DeRozan,201942,11,40.0,20.0,6.0,0.571,37.571
2023-24,DeMar DeRozan,201942,12,39.333333333333336,30.0,4.0,0.5293333333333333,46.529333333333334
2023-24,DeMar DeRozan,201942,13,38.0,24.5,7.5,0.43999999999999995,45.44
2023-24,DeMar DeRozan,201942,14,41.5,20.5,5.5,0.4335,40.433499999999995
2023-24,DeMar DeRozan,201942,15,34.5,29.5,5.5,0.476,50.476
2023-24,DeMar DeRozan,201942,16,34.0,13.0,6.0,0.429,35.429
2023-24,DeMar DeRozan,201942,17,35.5,28.0,6.0,0.575,51.575
2023-24,DeMar DeRozan,201942,18,40.5,31.5,4.5,0.6125,54.6125
2023-24,DeMar DeRozan,201942,19,37.0,25.5,3.5,0.5145,48.5145
2023-24,DeMar DeRozan,201942,23,36.0,18.0,8.0,0.35,49.35
2023-24,Dean Wade,1629731,-25,32.0,0.0,2.0,0.0,-23.0
2023-24,Dean Wade,1629731,-14,28.0,9.0,0.0,0.6,-4.4
2023-24,Dean Wade,1629731,-12,30.0,0.0,2.0,0.0,-10.0
2023-24,Dean Wade,1629731,-10,22.0,6.0,0.0,0.5,-3.5
2023-24,Dean Wade,1629731,-9,26.0,8.0,0.0,0.5,-0.5
2023-24,Dean Wade,1629731,-5,20.0,0.0,2.0,0.0,-3.0
2023-24,Dean Wade,1629731,-4,26.0,20.0,0.0,0.636,16.636
2023-24,Dean Wade,1629731,-3,29.0,3.0,2.0,0.333,2.333
2023-24,Dean Wade,1629731,-1,21.0,12.0,1.0,0.8,12.8
2023-24,Dean Wade,1629731,0,21.0,3.0,0.0,1.0,4.0
2023-24,Dean Wade,1629731,1,30.0,9.0,0.0,0.375,10.375
2023-24,Dean Wade,1629731,2,21.0,9.0,0.0,0.6,11.6
2023-24,Dean Wade,1629731,3,36.0,6.0,3.0,0.4,12.4
2023-24,Dean Wade,1629731,5,20.0,2.0,0.0,0.5,7.5
2023-24,Dean Wade,1629731,6,27.0,8.0,2.5,0.3125,16.8125
2023-24,Dean Wade,1629731,9,27.0,4.0,2.0,0.0,15.0
2023-24,Dean Wade,1629731,11,25.0,17.0,0.0,0.857,28.857
2023-24,Dean Wade,1629731,12,36.0,11.0,1.0,0.333,24.333
2023-24,Dean Wade,1629731,15,26.0,5.666666666666667,1.3333333333333333,0.311,22.311
2023-24,Dean Wade,1629731,16,21.0,23.0,1.0,0.727,40.727000000000004
2023-24,Dean Wade,1629731,19,27.0,6.0,1.0,0.4,26.4
2023-24,Dean Wade,1629731,20,23.0,6.0,1.5,0.375,27.875
2023-24,Dean Wade,1629731,23,24.0,5.0,0.0,0.4,28.4
2023-24,Dean Wade,1629731,24,24.0,9.0,0.0,0.75,33.75
2023-24,Dean Wade,1629731,25,24.0,6.0,2.0,0.5,33.5
2023-24,Dean Wade,1629731,40,20.0,5.0,0.0,0.4,45.4
2023-24,Deandre Ayton,1629028,-33,30.0,18.0,4.0,0.643,-10.357
2023-24,Deandre Ayton,1629028,-32,24.0,18.0,1.0,0.6,-12.399999999999999
2023-24,Deandre Ayton,1629028,-26,29.5,20.5,1.5,0.698,-3.3019999999999996
2023-24,Deandre Ayton,1629028,-20,35.0,22.0,3.0,0.647,5.6469999999999985
2023-24,Deandre Ayton,1629028,-19,35.0,22.0,2.0,0.478,5.4780000000000015
2023-24,Deandre Ayton,1629028,-18,35.0,6.0,0.0,0.333,-11.667
2023-24,Deandre Ayton,1629028,-17,27.5,9.0,0.0,0.5145,-7.4855
2023-24,Deandre Ayton,1629028,-16,26.0,8.0,1.0,0.5,-6.5
2023-24,Deandre Ayton,1629028,-15,23.0,7.5,1.5,0.4145,-5.5855
2023-24,Deandre Ayton,1629028,-14,27.5,9.0,0.5,0.35,-4.15
2023-24,Deandre Ayton,1629028,-13,26.0,14.0,1.0,0.6475,2.647500000000001
2023-24,Deandre Ayton,1629028,-12,40.0,31.0,0.0,0.571,19.571
2023-24,Deandre Ayton,1629028,-11,31.0,22.0,1.0,0.917,12.917000000000002
2023-24,Deandre Ayton,1629028,-10,35.0,20.0,1.0,0.588,11.588000000000001
2023-24,Deandre Ayton,1629028,-9,27.0,5.0,2.0,0.286,-1.7140000000000004
2023-24,Deandre Ayton,1629028,-8,35.142857142857146,21.285714285714285,1.5714285714285714,0.5650000000000001,15.422142857142859
2023-24,Deandre Ayton,1629028,-7,37.0,17.5,2.5,0.5355,13.535499999999999
2023-24,Deandre Ayton,1629028,-6,32.666666666666664,17.333333333333332,2.0,0.6346666666666666,13.968
2023-24,Deandre Ayton,1629028,-5,28.5,13.0,2.0,0.544,10.544
2023-24,Deandre Ayton,1629028,-3,32.0,8.0,1.0,0.5,6.5
2023-24,Deandre Ayton,1629028,-2,22.0,6.0,1.0,0.3,5.3
2023-24,Deandre Ayton,1629028,0,37.0,23.0,1.5,0.6475,25.1475
2023-24,Deandre Ayton,1629028,1,27.0,7.0,2.0,0.6,10.6
2023-24,Deandre Ayton,1629028,2,28.0,13.0,2.0,0.5,17.5
2023-24,Deandre Ayton,1629028,3,38.0,22.0,1.0,0.692,26.692
2023-24,Deandre Ayton,1629028,5,35.5,21.5,2.5,0.6495,29.6495
2023-24,Deandre Ayton,1629028,6,30.0,14.0,1.0,0.778,21.778
2023-24,Deandre Ayton,1629028,7,37.666666666666664,14.666666666666666,2.3333333333333335,0.5106666666666667,24.510666666666665
2023-24,Deandre Ayton,1629028,8,40.0,34.0,3.0,0.52,45.52
2023-24,Deandre Ayton,1629028,10,37.5,23.0,1.5,0.5980000000000001,35.098
2023-24,Deandre Ayton,1629028,15,40.0,18.0,3.0,0.615,36.614999999999995
2023-24,Deandre Ayton,1629028,16,40.0,33.0,1.0,0.75,50.75
2023-24,Deandre Ayton,1629028,28,30.0,18.0,2.0,0.643,48.643
2023-24,Dejounte Murray,1627749,-30,30.0,32.0,3.0,0.684,5.6839999999999975
2023-24,Dejounte Murray,1627749,-28,31.0,13.0,4.0,0.333,-10.667000000000002
2023-24,Dejounte Murray,1627749,-27,35.0,14.0,12.0,0.267,-0.7330000000000005
2023-24,Dejounte Murray,1627749,-25,31.0,13.0,10.0,0.333,-1.6670000000000016
2023-24,Dejounte Murray,1627749,-22,31.0,20.5,4.0,0.423,2.9229999999999983
2023-24,Dejounte Murray,1627749,-21,34.0,17.5,4.0,0.4285,0.9284999999999997
2023-24,Dejounte Murray,1627749,-20,34.0,27.0,3.5,0.605,11.105
2023-24,Dejounte Murray,1627749,-18,35.0,13.0,3.0,0.313,-1.6870000000000012
2023-24,Dejounte Murray,1627749,-17,34.0,20.0,5.0,0.471,8.471
2023-24,Dejounte Murray,1627749,-16,33.5,14.5,3.0,0.4265,1.9265000000000008
2023-24,Dejounte Murray,1627749,-15,32.0,11.0,6.0,0.214,2.2139999999999986
2023-24,Dejounte Murray,1627749,-14,37.0,22.0,6.5,0.4355,14.935500000000001
2023-24,Dejounte Murray,1627749,-13,38.0,31.5,5.0,0.4425,23.942500000000003
2023-24,Dejounte Murray,1627749,-10,42.0,20.0,12.0,0.368,22.368000000000002
2023-24,Dejounte Murray,1627749,-9,35.0,23.0,5.0,0.563,19.563
2023-24,Dejounte Murray,1627749,-8,35.0,21.0,5.0,0.467,18.467
2023-24,Dejounte Murray,1627749,-7,34.2,21.0,5.4,0.4332,19.833199999999998
2023-24,Dejounte Murray,1627749,-6,36.0,19.5,4.5,0.4175,18.4175
2023-24,Dejounte Murray,1627749,-5,35.75,20.25,8.5,0.38549999999999995,24.1355
2023-24,Dejounte Murray,1627749,-4,37.5,30.5,5.0,0.5725,32.0725
2023-24,Dejounte Murray,1627749,-3,34.25,24.5,6.25,0.47875,28.22875
2023-24,Dejounte Murray,1627749,-2,36.0,26.0,5.0,0.611,29.611
2023-24,Dejounte Murray,1627749,-1,32.5,26.5,3.0,0.599,29.099
2023-24,Dejounte Murray,1627749,0,34.75,20.5,3.75,0.42625,24.67625
2023-24,Dejounte Murray,1627749,1,37.0,25.0,5.0,0.444,31.444
2023-24,Dejounte Murray,1627749,2,33.0,18.0,6.0,0.4673333333333333,26.467333333333332
2023-24,Dejounte Murray,1627749,3,42.5,33.0,9.0,0.409,45.409
2023-24,Dejounte Murray,1627749,4,41.0,23.333333333333332,8.666666666666666,0.40199999999999997,36.402
2023-24,Dejounte Murray,1627749,5,34.5,17.0,2.5,0.375,24.875
2023-24,Dejounte Murray,1627749,6,39.0,26.0,12.0,0.367,44.367
2023-24,Dejounte Murray,1627749,8,39.0,34.0,7.0,0.474,49.474
2023-24,Dejounte Murray,1627749,9,37.0,32.0,10.0,0.524,51.524
2023-24,Dejounte Murray,1627749,10,34.666666666666664,20.0,8.666666666666666,0.4266666666666667,39.093333333333334
2023-24,Dejounte Murray,1627749,11,33.0,17.0,6.0,0.412,34.412
2023-24,Dejounte Murray,1627749,12,38.0,18.0,9.0,0.333,39.333
2023-24,Dejounte Murray,1627749,13,36.666666666666664,25.0,8.333333333333334,0.5333333333333333,46.86666666666667
2023-24,Dejounte Murray,1627749,15,36.5,32.5,7.0,0.6735,55.1735
2023-24,Dejounte Murray,1627749,18,33.0,17.0,9.0,0.444,44.444
2023-24,Dejounte Murray,1627749,19,29.5,17.5,9.5,0.4325,46.432500000000005
2023-24,Dejounte Murray,1627749,20,35.0,24.0,11.0,0.476,55.476
2023-24,Dejounte Murray,1627749,23,30.0,28.0,12.0,0.714,63.714
2023-24,Dejounte Murray,1627749,25,39.0,41.0,5.0,0.708,71.708
2023-24,Dejounte Murray,1627749,26,29.0,15.0,5.0,0.5,46.5
2023-24,Delon Wright,1626153,-23,22.0,5.0,3.0,0.286,-14.714
2023-24,Delon Wright,1626153,-15,25.0,8.0,6.0,0.375,-0.625
2023-24,Delon Wright,1626153,-2,20.0,6.0,0.0,0.429,4.429
2023-24,Delon Wright,1626153,2,20.0,2.0,7.0,0.0,11.0
2023-24,Delon Wright,1626153,3,21.0,9.0,4.0,1.0,17.0
2023-24,Delon Wright,1626153,6,20.5,5.0,5.5,0.5415,17.0415
2023-24,Delon Wright,1626153,9,35.0,13.0,5.0,0.6,27.6
2023-24,Delon Wright,1626153,10,21.0,8.0,4.0,0.429,22.429000000000002
2023-24,Delon Wright,1626153,15,30.0,8.0,1.0,0.333,24.333
2023-24,Delon Wright,1626153,16,20.0,6.0,4.0,0.4,26.4
2023-24,Delon Wright,1626153,21,20.0,5.0,1.0,0.286,27.286
2023-24,Delon Wright,1626153,23,28.0,11.0,4.0,0.571,38.571
2023-24,Delon Wright,1626153,26,26.0,18.0,3.0,0.8,47.8
2023-24,Deni Avdija,1630166,-33,26.0,13.0,3.0,0.455,-16.545
2023-24,Deni Avdija,1630166,-31,25.0,9.0,3.0,0.375,-18.625
2023-24,Deni Avdija,1630166,-28,31.0,7.0,2.0,0.6,-18.4
2023-24,Deni Avdija,1630166,-26,22.0,11.0,1.0,0.4,-13.6
2023-24,Deni Avdija,1630166,-23,23.0,9.0,3.0,0.375,-10.625
2023-24,Deni Avdija,1630166,-22,25.0,13.0,4.0,0.625,-4.375
2023-24,Deni Avdija,1630166,-20,32.0,17.0,4.0,0.625,1.625
2023-24,Deni Avdija,1630166,-17,21.0,7.0,4.0,0.273,-5.727
2023-24,Deni Avdija,1630166,-16,33.666666666666664,18.0,4.333333333333333,0.46166666666666667,6.794999999999998
2023-24,Deni Avdija,1630166,-15,24.5,13.0,3.0,0.45,1.4499999999999993
2023-24,Deni Avdija,1630166,-14,26.5,11.5,2.5,0.5115000000000001,0.5114999999999998
2023-24,Deni Avdija,1630166,-13,30.0,12.5,3.0,0.55,3.0500000000000007
2023-24,Deni Avdija,1630166,-12,29.5,13.0,2.0,0.5435,3.5435
2023-24,Deni Avdija,1630166,-11,43.0,15.0,5.0,0.5,9.5
2023-24,Deni Avdija,1630166,-10,25.0,9.0,4.5,0.384,3.8840000000000003
2023-24,Deni Avdija,1630166,-9,31.5,23.0,5.0,0.7595000000000001,19.7595
2023-24,Deni Avdija,1630166,-7,33.0,23.0,6.0,0.692,22.692
2023-24,Deni Avdija,1630166,-6,29.0,16.5,3.0,0.6515,14.151499999999999
2023-24,Deni Avdija,1630166,-5,23.5,7.5,5.0,0.293,7.792999999999999
2023-24,Deni Avdija,1630166,-4,29.0,13.0,7.0,0.5,16.5
2023-24,Deni Avdija,1630166,-3,34.0,17.0,4.0,0.5,18.5
2023-24,Deni Avdija,1630166,-2,31.6,12.0,4.4,0.44279999999999997,14.842799999999997
2023-24,Deni Avdija,1630166,-1,32.666666666666664,14.0,3.3333333333333335,0.5463333333333333,16.879666666666665
2023-24,Deni Avdija,1630166,0,31.0,15.666666666666666,6.0,0.4166666666666667,22.083333333333332
2023-24,Deni Avdija,1630166,1,29.2,18.8,4.2,0.5896,24.5896
2023-24,Deni Avdija,1630166,2,24.0,15.0,1.0,0.4,18.4
2023-24,Deni Avdija,1630166,3,28.666666666666668,16.666666666666668,3.0,0.5046666666666667,23.171333333333333
2023-24,Deni Avdija,1630166,4,38.0,22.0,0.0,0.583,26.583
2023-24,Deni Avdija,1630166,5,29.0,15.5,5.0,0.5,26.0
2023-24,Deni Avdija,1630166,6,30.0,8.0,8.0,0.4,22.4
2023-24,Deni Avdija,1630166,7,31.0,7.0,2.0,0.333,16.333
2023-24,Deni Avdija,1630166,8,32.0,16.0,4.0,0.636,28.636
2023-24,Deni Avdija,1630166,9,33.166666666666664,15.166666666666666,3.6666666666666665,0.5476666666666666,28.381
2023-24,Deni Avdija,1630166,11,37.0,19.0,9.0,0.583,39.583
2023-24,Deni Avdija,1630166,12,41.0,24.0,4.0,0.7,40.7
2023-24,Deni Avdija,1630166,13,33.0,21.0,6.0,0.5,40.5
2023-24,Deni Avdija,1630166,14,35.0,30.0,2.5,0.549,47.049
2023-24,Deni Avdija,1630166,18,23.0,10.0,2.0,0.5,30.5
2023-24,Dennis Schroder,203471,-30,23.0,4.0,2.0,0.143,-23.857
2023-24,Dennis Schroder,203471,-29,22.0,9.0,5.0,0.222,-14.778
2023-24,Dennis Schroder,203471,-23,35.0,19.0,4.0,0.313,0.31299999999999883
2023-24,Dennis Schroder,203471,-20,28.333333333333332,11.333333333333334,3.0,0.46799999999999997,-5.198666666666666
2023-24,Dennis Schroder,203471,-18,22.0,8.0,1.0,0.4,-8.6
2023-24,Dennis Schroder,203471,-17,32.0,6.0,8.0,0.2985,-2.7014999999999993
2023-24,Dennis Schroder,203471,-16,31.0,7.5,4.0,0.268,-4.231999999999999
2023-24,Dennis Schroder,203471,-15,24.333333333333332,10.333333333333334,3.0,0.4296666666666667,-1.237
2023-24,Dennis Schroder,203471,-14,29.0,13.5,4.0,0.3625,3.8625000000000007
2023-24,Dennis Schroder,203471,-13,31.5,8.75,4.5,0.309,0.5589999999999993
2023-24,Dennis Schroder,203471,-11,27.0,24.0,1.0,0.615,14.614999999999998
2023-24,Dennis Schroder,203471,-10,36.0,10.0,9.0,0.3,9.3
2023-24,Dennis Schroder,203471,-9,25.5,9.5,4.5,0.372,5.372
2023-24,Dennis Schroder,203471,-7,36.5,16.0,8.5,0.4325,17.9325
2023-24,Dennis Schroder,203471,-6,34.5,9.5,7.5,0.2475,11.247499999999999
2023-24,Dennis Schroder,203471,-5,33.0,14.75,8.5,0.38075,18.63075
2023-24,Dennis Schroder,203471,-3,37.0,13.0,9.0,0.385,19.385
2023-24,Dennis Schroder,203471,-2,31.333333333333332,17.166666666666668,7.333333333333333,0.4776666666666667,22.977666666666668
2023-24,Dennis Schroder,203471,-1,33.0,16.5,5.5,0.5295,21.5295
2023-24,Dennis Schroder,203471,1,35.2,19.2,6.6,0.4718,27.2718
2023-24,Dennis Schroder,203471,2,34.0,9.5,7.5,0.2915,19.2915
2023-24,Dennis Schroder,203471,3,31.0,9.0,3.0,0.3,15.3
2023-24,Dennis Schroder,203471,4,30.0,16.666666666666668,6.333333333333333,0.49466666666666664,27.494666666666667
2023-24,Dennis Schroder,203471,5,32.5,18.5,7.0,0.467,30.967
2023-24,Dennis Schroder,203471,6,33.0,16.0,10.0,0.455,32.455
2023-24,Dennis Schroder,203471,7,29.0,14.0,6.0,0.417,27.417
2023-24,Dennis Schroder,203471,8,36.0,19.0,7.0,0.467,34.467
2023-24,Dennis Schroder,203471,9,30.666666666666668,16.666666666666668,6.0,0.48500000000000004,32.15166666666667
2023-24,Dennis Schroder,203471,10,29.0,17.333333333333332,7.666666666666667,0.4626666666666666,35.462666666666664
2023-24,Dennis Schroder,203471,12,31.333333333333332,14.333333333333334,5.333333333333333,0.5773333333333334,32.244
2023-24,Dennis Schroder,203471,14,27.0,13.0,4.0,0.6,31.6
2023-24,Dennis Schroder,203471,15,32.666666666666664,21.333333333333332,6.666666666666667,0.6183333333333333,43.61833333333333
2023-24,Dennis Schroder,203471,16,34.0,14.0,8.0,0.308,38.308
2023-24,Dennis Schroder,203471,17,35.0,12.0,11.0,0.357,40.357
2023-24,Dennis Schroder,203471,18,26.0,18.0,5.0,0.583,41.583
2023-24,Dennis Schroder,203471,19,26.0,17.0,7.0,0.533,43.533
2023-24,Dennis Schroder,203471,21,31.0,25.5,9.0,0.584,56.084
2023-24,Dennis Schroder,203471,29,28.0,9.0,10.0,0.667,48.667
2023-24,Dennis Schroder,203471,31,26.0,9.0,6.0,0.5,46.5
2023-24,Dennis Smith Jr.,1628372,-21,20.0,5.0,3.0,0.333,-12.667
2023-24,Dennis Smith Jr.,1628372,-19,29.0,10.0,10.0,0.375,1.375
2023-24,Dennis Smith Jr.,1628372,-11,29.5,11.0,6.5,0.428,6.928000000000001
2023-24,Dennis Smith Jr.,1628372,-2,23.0,9.0,3.0,0.3,10.3
2023-24,Dennis Smith Jr.,1628372,1,28.0,13.0,6.0,0.472,20.472
2023-24,Dennis Smith Jr.,1628372,3,21.0,4.5,4.5,0.271,12.271
2023-24,Dennis Smith Jr.,1628372,5,22.5,8.5,4.5,0.4285,18.4285
2023-24,Dennis Smith Jr.,1628372,6,23.5,4.0,6.0,0.4375,16.4375
2023-24,Dennis Smith Jr.,1628372,10,32.0,8.0,5.0,0.375,23.375
2023-24,Dennis Smith Jr.,1628372,12,20.0,10.0,5.0,0.571,27.570999999999998
2023-24,Dennis Smith Jr.,1628372,13,23.0,7.0,6.0,0.5,26.5
2023-24,Dennis Smith Jr.,1628372,14,24.0,13.0,7.0,0.545,34.545
2023-24,Dennis Smith Jr.,1628372,18,21.5,12.0,4.0,0.5835,34.5835
2023-24,Dennis Smith Jr.,1628372,22,20.0,7.0,2.0,0.667,31.667
2023-24,Dereck Lively II,1641726,-20,25.0,8.0,1.0,0.8,-10.2
2023-24,Dereck Lively II,1641726,-18,23.0,14.0,0.0,0.875,-3.125
2023-24,Dereck Lively II,1641726,-16,29.0,6.0,0.0,0.5,-9.5
2023-24,Dereck Lively II,1641726,-15,23.0,15.0,1.0,1.0,2.0
2023-24,Dereck Lively II,1641726,-12,31.0,15.0,0.0,0.778,3.7780000000000005
2023-24,Dereck Lively II,1641726,-10,24.0,4.0,0.0,0.667,-5.333
2023-24,Dereck Lively II,1641726,-8,21.5,4.0,1.5,0.45,-2.05
2023-24,Dereck Lively II,1641726,-7,24.0,5.0,1.0,1.0,0.0
2023-24,Dereck Lively II,1641726,-5,25.0,12.5,1.0,0.9445,9.4445
2023-24,Dereck Lively II,1641726,-3,24.0,10.0,2.0,0.625,9.625
2023-24,Dereck Lively II,1641726,-2,26.5,7.0,1.5,1.0,7.5
2023-24,Dereck Lively II,1641726,-1,23.0,9.0,2.0,0.732,10.732
2023-24,Dereck Lively II,1641726,0,23.0,9.0,1.0,1.0,11.0
2023-24,Dereck Lively II,1641726,1,32.0,15.0,1.0,0.778,17.778
2023-24,Dereck Lively II,1641726,5,35.0,16.0,2.0,0.889,23.889
2023-24,Dereck Lively II,1641726,6,28.0,10.0,2.0,0.833,18.833
2023-24,Dereck Lively II,1641726,8,30.0,8.0,0.0,0.571,16.570999999999998
2023-24,Dereck Lively II,1641726,10,21.0,4.0,1.0,0.4,15.4
2023-24,Dereck Lively II,1641726,11,31.0,13.0,0.0,0.667,24.667
2023-24,Dereck Lively II,1641726,12,36.5,16.0,0.5,0.857,29.357
2023-24,Dereck Lively II,1641726,13,33.0,15.0,0.5,0.8445,29.3445
2023-24,Dereck Lively II,1641726,15,29.5,6.5,3.5,0.4875,25.4875
2023-24,Dereck Lively II,1641726,16,25.0,13.0,3.0,0.723,32.723
2023-24,Dereck Lively II,1641726,17,23.0,4.0,1.0,0.667,22.667
2023-24,Dereck Lively II,1641726,18,31.0,20.0,1.0,0.889,39.888999999999996
2023-24,Dereck Lively II,1641726,20,30.0,16.0,1.0,0.875,37.875
2023-24,Dereck Lively II,1641726,22,20.0,22.0,3.0,0.917,47.917
2023-24,Dereck Lively II,1641726,26,24.0,10.0,1.0,0.833,37.833
2023-24,Derrick Jones Jr.,1627884,-35,24.0,6.0,1.0,0.375,-27.625
2023-24,Derrick Jones Jr.,1627884,-25,28.0,5.5,0.0,0.5625,-18.9375
2023-24,Derrick Jones Jr.,1627884,-23,31.0,16.0,1.0,0.429,-5.5710000000000015
2023-24,Derrick Jones Jr.,1627884,-21,22.0,3.0,1.0,0.25,-16.75
2023-24,Derrick Jones Jr.,1627884,-20,27.0,24.0,1.0,0.8,5.800000000000001
2023-24,Derrick Jones Jr.,1627884,-18,24.0,6.0,0.0,0.5,-11.5
2023-24,Derrick Jones Jr.,1627884,-17,31.0,10.0,0.0,0.667,-6.333
2023-24,Derrick Jones Jr.,1627884,-12,35.0,8.0,1.0,0.5,-2.5
2023-24,Derrick Jones Jr.,1627884,-11,24.0,6.0,1.0,0.333,-3.667
2023-24,Derrick Jones Jr.,1627884,-10,36.0,11.0,2.0,0.556,3.556000000000001
2023-24,Derrick Jones Jr.,1627884,-8,35.0,12.0,1.0,0.385,5.385
2023-24,Derrick Jones Jr.,1627884,-7,25.0,10.0,0.0,0.75,3.75
2023-24,Derrick Jones Jr.,1627884,-6,30.0,7.0,2.0,0.34299999999999997,3.343
2023-24,Derrick Jones Jr.,1627884,-5,24.0,7.0,1.0,0.429,3.4290000000000003
2023-24,Derrick Jones Jr.,1627884,-3,33.0,18.0,4.0,0.545,19.545
2023-24,Derrick Jones Jr.,1627884,-1,28.5,18.0,0.5,0.475,17.975
2023-24,Derrick Jones Jr.,1627884,1,32.0,20.0,1.0,0.6615,22.6615
2023-24,Derrick Jones Jr.,1627884,2,31.0,8.5,1.0,0.4085,11.9085
2023-24,Derrick Jones Jr.,1627884,3,30.0,15.0,0.0,0.333,18.333
2023-24,Derrick Jones Jr.,1627884,4,21.5,4.5,1.0,0.298,9.798
2023-24,Derrick Jones Jr.,1627884,5,25.0,15.5,1.0,0.649,22.149
2023-24,Derrick Jones Jr.,1627884,7,35.0,9.0,1.0,0.273,17.273
2023-24,Derrick Jones Jr.,1627884,8,21.0,4.5,1.5,0.333,14.333
2023-24,Derrick Jones Jr.,1627884,11,31.333333333333332,15.666666666666666,1.0,0.6673333333333332,28.333999999999996
2023-24,Derrick Jones Jr.,1627884,12,26.0,22.0,0.0,0.7,34.7
2023-24,Derrick Jones Jr.,1627884,13,28.0,14.0,0.0,0.5,27.5
2023-24,Derrick Jones Jr.,1627884,15,32.5,20.5,2.0,0.607,38.107
2023-24,Derrick Jones Jr.,1627884,18,20.0,12.0,0.0,0.833,30.833
2023-24,Derrick Jones Jr.,1627884,20,24.0,9.0,1.0,0.364,30.364
2023-24,Derrick Jones Jr.,1627884,21,31.0,13.0,1.5,0.75,36.25
2023-24,Derrick Jones Jr.,1627884,22,24.0,9.0,3.0,0.5,34.5
2023-24,Derrick Jones Jr.,1627884,23,22.5,6.5,1.0,0.7085,31.2085
2023-24,Derrick Jones Jr.,1627884,25,21.0,8.0,3.0,0.4,36.4
2023-24,Derrick Jones Jr.,1627884,28,24.0,12.0,1.0,0.8,41.8
2023-24,Derrick Jones Jr.,1627884,36,28.0,11.0,3.0,0.4,50.4
2023-24,Derrick Rose,201565,-14,30.0,19.0,6.0,0.5,11.5
2023-24,Derrick Rose,201565,-10,21.0,17.0,1.0,0.889,8.889
2023-24,Derrick Rose,201565,-8,22.0,6.0,7.0,0.286,5.286
2023-24,Derrick Rose,201565,-1,21.0,16.0,3.0,0.429,18.429
2023-24,Derrick Rose,201565,20,26.0,14.0,9.0,0.636,43.635999999999996
2023-24,Derrick Rose,201565,21,20.0,6.0,3.0,0.429,30.429000000000002
2023-24,Derrick White,1628401,-29,28.0,2.0,2.0,0.2,-24.8
2023-24,Derrick White,1628401,-22,24.0,2.0,2.0,0.0,-18.0
2023-24,Derrick White,1628401,-19,32.0,9.0,6.0,0.364,-3.6359999999999992
2023-24,Derrick White,1628401,-11,32.5,7.5,2.0,0.23349999999999999,-1.2665000000000006
2023-24,Derrick White,1628401,-8,37.0,22.0,1.0,0.389,15.389
2023-24,Derrick White,1628401,-7,37.0,23.0,8.0,0.471,24.471
2023-24,Derrick White,1628401,-6,36.5,16.5,4.0,0.4445,14.944500000000001
2023-24,Derrick White,1628401,-4,35.0,21.0,6.5,0.469,23.969
2023-24,Derrick White,1628401,-3,34.0,8.5,5.5,0.4445,11.4445
2023-24,Derrick White,1628401,-2,35.333333333333336,14.666666666666666,5.666666666666667,0.375,18.708333333333332
2023-24,Derrick White,1628401,-1,37.0,21.5,4.0,0.42900000000000005,24.929
2023-24,Derrick White,1628401,0,35.0,21.0,7.0,0.571,28.571
2023-24,Derrick White,1628401,1,31.333333333333332,10.333333333333334,6.0,0.4526666666666667,17.786
2023-24,Derrick White,1628401,2,33.5,17.0,7.0,0.359,26.359
2023-24,Derrick White,1628401,3,38.0,24.5,5.0,0.655,33.155
2023-24,Derrick White,1628401,4,35.5,15.5,5.0,0.4,24.9
2023-24,Derrick White,1628401,5,28.0,19.0,6.0,0.583,30.583
2023-24,Derrick White,1628401,6,37.5,11.0,3.5,0.43900000000000006,20.939
2023-24,Derrick White,1628401,7,31.8,14.6,4.6,0.4856,26.6856
2023-24,Derrick White,1628401,8,36.0,17.666666666666668,5.333333333333333,0.4713333333333333,31.471333333333334
2023-24,Derrick White,1628401,9,33.0,14.5,3.0,0.528,27.028
2023-24,Derrick White,1628401,11,43.0,9.0,6.0,0.273,26.273
2023-24,Derrick White,1628401,12,34.0,11.0,5.0,0.357,28.357
2023-24,Derrick White,1628401,13,32.75,16.75,5.5,0.452,35.702
2023-24,Derrick White,1628401,14,31.0,3.0,4.0,0.143,21.143
2023-24,Derrick White,1628401,15,32.0,22.0,5.0,0.6093333333333333,42.60933333333333
2023-24,Derrick White,1628401,16,32.0,23.0,9.0,0.692,48.692
2023-24,Derrick White,1628401,17,36.0,22.0,10.0,0.4,49.4
2023-24,Derrick White,1628401,19,26.0,10.0,3.0,0.333,32.333
2023-24,Derrick White,1628401,20,27.0,10.666666666666666,4.0,0.45166666666666666,35.11833333333333
2023-24,Derrick White,1628401,21,31.5,21.5,5.5,0.5625,48.5625
2023-24,Derrick White,1628401,23,35.0,19.0,11.0,0.357,53.357
2023-24,Derrick White,1628401,24,27.0,16.0,5.5,0.5680000000000001,46.068
2023-24,Derrick White,1628401,27,26.333333333333332,12.666666666666666,4.666666666666667,0.528,44.861333333333334
2023-24,Derrick White,1628401,29,31.0,14.0,8.0,0.47050000000000003,51.4705
2023-24,Derrick White,1628401,31,29.0,6.0,6.0,0.333,43.333
2023-24,Derrick White,1628401,34,26.0,18.0,4.0,0.7,56.7
2023-24,Derrick White,1628401,44,27.0,27.0,4.0,0.625,75.625
2023-24,Desmond Bane,1630217,-27,25.0,23.0,2.0,0.692,-1.3079999999999998
2023-24,Desmond Bane,1630217,-25,27.0,21.0,0.0,0.368,-3.6320000000000014
2023-24,Desmond Bane,1630217,-24,27.0,15.0,5.0,0.5,-3.5
2023-24,Desmond Bane,1630217,-23,34.0,15.5,2.0,0.4455,-5.054500000000001
2023-24,Desmond Bane,1630217,-18,30.5,13.75,4.5,0.3155,0.5655000000000001
2023-24,Desmond Bane,1630217,-17,35.5,18.5,4.0,0.3405,5.840499999999999
2023-24,Desmond Bane,1630217,-15,25.0,23.0,4.0,0.5,12.5
2023-24,Desmond Bane,1630217,-13,36.0,23.0,5.0,0.571,15.571000000000002
2023-24,Desmond Bane,1630217,-11,33.0,26.0,5.0,0.5,20.5
2023-24,Desmond Bane,1630217,-10,34.0,6.0,10.0,0.25,6.25
2023-24,Desmond Bane,1630217,-8,31.0,15.0,3.0,0.235,10.235
2023-24,Desmond Bane,1630217,-7,32.0,24.0,8.666666666666666,0.389,26.055666666666667
2023-24,Desmond Bane,1630217,-5,36.0,27.5,5.5,0.5780000000000001,28.578000000000003
2023-24,Desmond Bane,1630217,-3,29.0,27.0,5.0,0.588,29.588
2023-24,Desmond Bane,1630217,-1,35.0,49.0,8.0,0.613,56.613
2023-24,Desmond Bane,1630217,0,37.0,30.0,3.0,0.706,33.706
2023-24,Desmond Bane,1630217,1,37.333333333333336,31.666666666666668,8.0,0.4856666666666667,41.15233333333334
2023-24,Desmond Bane,1630217,2,39.0,28.0,3.0,0.44,33.44
2023-24,Desmond Bane,1630217,3,37.0,25.5,4.5,0.528,33.528
2023-24,Desmond Bane,1630217,4,34.0,26.0,4.0,0.533,34.533
2023-24,Desmond Bane,1630217,5,36.0,21.5,6.0,0.4605,32.960499999999996
2023-24,Desmond Bane,1630217,6,35.5,24.0,7.0,0.45599999999999996,37.456
2023-24,Desmond Bane,1630217,8,34.0,30.0,5.0,0.481,43.481
2023-24,Desmond Bane,1630217,11,36.5,26.5,8.25,0.475,46.225
2023-24,Desmond Bane,1630217,13,33.0,30.0,5.0,0.55,48.55
2023-24,Desmond Bane,1630217,17,39.0,32.0,4.0,0.407,53.407
2023-24,Devin Booker,1626164,-31,34.0,20.0,5.0,0.571,-5.4289999999999985
2023-24,Devin Booker,1626164,-24,36.0,24.0,7.0,0.45,7.449999999999999
2023-24,Devin Booker,1626164,-18,38.0,24.0,9.5,0.426,15.926000000000002
2023-24,Devin Booker,1626164,-17,32.5,19.0,5.0,0.428,7.428000000000001
2023-24,Devin Booker,1626164,-16,37.0,23.0,7.0,0.45,14.45
2023-24,Devin Booker,1626164,-15,34.0,16.5,3.5,0.22949999999999998,5.229500000000002
2023-24,Devin Booker,1626164,-14,39.0,35.0,8.0,0.619,29.619
2023-24,Devin Booker,1626164,-12,37.0,35.0,6.0,0.733,29.732999999999997
2023-24,Devin Booker,1626164,-10,31.0,30.0,2.0,0.667,22.667
2023-24,Devin Booker,1626164,-9,38.5,24.5,6.5,0.47,22.47
2023-24,Devin Booker,1626164,-7,39.0,12.0,5.0,0.091,10.091000000000001
2023-24,Devin Booker,1626164,-6,37.5,26.5,7.0,0.6385,28.1385
2023-24,Devin Booker,1626164,-4,36.0,44.0,3.0,0.654,43.654
2023-24,Devin Booker,1626164,-3,38.333333333333336,21.666666666666668,6.666666666666667,0.4543333333333333,25.78766666666667
2023-24,Devin Booker,1626164,-2,35.0,31.0,13.0,0.526,42.526
2023-24,Devin Booker,1626164,-1,40.0,28.5,5.0,0.5415,33.0415
2023-24,Devin Booker,1626164,0,25.0,31.0,5.0,0.545,36.545
2023-24,Devin Booker,1626164,1,38.0,62.0,4.0,0.595,67.595
2023-24,Devin Booker,1626164,2,39.333333333333336,24.666666666666668,7.333333333333333,0.391,34.391
2023-24,Devin Booker,1626164,4,38.0,24.0,4.0,0.5,32.5
2023-24,Devin Booker,1626164,5,37.0,29.666666666666668,7.0,0.5339999999999999,42.20066666666667
2023-24,Devin Booker,1626164,8,39.0,52.0,9.0,0.679,69.679
2023-24,Devin Booker,1626164,9,35.8,26.8,9.2,0.46980000000000005,45.4698
2023-24,Devin Booker,1626164,11,37.333333333333336,31.333333333333332,6.0,0.522,48.85533333333333
2023-24,Devin Booker,1626164,12,35.0,29.666666666666668,6.0,0.45,48.116666666666674
2023-24,Devin Booker,1626164,13,35.5,20.5,6.0,0.44299999999999995,39.943
2023-24,Devin Booker,1626164,14,35.0,26.0,8.0,0.375,48.375
2023-24,Devin Booker,1626164,15,36.5,30.0,9.0,0.461,54.461
2023-24,Devin Booker,1626164,16,39.0,25.0,11.5,0.4785,52.9785
2023-24,Devin Booker,1626164,17,37.5,27.5,9.0,0.48450000000000004,53.9845
2023-24,Devin Booker,1626164,18,36.333333333333336,30.0,7.0,0.45366666666666666,55.45366666666666
2023-24,Devin Booker,1626164,19,35.0,17.5,10.5,0.3895,47.3895
2023-24,Devin Booker,1626164,20,34.0,27.0,6.0,0.4375,53.4375
2023-24,Devin Booker,1626164,22,25.0,14.0,6.0,0.364,42.364000000000004
2023-24,Devin Booker,1626164,23,31.0,25.0,10.0,0.333,58.333
2023-24,Devin Booker,1626164,25,34.0,20.0,10.0,0.474,55.474000000000004
2023-24,Devin Booker,1626164,28,33.0,40.0,4.0,0.714,72.714
2023-24,Devin Booker,1626164,29,30.0,32.0,9.0,0.583,70.583
2023-24,Devin Booker,1626164,33,34.0,46.0,3.0,0.739,82.739
2023-24,Devin Vassell,1630170,-38,30.0,9.0,5.0,0.231,-23.769
2023-24,Devin Vassell,1630170,-34,31.0,22.0,1.0,0.6,-10.399999999999999
2023-24,Devin Vassell,1630170,-30,27.0,14.0,0.0,0.6,-15.4
2023-24,Devin Vassell,1630170,-27,23.0,2.0,3.0,0.125,-21.875
2023-24,Devin Vassell,1630170,-20,24.0,12.0,4.0,0.417,-3.5829999999999984
2023-24,Devin Vassell,1630170,-19,32.5,16.0,6.5,0.4465,3.9465000000000003
2023-24,Devin Vassell,1630170,-18,35.0,18.0,3.5,0.425,3.9250000000000007
2023-24,Devin Vassell,1630170,-17,37.0,22.0,9.0,0.538,14.538
2023-24,Devin Vassell,1630170,-16,31.5,20.0,2.5,0.4305,6.9304999999999986
2023-24,Devin Vassell,1630170,-15,33.25,17.5,3.25,0.43574999999999997,6.185749999999999
2023-24,Devin Vassell,1630170,-14,34.0,22.666666666666668,4.666666666666667,0.46799999999999997,13.801333333333336
2023-24,Devin Vassell,1630170,-13,33.0,5.0,2.0,0.077,-5.923
2023-24,Devin Vassell,1630170,-12,33.0,17.0,2.0,0.389,7.388999999999999
2023-24,Devin Vassell,1630170,-11,31.666666666666668,17.0,3.0,0.3626666666666667,9.362666666666666
2023-24,Devin Vassell,1630170,-10,34.0,28.0,3.5,0.5525,22.052500000000002
2023-24,Devin Vassell,1630170,-9,35.666666666666664,24.0,4.333333333333333,0.5426666666666667,19.875999999999998
2023-24,Devin Vassell,1630170,-7,30.0,14.5,3.5,0.3875,11.3875
2023-24,Devin Vassell,1630170,-6,31.0,22.0,5.0,0.5,21.5
2023-24,Devin Vassell,1630170,-5,36.5,17.0,4.5,0.462,16.962
2023-24,Devin Vassell,1630170,-4,31.0,20.5,4.25,0.4855,21.2355
2023-24,Devin Vassell,1630170,-3,36.0,22.5,5.0,0.487,24.987
2023-24,Devin Vassell,1630170,-2,36.0,17.0,1.0,0.357,16.357
2023-24,Devin Vassell,1630170,-1,36.0,22.5,4.5,0.5,26.5
2023-24,Devin Vassell,1630170,0,35.0,6.0,6.0,0.333,12.333
2023-24,Devin Vassell,1630170,1,31.0,14.0,2.0,0.313,17.313
2023-24,Devin Vassell,1630170,2,37.0,28.333333333333332,4.0,0.5459999999999999,34.87933333333333
2023-24,Devin Vassell,1630170,4,33.0,22.5,2.5,0.546,29.546
2023-24,Devin Vassell,1630170,5,30.5,16.0,3.5,0.4355,24.9355
2023-24,Devin Vassell,1630170,7,36.0,28.0,3.0,0.524,38.524
2023-24,Devin Vassell,1630170,8,41.0,27.5,8.5,0.5675,44.5675
2023-24,Devin Vassell,1630170,9,35.0,26.0,7.0,0.458,42.458
2023-24,Devin Vassell,1630170,10,38.0,28.0,9.0,0.6,47.6
2023-24,Devin Vassell,1630170,12,35.0,22.0,3.0,0.474,37.474000000000004
2023-24,Devin Vassell,1630170,13,27.0,16.0,5.0,0.5,34.5
2023-24,Devin Vassell,1630170,14,36.0,17.0,5.0,0.35,36.35
2023-24,Devin Vassell,1630170,17,27.0,25.0,6.0,0.6,48.6
2023-24,Devin Vassell,1630170,18,35.0,17.0,7.0,0.438,42.438
2023-24,Devin Vassell,1630170,19,32.0,15.0,2.0,0.357,36.357
2023-24,Devin Vassell,1630170,20,35.0,36.0,3.0,0.632,59.632
2023-24,Devin Vassell,1630170,23,33.0,21.0,5.0,0.571,49.571
2023-24,Devin Vassell,1630170,28,25.0,12.0,5.0,0.4,45.4
2023-24,Devonte' Graham,1628984,-21,20.0,2.0,1.0,0.143,-17.857
2023-24,Devonte' Graham,1628984,-2,34.0,9.0,6.0,0.273,13.273
2023-24,Devonte' Graham,1628984,5,24.0,20.0,5.0,0.4,30.4
2023-24,Devonte' Graham,1628984,6,31.0,11.0,5.0,0.364,22.364
2023-24,Devonte' Graham,1628984,14,21.0,3.0,4.0,0.167,21.167
2023-24,Dillon Brooks,1628415,-22,23.0,9.5,1.0,0.45199999999999996,-11.048
2023-24,Dillon Brooks,1628415,-20,28.5,12.5,1.0,0.3875,-6.112500000000001
2023-24,Dillon Brooks,1628415,-18,28.0,7.0,3.0,0.286,-7.714
2023-24,Dillon Brooks,1628415,-16,36.0,16.5,1.5,0.488,2.4879999999999995
2023-24,Dillon Brooks,1628415,-15,29.0,11.8,1.6,0.42519999999999997,-1.1747999999999994
2023-24,Dillon Brooks,1628415,-14,34.666666666666664,14.0,1.0,0.38033333333333336,1.3803333333333327
2023-24,Dillon Brooks,1628415,-12,27.0,16.0,1.0,0.538,5.538
2023-24,Dillon Brooks,1628415,-11,32.0,14.0,2.25,0.4155,5.6655000000000015
2023-24,Dillon Brooks,1628415,-10,34.0,14.0,1.0,0.263,5.263
2023-24,Dillon Brooks,1628415,-9,29.0,10.0,2.0,0.5,3.5
2023-24,Dillon Brooks,1628415,-8,33.0,9.0,1.0,0.3205,2.320499999999999
2023-24,Dillon Brooks,1628415,-7,35.0,7.0,1.0,0.3,1.3000000000000007
2023-24,Dillon Brooks,1628415,-6,28.2,11.4,1.4,0.4166,7.2166000000000015
2023-24,Dillon Brooks,1628415,-4,30.0,6.0,1.0,0.273,3.2729999999999997
2023-24,Dillon Brooks,1628415,-3,38.0,19.5,3.5,0.5835,20.5835
2023-24,Dillon Brooks,1628415,-2,27.5,9.0,1.0,0.3095,8.3095
2023-24,Dillon Brooks,1628415,-1,33.5,14.0,1.0,0.347,14.347
2023-24,Dillon Brooks,1628415,0,37.0,16.0,2.0,0.5,18.5
2023-24,Dillon Brooks,1628415,1,25.0,12.0,0.5,0.532,14.032
2023-24,Dillon Brooks,1628415,2,31.5,16.25,2.0,0.49450000000000005,20.7445
2023-24,Dillon Brooks,1628415,3,37.25,22.25,1.75,0.48,27.48
2023-24,Dillon Brooks,1628415,4,32.333333333333336,14.666666666666666,1.3333333333333333,0.49866666666666665,20.498666666666665
2023-24,Dillon Brooks,1628415,6,27.0,5.0,5.0,0.286,16.286
2023-24,Dillon Brooks,1628415,7,27.0,7.0,2.0,0.25,16.25
2023-24,Dillon Brooks,1628415,8,35.5,14.0,3.0,0.347,25.347
2023-24,Dillon Brooks,1628415,9,25.0,23.0,1.0,0.769,33.769
2023-24,Dillon Brooks,1628415,10,29.0,11.0,1.0,0.154,22.154
2023-24,Dillon Brooks,1628415,11,23.0,6.0,0.0,0.333,17.333
2023-24,Dillon Brooks,1628415,12,28.0,11.0,1.0,0.5,24.5
2023-24,Dillon Brooks,1628415,13,21.5,6.0,1.0,0.286,20.286
2023-24,Dillon Brooks,1628415,17,31.0,13.0,4.0,0.625,34.625
2023-24,Dillon Brooks,1628415,18,24.0,5.0,1.0,0.333,24.333
2023-24,Dillon Brooks,1628415,20,30.666666666666668,9.0,2.0,0.3096666666666667,31.309666666666665
2023-24,Dillon Brooks,1628415,21,33.0,11.0,3.0,0.4,35.4
2023-24,Dillon Brooks,1628415,25,38.0,26.0,1.0,0.643,52.643
2023-24,Dillon Brooks,1628415,26,25.0,12.0,4.0,0.5,42.5
2023-24,Dillon Brooks,1628415,34,27.0,9.0,1.0,0.5,44.5
2023-24,Dillon Brooks,1628415,35,21.0,10.0,1.0,0.444,46.444
2023-24,Domantas Sabonis,1627734,-36,30.0,10.0,8.0,0.5,-17.5
2023-24,Domantas Sabonis,1627734,-32,28.0,17.0,6.0,0.667,-8.332999999999998
2023-24,Domantas Sabonis,1627734,-27,31.0,12.0,9.0,0.3,-5.699999999999999
2023-24,Domantas Sabonis,1627734,-26,31.0,12.0,5.5,0.4285,-8.0715
2023-24,Domantas Sabonis,1627734,-25,31.666666666666668,14.0,10.0,0.5446666666666667,-0.45533333333333204
2023-24,Domantas Sabonis,1627734,-24,30.0,8.0,5.0,0.75,-10.25
2023-24,Domantas Sabonis,1627734,-23,25.0,15.0,3.0,0.455,-4.545000000000002
2023-24,Domantas Sabonis,1627734,-20,32.0,14.0,5.0,0.6,-0.3999999999999986
2023-24,Domantas Sabonis,1627734,-19,30.0,11.0,3.0,0.25,-4.75
2023-24,Domantas Sabonis,1627734,-18,33.0,8.0,5.0,0.286,-4.714
2023-24,Domantas Sabonis,1627734,-17,39.5,23.5,8.5,0.615,15.615000000000002
2023-24,Domantas Sabonis,1627734,-16,34.0,18.0,4.0,0.667,6.667000000000002
2023-24,Domantas Sabonis,1627734,-15,40.0,14.0,10.0,0.75,9.75
2023-24,Domantas Sabonis,1627734,-13,40.0,21.0,2.0,0.563,10.562999999999999
2023-24,Domantas Sabonis,1627734,-9,35.5,26.5,6.0,0.602,24.101999999999997
2023-24,Domantas Sabonis,1627734,-8,36.0,17.0,7.0,0.389,16.389
2023-24,Domantas Sabonis,1627734,-7,40.0,18.0,9.5,0.555,21.055
2023-24,Domantas Sabonis,1627734,-5,38.0,29.0,9.0,0.7615000000000001,33.7615
2023-24,Domantas Sabonis,1627734,-4,35.0,21.4,7.6,0.6359999999999999,25.636
2023-24,Domantas Sabonis,1627734,-3,35.333333333333336,15.0,8.0,0.4366666666666667,20.436666666666667
2023-24,Domantas Sabonis,1627734,-2,36.333333333333336,20.0,8.0,0.6629999999999999,26.663
2023-24,Domantas Sabonis,1627734,-1,40.0,18.0,7.0,0.571,24.571
2023-24,Domantas Sabonis,1627734,0,37.0,19.0,13.0,0.5,32.5
2023-24,Domantas Sabonis,1627734,1,39.0,25.0,8.0,0.909,34.909
2023-24,Domantas Sabonis,1627734,2,35.5,21.5,4.5,0.3605,28.3605
2023-24,Domantas Sabonis,1627734,3,38.0,15.0,5.0,0.545,23.545
2023-24,Domantas Sabonis,1627734,5,35.0,23.75,8.0,0.62475,37.37475
2023-24,Domantas Sabonis,1627734,6,35.0,25.0,8.5,0.746,40.246
2023-24,Domantas Sabonis,1627734,7,39.25,23.0,9.5,0.6515,40.1515
2023-24,Domantas Sabonis,1627734,8,37.5,19.5,10.5,0.6134999999999999,38.6135
2023-24,Domantas Sabonis,1627734,9,39.0,21.0,8.0,0.5,38.5
2023-24,Domantas Sabonis,1627734,10,38.6,17.8,9.8,0.6484,38.248400000000004
2023-24,Domantas Sabonis,1627734,11,37.0,15.5,10.0,0.4585,36.9585
2023-24,Domantas Sabonis,1627734,12,36.5,23.5,8.5,0.7075,44.7075
2023-24,Domantas Sabonis,1627734,13,33.0,16.0,6.0,0.462,35.462
2023-24,Domantas Sabonis,1627734,15,33.0,16.5,10.5,0.6665,42.6665
2023-24,Domantas Sabonis,1627734,16,34.0,32.0,6.0,0.867,54.867
2023-24,Domantas Sabonis,1627734,17,31.0,13.0,12.0,0.455,42.455
2023-24,Domantas Sabonis,1627734,18,31.5,17.0,8.0,0.639,43.638999999999996
2023-24,Domantas Sabonis,1627734,19,34.0,18.0,9.0,0.5,46.5
2023-24,Domantas Sabonis,1627734,20,35.5,25.5,7.5,0.6990000000000001,53.699
2023-24,Domantas Sabonis,1627734,25,32.0,28.0,12.0,0.688,65.688
2023-24,Domantas Sabonis,1627734,26,27.0,13.0,10.0,0.571,49.571
2023-24,Domantas Sabonis,1627734,27,34.0,28.0,12.0,0.8,67.8
2023-24,Domantas Sabonis,1627734,28,37.0,37.0,13.0,0.762,78.762
2023-24,Domantas Sabonis,1627734,34,34.0,20.0,8.0,0.9,62.9
2023-24,Domantas Sabonis,1627734,37,27.0,18.0,9.0,0.7,64.7
2023-24,Dominick Barlow,1631230,-17,22.0,6.0,2.0,0.6,-8.4
2023-24,Dominick Barlow,1631230,-5,21.0,5.0,0.0,0.333,0.3330000000000002
2023-24,Dominick Barlow,1631230,4,30.0,19.0,4.0,0.7,27.7
2023-24,Dominick Barlow,1631230,5,22.0,5.0,3.0,0.4,13.4
2023-24,Dominick Barlow,1631230,10,24.0,11.0,4.0,0.625,25.625
2023-24,Donovan Mitchell,1628378,-27,30.0,13.0,6.0,0.25,-7.75
2023-24,Donovan Mitchell,1628378,-15,25.0,13.0,2.0,0.308,0.30799999999999983
2023-24,Donovan Mitchell,1628378,-14,38.0,31.0,6.0,0.55,23.549999999999997
2023-24,Donovan Mitchell,1628378,-13,32.0,20.0,4.0,0.368,11.367999999999999
2023-24,Donovan Mitchell,1628378,-11,35.5,25.5,5.0,0.45,19.95
2023-24,Donovan Mitchell,1628378,-8,37.0,24.0,2.0,0.471,18.471
2023-24,Donovan Mitchell,1628378,-7,32.0,12.0,8.0,0.308,13.308
2023-24,Donovan Mitchell,1628378,-6,31.5,15.5,7.0,0.351,16.851
2023-24,Donovan Mitchell,1628378,-4,44.0,19.0,3.0,0.385,18.385
2023-24,Donovan Mitchell,1628378,-2,34.0,22.0,6.0,0.222,26.222
2023-24,Donovan Mitchell,1628378,-1,38.0,22.0,5.0,0.333,26.333
2023-24,Donovan Mitchell,1628378,0,36.666666666666664,37.666666666666664,6.666666666666667,0.5596666666666666,44.892999999999994
2023-24,Donovan Mitchell,1628378,1,33.0,16.5,5.0,0.2925,22.7925
2023-24,Donovan Mitchell,1628378,2,35.0,24.5,6.5,0.4385,33.438500000000005
2023-24,Donovan Mitchell,1628378,3,36.0,32.0,6.5,0.509,42.009
2023-24,Donovan Mitchell,1628378,4,41.5,33.5,6.5,0.45,44.45
2023-24,Donovan Mitchell,1628378,6,34.0,22.75,5.25,0.4835,34.4835
2023-24,Donovan Mitchell,1628378,7,38.5,29.5,7.75,0.4485,44.6985
2023-24,Donovan Mitchell,1628378,10,37.5,23.0,6.5,0.379,39.879000000000005
2023-24,Donovan Mitchell,1628378,11,38.0,28.0,12.0,0.524,51.524
2023-24,Donovan Mitchell,1628378,12,38.5,39.0,5.5,0.472,56.972
2023-24,Donovan Mitchell,1628378,14,36.0,32.0,6.0,0.444,52.444
2023-24,Donovan Mitchell,1628378,15,36.0,24.0,5.5,0.4235,44.923500000000004
2023-24,Donovan Mitchell,1628378,16,33.0,25.0,7.0,0.526,48.526
2023-24,Donovan Mitchell,1628378,17,32.5,22.5,6.0,0.4545,45.954499999999996
2023-24,Donovan Mitchell,1628378,18,24.0,22.0,4.0,0.375,44.375
2023-24,Donovan Mitchell,1628378,19,36.0,34.0,7.0,0.524,60.524
2023-24,Donovan Mitchell,1628378,20,35.0,31.0,7.0,0.6,58.6
2023-24,Donovan Mitchell,1628378,22,32.0,35.0,5.333333333333333,0.5810000000000001,62.91433333333334
2023-24,Donovan Mitchell,1628378,28,32.0,29.0,5.0,0.55,62.55
2023-24,Donovan Mitchell,1628378,29,35.0,40.0,5.0,0.56,74.56
2023-24,Donovan Mitchell,1628378,34,30.0,25.0,13.0,0.474,72.47399999999999
2023-24,Donovan Mitchell,1628378,37,25.0,31.0,7.0,0.632,75.632
2023-24,Donte DiVincenzo,1628978,-22,21.0,18.0,1.0,0.625,-2.375
2023-24,Donte DiVincenzo,1628978,-21,22.0,6.0,2.0,0.333,-12.667
2023-24,Donte DiVincenzo,1628978,-19,43.0,36.0,3.0,0.5,20.5
2023-24,Donte DiVincenzo,1628978,-18,36.0,23.0,2.0,0.381,7.381
2023-24,Donte DiVincenzo,1628978,-17,33.666666666666664,26.666666666666668,3.3333333333333335,0.5339999999999999,13.533999999999999
2023-24,Donte DiVincenzo,1628978,-14,36.0,16.0,2.0,0.286,4.286000000000001
2023-24,Donte DiVincenzo,1628978,-13,38.0,21.0,6.0,0.292,14.292000000000002
2023-24,Donte DiVincenzo,1628978,-10,49.0,20.0,2.0,0.538,12.538
2023-24,Donte DiVincenzo,1628978,-9,39.0,14.0,4.0,0.4,9.399999999999999
2023-24,Donte DiVincenzo,1628978,-8,31.0,11.5,3.5,0.42100000000000004,7.420999999999999
2023-24,Donte DiVincenzo,1628978,-7,25.0,11.0,0.0,0.4,4.4
2023-24,Donte DiVincenzo,1628978,-6,30.5,16.25,3.0,0.44975,13.699750000000002
2023-24,Donte DiVincenzo,1628978,-5,25.5,14.0,0.5,0.4665,9.9665
2023-24,Donte DiVincenzo,1628978,-4,37.0,20.0,3.0,0.308,19.308
2023-24,Donte DiVincenzo,1628978,-2,23.0,11.0,2.0,0.571,11.571
2023-24,Donte DiVincenzo,1628978,-1,29.5,16.0,1.0,0.411,16.411
2023-24,Donte DiVincenzo,1628978,0,22.0,16.5,1.5,0.6,18.6
2023-24,Donte DiVincenzo,1628978,1,35.333333333333336,19.0,2.3333333333333335,0.436,22.769333333333332
2023-24,Donte DiVincenzo,1628978,2,30.0,13.0,3.0,0.37125,18.37125
2023-24,Donte DiVincenzo,1628978,3,34.333333333333336,14.0,3.3333333333333335,0.3753333333333333,20.708666666666666
2023-24,Donte DiVincenzo,1628978,5,31.333333333333332,16.333333333333332,1.6666666666666667,0.5126666666666667,23.512666666666668
2023-24,Donte DiVincenzo,1628978,7,37.0,21.0,6.0,0.533,34.533
2023-24,Donte DiVincenzo,1628978,8,32.0,13.0,4.0,0.286,25.286
2023-24,Donte DiVincenzo,1628978,9,34.333333333333336,25.0,4.333333333333333,0.528,38.861333333333334
2023-24,Donte DiVincenzo,1628978,10,40.0,31.0,5.0,0.5,46.5
2023-24,Donte DiVincenzo,1628978,11,28.0,25.0,3.0,0.75,39.75
2023-24,Donte DiVincenzo,1628978,12,26.0,21.0,1.0,0.462,34.462
2023-24,Donte DiVincenzo,1628978,13,28.0,19.5,2.0,0.5,35.0
2023-24,Donte DiVincenzo,1628978,15,33.0,20.0,2.6666666666666665,0.47533333333333333,38.141999999999996
2023-24,Donte DiVincenzo,1628978,16,22.0,9.0,2.0,0.375,27.375
2023-24,Donte DiVincenzo,1628978,18,25.0,11.0,5.0,0.4,34.4
2023-24,Donte DiVincenzo,1628978,21,40.0,40.0,2.0,0.609,63.609
2023-24,Donte DiVincenzo,1628978,23,39.0,33.0,4.0,0.5,60.5
2023-24,Donte DiVincenzo,1628978,24,41.0,19.5,5.5,0.343,49.343
2023-24,Donte DiVincenzo,1628978,27,32.0,18.5,3.5,0.481,49.481
2023-24,Donte DiVincenzo,1628978,32,33.5,16.0,3.0,0.39049999999999996,51.3905
2023-24,Dorian Finney-Smith,1627827,-24,24.5,7.0,2.0,0.5,-14.5
2023-24,Dorian Finney-Smith,1627827,-23,24.0,5.0,1.0,0.4,-16.6
2023-24,Dorian Finney-Smith,1627827,-20,25.0,9.0,2.0,0.55,-8.45
2023-24,Dorian Finney-Smith,1627827,-19,31.5,9.5,1.5,0.393,-7.606999999999999
2023-24,Dorian Finney-Smith,1627827,-17,26.0,6.0,1.3333333333333333,0.239,-9.427666666666667
2023-24,Dorian Finney-Smith,1627827,-15,29.5,7.0,2.0,0.25,-5.75
2023-24,Dorian Finney-Smith,1627827,-11,28.5,6.0,1.5,0.2405,-3.2595
2023-24,Dorian Finney-Smith,1627827,-10,26.666666666666668,8.0,0.3333333333333333,0.42566666666666664,-1.2409999999999997
2023-24,Dorian Finney-Smith,1627827,-9,30.666666666666668,9.666666666666666,0.6666666666666666,0.49533333333333335,1.828666666666665
2023-24,Dorian Finney-Smith,1627827,-8,32.0,21.0,0.0,0.571,13.571000000000002
2023-24,Dorian Finney-Smith,1627827,-7,28.5,6.666666666666667,2.0,0.41383333333333333,2.0805000000000007
2023-24,Dorian Finney-Smith,1627827,-6,24.0,5.0,0.0,0.4,-0.5999999999999996
2023-24,Dorian Finney-Smith,1627827,-5,30.0,5.0,1.3333333333333333,0.26533333333333337,1.5986666666666665
2023-24,Dorian Finney-Smith,1627827,1,35.0,8.0,2.0,0.5,11.5
2023-24,Dorian Finney-Smith,1627827,2,39.0,14.0,1.0,0.714,17.714
2023-24,Dorian Finney-Smith,1627827,3,33.0,11.0,4.0,0.3,18.3
2023-24,Dorian Finney-Smith,1627827,4,27.75,7.25,3.5,0.266,15.016
2023-24,Dorian Finney-Smith,1627827,5,33.0,14.0,1.5,0.479,20.979
2023-24,Dorian Finney-Smith,1627827,6,25.5,12.0,1.0,0.55,19.55
2023-24,Dorian Finney-Smith,1627827,7,29.8,9.4,1.4,0.4518000000000001,18.251800000000003
2023-24,Dorian Finney-Smith,1627827,9,31.0,20.0,2.0,0.727,31.727
2023-24,Dorian Finney-Smith,1627827,10,26.0,5.0,2.0,0.2,17.2
2023-24,Dorian Finney-Smith,1627827,11,33.5,11.0,1.5,0.403,23.903
2023-24,Dorian Finney-Smith,1627827,12,28.0,10.0,1.5,0.4855,23.985500000000002
2023-24,Dorian Finney-Smith,1627827,13,35.0,10.0,1.0,0.571,24.570999999999998
2023-24,Dorian Finney-Smith,1627827,15,25.0,8.0,1.0,0.444,24.444000000000003
2023-24,Dorian Finney-Smith,1627827,16,32.0,11.0,1.0,0.375,28.375
2023-24,Dorian Finney-Smith,1627827,19,31.5,7.0,3.0,0.4195,29.4195
2023-24,Dorian Finney-Smith,1627827,20,30.0,19.0,3.0,0.583,42.583
2023-24,Dorian Finney-Smith,1627827,22,27.0,10.0,1.0,0.667,33.667
2023-24,Dorian Finney-Smith,1627827,23,29.0,14.5,3.5,0.6890000000000001,41.689
2023-24,Dorian Finney-Smith,1627827,25,26.0,7.0,1.0,0.375,33.375
2023-24,Doug McDermott,203926,-7,20.5,10.5,1.5,0.5085,5.5085
2023-24,Doug McDermott,203926,-5,21.0,11.0,1.0,0.444,7.444000000000001
2023-24,Doug McDermott,203926,-3,21.0,8.0,5.0,0.75,10.75
2023-24,Doug McDermott,203926,0,24.0,12.0,2.0,0.5,14.5
2023-24,Doug McDermott,203926,2,22.0,11.0,2.0,0.375,15.375
2023-24,Doug McDermott,203926,3,23.0,13.0,0.0,0.417,16.417
2023-24,Doug McDermott,203926,9,21.0,14.0,3.0,0.625,26.625
2023-24,Doug McDermott,203926,12,22.0,18.0,1.0,0.667,31.667
2023-24,Draymond Green,203110,-23,27.0,7.0,4.0,0.5,-11.5
2023-24,Draymond Green,203110,-12,31.0,9.0,4.0,0.333,1.3330000000000002
2023-24,Draymond Green,203110,-11,26.0,11.0,6.0,0.4645,6.464500000000001
2023-24,Draymond Green,203110,-9,34.0,6.0,3.0,0.333,0.3330000000000002
2023-24,Draymond Green,203110,-8,27.0,7.0,4.0,0.5,3.5
2023-24,Draymond Green,203110,-7,32.0,4.5,6.5,0.238,4.2379999999999995
2023-24,Draymond Green,203110,-6,29.833333333333332,12.166666666666666,6.666666666666667,0.3611666666666667,13.194499999999998
2023-24,Draymond Green,203110,-5,27.0,13.0,9.0,0.571,17.571
2023-24,Draymond Green,203110,-4,30.0,11.0,6.0,0.625,13.625
2023-24,Draymond Green,203110,-2,35.0,12.0,13.0,0.714,23.714
2023-24,Draymond Green,203110,-1,29.0,12.5,6.0,0.442,17.942
2023-24,Draymond Green,203110,0,32.0,11.0,12.0,0.417,23.417
2023-24,Draymond Green,203110,1,25.0,6.5,6.0,0.5,14.0
2023-24,Draymond Green,203110,2,20.0,4.0,5.0,0.5,11.5
2023-24,Draymond Green,203110,3,29.0,15.0,9.0,0.778,27.778
2023-24,Draymond Green,203110,4,33.0,11.0,6.0,0.4,21.4
2023-24,Draymond Green,203110,5,33.0,8.0,3.0,0.375,16.375
2023-24,Draymond Green,203110,6,23.333333333333332,5.666666666666667,4.666666666666667,0.39866666666666667,16.732
2023-24,Draymond Green,203110,8,28.0,12.0,4.5,0.5055000000000001,25.0055
2023-24,Draymond Green,203110,9,27.0,4.0,8.0,0.4,21.4
2023-24,Draymond Green,203110,10,27.0,7.5,5.5,0.4105,23.4105
2023-24,Draymond Green,203110,11,28.333333333333332,11.666666666666666,8.333333333333334,0.6983333333333333,31.698333333333334
2023-24,Draymond Green,203110,12,34.0,6.0,13.0,0.5,31.5
2023-24,Draymond Green,203110,13,29.0,14.5,8.0,0.6945,36.194500000000005
2023-24,Draymond Green,203110,14,31.0,5.0,11.0,0.0,30.0
2023-24,Draymond Green,203110,18,24.5,7.0,4.5,0.354,29.854
2023-24,Draymond Green,203110,19,23.0,9.0,4.666666666666667,0.7276666666666666,33.394333333333336
2023-24,Draymond Green,203110,25,24.0,10.0,7.0,0.5,42.5
2023-24,Draymond Green,203110,26,28.0,5.0,5.0,0.667,36.667
2023-24,Draymond Green,203110,31,45.0,8.0,11.0,0.444,50.444
2023-24,Drew Eubanks,1629234,-13,20.0,10.0,4.0,0.5,1.5
2023-24,Drew Eubanks,1629234,-11,27.0,5.0,1.0,0.667,-4.333
2023-24,Drew Eubanks,1629234,-9,26.0,13.0,1.0,0.556,5.556000000000001
2023-24,Drew Eubanks,1629234,-5,21.0,11.0,0.0,0.5,6.5
2023-24,Drew Eubanks,1629234,-2,29.0,4.0,3.0,1.0,6.0
2023-24,Drew Eubanks,1629234,0,25.0,9.0,1.0,0.6,10.6
2023-24,Drew Eubanks,1629234,1,23.0,10.0,0.0,1.0,12.0
2023-24,Drew Eubanks,1629234,4,20.0,15.0,1.0,0.778,20.778
2023-24,Drew Eubanks,1629234,7,21.0,2.0,4.0,0.333,13.333
2023-24,Drew Eubanks,1629234,8,20.5,8.5,0.5,0.8,17.8
2023-24,Drew Eubanks,1629234,11,20.0,13.0,3.0,0.667,27.667
2023-24,Drew Eubanks,1629234,19,22.0,10.0,4.0,1.0,34.0
2023-24,Drew Eubanks,1629234,24,21.0,11.0,1.0,1.0,37.0
2023-24,Dru Smith,1630696,-18,23.0,9.0,3.0,0.5,-5.5
2023-24,Dru Smith,1630696,-12,22.0,5.0,4.0,0.5,-2.5
2023-24,Dru Smith,1630696,-1,28.0,9.0,2.0,0.5,10.5
2023-24,Dru Smith,1630696,5,26.0,12.0,3.0,0.444,20.444000000000003
2023-24,Duncan Robinson,1629130,-25,23.0,1.0,1.0,0.0,-23.0
2023-24,Duncan Robinson,1629130,-18,24.333333333333332,8.333333333333334,1.0,0.3066666666666667,-8.36
2023-24,Duncan Robinson,1629130,-15,23.0,9.0,6.0,0.333,0.3330000000000002
2023-24,Duncan Robinson,1629130,-14,27.5,8.0,1.5,0.3275,-4.172499999999999
2023-24,Duncan Robinson,1629130,-13,23.0,8.0,2.5,0.3885,-2.1114999999999995
2023-24,Duncan Robinson,1629130,-12,22.5,7.5,0.5,0.298,-3.702
2023-24,Duncan Robinson,1629130,-11,27.5,13.5,2.0,0.3605,4.8605
2023-24,Duncan Robinson,1629130,-10,32.0,11.0,4.0,0.5,5.5
2023-24,Duncan Robinson,1629130,-9,30.0,17.0,3.0,0.636,11.636
2023-24,Duncan Robinson,1629130,-8,28.0,9.0,1.0,0.375,2.375
2023-24,Duncan Robinson,1629130,-7,22.0,14.0,3.0,0.556,10.556000000000001
2023-24,Duncan Robinson,1629130,-6,28.0,6.0,1.0,0.286,1.2859999999999996
2023-24,Duncan Robinson,1629130,-4,27.666666666666668,10.333333333333334,2.0,0.40166666666666667,8.735000000000001
2023-24,Duncan Robinson,1629130,-3,24.666666666666668,11.333333333333334,2.0,0.37266666666666665,10.706000000000001
2023-24,Duncan Robinson,1629130,-1,25.5,13.0,1.5,0.4665,13.9665
2023-24,Duncan Robinson,1629130,0,29.0,13.0,2.0,0.357,15.357
2023-24,Duncan Robinson,1629130,1,34.0,21.0,4.5,0.5165,27.0165
2023-24,Duncan Robinson,1629130,2,32.5,16.75,4.25,0.49224999999999997,23.49225
2023-24,Duncan Robinson,1629130,3,34.0,12.0,6.0,0.385,21.385
2023-24,Duncan Robinson,1629130,4,32.0,17.0,4.5,0.49250000000000005,25.9925
2023-24,Duncan Robinson,1629130,5,32.0,11.0,4.0,0.389,20.389
2023-24,Duncan Robinson,1629130,6,20.5,12.0,1.5,0.5625,20.0625
2023-24,Duncan Robinson,1629130,7,31.5,19.5,2.5,0.6305000000000001,29.6305
2023-24,Duncan Robinson,1629130,8,26.0,12.0,3.0,0.455,23.455
2023-24,Duncan Robinson,1629130,9,32.5,17.0,3.0,0.5505,29.5505
2023-24,Duncan Robinson,1629130,10,21.0,9.0,1.0,0.571,20.570999999999998
2023-24,Duncan Robinson,1629130,12,32.5,24.5,5.0,0.6515,42.1515
2023-24,Duncan Robinson,1629130,13,41.0,23.0,3.0,0.474,39.474000000000004
2023-24,Duncan Robinson,1629130,14,28.5,23.5,3.5,0.6815,41.6815
2023-24,Duncan Robinson,1629130,15,40.0,23.0,3.0,0.636,41.635999999999996
2023-24,Duncan Robinson,1629130,16,22.0,12.0,6.0,0.8,34.8
2023-24,Duncan Robinson,1629130,22,38.0,26.0,4.0,0.5,52.5
2023-24,Duncan Robinson,1629130,24,26.0,23.0,5.0,0.667,52.667
2023-24,Duncan Robinson,1629130,25,38.0,4.0,11.0,0.091,40.091
2023-24,Duncan Robinson,1629130,26,34.0,16.0,2.0,0.385,44.385000000000005
2023-24,Duncan Robinson,1629130,32,24.0,7.0,3.0,0.429,42.429
2023-24,Duncan Robinson,1629130,33,32.0,21.0,7.0,0.474,61.474000000000004
2023-24,Duop Reath,1641871,-49,24.0,8.0,2.0,0.333,-38.667
2023-24,Duop Reath,1641871,-29,24.0,14.0,0.0,0.417,-14.583
2023-24,Duop Reath,1641871,-20,21.5,10.5,0.0,0.4645,-9.0355
2023-24,Duop Reath,1641871,-16,28.0,14.5,3.5,0.5415,2.541499999999999
2023-24,Duop Reath,1641871,-15,23.0,8.0,0.0,0.375,-6.625
2023-24,Duop Reath,1641871,-14,26.0,13.0,2.0,0.5,1.5
2023-24,Duop Reath,1641871,-9,38.0,26.0,1.0,0.714,18.714
2023-24,Duop Reath,1641871,-8,26.0,16.0,2.5,0.542,11.042000000000002
2023-24,Duop Reath,1641871,-7,24.0,12.0,1.0,0.556,6.556000000000001
2023-24,Duop Reath,1641871,-3,32.0,16.0,3.0,0.462,16.462
2023-24,Duop Reath,1641871,-2,38.0,17.0,1.0,0.467,16.467
2023-24,Duop Reath,1641871,0,26.0,10.0,4.0,0.364,14.364
2023-24,Duop Reath,1641871,2,21.0,10.0,1.0,0.444,13.444
2023-24,Duop Reath,1641871,4,40.0,15.0,1.0,0.5,20.5
2023-24,Duop Reath,1641871,5,22.5,12.5,2.0,0.6890000000000001,20.189
2023-24,Duop Reath,1641871,6,21.0,10.0,1.5,0.5415,18.0415
2023-24,Duop Reath,1641871,7,20.0,10.0,3.0,0.6,20.6
2023-24,Duop Reath,1641871,8,23.0,18.0,1.0,0.5,27.5
2023-24,Duop Reath,1641871,9,26.0,24.0,2.0,0.643,35.643
2023-24,Duop Reath,1641871,24,32.0,25.0,0.0,0.6,49.6
2023-24,Dwight Powell,203939,-31,26.0,2.0,1.0,0.5,-27.5
2023-24,Dwight Powell,203939,-17,23.0,8.0,0.0,0.667,-8.333
2023-24,Dwight Powell,203939,-15,21.0,4.0,4.0,0.667,-6.333
2023-24,Dwight Powell,203939,-10,24.0,5.0,0.0,1.0,-4.0
2023-24,Dwight Powell,203939,-6,23.0,3.0,1.0,0.5,-1.5
2023-24,Dwight Powell,203939,1,20.0,5.0,1.0,1.0,8.0
2023-24,Dwight Powell,203939,2,28.0,4.0,2.0,0.667,8.667
2023-24,Dwight Powell,203939,3,21.0,9.0,4.0,0.667,16.667
2023-24,Dwight Powell,203939,6,33.0,2.0,8.0,0.0,16.0
2023-24,Dwight Powell,203939,7,22.0,6.0,0.0,0.667,13.667
2023-24,Dwight Powell,203939,9,22.0,4.0,3.0,0.667,16.667
2023-24,Dwight Powell,203939,14,28.0,8.0,3.0,0.8,25.8
2023-24,Dwight Powell,203939,15,30.0,12.0,6.0,0.75,33.75
2023-24,Dwight Powell,203939,30,22.0,14.0,1.0,1.0,46.0
2023-24,Dwight Powell,203939,32,25.0,6.0,3.0,0.5,41.5
2023-24,Dylan Windler,1629685,-20,26.0,12.0,1.0,0.571,-6.429
2023-24,Dyson Daniels,1630700,-29,31.0,17.0,4.0,0.583,-7.417000000000002
2023-24,Dyson Daniels,1630700,-26,31.0,7.0,5.0,0.3,-13.7
2023-24,Dyson Daniels,1630700,-18,27.0,11.0,4.0,0.482,-2.5180000000000007
2023-24,Dyson Daniels,1630700,-13,25.0,7.0,2.0,0.55,-3.4499999999999993
2023-24,Dyson Daniels,1630700,-7,28.0,8.0,0.0,0.222,1.2219999999999995
2023-24,Dyson Daniels,1630700,-6,27.833333333333332,6.5,3.5,0.3695,4.3695
2023-24,Dyson Daniels,1630700,-4,21.0,7.0,5.0,0.75,8.75
2023-24,Dyson Daniels,1630700,-2,20.0,7.0,1.0,0.75,6.75
2023-24,Dyson Daniels,1630700,-1,24.0,8.5,1.0,0.5835,9.0835
2023-24,Dyson Daniels,1630700,1,23.0,9.0,3.0,0.667,13.667
2023-24,Dyson Daniels,1630700,2,37.0,7.0,2.0,0.375,11.375
2023-24,Dyson Daniels,1630700,4,21.0,7.0,2.0,0.6,13.6
2023-24,Dyson Daniels,1630700,5,25.666666666666668,7.333333333333333,5.0,0.5276666666666666,17.860999999999997
2023-24,Dyson Daniels,1630700,6,21.0,10.0,1.0,0.714,17.714
2023-24,Dyson Daniels,1630700,7,29.0,14.0,6.0,1.0,28.0
2023-24,Dyson Daniels,1630700,9,30.0,9.5,1.5,0.5665,20.566499999999998
2023-24,Dyson Daniels,1630700,10,25.0,9.0,5.0,0.5,24.5
2023-24,Dyson Daniels,1630700,11,24.5,6.0,4.5,0.2715,21.7715
2023-24,Dyson Daniels,1630700,12,33.0,10.0,7.0,0.667,29.667
2023-24,Dyson Daniels,1630700,18,36.0,8.5,6.0,0.5,33.0
2023-24,Dyson Daniels,1630700,19,21.0,5.0,4.0,0.4,28.4
2023-24,Dyson Daniels,1630700,20,21.0,2.0,5.0,0.333,27.333
2023-24,Dyson Daniels,1630700,25,22.0,8.0,3.0,0.75,36.75
2023-24,Dyson Daniels,1630700,28,24.0,3.0,5.0,0.25,36.25
2023-24,Emoni Bates,1641734,-22,29.0,7.0,3.0,0.25,-11.75
2023-24,Emoni Bates,1641734,-9,22.0,9.0,1.0,0.375,1.375
2023-24,Eric Gordon,201569,-27,30.0,15.0,0.0,0.375,-11.625
2023-24,Eric Gordon,201569,-25,24.0,0.0,2.0,0.0,-23.0
2023-24,Eric Gordon,201569,-19,33.0,13.0,3.0,0.4,-2.6000000000000014
2023-24,Eric Gordon,201569,-17,30.0,13.0,2.0,0.4375,-1.5625
2023-24,Eric Gordon,201569,-16,25.0,2.0,2.0,0.111,-11.889
2023-24,Eric Gordon,201569,-15,30.0,5.0,2.0,0.25,-7.75
2023-24,Eric Gordon,201569,-14,24.0,7.5,1.0,0.6000000000000001,-4.9
2023-24,Eric Gordon,201569,-12,26.0,7.0,1.0,0.23650000000000002,-3.7635000000000005
2023-24,Eric Gordon,201569,-10,30.0,15.0,3.0,0.4,8.399999999999999
2023-24,Eric Gordon,201569,-9,28.666666666666668,4.0,1.0,0.2313333333333333,-3.7686666666666664
2023-24,Eric Gordon,201569,-7,35.0,16.0,1.0,0.5,10.5
2023-24,Eric Gordon,201569,-6,33.0,16.0,3.0,0.545,13.545000000000002
2023-24,Eric Gordon,201569,-5,23.0,7.0,0.0,0.4,2.4000000000000004
2023-24,Eric Gordon,201569,-4,28.0,11.0,0.0,0.444,7.444000000000001
2023-24,Eric Gordon,201569,-3,25.5,2.5,0.5,0.143,0.1429999999999998
2023-24,Eric Gordon,201569,-2,31.666666666666668,13.333333333333334,1.6666666666666667,0.5183333333333333,13.518333333333333
2023-24,Eric Gordon,201569,-1,24.0,3.0,4.0,0.25,6.25
2023-24,Eric Gordon,201569,0,28.0,16.333333333333332,2.0,0.6826666666666666,19.016
2023-24,Eric Gordon,201569,1,22.0,5.0,0.0,0.182,6.182
2023-24,Eric Gordon,201569,2,23.0,11.0,0.0,0.4,13.4
2023-24,Eric Gordon,201569,3,27.0,14.5,1.5,0.5055000000000001,19.5055
2023-24,Eric Gordon,201569,4,22.0,12.0,1.0,0.667,17.667
2023-24,Eric Gordon,201569,5,35.333333333333336,20.333333333333332,3.0,0.4736666666666667,28.807
2023-24,Eric Gordon,201569,6,26.0,7.0,1.5,0.1965,14.6965
2023-24,Eric Gordon,201569,7,31.0,6.0,4.0,0.259,17.259
2023-24,Eric Gordon,201569,8,31.5,21.5,4.5,0.5209999999999999,34.521
2023-24,Eric Gordon,201569,9,26.5,9.0,2.0,0.2775,20.2775
2023-24,Eric Gordon,201569,10,28.0,18.0,3.5,0.4855,31.9855
2023-24,Eric Gordon,201569,11,39.0,27.0,1.0,0.667,39.667
2023-24,Eric Gordon,201569,12,27.5,13.5,1.5,0.556,27.556
2023-24,Eric Gordon,201569,13,30.75,10.75,2.5,0.5715,26.8215
2023-24,Eric Gordon,201569,16,20.0,12.0,1.0,0.4,29.4
2023-24,Eric Gordon,201569,17,26.0,13.666666666666666,3.3333333333333335,0.5256666666666666,34.525666666666666
2023-24,Eric Gordon,201569,19,29.0,15.0,3.0,0.667,37.667
2023-24,Eric Gordon,201569,21,24.0,13.0,2.0,0.444,36.444
2023-24,Eric Gordon,201569,23,28.0,21.0,6.0,0.607,50.607
2023-24,Eric Gordon,201569,26,24.0,3.0,1.0,0.333,30.333
2023-24,Eugene Omoruyi,1630647,-14,20.0,4.0,2.0,0.167,-7.833
2023-24,Eugene Omoruyi,1630647,-6,23.0,16.0,3.0,0.5,13.5
2023-24,Eugene Omoruyi,1630647,7,23.0,26.0,5.0,0.647,38.647
2023-24,Evan Fournier,203095,-19,26.0,21.0,0.0,0.636,2.6359999999999992
2023-24,Evan Fournier,203095,-18,25.0,5.0,3.0,0.286,-9.714
2023-24,Evan Fournier,203095,-10,24.0,13.0,1.0,0.444,4.444000000000001
2023-24,Evan Fournier,203095,-8,27.0,6.0,3.0,0.429,1.4290000000000003
2023-24,Evan Fournier,203095,-7,25.0,10.0,1.0,0.333,4.333
2023-24,Evan Fournier,203095,-6,21.5,4.0,4.0,0.222,2.2219999999999995
2023-24,Evan Fournier,203095,-4,29.0,5.0,4.0,0.25,5.25
2023-24,Evan Fournier,203095,-1,25.0,10.0,0.0,0.667,9.667
2023-24,Evan Fournier,203095,8,26.0,17.0,5.0,0.462,30.462
2023-24,Evan Fournier,203095,12,30.0,15.5,1.5,0.429,29.429
2023-24,Evan Mobley,1630596,-22,21.0,15.0,1.0,0.667,-5.332999999999998
2023-24,Evan Mobley,1630596,-19,29.0,6.0,5.0,0.333,-7.667
2023-24,Evan Mobley,1630596,-15,33.0,33.0,3.0,0.522,21.522
2023-24,Evan Mobley,1630596,-12,25.0,13.0,2.0,0.714,3.7140000000000004
2023-24,Evan Mobley,1630596,-11,27.25,13.25,1.75,0.53825,4.53825
2023-24,Evan Mobley,1630596,-9,33.0,14.0,3.0,0.417,8.417000000000002
2023-24,Evan Mobley,1630596,-8,30.0,10.0,6.0,0.429,8.428999999999998
2023-24,Evan Mobley,1630596,-7,22.5,16.0,3.5,0.4915,12.991499999999998
2023-24,Evan Mobley,1630596,-6,30.666666666666668,15.0,3.6666666666666665,0.654,13.320666666666668
2023-24,Evan Mobley,1630596,-5,28.0,14.0,3.0,0.6905,12.6905
2023-24,Evan Mobley,1630596,-4,33.0,15.4,3.0,0.5202,14.920199999999998
2023-24,Evan Mobley,1630596,-3,33.666666666666664,17.666666666666668,1.6666666666666667,0.6916666666666668,17.025000000000002
2023-24,Evan Mobley,1630596,-2,28.0,16.5,4.0,0.6365,19.1365
2023-24,Evan Mobley,1630596,0,32.5,17.0,5.0,0.5135000000000001,22.5135
2023-24,Evan Mobley,1630596,1,36.0,6.0,1.0,0.4,8.4
2023-24,Evan Mobley,1630596,3,33.0,17.333333333333332,1.6666666666666667,0.5536666666666666,22.55366666666667
2023-24,Evan Mobley,1630596,4,27.0,11.0,7.0,0.417,22.417
2023-24,Evan Mobley,1630596,5,30.0,20.0,3.0,0.7,28.7
2023-24,Evan Mobley,1630596,7,25.0,22.0,1.0,0.9,30.9
2023-24,Evan Mobley,1630596,8,32.0,13.5,3.5,0.55,25.55
2023-24,Evan Mobley,1630596,10,25.0,14.0,5.0,0.385,29.385
2023-24,Evan Mobley,1630596,11,33.0,17.5,5.0,0.5905,34.0905
2023-24,Evan Mobley,1630596,12,31.0,14.0,3.0,0.5635,29.5635
2023-24,Evan Mobley,1630596,13,36.0,16.0,2.0,0.667,31.667
2023-24,Evan Mobley,1630596,14,24.0,17.0,8.0,0.667,39.667
2023-24,Evan Mobley,1630596,17,27.0,17.0,3.0,0.538,37.538
2023-24,Evan Mobley,1630596,19,34.0,22.0,7.0,0.538,48.538
2023-24,Evan Mobley,1630596,25,29.5,15.5,1.5,0.6759999999999999,42.676
2023-24,Evan Mobley,1630596,26,35.0,21.0,3.0,0.727,50.727000000000004
2023-24,Franz Wagner,1630532,-27,35.0,18.0,4.0,0.571,-4.4289999999999985
2023-24,Franz Wagner,1630532,-25,34.0,13.0,0.0,0.3,-11.7
2023-24,Franz Wagner,1630532,-23,24.0,17.0,2.0,0.545,-3.4549999999999983
2023-24,Franz Wagner,1630532,-22,36.0,24.0,3.0,0.5,5.5
2023-24,Franz Wagner,1630532,-20,35.0,13.0,3.0,0.333,-3.6670000000000016
2023-24,Franz Wagner,1630532,-17,33.0,20.0,5.0,0.375,8.375
2023-24,Franz Wagner,1630532,-16,28.0,12.0,3.0,0.417,-0.5830000000000002
2023-24,Franz Wagner,1630532,-13,31.666666666666668,13.666666666666666,3.3333333333333335,0.39033333333333337,4.390333333333334
2023-24,Franz Wagner,1630532,-12,33.5,11.0,5.0,0.3795,4.3795
2023-24,Franz Wagner,1630532,-9,32.666666666666664,18.0,3.3333333333333335,0.4286666666666667,12.762
2023-24,Franz Wagner,1630532,-8,34.75,22.25,3.75,0.4205,18.4205
2023-24,Franz Wagner,1630532,-7,38.0,29.0,6.0,0.565,28.564999999999998
2023-24,Franz Wagner,1630532,-6,31.5,21.5,1.5,0.5,17.5
2023-24,Franz Wagner,1630532,-4,31.0,27.0,4.0,0.611,27.611
2023-24,Franz Wagner,1630532,-3,30.0,8.0,2.0,0.364,7.364000000000001
2023-24,Franz Wagner,1630532,-2,38.0,15.0,6.5,0.241,19.741
2023-24,Franz Wagner,1630532,-1,34.5,24.5,4.0,0.5485,28.0485
2023-24,Franz Wagner,1630532,0,33.666666666666664,23.0,3.6666666666666665,0.5206666666666667,27.187333333333335
2023-24,Franz Wagner,1630532,1,30.0,13.0,3.0,0.313,17.313
2023-24,Franz Wagner,1630532,2,36.5,15.5,3.5,0.3925,21.3925
2023-24,Franz Wagner,1630532,3,36.5,23.75,5.0,0.5225,32.2725
2023-24,Franz Wagner,1630532,5,29.5,16.5,4.25,0.498,26.248
2023-24,Franz Wagner,1630532,6,33.0,19.0,5.0,0.438,30.438
2023-24,Franz Wagner,1630532,7,32.0,20.0,1.0,0.6,28.6
2023-24,Franz Wagner,1630532,8,37.0,21.0,5.0,0.429,34.429
2023-24,Franz Wagner,1630532,9,30.0,25.0,3.5,0.7265,38.2265
2023-24,Franz Wagner,1630532,10,31.666666666666668,22.0,3.3333333333333335,0.5403333333333333,35.873666666666665
2023-24,Franz Wagner,1630532,11,34.0,21.0,3.5,0.382,35.882000000000005
2023-24,Franz Wagner,1630532,12,34.0,19.0,5.0,0.412,36.412
2023-24,Franz Wagner,1630532,15,29.5,24.0,2.5,0.5395,42.039500000000004
2023-24,Franz Wagner,1630532,16,31.5,29.5,3.5,0.7035,49.7035
2023-24,Franz Wagner,1630532,17,27.0,14.0,2.5,0.444,33.944
2023-24,Franz Wagner,1630532,18,28.5,15.0,6.0,0.36750000000000005,39.3675
2023-24,Franz Wagner,1630532,19,29.0,30.5,5.0,0.6825,55.1825
2023-24,Franz Wagner,1630532,20,38.0,28.0,2.0,0.6,50.6
2023-24,Franz Wagner,1630532,21,30.0,22.0,4.0,0.615,47.614999999999995
2023-24,Franz Wagner,1630532,25,31.5,23.0,4.5,0.507,53.007000000000005
2023-24,Franz Wagner,1630532,26,30.0,23.5,5.0,0.5085,55.0085
2023-24,Franz Wagner,1630532,27,28.0,13.0,4.0,0.444,44.444
2023-24,Franz Wagner,1630532,29,28.0,13.0,1.0,0.5,43.5
2023-24,Fred VanVleet,1627832,-27,32.0,11.0,1.0,0.364,-14.636
2023-24,Fred VanVleet,1627832,-25,32.0,10.0,7.0,0.75,-7.25
2023-24,Fred VanVleet,1627832,-22,39.0,22.0,7.0,0.467,7.466999999999999
2023-24,Fred VanVleet,1627832,-21,30.0,7.0,6.0,0.25,-7.75
2023-24,Fred VanVleet,1627832,-20,36.0,13.0,8.0,0.308,1.3079999999999998
2023-24,Fred VanVleet,1627832,-17,36.0,5.0,5.0,0.182,-6.818
2023-24,Fred VanVleet,1627832,-16,33.0,10.0,9.0,0.286,3.2860000000000014
2023-24,Fred VanVleet,1627832,-15,22.0,5.0,7.0,0.333,-2.667
2023-24,Fred VanVleet,1627832,-14,34.5,14.5,8.0,0.432,8.931999999999999
2023-24,Fred VanVleet,1627832,-13,31.0,7.5,6.0,0.188,0.6880000000000006
2023-24,Fred VanVleet,1627832,-12,36.0,9.0,8.5,0.36650000000000005,5.8664999999999985
2023-24,Fred VanVleet,1627832,-11,38.333333333333336,15.666666666666666,8.0,0.3666666666666667,13.033333333333331
2023-24,Fred VanVleet,1627832,-10,42.0,20.0,10.0,0.368,20.368
2023-24,Fred VanVleet,1627832,-9,41.0,22.5,8.5,0.4375,22.4375
2023-24,Fred VanVleet,1627832,-8,40.0,20.0,8.0,0.467,20.467
2023-24,Fred VanVleet,1627832,-7,41.0,24.0,12.0,0.421,29.421
2023-24,Fred VanVleet,1627832,-6,42.0,20.0,6.5,0.4855,20.9855
2023-24,Fred VanVleet,1627832,-5,40.5,20.0,8.5,0.4645,23.9645
2023-24,Fred VanVleet,1627832,-4,34.333333333333336,18.333333333333332,5.0,0.3383333333333334,19.671666666666667
2023-24,Fred VanVleet,1627832,-3,37.6,21.4,8.6,0.4109999999999999,27.411
2023-24,Fred VanVleet,1627832,-2,44.0,32.0,15.0,0.5,45.5
2023-24,Fred VanVleet,1627832,-1,39.0,15.0,8.0,0.357,22.357
2023-24,Fred VanVleet,1627832,1,35.0,10.0,3.0,0.273,14.273
2023-24,Fred VanVleet,1627832,2,40.0,21.666666666666668,10.0,0.447,34.11366666666667
2023-24,Fred VanVleet,1627832,3,32.0,7.0,11.0,0.273,21.273
2023-24,Fred VanVleet,1627832,4,39.0,15.0,16.0,0.357,35.357
2023-24,Fred VanVleet,1627832,6,39.0,21.0,7.0,0.438,34.438
2023-24,Fred VanVleet,1627832,7,38.0,22.0,9.0,0.625,38.625
2023-24,Fred VanVleet,1627832,8,39.0,16.333333333333332,6.333333333333333,0.4056666666666667,31.07233333333333
2023-24,Fred VanVleet,1627832,9,39.0,16.0,5.0,0.353,30.353
2023-24,Fred VanVleet,1627832,11,37.0,11.0,9.0,0.286,31.286
2023-24,Fred VanVleet,1627832,12,38.666666666666664,26.666666666666668,9.666666666666666,0.41733333333333333,48.75066666666667
2023-24,Fred VanVleet,1627832,13,30.0,15.5,9.0,0.4445,37.944500000000005
2023-24,Fred VanVleet,1627832,14,39.0,20.25,11.0,0.428,45.678
2023-24,Fred VanVleet,1627832,16,39.0,26.0,3.0,0.353,45.353
2023-24,Fred VanVleet,1627832,17,37.0,3.0,14.0,0.0,34.0
2023-24,Fred VanVleet,1627832,18,39.0,11.0,9.0,0.25,38.25
2023-24,Fred VanVleet,1627832,20,25.0,15.0,7.0,0.545,42.545
2023-24,Fred VanVleet,1627832,21,37.0,37.0,6.0,0.591,64.59100000000001
2023-24,Fred VanVleet,1627832,22,38.0,21.5,6.5,0.53,50.53
2023-24,Fred VanVleet,1627832,24,35.0,21.0,10.0,0.778,55.778
2023-24,Fred VanVleet,1627832,26,29.0,14.0,3.0,0.556,43.556
2023-24,Fred VanVleet,1627832,27,37.0,21.0,10.0,0.533,58.533
2023-24,Fred VanVleet,1627832,28,29.0,9.0,10.0,0.222,47.222
2023-24,Fred VanVleet,1627832,29,26.0,22.0,5.5,0.5315,57.0315
2023-24,Fred VanVleet,1627832,30,38.0,17.0,11.0,0.5,58.5
2023-24,Fred VanVleet,1627832,34,27.0,11.0,5.0,0.375,50.375
2023-24,Furkan Korkmaz,1627788,-8,26.0,10.0,1.0,0.75,3.75
2023-24,Furkan Korkmaz,1627788,5,22.0,19.0,3.0,0.75,27.75
2023-24,Furkan Korkmaz,1627788,16,21.0,10.0,0.0,0.571,26.570999999999998
2023-24,GG Jackson,1641713,-35,36.0,18.0,1.0,0.333,-15.667000000000002
2023-24,GG Jackson,1641713,-26,30.0,11.0,3.0,0.25,-11.75
2023-24,GG Jackson,1641713,-25,37.0,30.0,3.0,0.526,8.526000000000003
2023-24,GG Jackson,1641713,-23,23.0,6.0,0.0,0.077,-16.923000000000002
2023-24,GG Jackson,1641713,-18,28.0,10.0,0.0,0.333,-7.667
2023-24,GG Jackson,1641713,-17,30.0,15.0,2.0,0.4,0.3999999999999986
2023-24,GG Jackson,1641713,-15,36.0,14.0,3.0,0.313,2.312999999999999
2023-24,GG Jackson,1641713,-14,27.0,11.0,2.0,0.235,-0.7650000000000006
2023-24,GG Jackson,1641713,-13,35.25,26.0,2.0,0.43725,15.437249999999999
2023-24,GG Jackson,1641713,-12,31.5,20.0,0.0,0.5925,8.592500000000001
2023-24,GG Jackson,1641713,-11,35.0,19.0,4.0,0.357,12.357
2023-24,GG Jackson,1641713,-8,31.0,26.0,3.0,0.477,21.477
2023-24,GG Jackson,1641713,-6,24.0,7.0,1.0,0.222,2.2219999999999995
2023-24,GG Jackson,1641713,-5,37.0,19.5,0.5,0.441,15.440999999999999
2023-24,GG Jackson,1641713,-4,26.0,16.0,2.0,0.5,14.5
2023-24,GG Jackson,1641713,-2,22.0,11.0,0.0,0.5,9.5
2023-24,GG Jackson,1641713,0,29.0,15.0,1.5,0.47650000000000003,16.9765
2023-24,GG Jackson,1641713,2,26.333333333333332,16.666666666666668,1.0,0.4633333333333334,20.130000000000003
2023-24,GG Jackson,1641713,3,23.0,11.0,1.0,0.444,15.444
2023-24,GG Jackson,1641713,5,21.0,6.0,1.0,0.3,12.3
2023-24,GG Jackson,1641713,6,23.5,13.0,1.0,0.519,20.519
2023-24,GG Jackson,1641713,11,33.0,23.0,2.5,0.511,37.010999999999996
2023-24,GG Jackson,1641713,12,29.0,27.0,0.0,0.588,39.588
2023-24,GG Jackson,1641713,14,20.0,16.0,1.0,0.5,31.5
2023-24,GG Jackson,1641713,19,37.0,15.0,1.0,0.5,35.5
2023-24,GG Jackson,1641713,20,26.0,17.0,2.0,0.556,39.556
2023-24,GG Jackson,1641713,23,29.0,23.0,1.0,0.667,47.667
2023-24,Gabe Vincent,1629216,-17,22.0,6.0,2.0,0.375,-8.625
2023-24,Gabe Vincent,1629216,4,31.0,2.0,2.0,0.333,8.333
2023-24,Gabe Vincent,1629216,10,24.0,9.0,2.0,0.571,21.570999999999998
2023-24,Gabe Vincent,1629216,13,35.0,7.0,6.0,0.3,26.3
2023-24,Garrett Temple,202066,-38,33.0,7.0,0.0,0.273,-30.727
2023-24,Garrett Temple,202066,-14,26.0,15.0,2.0,0.5,3.5
2023-24,Garrett Temple,202066,-11,35.0,3.0,4.0,0.167,-3.833
2023-24,Garrett Temple,202066,-5,28.0,6.0,0.0,0.25,1.25
2023-24,Garrett Temple,202066,3,24.0,9.0,7.0,0.125,19.125
2023-24,Garrison Mathews,1629726,-23,20.0,3.0,1.0,0.143,-18.857
2023-24,Garrison Mathews,1629726,-16,21.0,9.0,2.0,0.4,-4.6
2023-24,Garrison Mathews,1629726,-11,21.0,9.0,4.0,0.6,2.5999999999999996
2023-24,Garrison Mathews,1629726,-8,22.0,6.0,0.0,0.4,-1.5999999999999996
2023-24,Garrison Mathews,1629726,-6,23.0,0.0,0.0,0.0,-6.0
2023-24,Garrison Mathews,1629726,-5,21.0,6.0,0.0,0.4,1.4000000000000004
2023-24,Garrison Mathews,1629726,2,23.0,9.0,0.0,0.6,11.6
2023-24,Garrison Mathews,1629726,4,20.5,14.5,0.5,0.561,19.561
2023-24,Garrison Mathews,1629726,10,21.0,11.0,0.0,0.4,21.4
2023-24,Garrison Mathews,1629726,14,30.0,10.0,4.0,0.333,28.333
2023-24,Garrison Mathews,1629726,31,27.0,20.0,2.0,0.75,53.75
2023-24,Gary Harris,203914,-26,25.0,0.0,2.0,0.0,-24.0
2023-24,Gary Harris,203914,-22,27.0,5.0,1.0,0.667,-15.333
2023-24,Gary Harris,203914,-20,24.0,5.0,1.0,0.4,-13.6
2023-24,Gary Harris,203914,-11,28.0,11.0,2.5,0.394,2.894
2023-24,Gary Harris,203914,-10,27.666666666666668,6.333333333333333,1.0,0.375,-2.291666666666667
2023-24,Gary Harris,203914,-9,30.0,6.0,2.0,0.667,-0.3330000000000002
2023-24,Gary Harris,203914,-8,24.0,6.0,1.0,0.667,-0.3330000000000002
2023-24,Gary Harris,203914,-7,20.0,4.0,2.0,0.25,-0.75
2023-24,Gary Harris,203914,-5,28.0,12.0,6.0,0.5,13.5
2023-24,Gary Harris,203914,-2,25.0,12.0,0.0,0.667,10.667
2023-24,Gary Harris,203914,-1,23.0,13.0,1.0,0.625,13.625
2023-24,Gary Harris,203914,0,31.666666666666668,7.666666666666667,2.6666666666666665,0.233,10.566333333333334
2023-24,Gary Harris,203914,1,24.0,6.0,2.0,0.3066666666666667,9.306666666666667
2023-24,Gary Harris,203914,2,20.0,6.0,0.0,0.5,8.5
2023-24,Gary Harris,203914,3,28.0,8.0,2.0,0.429,13.429
2023-24,Gary Harris,203914,4,21.0,17.0,3.0,1.0,25.0
2023-24,Gary Harris,203914,5,25.666666666666668,8.666666666666666,2.6666666666666665,0.373,16.706333333333333
2023-24,Gary Harris,203914,6,21.0,9.0,0.0,0.75,15.75
2023-24,Gary Harris,203914,7,32.0,5.0,2.0,0.286,14.286
2023-24,Gary Harris,203914,9,34.0,14.0,2.0,0.5,25.5
2023-24,Gary Harris,203914,10,21.0,13.0,2.0,0.667,25.667
2023-24,Gary Harris,203914,12,27.0,3.0,2.0,0.25,17.25
2023-24,Gary Harris,203914,13,22.0,2.0,0.0,0.2,15.2
2023-24,Gary Harris,203914,17,29.0,13.0,1.0,0.5,31.5
2023-24,Gary Harris,203914,18,22.0,10.0,1.0,0.571,29.570999999999998
2023-24,Gary Harris,203914,23,23.0,8.666666666666666,1.3333333333333333,0.4443333333333333,33.44433333333333
2023-24,Gary Harris,203914,29,30.5,4.0,2.5,0.3,35.8
2023-24,Gary Payton II,1627780,-23,22.0,6.0,1.0,0.6,-15.4
2023-24,Gary Payton II,1627780,-3,20.0,4.0,1.0,0.667,2.667
2023-24,Gary Payton II,1627780,5,21.0,4.0,1.0,0.5,10.5
2023-24,Gary Payton II,1627780,8,23.0,2.0,7.0,0.333,17.333
2023-24,Gary Payton II,1627780,9,22.0,9.0,1.0,0.667,19.667
2023-24,Gary Payton II,1627780,11,23.0,6.0,0.0,0.6,17.6
2023-24,Gary Payton II,1627780,14,24.0,14.0,1.0,0.857,29.857
2023-24,Gary Payton II,1627780,15,21.0,1.0,2.0,0.0,18.0
2023-24,Gary Payton II,1627780,17,20.0,10.0,1.0,0.4,28.4
2023-24,Gary Trent Jr.,1629018,-32,30.0,18.0,6.0,0.545,-7.454999999999998
2023-24,Gary Trent Jr.,1629018,-21,29.0,6.0,2.0,0.375,-12.625
2023-24,Gary Trent Jr.,1629018,-19,23.5,10.0,0.0,0.393,-8.607
2023-24,Gary Trent Jr.,1629018,-18,22.5,11.0,2.5,0.381,-4.119
2023-24,Gary Trent Jr.,1629018,-17,25.0,12.0,0.0,0.417,-4.583
2023-24,Gary Trent Jr.,1629018,-16,31.0,16.5,2.5,0.4265,3.4265000000000008
2023-24,Gary Trent Jr.,1629018,-15,29.5,12.0,0.5,0.325,-2.1750000000000007
2023-24,Gary Trent Jr.,1629018,-13,27.0,16.0,0.5,0.55,4.050000000000001
2023-24,Gary Trent Jr.,1629018,-12,34.5,18.0,3.0,0.385,9.385000000000002
2023-24,Gary Trent Jr.,1629018,-11,24.0,10.0,3.5,0.4095,2.9094999999999995
2023-24,Gary Trent Jr.,1629018,-10,27.75,15.5,1.0,0.43625,6.936250000000001
2023-24,Gary Trent Jr.,1629018,-9,32.2,15.0,2.4,0.40440000000000004,8.804399999999998
2023-24,Gary Trent Jr.,1629018,-8,20.0,12.0,1.0,0.364,5.364000000000001
2023-24,Gary Trent Jr.,1629018,-7,27.5,15.0,1.0,0.25,9.25
2023-24,Gary Trent Jr.,1629018,-6,24.75,16.25,1.0,0.501,11.751000000000001
2023-24,Gary Trent Jr.,1629018,-5,28.0,7.0,1.0,0.231,3.231
2023-24,Gary Trent Jr.,1629018,-4,20.0,16.0,2.0,0.462,14.462
2023-24,Gary Trent Jr.,1629018,-3,20.0,3.0,1.0,0.167,1.1669999999999998
2023-24,Gary Trent Jr.,1629018,-2,24.333333333333332,8.666666666666666,1.6666666666666667,0.33466666666666667,8.668
2023-24,Gary Trent Jr.,1629018,-1,27.5,9.5,1.0,0.4,9.9
2023-24,Gary Trent Jr.,1629018,0,27.5,11.0,2.0,0.3355,13.3355
2023-24,Gary Trent Jr.,1629018,2,26.666666666666668,8.0,1.6666666666666667,0.3833333333333333,12.049999999999999
2023-24,Gary Trent Jr.,1629018,3,29.5,11.0,1.0,0.3125,15.3125
2023-24,Gary Trent Jr.,1629018,4,39.0,24.0,4.0,0.5,32.5
2023-24,Gary Trent Jr.,1629018,5,34.0,31.0,2.0,0.385,38.385
2023-24,Gary Trent Jr.,1629018,7,25.0,15.0,2.0,0.455,24.455
2023-24,Gary Trent Jr.,1629018,8,28.75,12.0,1.25,0.40025,21.65025
2023-24,Gary Trent Jr.,1629018,9,26.0,16.0,1.0,0.545,26.545
2023-24,Gary Trent Jr.,1629018,10,25.5,13.5,0.5,0.465,24.465
2023-24,Gary Trent Jr.,1629018,11,37.0,31.0,3.0,0.5,45.5
2023-24,Gary Trent Jr.,1629018,12,32.0,24.0,1.0,0.6,37.6
2023-24,Gary Trent Jr.,1629018,14,28.666666666666668,16.666666666666668,0.6666666666666666,0.5376666666666666,31.871000000000002
2023-24,Gary Trent Jr.,1629018,17,33.0,8.0,3.0,0.182,28.182000000000002
2023-24,Gary Trent Jr.,1629018,18,35.0,20.0,5.0,0.563,43.563
2023-24,Gary Trent Jr.,1629018,20,26.0,18.0,3.0,0.5,41.5
2023-24,Gary Trent Jr.,1629018,24,31.0,25.0,2.0,0.75,51.75
2023-24,Gary Trent Jr.,1629018,25,34.0,22.0,3.0,0.529,50.528999999999996
2023-24,Georges Niang,1627777,-18,23.0,9.0,1.5,0.583,-6.917
2023-24,Georges Niang,1627777,-17,28.0,14.0,2.0,0.5,-0.5
2023-24,Georges Niang,1627777,-16,25.0,13.0,4.0,0.625,1.625
2023-24,Georges Niang,1627777,-15,23.0,16.0,3.0,0.545,4.545000000000002
2023-24,Georges Niang,1627777,-14,23.0,3.0,1.0,1.0,-9.0
2023-24,Georges Niang,1627777,-13,25.0,8.0,1.0,0.333,-3.667
2023-24,Georges Niang,1627777,-12,22.5,11.5,1.0,0.5235,1.0235000000000003
2023-24,Georges Niang,1627777,-10,20.0,13.0,2.0,0.556,5.556000000000001
2023-24,Georges Niang,1627777,-8,27.0,9.0,0.0,0.5,1.5
2023-24,Georges Niang,1627777,-7,22.0,4.5,0.0,0.268,-2.232
2023-24,Georges Niang,1627777,-6,21.0,9.0,0.0,0.5,3.5
2023-24,Georges Niang,1627777,-5,23.5,12.0,2.0,0.4585,9.4585
2023-24,Georges Niang,1627777,-4,20.0,7.0,0.0,0.25,3.25
2023-24,Georges Niang,1627777,0,27.0,17.666666666666668,1.3333333333333333,0.49866666666666665,19.498666666666665
2023-24,Georges Niang,1627777,1,23.333333333333332,6.333333333333333,0.6666666666666666,0.29633333333333334,8.296333333333333
2023-24,Georges Niang,1627777,2,26.0,9.0,0.0,0.3,11.3
2023-24,Georges Niang,1627777,3,24.0,14.0,0.5,0.635,18.134999999999998
2023-24,Georges Niang,1627777,5,33.0,13.0,1.0,0.625,19.625
2023-24,Georges Niang,1627777,6,22.0,12.5,1.0,0.635,20.134999999999998
2023-24,Georges Niang,1627777,7,24.5,10.75,1.25,0.49225,19.49225
2023-24,Georges Niang,1627777,9,28.5,18.5,0.5,0.579,28.579
2023-24,Georges Niang,1627777,10,25.0,10.0,1.0,0.5,21.5
2023-24,Georges Niang,1627777,11,23.5,14.25,1.5,0.49050000000000005,27.2405
2023-24,Georges Niang,1627777,12,24.333333333333332,11.0,0.6666666666666666,0.39633333333333337,24.063
2023-24,Georges Niang,1627777,13,23.0,8.0,3.0,0.333,24.333
2023-24,Georges Niang,1627777,14,27.0,10.0,3.0,0.571,27.570999999999998
2023-24,Georges Niang,1627777,15,22.0,12.0,2.0,0.625,29.625
2023-24,Georges Niang,1627777,17,20.0,10.0,0.0,0.667,27.667
2023-24,Georges Niang,1627777,19,24.0,17.0,2.0,0.545,38.545
2023-24,Georges Niang,1627777,21,26.0,9.0,2.0,0.75,32.75
2023-24,Georges Niang,1627777,24,27.0,15.0,1.0,0.455,40.455
2023-24,Georges Niang,1627777,26,35.0,16.0,4.0,0.6,46.6
2023-24,Georges Niang,1627777,27,26.0,11.0,1.0,0.571,39.571
2023-24,Giannis Antetokounmpo,203507,-23,33.0,23.0,8.0,0.611,8.611
2023-24,Giannis Antetokounmpo,203507,-18,29.5,23.5,5.5,0.544,11.544
2023-24,Giannis Antetokounmpo,203507,-14,37.0,30.0,11.5,0.6910000000000001,28.191000000000003
2023-24,Giannis Antetokounmpo,203507,-13,40.333333333333336,26.333333333333332,8.0,0.533,21.86633333333333
2023-24,Giannis Antetokounmpo,203507,-12,35.0,26.0,8.0,0.615,22.615000000000002
2023-24,Giannis Antetokounmpo,203507,-11,32.5,30.5,5.0,0.6625000000000001,25.1625
2023-24,Giannis Antetokounmpo,203507,-10,32.0,23.5,2.5,0.517,16.517
2023-24,Giannis Antetokounmpo,203507,-8,38.5,29.5,9.0,0.69,31.189999999999998
2023-24,Giannis Antetokounmpo,203507,-7,37.0,40.0,7.0,0.692,40.692
2023-24,Giannis Antetokounmpo,203507,-6,32.0,23.0,6.0,0.533,23.533
2023-24,Giannis Antetokounmpo,203507,-5,38.666666666666664,32.333333333333336,5.333333333333333,0.5753333333333334,33.242000000000004
2023-24,Giannis Antetokounmpo,203507,-4,37.0,33.0,9.5,0.6795,39.1795
2023-24,Giannis Antetokounmpo,203507,-3,36.0,29.0,4.0,0.579,30.579
2023-24,Giannis Antetokounmpo,203507,-2,39.0,35.0,4.0,0.682,37.682
2023-24,Giannis Antetokounmpo,203507,-1,38.0,48.0,2.0,0.64,49.64
2023-24,Giannis Antetokounmpo,203507,1,38.333333333333336,33.333333333333336,5.333333333333333,0.6083333333333333,40.275000000000006
2023-24,Giannis Antetokounmpo,203507,2,36.0,35.0,10.0,0.714,47.714
2023-24,Giannis Antetokounmpo,203507,3,33.333333333333336,26.333333333333332,8.666666666666666,0.544,38.544
2023-24,Giannis Antetokounmpo,203507,5,27.5,18.0,5.0,0.4245,28.4245
2023-24,Giannis Antetokounmpo,203507,6,34.8,32.8,5.4,0.6123999999999999,44.8124
2023-24,Giannis Antetokounmpo,203507,7,33.0,30.0,4.0,0.722,41.722
2023-24,Giannis Antetokounmpo,203507,8,34.5,30.5,8.75,0.6925,47.9425
2023-24,Giannis Antetokounmpo,203507,9,37.5,35.0,6.0,0.482,50.482
2023-24,Giannis Antetokounmpo,203507,10,33.0,42.0,8.0,0.87,60.87
2023-24,Giannis Antetokounmpo,203507,11,37.333333333333336,35.0,6.666666666666667,0.6003333333333334,53.266999999999996
2023-24,Giannis Antetokounmpo,203507,12,35.5,32.5,7.5,0.538,52.538
2023-24,Giannis Antetokounmpo,203507,13,36.0,26.2,7.8,0.5682,47.5682
2023-24,Giannis Antetokounmpo,203507,14,35.0,30.0,9.0,0.588,53.588
2023-24,Giannis Antetokounmpo,203507,15,37.5,42.0,6.5,0.635,64.13499999999999
2023-24,Giannis Antetokounmpo,203507,16,33.0,24.0,5.0,0.667,45.667
2023-24,Giannis Antetokounmpo,203507,17,28.0,15.0,7.0,0.636,39.635999999999996
2023-24,Giannis Antetokounmpo,203507,18,33.333333333333336,34.0,4.0,0.6653333333333333,56.665333333333336
2023-24,Giannis Antetokounmpo,203507,19,35.5,34.5,10.0,0.591,64.09100000000001
2023-24,Giannis Antetokounmpo,203507,22,25.0,22.0,6.0,0.778,50.778
2023-24,Giannis Antetokounmpo,203507,23,28.0,30.0,4.0,0.688,57.688
2023-24,Giannis Antetokounmpo,203507,25,24.0,24.0,1.0,0.615,50.614999999999995
2023-24,Giannis Antetokounmpo,203507,28,23.0,15.0,3.0,0.5,46.5
2023-24,Giannis Antetokounmpo,203507,29,37.0,64.0,3.0,0.714,96.714
2023-24,Giannis Antetokounmpo,203507,38,25.0,24.0,6.0,0.769,68.769
2023-24,Goga Bitadze,1629048,-15,25.0,8.333333333333334,1.3333333333333333,0.6666666666666666,-4.666666666666666
2023-24,Goga Bitadze,1629048,-14,24.0,14.0,1.0,0.857,1.8569999999999993
2023-24,Goga Bitadze,1629048,-10,29.0,3.0,3.0,0.333,-3.667
2023-24,Goga Bitadze,1629048,-2,24.0,10.0,3.0,0.625,11.625
2023-24,Goga Bitadze,1629048,-1,24.0,9.666666666666666,2.0,0.7639999999999999,11.430666666666665
2023-24,Goga Bitadze,1629048,0,21.0,7.0,0.0,0.6,7.6
2023-24,Goga Bitadze,1629048,1,26.0,4.0,1.0,0.333,6.333
2023-24,Goga Bitadze,1629048,2,25.333333333333332,3.6666666666666665,2.0,0.4666666666666666,8.133333333333333
2023-24,Goga Bitadze,1629048,4,21.0,2.0,2.0,0.2,8.2
2023-24,Goga Bitadze,1629048,6,26.0,15.0,2.0,0.6,23.6
2023-24,Goga Bitadze,1629048,7,22.0,10.0,1.0,0.5569999999999999,18.557000000000002
2023-24,Goga Bitadze,1629048,8,29.0,15.0,2.0,0.75,25.75
2023-24,Goga Bitadze,1629048,9,30.0,5.0,6.0,0.333,20.333
2023-24,Goga Bitadze,1629048,13,24.0,6.0,2.0,0.667,21.667
2023-24,Goga Bitadze,1629048,14,27.0,11.0,3.0,0.833,28.833
2023-24,Goga Bitadze,1629048,16,30.0,13.0,0.0,0.5,29.5
2023-24,Goga Bitadze,1629048,21,22.0,8.0,2.0,0.6,31.6
2023-24,Goga Bitadze,1629048,26,27.0,13.0,2.0,0.857,41.857
2023-24,Goga Bitadze,1629048,27,25.0,10.0,2.0,0.5,39.5
2023-24,Gordon Hayward,202330,-27,28.0,2.0,0.0,0.111,-24.889
2023-24,Gordon Hayward,202330,-25,23.0,11.0,3.0,0.6,-10.4
2023-24,Gordon Hayward,202330,-18,30.5,4.0,5.0,0.1965,-8.8035
2023-24,Gordon Hayward,202330,-16,29.0,6.0,2.0,0.333,-7.667
2023-24,Gordon Hayward,202330,-15,32.0,10.0,2.0,0.364,-2.6359999999999992
2023-24,Gordon Hayward,202330,-14,31.0,17.0,3.0,0.636,6.635999999999999
2023-24,Gordon Hayward,202330,-13,32.0,17.0,7.0,0.583,11.582999999999998
2023-24,Gordon Hayward,202330,-10,33.0,19.0,4.0,0.4,13.399999999999999
2023-24,Gordon Hayward,202330,-8,31.5,16.5,4.5,0.487,13.486999999999998
2023-24,Gordon Hayward,202330,-6,21.0,13.0,1.0,0.571,8.571
2023-24,Gordon Hayward,202330,-4,28.0,14.0,6.5,0.383,16.883
2023-24,Gordon Hayward,202330,-3,30.25,13.0,4.5,0.4975,14.997499999999999
2023-24,Gordon Hayward,202330,0,33.0,9.0,4.0,0.4,13.4
2023-24,Gordon Hayward,202330,1,34.0,20.0,7.0,0.583,28.583
2023-24,Gordon Hayward,202330,2,32.666666666666664,20.0,4.333333333333333,0.6576666666666667,26.991
2023-24,Gordon Hayward,202330,3,31.0,22.0,6.0,0.571,31.571
2023-24,Gordon Hayward,202330,6,21.0,6.0,1.0,0.333,13.333
2023-24,Gordon Hayward,202330,7,23.0,5.0,1.0,0.25,13.25
2023-24,Gordon Hayward,202330,15,33.0,10.0,7.0,0.5,32.5
2023-24,Gordon Hayward,202330,16,30.5,16.5,5.5,0.625,38.625
2023-24,Gordon Hayward,202330,20,39.0,20.0,4.0,0.4,44.4
2023-24,Gordon Hayward,202330,24,21.0,10.0,2.0,0.667,36.667
2023-24,Gradey Dick,1641711,-37,33.0,16.0,0.0,0.353,-20.647
2023-24,Gradey Dick,1641711,-35,27.0,2.0,0.0,0.143,-32.857
2023-24,Gradey Dick,1641711,-32,22.0,8.0,1.0,0.333,-22.667
2023-24,Gradey Dick,1641711,-29,26.0,11.0,2.0,0.2,-15.8
2023-24,Gradey Dick,1641711,-27,26.0,10.0,1.0,0.364,-15.636
2023-24,Gradey Dick,1641711,-26,30.0,23.0,0.0,0.556,-2.443999999999999
2023-24,Gradey Dick,1641711,-24,30.0,22.0,2.0,0.563,0.5629999999999988
2023-24,Gradey Dick,1641711,-22,22.0,14.0,1.0,0.5,-6.5
2023-24,Gradey Dick,1641711,-19,23.0,3.0,0.0,0.125,-15.875
2023-24,Gradey Dick,1641711,-16,30.5,9.5,2.0,0.255,-4.244999999999999
2023-24,Gradey Dick,1641711,-14,31.5,13.0,1.0,0.402,0.40199999999999925
2023-24,Gradey Dick,1641711,-12,21.0,18.0,0.0,0.7,6.699999999999999
2023-24,Gradey Dick,1641711,-11,31.0,16.5,0.5,0.43300000000000005,6.433
2023-24,Gradey Dick,1641711,-9,20.0,4.0,0.0,0.286,-4.714
2023-24,Gradey Dick,1641711,-7,27.0,17.5,1.5,0.5385,12.538499999999999
2023-24,Gradey Dick,1641711,-6,26.0,12.0,3.0,0.455,9.455
2023-24,Gradey Dick,1641711,-5,36.0,17.0,7.0,0.583,19.583
2023-24,Gradey Dick,1641711,-3,25.8,7.6,0.6,0.3874,5.587399999999999
2023-24,Gradey Dick,1641711,-2,28.5,17.5,0.0,0.5105,16.0105
2023-24,Gradey Dick,1641711,1,29.333333333333332,10.333333333333334,1.3333333333333333,0.45133333333333336,13.118000000000002
2023-24,Gradey Dick,1641711,2,22.0,4.0,3.0,0.375,9.375
2023-24,Gradey Dick,1641711,3,22.0,18.0,2.0,0.778,23.778
2023-24,Gradey Dick,1641711,4,24.0,13.0,0.0,0.556,17.556
2023-24,Gradey Dick,1641711,6,32.0,8.0,2.0,0.273,16.273
2023-24,Gradey Dick,1641711,19,25.0,15.0,3.0,0.417,37.417
2023-24,Grant Williams,1629684,-31,27.0,4.0,2.0,0.286,-24.714
2023-24,Grant Williams,1629684,-30,30.0,8.0,3.0,0.333,-18.667
2023-24,Grant Williams,1629684,-29,24.0,7.0,4.0,0.3,-17.7
2023-24,Grant Williams,1629684,-28,25.0,0.0,2.0,0.0,-26.0
2023-24,Grant Williams,1629684,-24,27.0,12.0,1.0,0.417,-10.583
2023-24,Grant Williams,1629684,-22,38.0,19.0,5.0,0.7,2.6999999999999993
2023-24,Grant Williams,1629684,-21,32.0,11.0,2.5,0.45,-7.050000000000001
2023-24,Grant Williams,1629684,-18,29.25,13.0,2.5,0.42474999999999996,-2.0752500000000005
2023-24,Grant Williams,1629684,-17,26.0,8.0,1.0,0.3715,-7.628500000000001
2023-24,Grant Williams,1629684,-16,32.0,12.0,4.0,0.417,0.4170000000000016
2023-24,Grant Williams,1629684,-14,36.0,5.0,1.0,0.182,-7.818
2023-24,Grant Williams,1629684,-13,26.333333333333332,9.0,1.3333333333333333,0.5,-2.166666666666666
2023-24,Grant Williams,1629684,-12,33.0,18.0,5.0,0.8,11.8
2023-24,Grant Williams,1629684,-11,23.0,10.0,0.0,0.5,-0.5
2023-24,Grant Williams,1629684,-9,34.0,5.0,1.0,0.667,-2.333
2023-24,Grant Williams,1629684,-7,24.5,6.75,1.25,0.37224999999999997,1.3722499999999993
2023-24,Grant Williams,1629684,-5,29.5,4.5,5.5,0.22649999999999998,5.2265
2023-24,Grant Williams,1629684,-4,26.6,7.4,1.8,0.3362,5.536200000000001
2023-24,Grant Williams,1629684,-2,34.0,4.0,4.0,0.225,6.225
2023-24,Grant Williams,1629684,-1,25.5,12.0,3.5,0.583,15.082999999999998
2023-24,Grant Williams,1629684,0,34.333333333333336,23.333333333333332,2.0,0.5529999999999999,25.886333333333333
2023-24,Grant Williams,1629684,1,37.0,9.0,2.0,0.667,12.667
2023-24,Grant Williams,1629684,2,35.333333333333336,17.666666666666668,2.6666666666666665,0.5950000000000001,22.928333333333335
2023-24,Grant Williams,1629684,3,27.0,24.0,2.0,0.438,29.438
2023-24,Grant Williams,1629684,5,27.0,9.5,2.5,0.472,17.472
2023-24,Grant Williams,1629684,7,33.666666666666664,14.0,3.0,0.522,24.522
2023-24,Grant Williams,1629684,8,37.0,14.0,2.0,0.455,24.455
2023-24,Grant Williams,1629684,9,24.0,14.0,3.0,0.625,26.625
2023-24,Grant Williams,1629684,10,27.0,15.0,2.0,0.583,27.583
2023-24,Grant Williams,1629684,11,31.0,16.0,5.0,0.75,32.75
2023-24,Grant Williams,1629684,12,25.333333333333332,12.333333333333334,1.6666666666666667,0.515,26.515
2023-24,Grant Williams,1629684,13,26.5,13.5,1.0,0.4335,27.933500000000002
2023-24,Grant Williams,1629684,14,31.0,14.666666666666666,4.0,0.6026666666666667,33.269333333333336
2023-24,Grant Williams,1629684,16,31.0,7.0,7.0,0.429,30.429000000000002
2023-24,Grant Williams,1629684,18,32.0,14.0,1.0,0.528,33.528
2023-24,Grant Williams,1629684,19,26.5,7.5,1.0,0.2275,27.7275
2023-24,Grayson Allen,1628960,-22,30.0,8.0,2.0,0.333,-11.667
2023-24,Grayson Allen,1628960,-20,29.0,11.0,2.0,0.4,-6.6
2023-24,Grayson Allen,1628960,-19,33.333333333333336,6.333333333333333,2.3333333333333335,0.2313333333333333,-10.102
2023-24,Grayson Allen,1628960,-16,39.0,7.0,2.0,0.375,-6.625
2023-24,Grayson Allen,1628960,-14,28.0,13.0,5.0,0.375,4.375
2023-24,Grayson Allen,1628960,-13,35.0,11.0,2.0,0.75,0.75
2023-24,Grayson Allen,1628960,-12,37.0,19.0,3.0,0.556,10.556000000000001
2023-24,Grayson Allen,1628960,-10,33.0,16.0,4.0,0.6,10.600000000000001
2023-24,Grayson Allen,1628960,-9,34.0,7.0,0.5,0.611,-0.8889999999999993
2023-24,Grayson Allen,1628960,-8,32.666666666666664,10.666666666666666,0.6666666666666666,0.5583333333333333,3.8916666666666657
2023-24,Grayson Allen,1628960,-7,37.5,15.5,2.0,0.548,11.048000000000002
2023-24,Grayson Allen,1628960,-6,35.0,13.0,4.0,0.5,11.5
2023-24,Grayson Allen,1628960,-5,35.0,20.5,4.0,0.5225,20.0225
2023-24,Grayson Allen,1628960,-4,31.6,9.6,2.6,0.33399999999999996,8.533999999999999
2023-24,Grayson Allen,1628960,-3,34.5,14.0,1.5,0.611,13.111
2023-24,Grayson Allen,1628960,-2,34.333333333333336,13.0,2.0,0.345,13.345
2023-24,Grayson Allen,1628960,0,34.666666666666664,16.333333333333332,4.333333333333333,0.4666666666666666,21.13333333333333
2023-24,Grayson Allen,1628960,1,36.0,14.0,3.0,0.556,18.556
2023-24,Grayson Allen,1628960,2,32.0,10.0,3.0,0.5259999999999999,15.526
2023-24,Grayson Allen,1628960,3,36.333333333333336,17.0,3.3333333333333335,0.638,23.971333333333334
2023-24,Grayson Allen,1628960,5,34.5,10.0,2.0,0.5335000000000001,17.5335
2023-24,Grayson Allen,1628960,6,32.0,11.0,3.5,0.65,21.15
2023-24,Grayson Allen,1628960,8,33.666666666666664,17.333333333333332,3.6666666666666665,0.43766666666666665,29.437666666666665
2023-24,Grayson Allen,1628960,9,38.0,26.0,3.0,0.571,38.571
2023-24,Grayson Allen,1628960,10,26.0,9.0,6.0,0.222,25.222
2023-24,Grayson Allen,1628960,12,43.0,14.0,3.0,0.625,29.625
2023-24,Grayson Allen,1628960,13,34.333333333333336,20.0,2.6666666666666665,0.49866666666666665,36.165333333333336
2023-24,Grayson Allen,1628960,14,35.0,9.0,9.0,0.5,32.5
2023-24,Grayson Allen,1628960,15,32.333333333333336,17.333333333333332,2.3333333333333335,0.7303333333333333,35.397
2023-24,Grayson Allen,1628960,16,31.0,13.5,5.0,0.5075,35.0075
2023-24,Grayson Allen,1628960,17,33.0,11.0,4.0,0.5,32.5
2023-24,Grayson Allen,1628960,18,23.0,6.0,1.0,0.4,25.4
2023-24,Grayson Allen,1628960,19,31.0,12.0,6.0,0.5,37.5
2023-24,Grayson Allen,1628960,20,37.0,30.0,4.5,0.594,55.094
2023-24,Grayson Allen,1628960,21,37.0,29.0,6.0,0.588,56.588
2023-24,Grayson Allen,1628960,22,30.0,18.0,2.0,0.5283333333333333,42.528333333333336
2023-24,Grayson Allen,1628960,26,29.0,11.5,2.5,0.646,40.646
2023-24,Grayson Allen,1628960,30,27.0,6.0,4.0,0.333,40.333
2023-24,Grayson Allen,1628960,32,30.0,5.0,3.0,0.25,40.25
2023-24,Gui Santos,1630611,5,20.0,13.0,1.0,0.625,19.625
2023-24,Gui Santos,1630611,18,24.0,13.0,2.0,0.5,33.5
2023-24,Harrison Barnes,203084,-27,21.0,14.0,0.0,0.571,-12.429
2023-24,Harrison Barnes,203084,-23,29.0,16.0,0.0,0.444,-6.556000000000001
2023-24,Harrison Barnes,203084,-21,25.5,6.5,2.0,0.3835,-12.1165
2023-24,Harrison Barnes,203084,-19,31.0,13.0,0.0,0.429,-5.571
2023-24,Harrison Barnes,203084,-18,32.0,22.0,4.0,0.6,8.600000000000001
2023-24,Harrison Barnes,203084,-17,22.5,6.5,0.0,0.36650000000000005,-10.1335
2023-24,Harrison Barnes,203084,-14,24.0,11.0,0.0,0.455,-2.545
2023-24,Harrison Barnes,203084,-13,22.0,10.0,0.0,0.444,-2.555999999999999
2023-24,Harrison Barnes,203084,-12,30.0,12.0,1.0,0.5,1.5
2023-24,Harrison Barnes,203084,-11,29.666666666666668,5.333333333333333,1.3333333333333333,0.2886666666666667,-4.044666666666667
2023-24,Harrison Barnes,203084,-10,29.0,13.0,2.3333333333333335,0.49,5.823333333333334
2023-24,Harrison Barnes,203084,-9,32.25,12.5,1.5,0.53425,5.53425
2023-24,Harrison Barnes,203084,-7,22.0,7.5,1.5,0.3575,2.3575
2023-24,Harrison Barnes,203084,-6,34.666666666666664,16.666666666666668,1.3333333333333333,0.42533333333333334,12.425333333333334
2023-24,Harrison Barnes,203084,-4,38.5,14.0,2.0,0.377,12.376999999999999
2023-24,Harrison Barnes,203084,-3,28.333333333333332,8.333333333333334,0.3333333333333333,0.375,6.041666666666668
2023-24,Harrison Barnes,203084,-2,28.0,11.5,1.5,0.4585,11.4585
2023-24,Harrison Barnes,203084,-1,30.0,10.666666666666666,0.6666666666666666,0.526,10.859333333333332
2023-24,Harrison Barnes,203084,0,22.0,2.0,1.0,0.5,3.5
2023-24,Harrison Barnes,203084,1,31.666666666666668,9.666666666666666,1.0,0.4546666666666667,12.121333333333332
2023-24,Harrison Barnes,203084,2,35.5,20.75,0.75,0.5,24.0
2023-24,Harrison Barnes,203084,5,30.0,13.666666666666666,1.6666666666666667,0.48900000000000005,20.822333333333333
2023-24,Harrison Barnes,203084,7,34.666666666666664,12.666666666666666,1.6666666666666667,0.35600000000000004,21.68933333333333
2023-24,Harrison Barnes,203084,8,32.166666666666664,12.666666666666666,1.1666666666666667,0.4455,22.27883333333333
2023-24,Harrison Barnes,203084,9,29.0,32.0,0.0,0.5,41.5
2023-24,Harrison Barnes,203084,10,27.0,21.0,2.0,0.594,33.594
2023-24,Harrison Barnes,203084,11,33.0,11.0,0.0,0.556,22.556
2023-24,Harrison Barnes,203084,15,35.0,12.0,4.0,0.333,31.333
2023-24,Harrison Barnes,203084,16,36.666666666666664,18.0,1.0,0.5556666666666666,35.55566666666667
2023-24,Harrison Barnes,203084,17,30.5,11.0,3.5,0.34850000000000003,31.8485
2023-24,Harrison Barnes,203084,19,31.0,16.0,2.0,0.5,37.5
2023-24,Harrison Barnes,203084,22,29.333333333333332,19.0,1.0,0.7303333333333333,42.730333333333334
2023-24,Harrison Barnes,203084,37,30.0,17.0,3.0,0.625,57.625
2023-24,Haywood Highsmith,1629312,-20,26.0,0.0,1.0,0.0,-19.0
2023-24,Haywood Highsmith,1629312,-18,26.0,11.0,2.0,0.571,-4.429
2023-24,Haywood Highsmith,1629312,-17,24.0,2.0,1.0,0.333,-13.667
2023-24,Haywood Highsmith,1629312,-12,21.0,0.0,3.0,0.0,-9.0
2023-24,Haywood Highsmith,1629312,-9,22.5,8.5,1.5,0.55,1.5500000000000007
2023-24,Haywood Highsmith,1629312,-8,26.0,14.0,1.0,0.714,7.714
2023-24,Haywood Highsmith,1629312,-6,25.0,5.0,1.0,0.333,0.3330000000000002
2023-24,Haywood Highsmith,1629312,-5,31.0,7.0,1.0,0.4,3.4000000000000004
2023-24,Haywood Highsmith,1629312,-3,26.0,5.0,0.0,0.4,2.4000000000000004
2023-24,Haywood Highsmith,1629312,-2,28.0,15.0,0.0,0.667,13.667
2023-24,Haywood Highsmith,1629312,-1,30.0,15.0,1.75,0.654,16.404
2023-24,Haywood Highsmith,1629312,0,29.0,10.0,0.0,0.333,10.333
2023-24,Haywood Highsmith,1629312,1,21.5,4.5,1.5,0.5,7.5
2023-24,Haywood Highsmith,1629312,3,22.0,6.0,0.0,0.4,9.4
2023-24,Haywood Highsmith,1629312,4,23.5,4.25,1.0,0.30424999999999996,9.55425
2023-24,Haywood Highsmith,1629312,6,32.333333333333336,14.333333333333334,1.6666666666666667,0.4756666666666667,22.475666666666665
2023-24,Haywood Highsmith,1629312,7,30.5,8.5,2.5,0.45,18.45
2023-24,Haywood Highsmith,1629312,10,24.75,7.25,2.0,0.37025,19.62025
2023-24,Haywood Highsmith,1629312,11,31.0,7.0,2.0,0.6,20.6
2023-24,Haywood Highsmith,1629312,12,25.0,9.5,1.0,0.5569999999999999,23.057000000000002
2023-24,Haywood Highsmith,1629312,13,24.0,18.0,2.0,0.7,33.7
2023-24,Haywood Highsmith,1629312,18,24.0,10.0,5.0,0.667,33.667
2023-24,Haywood Highsmith,1629312,20,24.0,0.0,0.0,0.0,20.0
2023-24,Haywood Highsmith,1629312,23,25.0,9.0,1.0,0.8,33.8
2023-24,Haywood Highsmith,1629312,40,27.0,20.0,1.0,0.778,61.778
2023-24,Henri Drell,1630929,7,23.0,9.0,1.0,0.429,17.429000000000002
2023-24,Herbert Jones,1630529,-26,33.0,13.0,1.0,0.462,-11.538
2023-24,Herbert Jones,1630529,-23,31.0,4.0,2.0,0.333,-16.667
2023-24,Herbert Jones,1630529,-22,24.0,7.0,1.0,0.30000000000000004,-13.7
2023-24,Herbert Jones,1630529,-21,30.0,16.0,4.0,0.333,-0.6670000000000016
2023-24,Herbert Jones,1630529,-20,32.0,18.0,1.0,0.462,-0.5380000000000003
2023-24,Herbert Jones,1630529,-18,25.0,13.0,1.0,0.545,-3.455
2023-24,Herbert Jones,1630529,-17,28.0,14.0,1.0,0.5,-1.5
2023-24,Herbert Jones,1630529,-15,30.0,4.0,3.0,0.25,-7.75
2023-24,Herbert Jones,1630529,-14,29.0,10.0,3.0,0.8,-0.1999999999999993
2023-24,Herbert Jones,1630529,-13,32.0,9.0,3.0,0.571,-0.42900000000000027
2023-24,Herbert Jones,1630529,-10,28.0,9.5,1.0,0.5355,1.0355000000000008
2023-24,Herbert Jones,1630529,-9,23.0,9.0,2.0,0.444,2.444000000000001
2023-24,Herbert Jones,1630529,-8,38.0,13.0,2.5,0.48350000000000004,7.983499999999999
2023-24,Herbert Jones,1630529,-7,27.0,9.0,4.0,0.75,6.75
2023-24,Herbert Jones,1630529,-5,40.0,18.0,3.0,0.4,16.4
2023-24,Herbert Jones,1630529,-4,40.0,6.0,1.0,0.4,3.4000000000000004
2023-24,Herbert Jones,1630529,-3,36.0,19.0,4.0,0.6074999999999999,20.6075
2023-24,Herbert Jones,1630529,-2,35.666666666666664,8.666666666666666,3.3333333333333335,0.4026666666666667,10.402666666666667
2023-24,Herbert Jones,1630529,0,30.333333333333332,6.0,2.3333333333333335,0.3833333333333333,8.716666666666667
2023-24,Herbert Jones,1630529,1,33.0,11.0,3.0,0.5,15.5
2023-24,Herbert Jones,1630529,2,31.0,12.5,2.75,0.64575,17.89575
2023-24,Herbert Jones,1630529,4,28.0,9.0,3.0,0.1925,16.192500000000003
2023-24,Herbert Jones,1630529,5,32.0,12.0,4.0,0.39649999999999996,21.3965
2023-24,Herbert Jones,1630529,6,31.5,9.0,2.75,0.60425,18.35425
2023-24,Herbert Jones,1630529,7,32.5,15.0,1.5,0.5055000000000001,24.0055
2023-24,Herbert Jones,1630529,8,32.333333333333336,15.333333333333334,2.0,0.6206666666666667,25.954
2023-24,Herbert Jones,1630529,10,31.5,12.5,2.8333333333333335,0.5046666666666667,25.838
2023-24,Herbert Jones,1630529,11,26.5,15.0,5.5,0.5145,32.0145
2023-24,Herbert Jones,1630529,13,29.0,10.333333333333334,4.666666666666667,0.39166666666666666,28.391666666666666
2023-24,Herbert Jones,1630529,14,31.0,12.0,3.0,0.5625,29.5625
2023-24,Herbert Jones,1630529,15,22.5,8.0,1.5,0.5145,25.014499999999998
2023-24,Herbert Jones,1630529,17,33.0,15.0,1.0,0.667,33.667
2023-24,Herbert Jones,1630529,19,24.0,14.0,1.0,0.5,34.5
2023-24,Herbert Jones,1630529,20,32.0,7.0,5.0,0.286,32.286
2023-24,Herbert Jones,1630529,21,37.0,14.0,5.0,0.857,40.857
2023-24,Herbert Jones,1630529,22,24.0,14.0,4.0,0.714,40.714
2023-24,Herbert Jones,1630529,24,38.0,10.0,2.0,0.375,36.375
2023-24,Herbert Jones,1630529,29,37.0,7.0,2.0,0.2,38.2
2023-24,Herbert Jones,1630529,30,26.0,6.0,1.0,0.75,37.75
2023-24,Herbert Jones,1630529,34,26.0,9.0,2.0,0.429,45.429
2023-24,Herbert Jones,1630529,36,36.0,17.0,4.0,0.667,57.667
2023-24,Herbert Jones,1630529,39,27.0,18.0,4.0,0.778,61.778
2023-24,Ibou Badji,1630641,-8,27.0,4.0,3.0,0.4,-0.5999999999999996
2023-24,Ibou Badji,1630641,-6,23.0,4.0,1.0,1.0,0.0
2023-24,Immanuel Quickley,1630193,-28,24.0,15.0,0.0,0.5,-12.5
2023-24,Immanuel Quickley,1630193,-26,31.0,12.0,8.0,0.3835,-5.6164999999999985
2023-24,Immanuel Quickley,1630193,-24,26.5,11.5,3.0,0.2895,-9.2105
2023-24,Immanuel Quickley,1630193,-21,33.0,17.0,7.0,0.429,3.4289999999999985
2023-24,Immanuel Quickley,1630193,-20,24.0,8.0,6.0,0.3,-5.699999999999999
2023-24,Immanuel Quickley,1630193,-17,34.0,12.0,3.0,0.4,-1.5999999999999996
2023-24,Immanuel Quickley,1630193,-15,30.0,15.0,5.0,0.364,5.364000000000001
2023-24,Immanuel Quickley,1630193,-13,43.0,29.0,7.0,0.476,23.476
2023-24,Immanuel Quickley,1630193,-12,29.75,11.75,4.75,0.34450000000000003,4.8445
2023-24,Immanuel Quickley,1630193,-11,21.0,7.0,1.0,0.25,-2.75
2023-24,Immanuel Quickley,1630193,-9,36.0,15.0,9.666666666666666,0.30633333333333335,15.972999999999999
2023-24,Immanuel Quickley,1630193,-8,27.0,20.0,6.0,0.583,18.583
2023-24,Immanuel Quickley,1630193,-6,33.5,26.5,7.5,0.497,28.497
2023-24,Immanuel Quickley,1630193,-5,36.0,25.0,6.0,0.438,26.438
2023-24,Immanuel Quickley,1630193,-4,30.0,18.0,4.0,0.462,18.462
2023-24,Immanuel Quickley,1630193,-3,29.0,18.5,5.75,0.4365,21.6865
2023-24,Immanuel Quickley,1630193,-2,30.0,17.0,9.0,0.375,24.375
2023-24,Immanuel Quickley,1630193,-1,29.8,16.4,4.4,0.4204,20.220399999999998
2023-24,Immanuel Quickley,1630193,2,31.25,21.25,7.0,0.55,30.8
2023-24,Immanuel Quickley,1630193,3,31.5,13.0,4.0,0.4275,20.4275
2023-24,Immanuel Quickley,1630193,4,26.0,9.0,10.0,0.4,23.4
2023-24,Immanuel Quickley,1630193,5,30.5,25.0,5.0,0.4085,35.408500000000004
2023-24,Immanuel Quickley,1630193,6,23.0,19.0,2.0,0.583,27.583
2023-24,Immanuel Quickley,1630193,7,28.0,17.0,2.5,0.459,26.959
2023-24,Immanuel Quickley,1630193,8,35.0,22.0,11.0,0.429,41.429
2023-24,Immanuel Quickley,1630193,9,27.5,22.0,3.5,0.49450000000000005,34.9945
2023-24,Immanuel Quickley,1630193,11,33.0,27.0,4.0,0.556,42.556
2023-24,Immanuel Quickley,1630193,14,29.0,22.5,5.0,0.5165,42.0165
2023-24,Immanuel Quickley,1630193,15,29.5,18.0,1.5,0.45,34.95
2023-24,Immanuel Quickley,1630193,21,31.5,24.0,1.5,0.46199999999999997,46.962
2023-24,Immanuel Quickley,1630193,22,26.5,18.75,7.25,0.55675,48.55675
2023-24,Immanuel Quickley,1630193,28,24.0,10.0,3.0,0.375,41.375
2023-24,Immanuel Quickley,1630193,32,32.0,24.0,3.0,0.5,59.5
2023-24,Isaac Okoro,1630171,-21,25.0,1.0,0.0,0.0,-20.0
2023-24,Isaac Okoro,1630171,-19,27.5,10.5,3.0,0.6835,-4.8165
2023-24,Isaac Okoro,1630171,-18,27.0,16.0,3.0,0.5,1.5
2023-24,Isaac Okoro,1630171,-17,27.0,3.0,1.0,0.5,-12.5
2023-24,Isaac Okoro,1630171,-16,24.0,10.0,0.0,0.6,-5.4
2023-24,Isaac Okoro,1630171,-13,28.5,8.5,0.5,0.4165,-3.583500000000001
2023-24,Isaac Okoro,1630171,-12,28.0,13.0,1.0,0.644,2.644
2023-24,Isaac Okoro,1630171,-11,29.0,11.0,1.0,0.667,1.6669999999999998
2023-24,Isaac Okoro,1630171,-10,34.0,10.5,3.0,0.4665,3.9665
2023-24,Isaac Okoro,1630171,-9,26.0,11.0,2.0,0.4095,4.4094999999999995
2023-24,Isaac Okoro,1630171,-8,33.0,17.0,3.0,0.5,12.5
2023-24,Isaac Okoro,1630171,-7,28.0,10.0,2.0,0.375,5.375
2023-24,Isaac Okoro,1630171,-6,29.5,9.0,3.0,0.479,6.478999999999999
2023-24,Isaac Okoro,1630171,-5,25.0,7.0,0.0,0.5,2.5
2023-24,Isaac Okoro,1630171,-4,32.666666666666664,14.0,2.3333333333333335,0.5213333333333333,12.854666666666667
2023-24,Isaac Okoro,1630171,-3,30.0,17.0,1.0,0.778,15.777999999999999
2023-24,Isaac Okoro,1630171,-2,33.0,11.0,4.5,0.598,14.097999999999999
2023-24,Isaac Okoro,1630171,-1,30.5,10.0,2.5,0.5,12.0
2023-24,Isaac Okoro,1630171,0,24.0,9.5,0.5,0.6665,10.6665
2023-24,Isaac Okoro,1630171,1,26.0,16.0,2.0,0.545,19.545
2023-24,Isaac Okoro,1630171,2,38.0,7.0,1.0,0.5,10.5
2023-24,Isaac Okoro,1630171,3,24.0,5.0,5.0,0.286,13.286
2023-24,Isaac Okoro,1630171,4,38.0,22.0,1.0,0.538,27.538
2023-24,Isaac Okoro,1630171,5,32.333333333333336,12.333333333333334,2.0,0.436,19.769333333333336
2023-24,Isaac Okoro,1630171,6,28.5,10.0,2.0,0.4165,18.4165
2023-24,Isaac Okoro,1630171,7,21.0,6.0,0.0,0.5,13.5
2023-24,Isaac Okoro,1630171,8,30.0,14.0,3.0,0.455,25.455
2023-24,Isaac Okoro,1630171,9,24.0,7.0,2.0,0.375,18.375
2023-24,Isaac Okoro,1630171,12,28.0,7.666666666666667,4.0,0.4223333333333333,24.089
2023-24,Isaac Okoro,1630171,13,30.666666666666668,9.333333333333334,2.0,0.48133333333333334,24.814666666666668
2023-24,Isaac Okoro,1630171,15,25.666666666666668,9.0,1.3333333333333333,0.6903333333333332,26.023666666666667
2023-24,Isaac Okoro,1630171,16,24.5,4.0,0.5,0.2,20.7
2023-24,Isaac Okoro,1630171,17,27.0,5.0,3.0,0.667,25.667
2023-24,Isaac Okoro,1630171,18,27.0,10.5,0.5,0.5,29.5
2023-24,Isaac Okoro,1630171,19,29.5,12.0,3.0,0.47800000000000004,34.478
2023-24,Isaac Okoro,1630171,37,25.0,10.0,7.0,0.714,54.714
2023-24,Isaiah Hartenstein,1628392,-18,24.0,7.0,3.0,0.5,-7.5
2023-24,Isaiah Hartenstein,1628392,-15,23.0,12.5,2.5,0.5665,0.5664999999999996
2023-24,Isaiah Hartenstein,1628392,-14,32.0,12.0,1.0,0.8,-0.1999999999999993
2023-24,Isaiah Hartenstein,1628392,-9,29.0,12.0,2.0,0.714,5.714
2023-24,Isaiah Hartenstein,1628392,-8,24.0,6.0,4.0,1.0,3.0
2023-24,Isaiah Hartenstein,1628392,-7,32.0,8.0,3.0,0.667,4.667
2023-24,Isaiah Hartenstein,1628392,-5,25.0,7.0,2.0,0.75,4.75
2023-24,Isaiah Hartenstein,1628392,-4,32.0,2.0,6.0,0.333,4.333
2023-24,Isaiah Hartenstein,1628392,-3,27.5,7.0,5.0,0.39649999999999996,9.3965
2023-24,Isaiah Hartenstein,1628392,0,29.0,9.666666666666666,3.6666666666666665,0.5086666666666667,13.841999999999999
2023-24,Isaiah Hartenstein,1628392,1,29.0,14.0,2.0,0.6,17.6
2023-24,Isaiah Hartenstein,1628392,2,29.0,10.0,2.0,0.6,14.6
2023-24,Isaiah Hartenstein,1628392,3,32.0,11.0,4.0,0.714,18.714
2023-24,Isaiah Hartenstein,1628392,4,37.0,4.0,2.0,0.333,10.333
2023-24,Isaiah Hartenstein,1628392,5,27.333333333333332,6.666666666666667,2.3333333333333335,0.7166666666666667,14.716666666666667
2023-24,Isaiah Hartenstein,1628392,7,33.0,15.666666666666666,2.6666666666666665,0.824,26.157333333333334
2023-24,Isaiah Hartenstein,1628392,8,38.0,6.0,3.0,0.6,17.6
2023-24,Isaiah Hartenstein,1628392,9,30.666666666666668,9.333333333333334,5.333333333333333,0.75,24.416666666666668
2023-24,Isaiah Hartenstein,1628392,10,30.0,5.666666666666667,3.6666666666666665,0.6986666666666667,20.032
2023-24,Isaiah Hartenstein,1628392,12,28.666666666666668,12.666666666666666,2.6666666666666665,0.7083333333333334,28.041666666666664
2023-24,Isaiah Hartenstein,1628392,13,29.666666666666668,8.333333333333334,2.6666666666666665,0.4666666666666666,24.46666666666667
2023-24,Isaiah Hartenstein,1628392,14,20.0,5.0,2.0,0.667,21.667
2023-24,Isaiah Hartenstein,1628392,15,38.0,9.0,2.0,0.75,26.75
2023-24,Isaiah Hartenstein,1628392,17,23.0,9.0,2.0,0.667,28.667
2023-24,Isaiah Hartenstein,1628392,18,27.0,2.0,1.0,0.333,21.333
2023-24,Isaiah Hartenstein,1628392,19,29.0,7.0,9.0,0.75,35.75
2023-24,Isaiah Hartenstein,1628392,21,30.0,2.0,3.0,0.333,26.333
2023-24,Isaiah Hartenstein,1628392,26,33.0,12.666666666666666,3.6666666666666665,0.7486666666666667,43.081999999999994
2023-24,Isaiah Hartenstein,1628392,27,24.0,6.0,5.0,0.5,38.5
2023-24,Isaiah Hartenstein,1628392,29,30.0,7.0,2.0,1.0,39.0
2023-24,Isaiah Hartenstein,1628392,31,27.0,5.0,3.0,1.0,40.0
2023-24,Isaiah Hartenstein,1628392,32,36.0,10.0,1.0,0.667,43.667
2023-24,Isaiah Jackson,1630543,-21,24.0,15.0,2.0,0.667,-3.3329999999999984
2023-24,Isaiah Jackson,1630543,-15,27.0,10.0,2.0,0.375,-2.625
2023-24,Isaiah Jackson,1630543,6,31.0,15.0,1.0,0.538,22.538
2023-24,Isaiah Jackson,1630543,10,28.0,10.0,6.0,0.571,26.571
2023-24,Isaiah Jackson,1630543,17,22.0,6.0,1.0,0.5,24.5
2023-24,Isaiah Jackson,1630543,29,20.0,18.0,1.0,0.667,48.667
2023-24,Isaiah Joe,1630198,-20,20.0,7.0,1.0,0.273,-11.727
2023-24,Isaiah Joe,1630198,-12,23.0,15.0,3.0,0.714,6.713999999999999
2023-24,Isaiah Joe,1630198,-11,25.0,11.0,0.0,0.5,0.5
2023-24,Isaiah Joe,1630198,-6,21.0,10.0,3.0,0.667,7.667
2023-24,Isaiah Joe,1630198,-5,21.0,16.0,3.0,0.6,14.600000000000001
2023-24,Isaiah Joe,1630198,-4,21.0,12.0,0.0,0.6855,8.6855
2023-24,Isaiah Joe,1630198,-3,27.0,14.0,7.0,0.308,18.308
2023-24,Isaiah Joe,1630198,-2,26.0,16.0,1.0,0.667,15.667000000000002
2023-24,Isaiah Joe,1630198,-1,22.0,15.0,0.0,0.625,14.625
2023-24,Isaiah Joe,1630198,3,28.0,11.5,2.5,0.3305,17.3305
2023-24,Isaiah Joe,1630198,4,20.0,4.0,1.0,0.2,9.2
2023-24,Isaiah Joe,1630198,5,20.0,12.0,3.0,0.5,20.5
2023-24,Isaiah Joe,1630198,10,23.0,10.0,1.5,0.394,21.894
2023-24,Isaiah Joe,1630198,11,27.666666666666668,15.333333333333334,3.0,0.5653333333333334,29.89866666666667
2023-24,Isaiah Joe,1630198,12,23.333333333333332,7.333333333333333,2.6666666666666665,0.36799999999999994,22.368000000000002
2023-24,Isaiah Joe,1630198,13,20.0,9.0,0.0,0.333,22.333
2023-24,Isaiah Joe,1630198,14,21.0,14.0,2.0,0.5,30.5
2023-24,Isaiah Joe,1630198,17,26.0,10.0,3.0,0.444,30.444000000000003
2023-24,Isaiah Joe,1630198,21,25.0,23.0,0.0,1.0,45.0
2023-24,Isaiah Joe,1630198,28,22.0,5.0,1.0,0.25,34.25
2023-24,Isaiah Joe,1630198,34,20.0,8.0,5.0,0.5,47.5
2023-24,Isaiah Livers,1630587,-26,23.0,8.0,3.0,0.273,-14.727
2023-24,Isaiah Livers,1630587,-17,26.0,2.0,1.0,0.125,-13.875
2023-24,Isaiah Livers,1630587,-16,27.0,2.0,0.0,0.25,-13.75
2023-24,Isaiah Livers,1630587,-15,26.0,8.0,0.0,0.6,-6.4
2023-24,Isaiah Livers,1630587,-13,29.0,9.5,1.0,0.5,-2.0
2023-24,Isaiah Livers,1630587,-12,22.0,14.0,2.0,0.625,4.625
2023-24,Isaiah Livers,1630587,-7,21.5,5.5,1.0,0.405,-0.09499999999999975
2023-24,Isaiah Livers,1630587,-1,30.0,11.0,1.0,0.5,11.5
2023-24,Isaiah Livers,1630587,4,26.0,6.0,1.0,0.25,11.25
2023-24,Isaiah Livers,1630587,5,24.0,3.0,2.0,0.25,10.25
2023-24,Isaiah Stewart,1630191,-27,23.5,7.0,1.0,0.45199999999999996,-18.548000000000002
2023-24,Isaiah Stewart,1630191,-24,35.0,12.0,1.0,0.556,-10.443999999999999
2023-24,Isaiah Stewart,1630191,-20,24.0,12.0,0.0,0.444,-7.555999999999999
2023-24,Isaiah Stewart,1630191,-19,28.0,3.0,2.0,0.333,-13.667
2023-24,Isaiah Stewart,1630191,-18,34.0,11.0,0.0,0.429,-6.571
2023-24,Isaiah Stewart,1630191,-16,31.0,10.0,2.0,0.4,-3.5999999999999996
2023-24,Isaiah Stewart,1630191,-11,30.0,10.25,1.5,0.538,1.2880000000000003
2023-24,Isaiah Stewart,1630191,-10,31.5,13.5,1.5,0.606,5.606
2023-24,Isaiah Stewart,1630191,-7,30.0,12.0,1.0,0.444,6.444000000000001
2023-24,Isaiah Stewart,1630191,-6,28.0,19.0,2.0,0.556,15.556000000000001
2023-24,Isaiah Stewart,1630191,-5,22.0,4.0,2.0,0.333,1.3330000000000002
2023-24,Isaiah Stewart,1630191,-4,31.75,8.25,1.0,0.381,5.631
2023-24,Isaiah Stewart,1630191,-2,28.333333333333332,12.666666666666666,1.6666666666666667,0.5539999999999999,12.887333333333332
2023-24,Isaiah Stewart,1630191,-1,36.5,14.0,2.5,0.528,16.028
2023-24,Isaiah Stewart,1630191,1,30.0,11.0,2.0,0.364,14.364
2023-24,Isaiah Stewart,1630191,2,29.0,8.5,1.0,0.3885,11.8885
2023-24,Isaiah Stewart,1630191,3,33.0,12.0,4.0,0.625,19.625
2023-24,Isaiah Stewart,1630191,6,33.0,13.0,3.0,0.49450000000000005,22.4945
2023-24,Isaiah Stewart,1630191,7,33.5,15.0,2.5,0.5225,25.0225
2023-24,Isaiah Stewart,1630191,8,31.5,11.5,0.5,0.7915,20.7915
2023-24,Isaiah Stewart,1630191,10,33.0,11.0,2.0,0.5,23.5
2023-24,Isaiah Stewart,1630191,12,33.5,7.0,4.0,0.518,23.518
2023-24,Isaiah Stewart,1630191,13,33.0,12.0,0.0,0.444,25.444000000000003
2023-24,Isaiah Stewart,1630191,17,33.0,14.0,0.0,0.429,31.429000000000002
2023-24,Isaiah Stewart,1630191,19,37.0,16.0,4.0,0.412,39.412
2023-24,Isaiah Stewart,1630191,24,34.0,11.0,0.0,0.444,35.444
2023-24,Ish Smith,202397,-30,25.0,3.0,4.0,0.333,-22.667
2023-24,Ish Smith,202397,-28,29.0,10.0,4.0,0.417,-13.583
2023-24,Ish Smith,202397,-21,22.0,8.0,1.0,0.4,-11.6
2023-24,Ish Smith,202397,-14,21.0,0.0,6.0,0.0,-8.0
2023-24,Ish Smith,202397,-12,23.0,5.0,5.5,0.5,-1.0
2023-24,Ish Smith,202397,-11,28.0,0.0,12.0,0.0,1.0
2023-24,Ish Smith,202397,-10,34.0,8.0,6.0,0.444,4.444000000000001
2023-24,Ish Smith,202397,-6,22.0,8.0,2.0,0.571,4.571
2023-24,Ish Smith,202397,14,20.0,0.0,4.0,0.0,18.0
2023-24,Ivica Zubac,1627826,-28,26.0,16.0,0.0,0.778,-11.222000000000001
2023-24,Ivica Zubac,1627826,-20,23.5,7.5,1.5,0.75,-10.25
2023-24,Ivica Zubac,1627826,-19,26.0,14.0,1.0,0.709,-3.2910000000000004
2023-24,Ivica Zubac,1627826,-18,25.0,9.5,0.0,0.9165,-7.583500000000001
2023-24,Ivica Zubac,1627826,-12,32.0,9.0,2.0,0.571,-0.42900000000000027
2023-24,Ivica Zubac,1627826,-11,29.0,10.0,1.0,0.556,0.5560000000000009
2023-24,Ivica Zubac,1627826,-10,27.0,14.0,1.0,0.7,5.699999999999999
2023-24,Ivica Zubac,1627826,-6,29.6,13.2,1.2,0.5584,8.9584
2023-24,Ivica Zubac,1627826,-5,28.5,10.0,1.0,0.432,6.432
2023-24,Ivica Zubac,1627826,-4,26.0,11.5,0.5,0.714,8.714
2023-24,Ivica Zubac,1627826,-3,30.0,11.0,2.3333333333333335,0.48333333333333334,10.816666666666666
2023-24,Ivica Zubac,1627826,-2,22.0,6.0,2.0,0.4,6.4
2023-24,Ivica Zubac,1627826,0,25.0,9.0,1.0,0.6665,10.6665
2023-24,Ivica Zubac,1627826,1,28.2,14.2,1.4,0.683,17.283
2023-24,Ivica Zubac,1627826,2,33.0,18.0,2.0,0.692,22.692
2023-24,Ivica Zubac,1627826,3,28.0,15.0,2.5,0.6875,21.1875
2023-24,Ivica Zubac,1627826,4,22.0,8.0,0.0,0.6,12.6
2023-24,Ivica Zubac,1627826,5,29.0,13.0,2.0,0.556,20.556
2023-24,Ivica Zubac,1627826,6,22.666666666666668,9.333333333333334,1.0,0.7046666666666667,17.038
2023-24,Ivica Zubac,1627826,7,26.0,18.0,0.0,0.636,25.636
2023-24,Ivica Zubac,1627826,9,33.0,15.0,1.0,0.875,25.875
2023-24,Ivica Zubac,1627826,12,28.5,13.0,2.0,0.764,27.764
2023-24,Ivica Zubac,1627826,13,33.333333333333336,16.333333333333332,3.3333333333333335,0.65,33.31666666666666
2023-24,Ivica Zubac,1627826,14,27.0,19.0,3.0,0.889,36.888999999999996
2023-24,Ivica Zubac,1627826,15,23.0,12.0,2.0,0.833,29.833
2023-24,Ivica Zubac,1627826,17,24.5,11.5,1.0,0.6074999999999999,30.1075
2023-24,Ivica Zubac,1627826,18,23.333333333333332,14.0,1.6666666666666667,0.7533333333333333,34.42
2023-24,Ivica Zubac,1627826,19,22.0,9.0,1.0,0.5,29.5
2023-24,Ivica Zubac,1627826,23,27.666666666666668,12.0,1.6666666666666667,0.7023333333333334,37.369
2023-24,Ivica Zubac,1627826,25,25.0,20.0,0.0,0.8,45.8
2023-24,Ivica Zubac,1627826,27,26.0,18.0,3.0,0.7,48.7
2023-24,Ivica Zubac,1627826,28,28.0,6.0,1.0,0.75,35.75
2023-24,Ivica Zubac,1627826,29,27.0,13.0,2.0,0.556,44.556
2023-24,JT Thor,1630550,-27,20.0,2.0,0.0,0.143,-24.857
2023-24,JT Thor,1630550,-21,20.0,0.0,1.0,0.0,-20.0
2023-24,JT Thor,1630550,-13,21.0,2.0,0.0,0.125,-10.875
2023-24,JT Thor,1630550,-7,27.0,5.0,1.0,0.333,-0.6669999999999998
2023-24,JT Thor,1630550,0,22.5,5.5,0.0,0.333,5.833
2023-24,JT Thor,1630550,1,23.0,6.0,0.0,0.333,7.333
2023-24,JT Thor,1630550,2,20.0,5.0,1.0,0.286,8.286
2023-24,JT Thor,1630550,3,27.0,9.0,1.0,0.8,13.8
2023-24,JT Thor,1630550,5,21.0,7.0,0.0,0.6,12.6
2023-24,JT Thor,1630550,7,22.0,5.0,1.0,0.4,13.4
2023-24,JT Thor,1630550,11,41.0,20.0,4.0,0.727,35.727000000000004
2023-24,JT Thor,1630550,17,20.0,7.0,2.0,0.429,26.429000000000002
2023-24,Ja Morant,1629630,-19,37.0,19.0,10.0,0.368,10.367999999999999
2023-24,Ja Morant,1629630,-9,30.0,17.0,3.0,0.333,11.332999999999998
2023-24,Ja Morant,1629630,-7,34.0,28.0,9.0,0.556,30.555999999999997
2023-24,Ja Morant,1629630,-1,35.0,26.0,10.0,0.467,35.467
2023-24,Ja Morant,1629630,2,36.0,30.0,11.0,0.56,43.56
2023-24,Ja Morant,1629630,3,39.0,31.0,7.0,0.5,41.5
2023-24,Ja Morant,1629630,12,34.0,34.0,8.0,0.5,54.5
2023-24,Ja Morant,1629630,15,34.0,20.5,7.5,0.425,43.425
2023-24,Jabari Smith Jr.,1631095,-22,34.0,21.5,2.0,0.536,2.0360000000000014
2023-24,Jabari Smith Jr.,1631095,-21,31.0,24.0,2.0,0.471,5.471
2023-24,Jabari Smith Jr.,1631095,-20,28.0,12.0,1.25,0.51625,-6.233750000000001
2023-24,Jabari Smith Jr.,1631095,-19,21.0,0.0,0.0,0.0,-19.0
2023-24,Jabari Smith Jr.,1631095,-17,22.0,5.0,0.0,0.286,-11.714
2023-24,Jabari Smith Jr.,1631095,-16,29.0,10.0,3.0,0.571,-2.4290000000000003
2023-24,Jabari Smith Jr.,1631095,-13,33.0,12.75,2.25,0.47025,2.47025
2023-24,Jabari Smith Jr.,1631095,-12,32.0,16.0,2.0,0.462,6.462
2023-24,Jabari Smith Jr.,1631095,-11,27.0,9.5,0.0,0.3155,-1.1844999999999999
2023-24,Jabari Smith Jr.,1631095,-9,30.0,10.0,1.5,0.3025,2.8025
2023-24,Jabari Smith Jr.,1631095,-8,26.666666666666668,8.666666666666666,1.6666666666666667,0.37966666666666665,2.712999999999999
2023-24,Jabari Smith Jr.,1631095,-6,31.5,11.25,0.75,0.40149999999999997,6.4015
2023-24,Jabari Smith Jr.,1631095,-5,36.0,13.25,1.25,0.47725,9.97725
2023-24,Jabari Smith Jr.,1631095,-4,27.0,16.0,2.0,0.538,14.538
2023-24,Jabari Smith Jr.,1631095,-3,36.0,14.0,0.5,0.4,11.9
2023-24,Jabari Smith Jr.,1631095,-2,31.571428571428573,12.142857142857142,2.2857142857142856,0.3678571428571429,12.79642857142857
2023-24,Jabari Smith Jr.,1631095,-1,26.0,11.0,2.0,0.44999999999999996,12.45
2023-24,Jabari Smith Jr.,1631095,1,36.333333333333336,19.0,2.0,0.5753333333333334,22.575333333333333
2023-24,Jabari Smith Jr.,1631095,2,38.333333333333336,19.333333333333332,2.0,0.4206666666666667,23.753999999999998
2023-24,Jabari Smith Jr.,1631095,3,41.0,34.0,1.0,0.571,38.571
2023-24,Jabari Smith Jr.,1631095,4,30.5,19.5,1.0,0.6,25.1
2023-24,Jabari Smith Jr.,1631095,6,36.0,14.0,1.0,0.455,21.455
2023-24,Jabari Smith Jr.,1631095,8,34.42857142857143,17.0,1.5714285714285714,0.4745714285714286,27.046000000000003
2023-24,Jabari Smith Jr.,1631095,9,31.0,6.0,1.0,0.5,16.5
2023-24,Jabari Smith Jr.,1631095,10,26.5,13.5,0.5,0.479,24.479
2023-24,Jabari Smith Jr.,1631095,11,34.25,15.0,2.25,0.505,28.755
2023-24,Jabari Smith Jr.,1631095,12,34.0,14.0,5.0,0.5,31.5
2023-24,Jabari Smith Jr.,1631095,15,35.0,9.0,5.0,0.25,29.25
2023-24,Jabari Smith Jr.,1631095,16,35.0,13.0,1.5,0.48350000000000004,30.9835
2023-24,Jabari Smith Jr.,1631095,19,26.0,12.0,0.0,0.5,31.5
2023-24,Jabari Smith Jr.,1631095,20,26.0,9.0,1.0,0.429,30.429000000000002
2023-24,Jabari Smith Jr.,1631095,22,32.0,20.0,2.0,0.615,44.614999999999995
2023-24,Jabari Smith Jr.,1631095,37,30.0,21.0,1.0,0.615,59.614999999999995
2023-24,Jabari Walker,1631133,-38,34.0,4.0,2.0,0.167,-31.833
2023-24,Jabari Walker,1631133,-30,22.0,12.0,0.0,0.625,-17.375
2023-24,Jabari Walker,1631133,-25,21.0,7.0,0.0,0.429,-17.570999999999998
2023-24,Jabari Walker,1631133,-24,24.0,8.0,1.0,0.5,-14.5
2023-24,Jabari Walker,1631133,-22,29.0,4.0,0.0,0.25,-17.75
2023-24,Jabari Walker,1631133,-21,29.0,8.0,2.0,0.30000000000000004,-10.7
2023-24,Jabari Walker,1631133,-18,28.5,5.0,0.0,0.45,-12.55
2023-24,Jabari Walker,1631133,-16,26.5,8.0,0.0,0.5145,-7.4855
2023-24,Jabari Walker,1631133,-15,25.666666666666668,11.0,1.0,0.5446666666666667,-2.455333333333334
2023-24,Jabari Walker,1631133,-14,36.0,17.0,1.0,0.429,4.4289999999999985
2023-24,Jabari Walker,1631133,-12,23.5,9.5,0.5,0.5355,-1.4644999999999992
2023-24,Jabari Walker,1631133,-10,24.0,7.0,0.0,0.3,-2.7
2023-24,Jabari Walker,1631133,-9,34.0,14.0,0.0,0.313,5.313000000000001
2023-24,Jabari Walker,1631133,-8,23.0,13.5,0.0,0.7855,6.285500000000001
2023-24,Jabari Walker,1631133,-7,33.0,14.0,0.0,0.429,7.429
2023-24,Jabari Walker,1631133,-6,29.0,4.0,0.0,0.25,-1.75
2023-24,Jabari Walker,1631133,-5,29.333333333333332,11.0,1.3333333333333333,0.418,7.751333333333333
2023-24,Jabari Walker,1631133,0,40.0,14.333333333333334,3.3333333333333335,0.34500000000000003,18.011666666666667
2023-24,Jabari Walker,1631133,1,21.0,9.0,1.0,0.75,11.75
2023-24,Jabari Walker,1631133,2,32.0,17.0,3.0,0.545,22.545
2023-24,Jabari Walker,1631133,3,34.5,8.5,2.0,0.293,13.793
2023-24,Jabari Walker,1631133,5,26.666666666666668,7.0,2.0,0.35766666666666663,14.357666666666667
2023-24,Jabari Walker,1631133,7,23.0,9.0,1.0,0.5,17.5
2023-24,Jabari Walker,1631133,9,27.0,14.0,3.0,0.667,26.667
2023-24,Jabari Walker,1631133,11,27.0,19.0,2.0,0.533,32.533
2023-24,Jabari Walker,1631133,12,29.0,25.0,1.0,0.636,38.635999999999996
2023-24,Jabari Walker,1631133,13,24.5,15.0,1.0,0.625,29.625
2023-24,Jabari Walker,1631133,14,22.0,19.0,2.0,0.778,35.778
2023-24,Jabari Walker,1631133,17,30.0,8.0,0.0,0.5,25.5
2023-24,Jabari Walker,1631133,18,23.0,8.0,3.0,0.5,29.5
2023-24,Jabari Walker,1631133,21,31.0,18.0,2.0,0.5,41.5
2023-24,Jack White,1631298,-13,25.0,6.0,0.0,0.286,-6.714
2023-24,Jacob Gilyard,1631367,-31,36.0,13.0,6.0,0.5,-11.5
2023-24,Jacob Gilyard,1631367,-14,24.0,5.0,4.0,0.333,-4.667
2023-24,Jacob Gilyard,1631367,-13,26.0,12.5,3.0,0.5780000000000001,3.0779999999999994
2023-24,Jacob Gilyard,1631367,-12,32.5,9.5,7.5,0.375,5.375
2023-24,Jacob Gilyard,1631367,-10,24.0,12.0,4.0,0.667,6.667000000000002
2023-24,Jacob Gilyard,1631367,-3,28.5,9.0,7.0,0.42200000000000004,13.422
2023-24,Jacob Gilyard,1631367,-2,22.0,6.0,4.5,0.36650000000000005,8.8665
2023-24,Jacob Gilyard,1631367,0,20.0,0.0,8.0,0.0,8.0
2023-24,Jacob Gilyard,1631367,1,22.0,6.0,6.0,0.5,13.5
2023-24,Jacob Gilyard,1631367,3,23.0,6.0,3.0,0.333,12.333
2023-24,Jacob Gilyard,1631367,4,20.0,3.0,6.0,0.5,13.5
2023-24,Jaden Hardy,1630702,-33,24.0,8.0,4.0,0.176,-20.823999999999998
2023-24,Jaden Hardy,1630702,-26,28.0,9.0,3.0,0.286,-13.714
2023-24,Jaden Hardy,1630702,-23,31.0,15.0,2.0,0.429,-5.5710000000000015
2023-24,Jaden Hardy,1630702,-22,21.0,17.0,1.0,0.4,-3.6000000000000014
2023-24,Jaden Hardy,1630702,-13,23.0,8.0,1.0,0.375,-3.625
2023-24,Jaden Hardy,1630702,-11,28.0,25.0,2.0,0.474,16.474
2023-24,Jaden Hardy,1630702,-10,20.0,8.0,5.0,0.444,3.444000000000001
2023-24,Jaden Hardy,1630702,-7,20.0,7.0,0.0,0.429,0.42900000000000027
2023-24,Jaden Hardy,1630702,0,30.0,17.0,1.0,0.389,18.389
2023-24,Jaden Hardy,1630702,1,22.0,15.0,1.0,0.385,17.385
2023-24,Jaden Hardy,1630702,6,33.0,19.0,4.0,0.467,29.467
2023-24,Jaden Hardy,1630702,7,23.0,14.0,2.6666666666666665,0.6296666666666667,24.296333333333333
2023-24,Jaden Hardy,1630702,11,32.0,19.0,9.0,0.571,39.571
2023-24,Jaden Hardy,1630702,14,22.0,8.0,4.0,0.25,26.25
2023-24,Jaden Hardy,1630702,15,21.0,6.0,1.0,0.143,22.143
2023-24,Jaden Ivey,1631093,-32,28.0,13.0,2.0,0.294,-16.706
2023-24,Jaden Ivey,1631093,-29,24.0,10.0,0.0,0.273,-18.727
2023-24,Jaden Ivey,1631093,-23,32.0,17.0,6.0,0.357,0.3569999999999993
2023-24,Jaden Ivey,1631093,-21,25.5,11.25,2.75,0.39225,-6.607749999999999
2023-24,Jaden Ivey,1631093,-19,25.0,19.0,3.0,0.6,3.6000000000000014
2023-24,Jaden Ivey,1631093,-16,30.5,16.75,5.25,0.42125,6.421250000000001
2023-24,Jaden Ivey,1631093,-15,31.25,20.25,4.75,0.44175,10.441749999999999
2023-24,Jaden Ivey,1631093,-14,21.0,9.0,1.0,0.3575,-3.6425
2023-24,Jaden Ivey,1631093,-13,29.0,17.0,2.0,0.4455,6.445499999999999
2023-24,Jaden Ivey,1631093,-12,30.0,13.666666666666666,3.6666666666666665,0.415,5.748333333333331
2023-24,Jaden Ivey,1631093,-11,21.0,9.0,2.0,0.4,0.40000000000000036
2023-24,Jaden Ivey,1631093,-10,27.5,14.5,2.75,0.50575,7.755749999999999
2023-24,Jaden Ivey,1631093,-9,21.0,12.0,0.0,0.667,3.667
2023-24,Jaden Ivey,1631093,-7,28.0,15.0,5.0,0.313,13.312999999999999
2023-24,Jaden Ivey,1631093,-6,27.333333333333332,13.0,5.333333333333333,0.4123333333333333,12.745666666666665
2023-24,Jaden Ivey,1631093,-5,31.0,25.0,4.0,0.528,24.528
2023-24,Jaden Ivey,1631093,-4,32.333333333333336,19.0,2.6666666666666665,0.44766666666666666,18.114333333333335
2023-24,Jaden Ivey,1631093,-3,37.0,14.0,9.0,0.214,20.214
2023-24,Jaden Ivey,1631093,-2,23.0,18.0,4.0,0.571,20.571
2023-24,Jaden Ivey,1631093,-1,23.0,12.0,3.0,0.5,14.5
2023-24,Jaden Ivey,1631093,0,28.0,11.75,3.25,0.3745,15.3745
2023-24,Jaden Ivey,1631093,1,26.666666666666668,9.666666666666666,4.333333333333333,0.4283333333333333,15.428333333333333
2023-24,Jaden Ivey,1631093,2,32.0,15.0,7.0,0.5,24.5
2023-24,Jaden Ivey,1631093,3,36.333333333333336,20.666666666666668,4.666666666666667,0.36033333333333334,28.69366666666667
2023-24,Jaden Ivey,1631093,4,24.0,14.0,3.0,0.3,21.3
2023-24,Jaden Ivey,1631093,5,29.666666666666668,19.666666666666668,4.333333333333333,0.5579999999999999,29.558
2023-24,Jaden Ivey,1631093,6,33.0,18.5,5.0,0.5,30.0
2023-24,Jaden Ivey,1631093,7,28.0,18.0,8.0,0.421,33.421
2023-24,Jaden Ivey,1631093,8,32.0,20.75,4.25,0.57675,33.576750000000004
2023-24,Jaden Ivey,1631093,9,37.5,24.0,4.5,0.4865,37.9865
2023-24,Jaden Ivey,1631093,10,37.0,37.0,7.0,0.565,54.565
2023-24,Jaden Ivey,1631093,11,37.0,13.0,5.0,0.294,29.294
2023-24,Jaden Ivey,1631093,12,27.5,8.0,4.5,0.2915,24.7915
2023-24,Jaden Ivey,1631093,13,35.0,19.0,6.0,0.35,38.35
2023-24,Jaden Ivey,1631093,24,33.0,15.0,5.0,0.571,44.571
2023-24,Jaden McDaniels,1630183,-22,32.0,10.0,1.0,0.294,-10.706
2023-24,Jaden McDaniels,1630183,-19,32.0,11.0,2.0,0.5,-5.5
2023-24,Jaden McDaniels,1630183,-17,33.0,9.0,3.0,0.5,-4.5
2023-24,Jaden McDaniels,1630183,-16,27.0,8.0,1.0,0.3,-6.699999999999999
2023-24,Jaden McDaniels,1630183,-15,39.0,13.0,2.0,0.455,0.45500000000000007
2023-24,Jaden McDaniels,1630183,-12,27.333333333333332,10.0,0.6666666666666666,0.3983333333333334,-0.9350000000000005
2023-24,Jaden McDaniels,1630183,-11,27.0,6.0,1.0,0.286,-3.7140000000000004
2023-24,Jaden McDaniels,1630183,-10,26.5,7.5,1.5,0.5,-0.5
2023-24,Jaden McDaniels,1630183,-9,28.0,8.5,0.5,0.3395,0.33949999999999925
2023-24,Jaden McDaniels,1630183,-8,28.25,10.0,1.75,0.46275,4.21275
2023-24,Jaden McDaniels,1630183,-6,35.0,7.333333333333333,1.6666666666666667,0.18133333333333335,3.181333333333333
2023-24,Jaden McDaniels,1630183,-5,22.0,13.0,3.0,0.6,11.600000000000001
2023-24,Jaden McDaniels,1630183,-4,32.0,8.5,2.5,0.354,7.353999999999999
2023-24,Jaden McDaniels,1630183,-3,31.25,13.25,1.25,0.5105000000000001,12.0105
2023-24,Jaden McDaniels,1630183,-2,33.0,8.0,3.0,0.3,9.3
2023-24,Jaden McDaniels,1630183,-1,26.0,6.0,0.5,0.3275,5.8275
2023-24,Jaden McDaniels,1630183,0,37.0,26.0,0.0,0.692,26.692
2023-24,Jaden McDaniels,1630183,1,34.0,11.5,2.5,0.5225,15.5225
2023-24,Jaden McDaniels,1630183,2,32.666666666666664,10.0,1.6666666666666667,0.5630000000000001,14.229666666666667
2023-24,Jaden McDaniels,1630183,4,31.333333333333332,14.5,1.1666666666666667,0.5964999999999999,20.263166666666667
2023-24,Jaden McDaniels,1630183,5,34.0,8.5,0.5,0.4445,14.4445
2023-24,Jaden McDaniels,1630183,7,25.0,11.0,3.5,0.5635,22.063499999999998
2023-24,Jaden McDaniels,1630183,8,30.25,11.75,1.0,0.665,21.415
2023-24,Jaden McDaniels,1630183,9,25.5,12.5,1.5,0.572,23.572
2023-24,Jaden McDaniels,1630183,10,27.0,10.666666666666666,0.6666666666666666,0.5,21.833333333333332
2023-24,Jaden McDaniels,1630183,11,33.0,7.0,2.0,0.4,20.4
2023-24,Jaden McDaniels,1630183,12,29.666666666666668,13.0,2.3333333333333335,0.4583333333333333,27.791666666666668
2023-24,Jaden McDaniels,1630183,13,27.0,8.0,1.0,0.444,22.444000000000003
2023-24,Jaden McDaniels,1630183,14,29.0,16.0,0.0,0.7,30.7
2023-24,Jaden McDaniels,1630183,15,32.0,15.0,0.0,0.6,30.6
2023-24,Jaden McDaniels,1630183,18,25.0,10.0,3.0,0.571,31.570999999999998
2023-24,Jaden McDaniels,1630183,19,21.0,6.0,2.0,0.6,27.6
2023-24,Jaden McDaniels,1630183,22,28.0,17.0,1.0,0.545,40.545
2023-24,Jaden McDaniels,1630183,27,29.0,5.0,2.0,0.286,34.286
2023-24,Jaden McDaniels,1630183,35,35.0,15.0,1.0,0.6,51.6
2023-24,Jaden McDaniels,1630183,36,23.0,9.0,3.0,0.5,48.5
2023-24,Jaden Springer,1630531,-15,21.0,4.0,2.0,0.5,-8.5
2023-24,Jaden Springer,1630531,-11,23.0,8.0,1.0,0.333,-1.6669999999999998
2023-24,Jaden Springer,1630531,-9,20.0,7.0,0.0,0.5,-1.5
2023-24,Jaden Springer,1630531,-7,25.0,11.0,3.0,0.571,7.571
2023-24,Jaden Springer,1630531,-5,21.0,8.0,4.0,0.429,7.429
2023-24,Jaden Springer,1630531,-1,20.0,10.0,2.0,0.5,11.5
2023-24,Jaden Springer,1630531,0,22.0,8.0,2.0,0.429,10.429
2023-24,Jaden Springer,1630531,8,21.0,10.0,2.0,0.571,20.570999999999998
2023-24,Jaden Springer,1630531,10,21.0,6.0,4.0,0.4,20.4
2023-24,Jaden Springer,1630531,17,24.0,11.0,4.0,0.667,32.667
2023-24,Jaden Springer,1630531,20,20.0,9.0,0.0,0.8,29.8
2023-24,Jae Crowder,203109,-27,25.0,2.0,3.0,0.25,-21.75
2023-24,Jae Crowder,203109,-24,22.0,6.0,0.0,0.333,-17.667
2023-24,Jae Crowder,203109,-19,40.0,6.0,3.0,0.2,-9.8
2023-24,Jae Crowder,203109,-18,20.0,8.0,2.0,0.667,-7.333
2023-24,Jae Crowder,203109,-15,37.0,21.0,5.0,0.636,11.636
2023-24,Jae Crowder,203109,-11,25.0,8.0,2.0,0.429,-0.5709999999999997
2023-24,Jae Crowder,203109,-8,39.0,10.0,3.0,0.444,5.444000000000001
2023-24,Jae Crowder,203109,-6,30.0,15.0,0.0,0.5,9.5
2023-24,Jae Crowder,203109,-5,25.0,6.0,1.0,0.65,2.6500000000000004
2023-24,Jae Crowder,203109,-3,21.0,4.0,0.0,0.2,1.2000000000000002
2023-24,Jae Crowder,203109,-2,28.333333333333332,6.333333333333333,1.0,0.2916666666666667,5.625
2023-24,Jae Crowder,203109,0,29.0,6.0,2.0,0.5,8.5
2023-24,Jae Crowder,203109,3,26.333333333333332,6.0,1.3333333333333333,0.35833333333333334,10.691666666666666
2023-24,Jae Crowder,203109,4,20.0,5.0,1.0,0.286,10.286
2023-24,Jae Crowder,203109,9,31.0,18.0,0.0,0.636,27.636
2023-24,Jae Crowder,203109,11,26.0,9.0,2.0,0.75,22.75
2023-24,Jae Crowder,203109,15,23.0,3.0,0.0,0.5,18.5
2023-24,Jae Crowder,203109,16,30.0,14.0,1.0,0.444,31.444000000000003
2023-24,Jae Crowder,203109,17,23.5,2.0,2.0,0.2,21.2
2023-24,Jae Crowder,203109,18,22.0,5.0,1.0,0.4,24.4
2023-24,Jae Crowder,203109,33,23.0,10.0,2.0,0.8,45.8
2023-24,Jae Crowder,203109,39,29.0,5.0,3.0,0.143,47.143
2023-24,Jae'Sean Tate,1630256,-24,21.0,6.0,1.0,0.333,-16.667
2023-24,Jae'Sean Tate,1630256,-13,20.0,0.0,2.0,0.0,-11.0
2023-24,Jae'Sean Tate,1630256,-7,20.0,9.0,1.0,0.571,3.5709999999999997
2023-24,Jae'Sean Tate,1630256,-4,26.333333333333332,8.666666666666666,1.6666666666666667,0.6063333333333333,6.939666666666666
2023-24,Jae'Sean Tate,1630256,1,21.5,7.5,2.0,0.5,11.0
2023-24,Jae'Sean Tate,1630256,2,20.0,3.0,0.0,0.333,5.333
2023-24,Jae'Sean Tate,1630256,4,27.5,7.5,1.5,0.5835,13.5835
2023-24,Jae'Sean Tate,1630256,15,26.0,16.0,0.0,0.6,31.6
2023-24,Jae'Sean Tate,1630256,16,27.0,14.0,1.0,0.6,31.6
2023-24,Jae'Sean Tate,1630256,17,31.0,8.0,3.0,1.0,29.0
2023-24,Jae'Sean Tate,1630256,26,26.0,2.0,4.0,0.25,32.25
2023-24,Jae'Sean Tate,1630256,28,20.0,8.0,1.0,0.6,37.6
2023-24,Jahmi'us Ramsey,1630186,-21,22.0,11.0,1.0,0.625,-8.375
2023-24,Jaime Jaquez Jr.,1631170,-25,27.0,6.0,0.0,0.5,-18.5
2023-24,Jaime Jaquez Jr.,1631170,-24,25.0,12.0,1.0,0.4,-10.6
2023-24,Jaime Jaquez Jr.,1631170,-18,30.75,12.25,3.25,0.48325,-2.01675
2023-24,Jaime Jaquez Jr.,1631170,-17,38.0,15.0,2.0,0.462,0.46199999999999974
2023-24,Jaime Jaquez Jr.,1631170,-16,33.5,12.0,1.5,0.342,-2.1579999999999995
2023-24,Jaime Jaquez Jr.,1631170,-9,28.0,16.0,3.5,0.521,11.021
2023-24,Jaime Jaquez Jr.,1631170,-8,33.0,10.0,1.0,0.3,3.3000000000000007
2023-24,Jaime Jaquez Jr.,1631170,-7,26.5,7.5,2.5,0.4665,3.4665
2023-24,Jaime Jaquez Jr.,1631170,-6,25.666666666666668,10.0,1.6666666666666667,0.5256666666666666,6.192333333333332
2023-24,Jaime Jaquez Jr.,1631170,-5,29.0,14.5,1.5,0.603,11.603000000000002
2023-24,Jaime Jaquez Jr.,1631170,-4,31.333333333333332,14.0,2.0,0.389,12.389
2023-24,Jaime Jaquez Jr.,1631170,-3,29.5,10.0,6.5,0.319,13.818999999999999
2023-24,Jaime Jaquez Jr.,1631170,-2,28.0,12.666666666666666,2.3333333333333335,0.4756666666666667,13.475666666666667
2023-24,Jaime Jaquez Jr.,1631170,-1,31.25,15.25,0.5,0.56875,15.318750000000001
2023-24,Jaime Jaquez Jr.,1631170,1,34.0,14.0,3.0,0.538,18.538
2023-24,Jaime Jaquez Jr.,1631170,2,31.0,13.0,2.3333333333333335,0.4583333333333333,17.791666666666668
2023-24,Jaime Jaquez Jr.,1631170,3,27.5,15.5,3.5,0.6145,22.6145
2023-24,Jaime Jaquez Jr.,1631170,4,33.0,10.0,5.0,0.444,19.444000000000003
2023-24,Jaime Jaquez Jr.,1631170,5,29.333333333333332,10.666666666666666,3.6666666666666665,0.5926666666666667,19.926
2023-24,Jaime Jaquez Jr.,1631170,6,34.666666666666664,15.333333333333334,3.0,0.4996666666666667,24.833000000000002
2023-24,Jaime Jaquez Jr.,1631170,8,30.25,13.75,3.25,0.413,25.413
2023-24,Jaime Jaquez Jr.,1631170,10,28.666666666666668,8.666666666666666,3.0,0.457,22.123666666666665
2023-24,Jaime Jaquez Jr.,1631170,11,37.0,19.0,1.0,0.5,31.5
2023-24,Jaime Jaquez Jr.,1631170,13,25.0,2.0,4.0,0.2,19.2
2023-24,Jaime Jaquez Jr.,1631170,15,24.0,8.0,1.0,0.333,24.333
2023-24,Jaime Jaquez Jr.,1631170,16,28.0,22.0,1.0,0.7,39.7
2023-24,Jaime Jaquez Jr.,1631170,18,30.0,18.0,2.5,0.516,39.016
2023-24,Jaime Jaquez Jr.,1631170,24,35.5,17.5,6.0,0.5575,48.057500000000005
2023-24,Jaime Jaquez Jr.,1631170,25,26.0,12.0,4.0,0.45,41.45
2023-24,Jaime Jaquez Jr.,1631170,26,32.0,20.0,9.0,0.467,55.467
2023-24,Jaime Jaquez Jr.,1631170,28,25.0,12.0,5.0,0.667,45.667
2023-24,Jake LaRavia,1631222,-25,24.0,13.0,4.0,0.444,-7.556000000000001
2023-24,Jake LaRavia,1631222,-22,27.0,10.0,1.0,0.444,-10.556
2023-24,Jake LaRavia,1631222,-19,34.5,17.0,2.0,0.35200000000000004,0.3520000000000003
2023-24,Jake LaRavia,1631222,-18,31.0,7.5,3.5,0.2095,-6.7905
2023-24,Jake LaRavia,1631222,-17,27.0,10.0,2.0,0.4,-4.6
2023-24,Jake LaRavia,1631222,-16,40.0,32.0,1.0,0.556,17.555999999999997
2023-24,Jake LaRavia,1631222,-7,26.0,21.0,2.0,0.538,16.538
2023-24,Jake LaRavia,1631222,-6,31.0,12.0,3.0,0.3,9.3
2023-24,Jake LaRavia,1631222,2,26.0,14.0,3.0,0.3,19.3
2023-24,Jake LaRavia,1631222,3,23.0,16.0,1.0,0.444,20.444
2023-24,Jake LaRavia,1631222,4,23.0,14.0,0.0,0.444,18.444000000000003
2023-24,Jake LaRavia,1631222,6,28.0,14.0,3.0,0.333,23.333
2023-24,Jake LaRavia,1631222,7,27.5,18.5,3.0,0.458,28.958
2023-24,Jake LaRavia,1631222,8,31.0,19.0,0.0,0.467,27.467
2023-24,Jake LaRavia,1631222,9,43.0,28.0,6.0,0.538,43.538
2023-24,Jake LaRavia,1631222,17,33.0,12.0,2.0,0.267,31.267
2023-24,Jake LaRavia,1631222,19,27.0,9.0,2.0,0.4,30.4
2023-24,Jake LaRavia,1631222,21,27.0,15.0,1.0,0.375,37.375
2023-24,Jakob Poeltl,1627751,-21,27.0,14.0,1.0,0.875,-5.125
2023-24,Jakob Poeltl,1627751,-19,24.0,6.0,3.0,0.4,-9.6
2023-24,Jakob Poeltl,1627751,-17,23.5,9.5,1.0,0.6,-5.9
2023-24,Jakob Poeltl,1627751,-14,24.0,12.666666666666666,2.6666666666666665,0.593,1.9263333333333321
2023-24,Jakob Poeltl,1627751,-13,22.0,10.0,1.0,0.714,-1.2859999999999996
2023-24,Jakob Poeltl,1627751,-12,26.0,8.5,0.5,0.75,-2.25
2023-24,Jakob Poeltl,1627751,-11,24.0,10.0,2.0,0.5,1.5
2023-24,Jakob Poeltl,1627751,-9,25.75,10.0,2.25,0.50275,3.7527500000000007
2023-24,Jakob Poeltl,1627751,-7,26.0,8.0,1.0,1.0,3.0
2023-24,Jakob Poeltl,1627751,-6,28.0,15.0,2.5,0.6945,12.194500000000001
2023-24,Jakob Poeltl,1627751,-5,25.333333333333332,14.0,0.6666666666666666,0.6833333333333332,10.35
2023-24,Jakob Poeltl,1627751,-2,29.0,12.5,4.5,0.6415,15.6415
2023-24,Jakob Poeltl,1627751,-1,29.0,16.0,6.0,0.583,21.583
2023-24,Jakob Poeltl,1627751,0,23.666666666666668,7.333333333333333,2.6666666666666665,0.5556666666666666,10.555666666666667
2023-24,Jakob Poeltl,1627751,1,31.0,14.0,2.5,0.9445,18.4445
2023-24,Jakob Poeltl,1627751,3,28.5,8.0,3.5,0.4375,14.9375
2023-24,Jakob Poeltl,1627751,4,26.0,12.0,6.0,0.462,22.462
2023-24,Jakob Poeltl,1627751,6,33.0,12.0,2.0,0.714,20.714
2023-24,Jakob Poeltl,1627751,8,28.5,5.5,3.0,0.75,17.25
2023-24,Jakob Poeltl,1627751,9,34.0,18.0,2.0,0.889,29.889
2023-24,Jakob Poeltl,1627751,10,21.0,15.0,4.0,0.7,29.7
2023-24,Jakob Poeltl,1627751,12,26.5,14.5,4.0,0.6625,31.1625
2023-24,Jakob Poeltl,1627751,14,37.0,16.0,3.0,0.636,33.635999999999996
2023-24,Jakob Poeltl,1627751,15,30.0,15.0,3.0,0.875,33.875
2023-24,Jakob Poeltl,1627751,16,21.0,10.0,2.0,0.667,28.667
2023-24,Jakob Poeltl,1627751,21,27.0,15.0,4.5,0.875,41.375
2023-24,Jakob Poeltl,1627751,22,29.0,14.0,2.0,0.7,38.7
2023-24,Jakob Poeltl,1627751,26,25.0,8.0,2.0,0.429,36.429
2023-24,Jalen Brunson,1628973,-25,33.0,22.0,6.0,0.412,3.411999999999999
2023-24,Jalen Brunson,1628973,-21,33.0,23.0,4.0,0.471,6.471
2023-24,Jalen Brunson,1628973,-20,36.0,26.0,6.5,0.477,12.976999999999997
2023-24,Jalen Brunson,1628973,-17,40.0,28.0,6.0,0.409,17.409
2023-24,Jalen Brunson,1628973,-16,36.5,30.5,6.5,0.522,21.522
2023-24,Jalen Brunson,1628973,-14,35.5,25.5,5.5,0.4475,17.4475
2023-24,Jalen Brunson,1628973,-12,37.0,34.0,9.0,0.48,31.479999999999997
2023-24,Jalen Brunson,1628973,-10,34.0,20.0,8.0,0.267,18.267
2023-24,Jalen Brunson,1628973,-9,33.5,18.25,7.0,0.33099999999999996,16.581
2023-24,Jalen Brunson,1628973,-7,37.0,39.0,4.0,0.56,36.56
2023-24,Jalen Brunson,1628973,-6,36.0,24.0,3.5,0.4865,21.9865
2023-24,Jalen Brunson,1628973,-5,44.0,36.0,10.0,0.484,41.484
2023-24,Jalen Brunson,1628973,-3,31.0,27.0,8.0,0.524,32.524
2023-24,Jalen Brunson,1628973,-2,38.0,34.0,8.5,0.494,40.994
2023-24,Jalen Brunson,1628973,-1,36.5,17.0,6.5,0.28350000000000003,22.7835
2023-24,Jalen Brunson,1628973,1,38.0,30.0,6.333333333333333,0.5086666666666667,37.842000000000006
2023-24,Jalen Brunson,1628973,2,36.5,32.0,6.0,0.42,40.42
2023-24,Jalen Brunson,1628973,3,39.0,35.0,12.0,0.423,50.423
2023-24,Jalen Brunson,1628973,4,36.0,40.0,1.0,0.5,45.5
2023-24,Jalen Brunson,1628973,5,37.0,38.5,5.0,0.6034999999999999,49.1035
2023-24,Jalen Brunson,1628973,6,37.0,38.0,6.0,0.536,50.536
2023-24,Jalen Brunson,1628973,7,35.333333333333336,36.666666666666664,8.0,0.5463333333333333,52.213
2023-24,Jalen Brunson,1628973,8,39.0,27.0,8.0,0.438,43.438
2023-24,Jalen Brunson,1628973,9,40.5,34.0,8.0,0.42900000000000005,51.429
2023-24,Jalen Brunson,1628973,10,40.0,41.0,8.0,0.519,59.519
2023-24,Jalen Brunson,1628973,11,39.0,42.5,8.0,0.521,62.021
2023-24,Jalen Brunson,1628973,12,34.0,23.5,7.5,0.40800000000000003,43.408
2023-24,Jalen Brunson,1628973,13,31.0,28.333333333333332,4.333333333333333,0.529,46.19566666666667
2023-24,Jalen Brunson,1628973,14,32.0,29.0,2.0,0.55,45.55
2023-24,Jalen Brunson,1628973,15,37.0,27.0,7.5,0.5,50.0
2023-24,Jalen Brunson,1628973,16,40.0,16.0,14.0,0.217,46.217
2023-24,Jalen Brunson,1628973,17,35.5,37.5,5.5,0.4535,60.4535
2023-24,Jalen Brunson,1628973,18,32.5,24.0,7.5,0.4175,49.917500000000004
2023-24,Jalen Brunson,1628973,19,38.0,29.0,9.0,0.435,57.435
2023-24,Jalen Brunson,1628973,20,36.6,31.8,8.0,0.49280000000000007,60.2928
2023-24,Jalen Brunson,1628973,21,33.0,19.0,2.0,0.438,42.438
2023-24,Jalen Brunson,1628973,22,36.5,36.5,10.0,0.5825,69.08250000000001
2023-24,Jalen Brunson,1628973,23,28.0,26.0,2.0,0.579,51.579
2023-24,Jalen Brunson,1628973,24,30.333333333333332,24.333333333333332,7.0,0.6093333333333333,55.94266666666667
2023-24,Jalen Brunson,1628973,27,30.0,25.5,6.5,0.5,59.5
2023-24,Jalen Brunson,1628973,28,30.0,39.0,4.0,0.652,71.652
2023-24,Jalen Brunson,1628973,29,25.0,12.0,7.0,0.273,48.272999999999996
2023-24,Jalen Brunson,1628973,31,38.0,31.0,13.0,0.591,75.59100000000001
2023-24,Jalen Brunson,1628973,37,30.0,28.0,6.0,0.5,71.5
2023-24,Jalen Duren,1631105,-25,25.5,11.0,1.5,0.4145,-12.0855
2023-24,Jalen Duren,1631105,-22,26.5,12.0,2.0,0.5355,-7.464499999999999
2023-24,Jalen Duren,1631105,-19,30.5,11.0,1.5,0.5780000000000001,-5.922000000000001
2023-24,Jalen Duren,1631105,-17,29.0,11.0,1.0,0.4,-4.6
2023-24,Jalen Duren,1631105,-16,28.0,11.5,0.5,0.611,-3.3889999999999993
2023-24,Jalen Duren,1631105,-15,32.0,12.0,1.0,0.357,-1.6430000000000007
2023-24,Jalen Duren,1631105,-14,30.5,17.0,2.75,0.66925,6.419250000000002
2023-24,Jalen Duren,1631105,-12,25.0,12.0,1.0,0.625,1.625
2023-24,Jalen Duren,1631105,-11,28.0,13.0,4.0,0.5,6.5
2023-24,Jalen Duren,1631105,-10,26.5,10.5,3.5,0.45199999999999996,4.452
2023-24,Jalen Duren,1631105,-8,27.4,10.6,2.4,0.6098,5.6098
2023-24,Jalen Duren,1631105,-7,28.666666666666668,13.0,1.0,0.49033333333333334,7.490333333333334
2023-24,Jalen Duren,1631105,-6,36.5,16.5,2.0,0.6890000000000001,13.189
2023-24,Jalen Duren,1631105,-5,28.333333333333332,14.333333333333334,2.0,0.8056666666666666,12.139000000000003
2023-24,Jalen Duren,1631105,-4,31.2,14.4,2.6,0.7083999999999999,13.708400000000001
2023-24,Jalen Duren,1631105,-3,29.0,13.0,3.5,0.5680000000000001,14.068000000000001
2023-24,Jalen Duren,1631105,0,23.5,11.5,2.5,0.7085,14.7085
2023-24,Jalen Duren,1631105,1,31.5,16.0,4.0,0.703,21.703
2023-24,Jalen Duren,1631105,2,30.0,17.0,0.0,0.667,19.667
2023-24,Jalen Duren,1631105,3,31.0,11.0,4.0,0.364,18.364
2023-24,Jalen Duren,1631105,4,37.0,27.0,1.0,0.6,32.6
2023-24,Jalen Duren,1631105,5,21.0,14.0,2.0,0.778,21.778
2023-24,Jalen Duren,1631105,6,32.0,18.0,3.0,0.8976666666666667,27.897666666666666
2023-24,Jalen Duren,1631105,8,29.5,16.0,4.0,0.7725,28.7725
2023-24,Jalen Duren,1631105,9,29.5,17.75,3.25,0.7555000000000001,30.7555
2023-24,Jalen Duren,1631105,11,37.0,20.0,6.0,0.7,37.7
2023-24,Jalen Duren,1631105,18,34.0,20.0,1.0,0.818,39.818
2023-24,Jalen Duren,1631105,24,31.0,14.0,5.0,0.556,43.556
2023-24,Jalen Green,1630224,-23,22.0,7.0,1.0,0.273,-14.727
2023-24,Jalen Green,1630224,-22,31.0,12.0,5.0,0.333,-4.667000000000002
2023-24,Jalen Green,1630224,-19,29.0,8.0,7.0,0.2,-3.8000000000000007
2023-24,Jalen Green,1630224,-17,22.666666666666668,14.333333333333334,2.0,0.3156666666666667,-0.3509999999999991
2023-24,Jalen Green,1630224,-16,29.0,13.0,7.0,0.333,4.332999999999998
2023-24,Jalen Green,1630224,-15,34.0,12.0,3.0,0.167,0.16699999999999982
2023-24,Jalen Green,1630224,-14,24.0,7.0,1.0,0.2,-5.800000000000001
2023-24,Jalen Green,1630224,-13,27.0,13.5,3.0,0.3925,3.8924999999999983
2023-24,Jalen Green,1630224,-12,34.0,15.5,4.0,0.30000000000000004,7.800000000000001
2023-24,Jalen Green,1630224,-11,32.75,18.25,5.0,0.4,12.649999999999999
2023-24,Jalen Green,1630224,-10,33.0,20.0,5.0,0.313,15.312999999999999
2023-24,Jalen Green,1630224,-9,30.0,20.0,2.0,0.438,13.437999999999999
2023-24,Jalen Green,1630224,-8,30.5,18.25,4.0,0.4395,14.689499999999999
2023-24,Jalen Green,1630224,-7,33.142857142857146,22.428571428571427,4.0,0.4561428571428571,19.884714285714285
2023-24,Jalen Green,1630224,-6,33.0,18.333333333333332,3.0,0.3446666666666667,15.677999999999997
2023-24,Jalen Green,1630224,-4,34.5,20.5,5.5,0.398,22.398
2023-24,Jalen Green,1630224,-3,29.5,13.0,3.5,0.393,13.893
2023-24,Jalen Green,1630224,-2,25.0,11.5,3.0,0.2915,12.7915
2023-24,Jalen Green,1630224,-1,31.666666666666668,19.666666666666668,3.6666666666666665,0.337,22.670333333333335
2023-24,Jalen Green,1630224,0,34.25,27.0,2.75,0.46775,30.21775
2023-24,Jalen Green,1630224,2,32.5,21.0,3.5,0.504,27.004
2023-24,Jalen Green,1630224,3,31.0,9.0,3.0,0.3,15.3
2023-24,Jalen Green,1630224,4,34.333333333333336,17.666666666666668,2.6666666666666665,0.37666666666666665,24.71
2023-24,Jalen Green,1630224,5,33.0,12.0,5.0,0.357,22.357
2023-24,Jalen Green,1630224,6,29.333333333333332,17.333333333333332,2.6666666666666665,0.38066666666666665,26.380666666666666
2023-24,Jalen Green,1630224,8,30.5,20.5,3.0,0.3585,31.8585
2023-24,Jalen Green,1630224,10,34.0,9.0,5.0,0.077,24.076999999999998
2023-24,Jalen Green,1630224,11,29.0,34.0,4.0,0.5,49.5
2023-24,Jalen Green,1630224,12,39.0,33.5,4.0,0.577,50.077
2023-24,Jalen Green,1630224,13,35.0,27.666666666666668,4.0,0.511,45.17766666666667
2023-24,Jalen Green,1630224,15,28.0,36.0,4.0,0.6,55.6
2023-24,Jalen Green,1630224,16,34.5,31.5,3.0,0.551,51.051
2023-24,Jalen Green,1630224,17,32.0,19.0,4.0,0.427,40.427
2023-24,Jalen Green,1630224,20,27.0,22.0,1.0,0.5,43.5
2023-24,Jalen Green,1630224,22,38.0,23.0,3.0,0.478,48.478
2023-24,Jalen Green,1630224,24,21.0,28.0,3.0,0.733,55.733000000000004
2023-24,Jalen Green,1630224,25,40.0,27.0,3.0,0.346,55.346000000000004
2023-24,Jalen Green,1630224,26,35.0,26.0,4.0,0.4855,56.4855
2023-24,Jalen Green,1630224,31,32.0,41.0,4.0,0.682,76.682
2023-24,Jalen Green,1630224,35,26.0,17.0,4.0,0.357,56.357
2023-24,Jalen Johnson,1630552,-38,32.0,14.0,0.0,0.417,-23.583
2023-24,Jalen Johnson,1630552,-26,29.0,12.0,3.0,0.455,-10.545
2023-24,Jalen Johnson,1630552,-24,37.0,11.0,0.0,0.222,-12.778
2023-24,Jalen Johnson,1630552,-23,35.0,5.0,3.0,0.286,-14.714
2023-24,Jalen Johnson,1630552,-22,32.0,25.0,4.0,0.45,7.449999999999999
2023-24,Jalen Johnson,1630552,-20,38.5,15.5,2.0,0.5,-2.0
2023-24,Jalen Johnson,1630552,-19,33.0,20.0,4.0,0.5,5.5
2023-24,Jalen Johnson,1630552,-17,32.0,16.0,3.0,0.636,2.6359999999999992
2023-24,Jalen Johnson,1630552,-16,33.0,13.0,5.0,0.4,2.3999999999999986
2023-24,Jalen Johnson,1630552,-15,40.0,7.0,3.0,0.429,-4.571
2023-24,Jalen Johnson,1630552,-14,23.0,13.0,3.0,0.857,2.8569999999999993
2023-24,Jalen Johnson,1630552,-13,33.666666666666664,18.333333333333332,2.0,0.6946666666666667,8.027999999999999
2023-24,Jalen Johnson,1630552,-11,36.0,6.0,4.0,0.25,-0.75
2023-24,Jalen Johnson,1630552,-10,34.0,7.0,1.0,0.25,-1.75
2023-24,Jalen Johnson,1630552,-9,29.0,10.0,4.0,0.625,5.625
2023-24,Jalen Johnson,1630552,-8,33.0,17.0,4.0,0.444,13.443999999999999
2023-24,Jalen Johnson,1630552,-7,36.0,12.5,4.5,0.3155,10.3155
2023-24,Jalen Johnson,1630552,-6,28.5,15.0,4.0,0.5,13.5
2023-24,Jalen Johnson,1630552,-4,33.0,17.0,6.0,0.5,19.5
2023-24,Jalen Johnson,1630552,-3,43.0,21.0,8.0,0.45,26.45
2023-24,Jalen Johnson,1630552,-2,35.5,21.0,4.5,0.38849999999999996,23.8885
2023-24,Jalen Johnson,1630552,-1,28.5,19.5,2.5,0.618,21.618
2023-24,Jalen Johnson,1630552,0,35.0,16.0,1.0,0.667,17.667
2023-24,Jalen Johnson,1630552,1,34.5,17.0,3.0,0.5,21.5
2023-24,Jalen Johnson,1630552,3,35.0,18.5,2.5,0.577,24.576999999999998
2023-24,Jalen Johnson,1630552,6,39.333333333333336,22.333333333333332,5.0,0.6003333333333333,33.93366666666667
2023-24,Jalen Johnson,1630552,7,37.5,11.5,5.0,0.4395,23.9395
2023-24,Jalen Johnson,1630552,8,29.0,21.0,2.0,0.692,31.692
2023-24,Jalen Johnson,1630552,9,38.0,10.0,3.0,0.333,22.333
2023-24,Jalen Johnson,1630552,10,31.0,14.5,2.5,0.578,27.578
2023-24,Jalen Johnson,1630552,12,36.0,28.0,11.0,0.714,51.714
2023-24,Jalen Johnson,1630552,14,25.0,14.0,1.0,0.6,29.6
2023-24,Jalen Johnson,1630552,15,27.0,15.0,1.5,0.5555,32.055499999999995
2023-24,Jalen Johnson,1630552,16,37.0,18.333333333333332,6.666666666666667,0.504,41.504000000000005
2023-24,Jalen Johnson,1630552,19,34.0,16.5,3.5,0.6645,39.664500000000004
2023-24,Jalen Johnson,1630552,23,38.0,26.0,7.0,0.706,56.706
2023-24,Jalen Johnson,1630552,33,35.0,22.0,6.0,0.643,61.643
2023-24,Jalen McDaniels,1629667,-28,37.0,13.0,4.0,0.4,-10.600000000000001
2023-24,Jalen McDaniels,1629667,-7,24.0,4.0,3.0,0.667,0.6669999999999998
2023-24,Jalen McDaniels,1629667,-1,23.0,7.0,2.0,0.286,8.286
2023-24,Jalen McDaniels,1629667,5,20.0,8.0,1.0,0.364,14.364
2023-24,Jalen Smith,1630188,-19,22.0,8.0,2.0,0.364,-8.636
2023-24,Jalen Smith,1630188,-17,20.0,7.0,2.0,0.333,-7.667
2023-24,Jalen Smith,1630188,-16,25.0,8.0,3.0,0.571,-4.429
2023-24,Jalen Smith,1630188,-13,21.0,11.0,1.0,0.667,-0.3330000000000002
2023-24,Jalen Smith,1630188,-7,25.0,7.0,2.0,0.333,2.333
2023-24,Jalen Smith,1630188,-5,20.0,13.0,0.0,0.545,8.545
2023-24,Jalen Smith,1630188,-3,20.0,14.0,4.0,1.0,16.0
2023-24,Jalen Smith,1630188,-2,30.0,19.0,2.0,0.615,19.615
2023-24,Jalen Smith,1630188,0,20.5,9.0,0.0,0.5555,9.5555
2023-24,Jalen Smith,1630188,2,23.0,20.0,0.0,0.818,22.818
2023-24,Jalen Smith,1630188,3,20.0,9.0,2.0,0.6,14.6
2023-24,Jalen Smith,1630188,4,23.0,13.0,1.5,0.7855,19.2855
2023-24,Jalen Smith,1630188,5,23.5,11.0,1.0,0.5875,17.5875
2023-24,Jalen Smith,1630188,8,24.0,17.0,1.0,0.857,26.857
2023-24,Jalen Smith,1630188,11,22.0,12.0,1.0,0.455,24.455
2023-24,Jalen Smith,1630188,12,24.0,16.0,1.0,0.625,29.625
2023-24,Jalen Suggs,1630591,-27,32.0,10.0,2.0,0.308,-14.692
2023-24,Jalen Suggs,1630591,-24,25.0,6.0,3.0,0.4,-14.6
2023-24,Jalen Suggs,1630591,-23,21.0,11.0,3.0,0.556,-8.443999999999999
2023-24,Jalen Suggs,1630591,-22,25.0,4.0,2.0,0.143,-15.857
2023-24,Jalen Suggs,1630591,-17,28.0,20.0,1.0,0.667,4.667000000000002
2023-24,Jalen Suggs,1630591,-16,26.0,20.0,2.0,0.571,6.5710000000000015
2023-24,Jalen Suggs,1630591,-14,24.333333333333332,12.0,1.0,0.4913333333333334,-0.5086666666666666
2023-24,Jalen Suggs,1630591,-13,30.5,16.0,3.0,0.472,6.472000000000001
2023-24,Jalen Suggs,1630591,-12,31.0,11.0,3.0,0.5,2.5
2023-24,Jalen Suggs,1630591,-11,26.0,18.5,3.0,0.4615,10.961500000000001
2023-24,Jalen Suggs,1630591,-10,30.5,12.0,2.5,0.34149999999999997,4.8415
2023-24,Jalen Suggs,1630591,-9,27.75,11.25,2.0,0.374,4.6240000000000006
2023-24,Jalen Suggs,1630591,-8,30.0,11.0,2.5,0.42800000000000005,5.928000000000001
2023-24,Jalen Suggs,1630591,-6,25.0,7.0,5.5,0.229,6.728999999999999
2023-24,Jalen Suggs,1630591,-4,21.0,6.0,3.0,0.143,5.143000000000001
2023-24,Jalen Suggs,1630591,-3,29.5,15.5,4.5,0.621,17.621
2023-24,Jalen Suggs,1630591,-2,26.0,10.0,5.0,0.25,13.25
2023-24,Jalen Suggs,1630591,-1,28.0,13.5,1.0,0.6105,14.1105
2023-24,Jalen Suggs,1630591,0,31.5,11.75,2.5,0.40925,14.65925
2023-24,Jalen Suggs,1630591,1,31.5,24.0,1.0,0.6499999999999999,26.65
2023-24,Jalen Suggs,1630591,3,27.333333333333332,11.666666666666666,4.0,0.6333333333333333,19.3
2023-24,Jalen Suggs,1630591,4,29.0,18.0,3.3333333333333335,0.488,25.82133333333333
2023-24,Jalen Suggs,1630591,5,22.25,11.25,2.25,0.49375,18.99375
2023-24,Jalen Suggs,1630591,6,31.0,12.0,1.0,0.556,19.556
2023-24,Jalen Suggs,1630591,9,31.0,21.0,6.0,0.533,36.533
2023-24,Jalen Suggs,1630591,10,30.0,13.571428571428571,3.4285714285714284,0.47614285714285715,27.476142857142857
2023-24,Jalen Suggs,1630591,12,28.0,19.0,5.0,0.538,36.538
2023-24,Jalen Suggs,1630591,13,28.5,10.0,3.5,0.5,27.0
2023-24,Jalen Suggs,1630591,14,24.0,9.5,2.0,0.5,26.0
2023-24,Jalen Suggs,1630591,16,29.0,16.0,3.0,0.462,35.462
2023-24,Jalen Suggs,1630591,17,26.5,15.0,4.0,0.542,36.542
2023-24,Jalen Suggs,1630591,18,29.0,17.0,2.0,0.545,37.545
2023-24,Jalen Suggs,1630591,24,31.0,19.0,4.0,0.5,47.5
2023-24,Jalen Suggs,1630591,26,27.0,9.0,5.0,0.364,40.364000000000004
2023-24,Jalen Suggs,1630591,32,29.0,11.0,3.0,0.625,46.625
2023-24,Jalen Suggs,1630591,36,24.0,15.0,4.0,0.8,55.8
2023-24,Jalen Williams,1631114,-21,27.0,13.0,5.0,0.667,-2.3329999999999984
2023-24,Jalen Williams,1631114,-19,27.0,20.0,3.0,0.5,4.5
2023-24,Jalen Williams,1631114,-17,29.0,17.666666666666668,4.666666666666667,0.49633333333333335,5.829666666666668
2023-24,Jalen Williams,1631114,-15,34.0,10.0,3.0,0.2,-1.8000000000000007
2023-24,Jalen Williams,1631114,-14,34.0,18.5,6.0,0.41000000000000003,10.91
2023-24,Jalen Williams,1631114,-9,26.0,7.0,3.0,0.222,1.2219999999999995
2023-24,Jalen Williams,1631114,-8,39.0,28.0,2.0,0.8,22.8
2023-24,Jalen Williams,1631114,-6,35.0,15.5,3.0,0.385,12.885000000000002
2023-24,Jalen Williams,1631114,-5,33.5,26.0,6.0,0.619,27.619
2023-24,Jalen Williams,1631114,-4,34.0,23.0,4.0,0.5135000000000001,23.5135
2023-24,Jalen Williams,1631114,-3,35.0,23.0,6.0,0.529,26.529
2023-24,Jalen Williams,1631114,-2,30.75,22.25,3.5,0.55975,24.30975
2023-24,Jalen Williams,1631114,0,32.0,19.5,7.5,0.641,27.641
2023-24,Jalen Williams,1631114,1,33.0,23.5,4.0,0.541,29.041
2023-24,Jalen Williams,1631114,2,31.75,20.5,2.5,0.531,25.531
2023-24,Jalen Williams,1631114,3,34.666666666666664,17.333333333333332,5.0,0.644,25.97733333333333
2023-24,Jalen Williams,1631114,4,36.0,21.0,2.0,0.615,27.615
2023-24,Jalen Williams,1631114,5,34.5,19.0,3.5,0.4665,27.9665
2023-24,Jalen Williams,1631114,6,37.0,24.333333333333332,5.666666666666667,0.6053333333333334,36.605333333333334
2023-24,Jalen Williams,1631114,7,28.666666666666668,16.333333333333332,4.333333333333333,0.48733333333333334,28.153999999999996
2023-24,Jalen Williams,1631114,8,33.25,20.75,4.25,0.4535,33.4535
2023-24,Jalen Williams,1631114,10,32.0,24.0,3.0,0.55,37.55
2023-24,Jalen Williams,1631114,12,27.75,18.5,3.25,0.58725,34.33725
2023-24,Jalen Williams,1631114,13,31.333333333333332,17.0,8.333333333333334,0.5346666666666667,38.868
2023-24,Jalen Williams,1631114,14,28.0,10.0,5.0,0.333,29.333
2023-24,Jalen Williams,1631114,16,29.0,21.0,5.5,0.643,43.143
2023-24,Jalen Williams,1631114,17,32.5,15.5,6.0,0.36650000000000005,38.8665
2023-24,Jalen Williams,1631114,22,31.5,18.0,8.5,0.596,49.096000000000004
2023-24,Jalen Williams,1631114,23,30.0,21.0,2.0,0.622,46.622
2023-24,Jalen Williams,1631114,24,30.0,22.0,5.0,0.537,51.537
2023-24,Jalen Williams,1631114,25,23.0,10.0,2.0,0.455,37.455
2023-24,Jalen Williams,1631114,26,36.0,32.0,9.0,0.65,67.65
2023-24,Jalen Williams,1631114,28,31.0,18.0,4.0,0.571,50.571
2023-24,Jalen Wilson,1630592,-18,20.0,0.0,1.0,0.0,-17.0
2023-24,Jalen Wilson,1630592,-16,39.0,8.0,3.0,0.375,-4.625
2023-24,Jalen Wilson,1630592,-14,30.5,15.0,1.5,0.34650000000000003,2.846499999999999
2023-24,Jalen Wilson,1630592,-10,32.0,11.0,3.0,0.444,4.444000000000001
2023-24,Jalen Wilson,1630592,-7,23.0,5.5,1.0,0.4,-0.09999999999999964
2023-24,Jalen Wilson,1630592,4,22.0,9.0,2.0,0.75,15.75
2023-24,Jalen Wilson,1630592,5,23.0,4.0,2.0,0.222,11.222000000000001
2023-24,Jalen Wilson,1630592,8,30.0,12.0,2.0,0.4,22.4
2023-24,Jalen Wilson,1630592,9,32.0,11.0,0.0,0.4,20.4
2023-24,Jalen Wilson,1630592,10,24.0,6.0,2.0,0.286,18.286
2023-24,Jalen Wilson,1630592,14,29.0,8.0,2.0,0.75,24.75
2023-24,Jamal Cain,1631288,-23,25.0,8.0,0.0,0.5,-14.5
2023-24,Jamal Cain,1631288,-22,34.0,9.0,1.0,0.333,-11.667
2023-24,Jamal Cain,1631288,-6,28.0,14.0,1.0,0.417,9.417
2023-24,Jamal Cain,1631288,7,28.5,12.5,0.0,0.5,20.0
2023-24,Jamal Murray,1627750,-29,29.0,9.0,7.0,0.273,-12.727
2023-24,Jamal Murray,1627750,-27,31.0,17.0,6.0,0.4,-3.6000000000000014
2023-24,Jamal Murray,1627750,-21,25.0,12.0,3.0,0.4,-5.6
2023-24,Jamal Murray,1627750,-20,35.0,9.0,11.0,0.267,0.26699999999999946
2023-24,Jamal Murray,1627750,-17,32.0,14.0,6.0,0.313,3.312999999999999
2023-24,Jamal Murray,1627750,-11,32.0,18.0,11.0,0.429,18.429
2023-24,Jamal Murray,1627750,-7,36.0,35.0,5.0,0.714,33.714
2023-24,Jamal Murray,1627750,-5,35.75,20.0,10.25,0.452,25.702
2023-24,Jamal Murray,1627750,-4,29.0,35.0,4.0,0.538,35.538
2023-24,Jamal Murray,1627750,-3,31.0,25.0,5.0,0.488,27.488
2023-24,Jamal Murray,1627750,0,38.5,25.5,8.0,0.415,33.915
2023-24,Jamal Murray,1627750,1,38.0,16.0,4.0,0.429,21.429
2023-24,Jamal Murray,1627750,2,34.0,20.5,9.5,0.4445,32.444500000000005
2023-24,Jamal Murray,1627750,3,34.0,21.0,6.0,0.615,30.615
2023-24,Jamal Murray,1627750,4,35.333333333333336,19.666666666666668,6.0,0.3486666666666667,30.015333333333334
2023-24,Jamal Murray,1627750,6,38.0,24.0,11.0,0.478,41.478
2023-24,Jamal Murray,1627750,7,30.666666666666668,24.0,5.666666666666667,0.6343333333333333,37.301
2023-24,Jamal Murray,1627750,8,32.0,18.0,5.0,0.38449999999999995,31.3845
2023-24,Jamal Murray,1627750,9,30.6,18.4,6.0,0.406,33.806
2023-24,Jamal Murray,1627750,11,33.0,37.0,5.5,0.601,54.101
2023-24,Jamal Murray,1627750,12,32.0,20.0,6.0,0.409,38.409
2023-24,Jamal Murray,1627750,13,36.0,23.0,7.0,0.533,43.533
2023-24,Jamal Murray,1627750,14,23.333333333333332,20.333333333333332,5.333333333333333,0.5436666666666667,40.21033333333333
2023-24,Jamal Murray,1627750,15,39.0,26.0,12.0,0.579,53.579
2023-24,Jamal Murray,1627750,16,32.5,19.5,9.0,0.5145,45.0145
2023-24,Jamal Murray,1627750,17,35.5,30.0,9.0,0.469,56.469
2023-24,Jamal Murray,1627750,18,32.0,25.25,5.75,0.5615,49.561499999999995
2023-24,Jamal Murray,1627750,19,25.0,23.0,9.0,0.75,51.75
2023-24,Jamal Murray,1627750,20,32.0,28.0,3.0,0.556,51.556
2023-24,Jamal Murray,1627750,22,28.0,23.5,6.0,0.5965,52.0965
2023-24,Jamal Murray,1627750,26,26.0,25.0,7.0,0.438,58.438
2023-24,Jamal Murray,1627750,27,24.0,21.0,4.0,0.5,52.5
2023-24,Jamaree Bouyea,1631123,12,22.0,5.0,2.0,0.5,19.5
2023-24,James Harden,201935,-34,28.0,14.0,9.0,0.462,-10.538
2023-24,James Harden,201935,-28,28.0,11.0,3.0,0.333,-13.667
2023-24,James Harden,201935,-25,35.0,20.0,8.0,0.308,3.308
2023-24,James Harden,201935,-24,33.0,11.0,7.0,0.429,-5.5710000000000015
2023-24,James Harden,201935,-20,26.0,22.0,5.0,0.545,7.545000000000002
2023-24,James Harden,201935,-18,31.0,17.0,6.0,0.667,5.667000000000002
2023-24,James Harden,201935,-17,33.0,23.0,6.0,0.389,12.389
2023-24,James Harden,201935,-16,34.0,12.0,14.0,0.385,10.385000000000002
2023-24,James Harden,201935,-15,34.666666666666664,11.0,7.0,0.38133333333333336,3.381333333333334
2023-24,James Harden,201935,-13,33.5,9.5,9.5,0.22799999999999998,6.2280000000000015
2023-24,James Harden,201935,-12,39.0,23.0,9.0,0.5,20.5
2023-24,James Harden,201935,-10,34.0,4.0,10.0,0.0,4.0
2023-24,James Harden,201935,-9,32.0,17.0,6.0,0.385,14.385000000000002
2023-24,James Harden,201935,-7,29.0,17.0,2.0,0.556,12.556000000000001
2023-24,James Harden,201935,-6,33.0,11.0,6.5,0.375,11.875
2023-24,James Harden,201935,-4,37.0,29.0,8.0,0.563,33.563
2023-24,James Harden,201935,-3,35.666666666666664,15.333333333333334,5.333333333333333,0.33433333333333337,18.001
2023-24,James Harden,201935,-2,36.5,13.5,9.5,0.402,21.402
2023-24,James Harden,201935,-1,37.666666666666664,17.333333333333332,7.0,0.4383333333333333,23.771666666666665
2023-24,James Harden,201935,0,35.0,21.5,10.0,0.519,32.019
2023-24,James Harden,201935,1,38.0,16.0,14.0,0.4,31.4
2023-24,James Harden,201935,3,37.5,14.5,7.5,0.3125,25.3125
2023-24,James Harden,201935,4,35.5,17.0,9.0,0.3305,30.3305
2023-24,James Harden,201935,6,34.666666666666664,12.333333333333334,8.333333333333334,0.454,27.12066666666667
2023-24,James Harden,201935,8,36.2,13.8,8.0,0.3336,30.1336
2023-24,James Harden,201935,9,38.0,24.0,10.0,0.545,43.545
2023-24,James Harden,201935,10,39.333333333333336,20.333333333333332,10.666666666666666,0.44733333333333336,41.44733333333333
2023-24,James Harden,201935,11,38.0,30.0,10.0,0.5,51.5
2023-24,James Harden,201935,12,42.0,28.0,15.0,0.5,55.5
2023-24,James Harden,201935,13,40.0,26.0,7.0,0.583,46.583
2023-24,James Harden,201935,14,28.0,8.0,7.0,0.25,29.25
2023-24,James Harden,201935,16,43.0,16.0,13.0,0.308,45.308
2023-24,James Harden,201935,17,28.0,13.0,10.0,0.333,40.333
2023-24,James Harden,201935,18,31.0,10.0,10.5,0.268,38.768
2023-24,James Harden,201935,19,31.666666666666668,22.333333333333332,9.666666666666666,0.5543333333333332,51.55433333333333
2023-24,James Harden,201935,20,33.0,21.666666666666668,7.333333333333333,0.4653333333333333,49.465333333333334
2023-24,James Harden,201935,21,34.5,19.5,8.5,0.556,49.556
2023-24,James Harden,201935,22,32.0,14.5,13.0,0.43900000000000006,49.939
2023-24,James Harden,201935,25,29.0,19.0,10.0,0.75,54.75
2023-24,James Harden,201935,26,29.5,15.0,8.5,0.5345,50.0345
2023-24,James Harden,201935,27,34.0,22.0,13.0,0.571,62.571
2023-24,James Harden,201935,32,28.0,35.0,9.0,0.75,76.75
2023-24,James Harden,201935,36,26.0,9.0,7.0,0.182,52.182
2023-24,James Wiseman,1630164,-23,31.0,14.0,1.0,0.636,-7.364000000000001
2023-24,James Wiseman,1630164,-22,36.0,24.0,4.0,0.846,6.846
2023-24,James Wiseman,1630164,-18,26.0,12.0,3.0,0.4,-2.5999999999999996
2023-24,James Wiseman,1630164,-17,40.0,21.0,1.0,0.471,5.471
2023-24,James Wiseman,1630164,-15,24.666666666666668,10.666666666666666,1.6666666666666667,0.5593333333333333,-2.107333333333335
2023-24,James Wiseman,1630164,-13,20.0,8.0,2.0,0.2,-2.8000000000000007
2023-24,James Wiseman,1630164,-5,27.0,20.0,1.0,0.75,16.75
2023-24,James Wiseman,1630164,-2,28.0,10.0,0.0,0.625,8.625
2023-24,James Wiseman,1630164,-1,26.0,15.0,0.0,0.625,14.625
2023-24,James Wiseman,1630164,0,24.0,15.0,1.0,0.75,16.75
2023-24,James Wiseman,1630164,1,27.0,10.5,2.5,0.7335,14.7335
2023-24,James Wiseman,1630164,2,23.0,18.0,2.0,0.667,22.667
2023-24,James Wiseman,1630164,4,24.0,10.0,2.0,1.0,17.0
2023-24,James Wiseman,1630164,10,36.0,10.0,2.0,0.5,22.5
2023-24,James Wiseman,1630164,17,20.0,9.0,2.0,0.8,28.8
2023-24,Jarace Walker,1641716,-17,26.0,8.0,4.0,0.273,-4.727
2023-24,Jarace Walker,1641716,-4,24.0,5.0,3.0,0.667,4.667
2023-24,Jarace Walker,1641716,14,23.0,10.0,0.0,0.6,24.6
2023-24,Jarace Walker,1641716,15,26.0,6.0,6.0,0.222,27.222
2023-24,Jarace Walker,1641716,23,29.0,8.0,7.0,1.0,39.0
2023-24,Jared Butler,1630215,-19,22.0,4.0,3.0,0.4,-11.6
2023-24,Jared Butler,1630215,-17,21.0,0.0,2.0,0.0,-15.0
2023-24,Jared Butler,1630215,-14,29.0,15.0,9.5,0.5175000000000001,11.017499999999998
2023-24,Jared Butler,1630215,-6,21.0,5.0,1.0,0.4,0.40000000000000036
2023-24,Jared Butler,1630215,-4,24.5,8.0,9.5,0.375,13.875
2023-24,Jared Butler,1630215,11,20.0,6.0,2.0,0.75,19.75
2023-24,Jared Butler,1630215,12,26.0,18.0,7.0,0.6535,37.6535
2023-24,Jared Butler,1630215,18,29.0,9.0,7.0,0.375,34.375
2023-24,Jared Rhoden,1631197,-15,26.0,11.0,2.0,0.45,-1.5500000000000007
2023-24,Jared Rhoden,1631197,-3,25.0,3.0,3.0,0.333,3.333
2023-24,Jared Rhoden,1631197,-2,20.0,7.0,1.0,0.375,6.375
2023-24,Jared Rhoden,1631197,5,26.0,11.0,0.0,1.0,17.0
2023-24,Jaren Jackson Jr.,1628991,-34,25.0,4.0,1.0,0.111,-28.889
2023-24,Jaren Jackson Jr.,1628991,-31,28.0,16.0,2.0,0.4,-12.600000000000001
2023-24,Jaren Jackson Jr.,1628991,-27,31.0,28.0,3.0,0.619,4.619
2023-24,Jaren Jackson Jr.,1628991,-26,34.0,17.0,3.0,0.375,-5.625
2023-24,Jaren Jackson Jr.,1628991,-25,29.5,24.5,3.0,0.397,2.8969999999999985
2023-24,Jaren Jackson Jr.,1628991,-22,26.0,11.0,5.0,0.222,-5.777999999999999
2023-24,Jaren Jackson Jr.,1628991,-20,35.5,22.5,1.5,0.377,4.376999999999999
2023-24,Jaren Jackson Jr.,1628991,-19,28.0,21.0,1.0,0.5,3.5
2023-24,Jaren Jackson Jr.,1628991,-17,29.0,15.0,1.0,0.167,-0.8329999999999984
2023-24,Jaren Jackson Jr.,1628991,-16,22.0,8.0,2.0,0.188,-5.811999999999999
2023-24,Jaren Jackson Jr.,1628991,-15,25.0,11.0,1.0,0.429,-2.5709999999999997
2023-24,Jaren Jackson Jr.,1628991,-14,29.0,21.0,1.0,0.3,8.3
2023-24,Jaren Jackson Jr.,1628991,-13,32.333333333333336,26.333333333333332,2.3333333333333335,0.4716666666666667,16.138333333333332
2023-24,Jaren Jackson Jr.,1628991,-12,28.0,13.0,2.0,0.385,3.385
2023-24,Jaren Jackson Jr.,1628991,-11,30.0,18.75,3.25,0.44425000000000003,11.44425
2023-24,Jaren Jackson Jr.,1628991,-10,27.0,36.0,1.0,0.652,27.652
2023-24,Jaren Jackson Jr.,1628991,-9,34.5,18.0,4.0,0.243,13.242999999999999
2023-24,Jaren Jackson Jr.,1628991,-8,32.5,24.5,2.5,0.65,19.65
2023-24,Jaren Jackson Jr.,1628991,-7,34.333333333333336,32.333333333333336,1.6666666666666667,0.49266666666666664,27.492666666666665
2023-24,Jaren Jackson Jr.,1628991,-6,32.0,22.0,2.0,0.348,18.348
2023-24,Jaren Jackson Jr.,1628991,-5,32.5,26.25,3.5,0.42925,25.17925
2023-24,Jaren Jackson Jr.,1628991,-3,29.0,12.0,1.0,0.2,10.2
2023-24,Jaren Jackson Jr.,1628991,-2,36.333333333333336,30.0,2.0,0.47100000000000003,30.470999999999997
2023-24,Jaren Jackson Jr.,1628991,-1,34.0,22.5,2.0,0.5035000000000001,24.0035
2023-24,Jaren Jackson Jr.,1628991,0,30.333333333333332,22.0,4.0,0.6603333333333333,26.660333333333334
2023-24,Jaren Jackson Jr.,1628991,1,29.0,31.0,1.0,0.786,33.786
2023-24,Jaren Jackson Jr.,1628991,2,32.5,19.5,2.0,0.368,23.868
2023-24,Jaren Jackson Jr.,1628991,3,37.0,30.0,3.0,0.647,36.647
2023-24,Jaren Jackson Jr.,1628991,5,34.0,23.333333333333332,1.3333333333333333,0.385,30.051666666666666
2023-24,Jaren Jackson Jr.,1628991,6,39.0,19.0,1.0,0.455,26.455
2023-24,Jaren Jackson Jr.,1628991,7,35.0,28.0,2.0,0.5,37.5
2023-24,Jaren Jackson Jr.,1628991,9,27.0,18.0,3.0,0.583,30.583
2023-24,Jaren Jackson Jr.,1628991,10,31.333333333333332,27.333333333333332,1.6666666666666667,0.3873333333333333,39.38733333333333
2023-24,Jaren Jackson Jr.,1628991,11,35.5,21.0,2.5,0.4245,34.924499999999995
2023-24,Jaren Jackson Jr.,1628991,14,34.0,20.0,1.0,0.421,35.421
2023-24,Jaren Jackson Jr.,1628991,15,35.0,24.0,0.0,0.5,39.5
2023-24,Jaren Jackson Jr.,1628991,19,37.0,35.0,4.0,0.538,58.538
2023-24,Jaren Jackson Jr.,1628991,25,31.0,28.0,6.0,0.55,59.55
2023-24,Jarred Vanderbilt,1629020,-13,20.0,4.0,0.0,0.5,-8.5
2023-24,Jarred Vanderbilt,1629020,-10,22.0,6.0,0.0,0.6,-3.4000000000000004
2023-24,Jarred Vanderbilt,1629020,-9,25.0,12.0,2.5,0.7,6.199999999999999
2023-24,Jarred Vanderbilt,1629020,-1,29.0,6.0,2.0,0.4,7.4
2023-24,Jarred Vanderbilt,1629020,0,26.0,17.0,0.0,0.727,17.727
2023-24,Jarred Vanderbilt,1629020,2,24.0,7.0,3.0,0.375,12.375
2023-24,Jarred Vanderbilt,1629020,4,22.0,5.0,1.0,1.0,11.0
2023-24,Jarred Vanderbilt,1629020,5,23.0,2.0,0.0,0.25,7.25
2023-24,Jarred Vanderbilt,1629020,6,20.0,2.0,4.0,0.333,12.333
2023-24,Jarred Vanderbilt,1629020,8,21.0,4.0,2.0,0.667,14.667
2023-24,Jarred Vanderbilt,1629020,10,25.5,7.5,1.0,0.381,18.881
2023-24,Jarred Vanderbilt,1629020,29,40.0,14.0,5.0,0.571,48.571
2023-24,Jarrett Allen,1628386,-25,22.0,12.0,1.0,0.833,-11.167
2023-24,Jarrett Allen,1628386,-24,24.0,11.5,1.5,0.55,-10.45
2023-24,Jarrett Allen,1628386,-18,32.0,15.0,5.0,0.5,2.5
2023-24,Jarrett Allen,1628386,-17,26.5,15.0,4.0,0.47750000000000004,2.477499999999999
2023-24,Jarrett Allen,1628386,-14,26.0,10.0,0.0,0.571,-3.4290000000000003
2023-24,Jarrett Allen,1628386,-13,30.0,14.5,3.5,0.6585,5.6585
2023-24,Jarrett Allen,1628386,-12,36.0,24.5,3.0,0.8300000000000001,16.33
2023-24,Jarrett Allen,1628386,-10,34.0,24.5,3.0,0.5894999999999999,18.0895
2023-24,Jarrett Allen,1628386,-6,30.25,19.25,2.75,0.732,16.732
2023-24,Jarrett Allen,1628386,-5,34.0,15.0,4.5,0.5575,15.057500000000001
2023-24,Jarrett Allen,1628386,-4,32.5,15.25,1.75,0.521625,13.521625
2023-24,Jarrett Allen,1628386,-3,35.25,18.0,2.5,0.63475,18.13475
2023-24,Jarrett Allen,1628386,-2,28.666666666666668,12.333333333333334,3.0,0.472,13.805333333333333
2023-24,Jarrett Allen,1628386,-1,32.75,13.25,1.75,0.5935,14.5935
2023-24,Jarrett Allen,1628386,0,29.0,11.0,1.0,1.0,13.0
2023-24,Jarrett Allen,1628386,4,33.8,18.6,2.8,0.738,26.138
2023-24,Jarrett Allen,1628386,5,33.0,17.5,1.5,0.6785,24.6785
2023-24,Jarrett Allen,1628386,6,27.5,16.5,4.5,0.5645,27.5645
2023-24,Jarrett Allen,1628386,7,35.5,13.0,3.0,0.675,23.675
2023-24,Jarrett Allen,1628386,8,38.0,29.0,3.0,0.929,40.929
2023-24,Jarrett Allen,1628386,9,29.5,14.25,2.25,0.74525,26.24525
2023-24,Jarrett Allen,1628386,10,37.0,21.0,3.0,0.692,34.692
2023-24,Jarrett Allen,1628386,11,36.0,20.0,3.0,0.667,34.667
2023-24,Jarrett Allen,1628386,12,35.0,24.0,1.0,0.45,37.45
2023-24,Jarrett Allen,1628386,13,28.0,12.0,4.0,0.333,29.333
2023-24,Jarrett Allen,1628386,14,34.0,20.5,5.0,0.6535,40.1535
2023-24,Jarrett Allen,1628386,15,36.0,22.0,5.0,0.611,42.611000000000004
2023-24,Jarrett Allen,1628386,16,28.5,11.5,2.5,0.7735,30.7735
2023-24,Jarrett Allen,1628386,17,29.0,14.0,2.0,0.5,33.5
2023-24,Jarrett Allen,1628386,19,30.0,14.0,0.0,0.7,33.7
2023-24,Jarrett Allen,1628386,21,36.5,23.5,3.5,0.612,48.611999999999995
2023-24,Jarrett Allen,1628386,22,29.0,19.0,3.0,0.8,44.8
2023-24,Jarrett Allen,1628386,26,31.5,23.5,2.5,0.6970000000000001,52.697
2023-24,Jarrett Allen,1628386,27,29.0,17.0,7.0,0.7,51.7
2023-24,Jarrett Allen,1628386,32,34.0,10.0,3.0,0.8,45.8
2023-24,Jarrett Allen,1628386,37,25.0,21.0,3.0,0.6,61.6
2023-24,Jarrett Allen,1628386,42,29.0,15.0,5.0,0.6,62.6
2023-24,Javon Freeman-Liberty,1631241,-36,27.0,16.0,6.0,0.6,-13.399999999999999
2023-24,Javon Freeman-Liberty,1631241,-19,28.0,14.0,3.0,0.556,-1.443999999999999
2023-24,Javon Freeman-Liberty,1631241,-11,33.0,20.0,1.0,0.7,10.7
2023-24,Javon Freeman-Liberty,1631241,-9,29.0,12.5,2.5,0.4915,6.4915
2023-24,Javon Freeman-Liberty,1631241,-8,20.0,4.0,1.0,0.25,-2.75
2023-24,Javon Freeman-Liberty,1631241,-7,27.0,7.5,3.0,0.28200000000000003,3.782
2023-24,Javon Freeman-Liberty,1631241,1,32.0,8.0,7.0,0.5,16.5
2023-24,Javon Freeman-Liberty,1631241,2,23.0,12.0,1.0,0.5,15.5
2023-24,Javonte Green,1629750,-11,25.5,12.0,0.5,0.616,2.1159999999999997
2023-24,Javonte Green,1629750,0,37.0,11.0,1.0,0.357,12.357
2023-24,Javonte Green,1629750,4,25.0,24.0,0.0,0.667,28.667
2023-24,Javonte Green,1629750,10,33.0,25.0,1.0,0.714,36.714
2023-24,Javonte Green,1629750,14,30.0,11.0,0.0,0.833,25.833
2023-24,Jaxson Hayes,1629637,-14,32.0,19.0,0.0,0.889,5.888999999999999
2023-24,Jaxson Hayes,1629637,-11,24.0,6.0,1.0,0.75,-3.25
2023-24,Jaxson Hayes,1629637,-8,28.0,7.0,0.0,0.6,-0.40000000000000036
2023-24,Jaxson Hayes,1629637,-7,28.0,11.0,1.0,0.833,5.833
2023-24,Jaxson Hayes,1629637,3,33.0,16.0,2.0,0.75,21.75
2023-24,Jaxson Hayes,1629637,6,25.5,12.5,1.0,0.9285,20.4285
2023-24,Jaxson Hayes,1629637,14,20.0,10.0,1.0,1.0,26.0
2023-24,Jaylen Brown,1627759,-29,28.0,15.0,1.0,0.4,-12.600000000000001
2023-24,Jaylen Brown,1627759,-23,34.0,13.0,3.0,0.294,-6.7059999999999995
2023-24,Jaylen Brown,1627759,-20,27.0,8.0,7.0,0.333,-4.667
2023-24,Jaylen Brown,1627759,-18,24.0,8.0,2.0,0.231,-7.769
2023-24,Jaylen Brown,1627759,-16,39.0,26.0,4.0,0.476,14.475999999999999
2023-24,Jaylen Brown,1627759,-15,34.0,18.0,3.0,0.6,6.600000000000001
2023-24,Jaylen Brown,1627759,-13,35.0,14.0,3.0,0.368,4.3679999999999986
2023-24,Jaylen Brown,1627759,-10,31.0,30.0,0.0,0.609,20.609
2023-24,Jaylen Brown,1627759,-6,35.0,28.0,3.3333333333333335,0.593,25.926333333333332
2023-24,Jaylen Brown,1627759,-3,36.0,20.0,5.75,0.506,23.256
2023-24,Jaylen Brown,1627759,-2,36.333333333333336,19.333333333333332,1.3333333333333333,0.39033333333333337,19.057
2023-24,Jaylen Brown,1627759,-1,37.0,27.5,2.5,0.438,29.438
2023-24,Jaylen Brown,1627759,1,35.5,15.0,2.5,0.29300000000000004,18.793
2023-24,Jaylen Brown,1627759,3,35.0,23.5,1.5,0.5,28.5
2023-24,Jaylen Brown,1627759,4,34.0,18.75,6.25,0.48675,29.48675
2023-24,Jaylen Brown,1627759,5,38.5,31.0,3.5,0.513,40.013
2023-24,Jaylen Brown,1627759,6,32.6,25.2,4.2,0.48819999999999997,35.8882
2023-24,Jaylen Brown,1627759,7,35.0,31.0,1.0,0.65,39.65
2023-24,Jaylen Brown,1627759,8,35.25,22.25,4.0,0.488,34.738
2023-24,Jaylen Brown,1627759,9,33.8,24.2,2.4,0.4928,36.0928
2023-24,Jaylen Brown,1627759,10,36.666666666666664,27.333333333333332,2.6666666666666665,0.4703333333333333,40.47033333333333
2023-24,Jaylen Brown,1627759,11,33.0,31.0,6.0,0.6,48.6
2023-24,Jaylen Brown,1627759,12,35.5,26.0,5.5,0.594,44.094
2023-24,Jaylen Brown,1627759,15,34.0,30.0,3.0,0.542,48.542
2023-24,Jaylen Brown,1627759,16,30.0,25.0,5.0,0.55,46.55
2023-24,Jaylen Brown,1627759,17,36.0,22.0,6.0,0.389,45.388999999999996
2023-24,Jaylen Brown,1627759,18,26.5,15.0,4.5,0.47750000000000004,37.9775
2023-24,Jaylen Brown,1627759,19,30.0,26.5,3.5,0.6579999999999999,49.658
2023-24,Jaylen Brown,1627759,20,29.0,18.0,4.0,0.533,42.533
2023-24,Jaylen Brown,1627759,22,29.0,24.6,4.2,0.5398000000000001,51.3398
2023-24,Jaylen Brown,1627759,25,34.0,31.0,1.0,0.786,57.786
2023-24,Jaylen Brown,1627759,26,26.0,24.0,3.0,0.692,53.692
2023-24,Jaylen Brown,1627759,29,29.0,24.0,2.0,0.529,55.528999999999996
2023-24,Jaylen Brown,1627759,32,31.0,36.0,2.0,0.542,70.542
2023-24,Jaylen Brown,1627759,35,22.0,29.0,3.0,0.579,67.57900000000001
2023-24,Jaylen Nowell,1629669,-7,20.0,12.0,2.0,0.556,7.556000000000001
2023-24,Jaylen Nowell,1629669,-6,27.0,8.0,2.0,0.375,4.375
2023-24,Jaylen Nowell,1629669,1,25.0,19.0,1.0,0.571,21.571
2023-24,Jaylen Nowell,1629669,8,25.0,12.0,4.0,0.75,24.75
2023-24,Jaylin Williams,1631119,-13,21.0,5.0,2.0,0.0,-6.0
2023-24,Jaylin Williams,1631119,-6,21.0,11.0,1.0,0.75,6.75
2023-24,Jaylin Williams,1631119,-1,25.0,8.0,5.0,0.333,12.333
2023-24,Jaylin Williams,1631119,1,28.0,6.0,12.0,0.25,19.25
2023-24,Jayson Tatum,1628369,-32,30.0,21.0,1.0,0.444,-9.556000000000001
2023-24,Jayson Tatum,1628369,-30,31.0,18.0,7.0,0.385,-4.614999999999998
2023-24,Jayson Tatum,1628369,-21,38.0,26.0,3.0,0.438,8.437999999999999
2023-24,Jayson Tatum,1628369,-14,37.0,32.0,6.0,0.5,24.5
2023-24,Jayson Tatum,1628369,-12,36.0,23.0,3.0,0.381,14.381
2023-24,Jayson Tatum,1628369,-11,41.0,26.5,6.0,0.4415,21.941499999999998
2023-24,Jayson Tatum,1628369,-9,40.0,15.0,7.0,0.294,13.294
2023-24,Jayson Tatum,1628369,-7,32.0,23.5,3.0,0.524,20.024
2023-24,Jayson Tatum,1628369,-5,43.0,45.0,6.0,0.536,46.536
2023-24,Jayson Tatum,1628369,-4,36.666666666666664,21.666666666666668,4.0,0.41033333333333327,22.077
2023-24,Jayson Tatum,1628369,-2,37.0,19.0,6.0,0.39849999999999997,23.3985
2023-24,Jayson Tatum,1628369,-1,36.0,18.0,5.5,0.48350000000000004,22.9835
2023-24,Jayson Tatum,1628369,0,37.5,32.0,6.0,0.5335,38.5335
2023-24,Jayson Tatum,1628369,2,37.666666666666664,29.0,4.333333333333333,0.43933333333333335,35.772666666666666
2023-24,Jayson Tatum,1628369,3,39.2,33.6,4.0,0.4732,41.0732
2023-24,Jayson Tatum,1628369,4,42.0,29.0,7.0,0.393,40.393
2023-24,Jayson Tatum,1628369,5,37.5,26.0,7.5,0.47500000000000003,38.975
2023-24,Jayson Tatum,1628369,6,38.0,22.0,5.0,0.375,33.375
2023-24,Jayson Tatum,1628369,8,35.0,26.666666666666668,4.0,0.492,39.15866666666667
2023-24,Jayson Tatum,1628369,9,34.8,27.6,5.8,0.4758,42.8758
2023-24,Jayson Tatum,1628369,10,42.0,28.0,8.5,0.3775,46.8775
2023-24,Jayson Tatum,1628369,11,31.0,24.0,2.0,0.429,37.429
2023-24,Jayson Tatum,1628369,12,39.0,35.0,7.0,0.565,54.565
2023-24,Jayson Tatum,1628369,13,37.5,23.5,5.0,0.43999999999999995,41.94
2023-24,Jayson Tatum,1628369,14,33.0,24.0,4.0,0.4435,42.4435
2023-24,Jayson Tatum,1628369,15,43.0,19.0,6.0,0.467,40.467
2023-24,Jayson Tatum,1628369,16,35.0,26.0,8.0,0.391,50.391
2023-24,Jayson Tatum,1628369,17,37.5,28.5,4.0,0.485,49.985
2023-24,Jayson Tatum,1628369,18,37.5,26.5,2.5,0.5,47.5
2023-24,Jayson Tatum,1628369,19,33.5,34.0,4.0,0.586,57.586
2023-24,Jayson Tatum,1628369,21,38.0,41.0,5.0,0.538,67.538
2023-24,Jayson Tatum,1628369,22,32.0,26.0,4.0,0.467,52.467
2023-24,Jayson Tatum,1628369,26,29.5,28.0,5.5,0.5135000000000001,60.0135
2023-24,Jayson Tatum,1628369,27,31.8,31.0,6.4,0.5248,64.9248
2023-24,Jayson Tatum,1628369,28,33.0,23.0,3.0,0.353,54.353
2023-24,Jayson Tatum,1628369,32,30.0,25.0,2.0,0.588,59.588
2023-24,Jayson Tatum,1628369,34,24.0,30.0,5.0,0.5,69.5
2023-24,Jayson Tatum,1628369,36,26.0,30.0,4.0,0.6,70.6
2023-24,Jayson Tatum,1628369,40,25.0,27.0,5.0,0.692,72.69200000000001
2023-24,Jayson Tatum,1628369,42,34.0,27.0,4.0,0.556,73.556
2023-24,Jeff Dowtin Jr.,1630288,9,20.0,8.0,6.0,0.571,23.570999999999998
2023-24,Jeff Dowtin Jr.,1630288,17,23.0,10.0,6.0,0.571,33.571
2023-24,Jeff Green,201145,-20,31.0,19.0,2.0,0.6,1.6000000000000014
2023-24,Jeff Green,201145,-17,20.0,4.0,0.0,0.5,-12.5
2023-24,Jeff Green,201145,-13,21.0,6.0,2.0,0.286,-4.714
2023-24,Jeff Green,201145,-11,29.5,7.5,1.5,0.5835,-1.4164999999999992
2023-24,Jeff Green,201145,-7,32.0,10.0,0.0,0.455,3.455
2023-24,Jeff Green,201145,-6,21.0,9.0,0.0,0.5,3.5
2023-24,Jeff Green,201145,-3,20.0,5.0,0.0,0.4,2.4000000000000004
2023-24,Jeff Green,201145,-1,21.0,11.5,0.5,0.7855,11.7855
2023-24,Jeff Green,201145,0,25.0,9.0,1.0,0.5,10.5
2023-24,Jeff Green,201145,2,30.0,10.5,1.5,0.2275,14.2275
2023-24,Jeff Green,201145,3,21.0,8.0,2.0,0.5,13.5
2023-24,Jeff Green,201145,4,22.0,12.0,2.0,0.667,18.667
2023-24,Jeff Green,201145,6,21.0,2.0,2.0,0.333,10.333
2023-24,Jeff Green,201145,7,23.0,6.0,1.0,0.5,14.5
2023-24,Jeff Green,201145,12,22.0,5.0,0.0,0.333,17.333
2023-24,Jeff Green,201145,14,25.0,15.0,0.0,0.714,29.714
2023-24,Jeff Green,201145,16,23.0,15.0,3.0,1.0,35.0
2023-24,Jeff Green,201145,17,24.0,21.0,1.0,0.5,39.5
2023-24,Jeff Green,201145,18,27.0,11.0,4.0,0.273,33.272999999999996
2023-24,Jeff Green,201145,21,27.0,14.0,0.0,0.625,35.625
2023-24,Jerami Grant,203924,-40,24.0,9.0,2.0,0.4,-28.6
2023-24,Jerami Grant,203924,-36,30.0,13.0,1.0,0.267,-21.733
2023-24,Jerami Grant,203924,-31,27.0,21.0,0.0,0.5,-9.5
2023-24,Jerami Grant,203924,-29,27.0,17.0,1.0,0.313,-10.687000000000001
2023-24,Jerami Grant,203924,-25,27.0,14.0,1.0,0.333,-9.667
2023-24,Jerami Grant,203924,-24,22.0,18.0,3.0,0.545,-2.4549999999999983
2023-24,Jerami Grant,203924,-22,33.0,20.0,2.0,0.436,0.43599999999999994
2023-24,Jerami Grant,203924,-20,31.0,17.0,3.0,0.417,0.4170000000000016
2023-24,Jerami Grant,203924,-19,33.0,20.0,0.0,0.429,1.4289999999999985
2023-24,Jerami Grant,203924,-17,35.5,18.5,4.0,0.3615,5.8614999999999995
2023-24,Jerami Grant,203924,-15,37.333333333333336,22.333333333333332,3.6666666666666665,0.45566666666666666,11.455666666666666
2023-24,Jerami Grant,203924,-14,33.5,15.5,2.5,0.3785,4.378499999999999
2023-24,Jerami Grant,203924,-13,33.75,21.0,4.25,0.453,12.703
2023-24,Jerami Grant,203924,-12,26.0,9.0,0.0,0.111,-2.8889999999999993
2023-24,Jerami Grant,203924,-11,27.0,26.0,1.0,0.588,16.588
2023-24,Jerami Grant,203924,-10,35.0,22.0,4.0,0.533,16.533
2023-24,Jerami Grant,203924,-8,35.333333333333336,22.333333333333332,1.3333333333333333,0.5296666666666666,16.19633333333333
2023-24,Jerami Grant,203924,-7,39.0,26.333333333333332,5.0,0.4206666666666667,24.753999999999998
2023-24,Jerami Grant,203924,-5,42.5,34.5,5.0,0.514,35.014
2023-24,Jerami Grant,203924,-3,27.0,13.0,2.0,0.5,12.5
2023-24,Jerami Grant,203924,-2,36.0,24.0,2.0,0.417,24.417
2023-24,Jerami Grant,203924,0,42.0,27.0,1.0,0.458,28.458
2023-24,Jerami Grant,203924,2,38.333333333333336,23.333333333333332,3.3333333333333335,0.4286666666666667,29.095333333333333
2023-24,Jerami Grant,203924,3,37.0,34.0,3.0,0.667,40.667
2023-24,Jerami Grant,203924,4,32.0,17.0,2.0,0.412,23.412
2023-24,Jerami Grant,203924,6,33.5,20.0,3.5,0.43100000000000005,29.931
2023-24,Jerami Grant,203924,7,45.0,38.0,5.0,0.48,50.48
2023-24,Jerami Grant,203924,8,37.0,22.0,0.0,0.444,30.444
2023-24,Jerami Grant,203924,9,43.0,26.0,3.0,0.391,38.391
2023-24,Jerami Grant,203924,12,35.0,30.0,1.0,0.538,43.538
2023-24,Jerami Grant,203924,15,40.0,22.5,4.5,0.4275,42.427499999999995
2023-24,Jerami Grant,203924,25,32.0,30.0,4.0,0.769,59.769
2023-24,Jerami Grant,203924,27,33.0,10.0,5.0,0.4,42.4
2023-24,Jerami Grant,203924,29,30.0,27.0,3.0,0.538,59.538
2023-24,Jeremiah Robinson-Earl,1630526,-18,27.0,11.0,1.0,0.429,-5.571
2023-24,Jeremiah Robinson-Earl,1630526,-8,21.0,4.0,2.0,0.4,-1.5999999999999996
2023-24,Jeremiah Robinson-Earl,1630526,5,25.0,11.0,1.0,0.5,17.5
2023-24,Jeremiah Robinson-Earl,1630526,10,22.0,2.0,0.0,0.25,12.25
2023-24,Jeremiah Robinson-Earl,1630526,16,23.0,5.0,1.0,0.5,22.5
2023-24,Jeremiah Robinson-Earl,1630526,17,20.0,6.0,6.0,0.429,29.429000000000002
2023-24,Jeremiah Robinson-Earl,1630526,22,20.0,11.0,1.0,0.833,34.833
2023-24,Jeremy Sochan,1631110,-31,27.0,9.0,5.0,0.364,-16.636
2023-24,Jeremy Sochan,1631110,-30,22.0,0.0,3.0,0.0,-27.0
2023-24,Jeremy Sochan,1631110,-26,28.0,9.0,1.0,0.444,-15.556
2023-24,Jeremy Sochan,1631110,-25,24.0,9.0,5.0,0.364,-10.636
2023-24,Jeremy Sochan,1631110,-23,29.0,23.0,4.0,0.563,4.562999999999999
2023-24,Jeremy Sochan,1631110,-22,24.0,10.0,1.0,0.4,-10.6
2023-24,Jeremy Sochan,1631110,-21,25.0,4.0,2.5,0.2145,-14.285499999999999
2023-24,Jeremy Sochan,1631110,-19,29.0,16.0,5.0,0.583,2.5829999999999984
2023-24,Jeremy Sochan,1631110,-18,20.0,6.0,1.0,0.333,-10.667
2023-24,Jeremy Sochan,1631110,-17,33.0,15.0,3.0,0.357,1.3569999999999993
2023-24,Jeremy Sochan,1631110,-15,26.666666666666668,8.666666666666666,3.6666666666666665,0.28099999999999997,-2.3856666666666673
2023-24,Jeremy Sochan,1631110,-14,32.0,9.0,5.0,0.273,0.2729999999999997
2023-24,Jeremy Sochan,1631110,-13,30.5,5.5,5.0,0.2375,-2.2624999999999993
2023-24,Jeremy Sochan,1631110,-12,31.0,8.5,1.5,0.375,-1.625
2023-24,Jeremy Sochan,1631110,-11,26.0,4.0,3.5,0.286,-3.2140000000000004
2023-24,Jeremy Sochan,1631110,-10,31.0,13.0,4.0,0.34600000000000003,7.346
2023-24,Jeremy Sochan,1631110,-9,31.333333333333332,7.333333333333333,4.0,0.2876666666666667,2.6209999999999987
2023-24,Jeremy Sochan,1631110,-8,31.0,11.5,4.75,0.4685,8.718499999999999
2023-24,Jeremy Sochan,1631110,-7,29.0,6.0,5.0,0.3125,4.3125
2023-24,Jeremy Sochan,1631110,-6,32.5,15.0,3.5,0.521,13.021
2023-24,Jeremy Sochan,1631110,-5,27.0,11.0,1.5,0.48350000000000004,7.983499999999999
2023-24,Jeremy Sochan,1631110,-4,31.4,14.2,3.8,0.4332,14.4332
2023-24,Jeremy Sochan,1631110,-3,30.75,10.75,5.25,0.374,13.373999999999999
2023-24,Jeremy Sochan,1631110,-1,31.5,17.5,3.0,0.48350000000000004,19.9835
2023-24,Jeremy Sochan,1631110,0,26.0,14.0,9.0,0.538,23.538
2023-24,Jeremy Sochan,1631110,1,31.8,15.0,2.2,0.5584,18.758399999999998
2023-24,Jeremy Sochan,1631110,3,35.666666666666664,12.0,3.0,0.294,18.294
2023-24,Jeremy Sochan,1631110,5,31.0,19.0,7.0,0.4,31.4
2023-24,Jeremy Sochan,1631110,7,24.0,20.0,1.0,0.5,28.5
2023-24,Jeremy Sochan,1631110,8,31.0,31.0,2.0,0.6,41.6
2023-24,Jeremy Sochan,1631110,10,33.0,15.0,1.0,0.4355,26.4355
2023-24,Jeremy Sochan,1631110,11,32.0,13.5,3.5,0.625,28.625
2023-24,Jeremy Sochan,1631110,12,28.0,15.0,2.0,0.467,29.467
2023-24,Jeremy Sochan,1631110,13,30.0,16.0,0.0,0.583,29.583
2023-24,Jeremy Sochan,1631110,16,27.0,11.0,4.0,0.444,31.444000000000003
2023-24,Jeremy Sochan,1631110,17,30.0,16.0,3.0,0.6,36.6
2023-24,Jeremy Sochan,1631110,21,26.0,11.0,2.0,0.5,34.5
2023-24,Jeremy Sochan,1631110,27,28.0,23.0,3.0,0.727,53.727000000000004
2023-24,Jeremy Sochan,1631110,35,25.0,13.0,4.0,0.714,52.714
2023-24,Jericho Sims,1630579,-18,25.5,5.5,1.5,0.8335,-10.1665
2023-24,Jericho Sims,1630579,-14,38.0,8.0,1.0,0.6,-4.4
2023-24,Jericho Sims,1630579,-8,26.0,6.0,2.0,0.75,0.75
2023-24,Jericho Sims,1630579,0,25.0,4.0,1.0,1.0,6.0
2023-24,Jericho Sims,1630579,2,20.0,2.0,2.0,0.5,6.5
2023-24,Jericho Sims,1630579,5,21.5,4.0,1.5,0.75,11.25
2023-24,Jericho Sims,1630579,6,22.0,10.0,3.0,1.0,20.0
2023-24,Jericho Sims,1630579,7,28.0,4.0,0.0,0.667,11.667
2023-24,Jericho Sims,1630579,10,27.0,2.0,1.0,1.0,14.0
2023-24,Jericho Sims,1630579,13,22.0,2.0,1.0,0.0,16.0
2023-24,Jericho Sims,1630579,17,21.0,0.0,1.0,0.0,18.0
2023-24,Jericho Sims,1630579,20,25.0,2.0,0.0,1.0,23.0
2023-24,Jevon Carter,1628975,-6,23.0,14.0,0.0,0.417,8.417
2023-24,Jevon Carter,1628975,4,20.0,10.0,2.0,0.667,16.667
2023-24,Jevon Carter,1628975,5,21.0,10.0,2.0,0.571,17.570999999999998
2023-24,Jevon Carter,1628975,8,22.0,9.0,1.0,0.273,18.273
2023-24,Jevon Carter,1628975,9,30.5,15.5,7.0,0.5165,32.0165
2023-24,Jevon Carter,1628975,12,21.0,5.0,1.0,0.333,18.333
2023-24,Jimmy Butler,202710,-24,29.0,17.0,4.0,0.636,-2.3640000000000008
2023-24,Jimmy Butler,202710,-17,37.0,29.5,4.5,0.5525,17.552500000000002
2023-24,Jimmy Butler,202710,-13,28.0,13.0,4.0,0.364,4.364000000000001
2023-24,Jimmy Butler,202710,-12,35.0,15.0,2.0,0.375,5.375
2023-24,Jimmy Butler,202710,-10,32.0,17.5,4.5,0.45,12.45
2023-24,Jimmy Butler,202710,-9,35.0,12.0,3.0,0.625,6.625
2023-24,Jimmy Butler,202710,-8,33.0,16.5,5.0,0.481,13.981000000000002
2023-24,Jimmy Butler,202710,-7,36.0,28.0,4.0,0.55,25.549999999999997
2023-24,Jimmy Butler,202710,-6,38.0,27.0,8.0,0.438,29.438000000000002
2023-24,Jimmy Butler,202710,-5,36.0,16.0,2.0,0.333,13.332999999999998
2023-24,Jimmy Butler,202710,-4,34.0,15.0,3.0,0.4,14.399999999999999
2023-24,Jimmy Butler,202710,-3,35.0,25.0,3.3333333333333335,0.41500000000000004,25.74833333333333
2023-24,Jimmy Butler,202710,-2,34.0,17.0,4.0,0.455,19.455
2023-24,Jimmy Butler,202710,-1,35.0,29.5,6.0,0.657,35.157
2023-24,Jimmy Butler,202710,0,36.25,20.75,4.0,0.48375,25.23375
2023-24,Jimmy Butler,202710,1,34.0,20.75,4.75,0.47200000000000003,26.972
2023-24,Jimmy Butler,202710,2,39.0,28.5,7.0,0.607,38.107
2023-24,Jimmy Butler,202710,3,36.0,20.0,8.0,0.5,31.5
2023-24,Jimmy Butler,202710,4,22.0,8.0,1.0,0.667,13.667
2023-24,Jimmy Butler,202710,5,34.0,18.666666666666668,7.333333333333333,0.47933333333333333,31.479333333333333
2023-24,Jimmy Butler,202710,6,31.666666666666668,22.0,3.3333333333333335,0.6566666666666667,31.99
2023-24,Jimmy Butler,202710,7,32.666666666666664,20.666666666666668,4.0,0.5713333333333334,32.238
2023-24,Jimmy Butler,202710,8,35.0,24.0,3.0,0.7,35.7
2023-24,Jimmy Butler,202710,9,34.0,36.0,3.0,0.632,48.632
2023-24,Jimmy Butler,202710,10,38.0,22.333333333333332,5.333333333333333,0.4693333333333333,38.135999999999996
2023-24,Jimmy Butler,202710,11,34.0,23.0,8.0,0.667,42.667
2023-24,Jimmy Butler,202710,12,34.0,21.5,2.0,0.4425,35.942499999999995
2023-24,Jimmy Butler,202710,13,35.0,23.0,8.0,0.583,44.583
2023-24,Jimmy Butler,202710,14,35.5,28.0,5.5,0.4945,47.9945
2023-24,Jimmy Butler,202710,16,33.0,17.0,11.0,0.417,44.417
2023-24,Jimmy Butler,202710,17,29.0,16.0,6.0,0.364,39.364000000000004
2023-24,Jimmy Butler,202710,18,31.0,14.0,3.0,0.455,35.455
2023-24,Jimmy Butler,202710,19,28.0,19.0,8.0,0.5415,46.5415
2023-24,Jimmy Butler,202710,23,27.0,10.0,9.0,0.25,42.25
2023-24,Jimmy Butler,202710,32,24.0,15.0,6.0,0.5,53.5
2023-24,Jimmy Butler,202710,42,24.0,8.0,8.0,0.5,58.5
2023-24,Jock Landale,1629111,-8,25.0,2.0,0.0,0.25,-5.75
2023-24,Jock Landale,1629111,-1,28.0,15.666666666666666,4.0,0.5953333333333334,19.261999999999997
2023-24,Jock Landale,1629111,2,21.0,5.0,2.0,0.286,9.286
2023-24,Jock Landale,1629111,4,23.0,8.0,4.0,0.75,16.75
2023-24,Jock Landale,1629111,7,26.0,13.0,1.0,0.8,21.8
2023-24,Jock Landale,1629111,10,27.0,9.0,2.0,1.0,22.0
2023-24,Jock Landale,1629111,15,25.0,11.0,5.0,0.625,31.625
2023-24,Jock Landale,1629111,29,31.0,17.0,2.0,1.0,49.0
2023-24,Joe Harris,203925,6,23.0,8.0,1.0,0.375,15.375
2023-24,Joe Ingles,204060,-10,20.0,11.0,4.0,1.0,6.0
2023-24,Joe Ingles,204060,-6,22.0,9.0,3.0,0.5,6.5
2023-24,Joe Ingles,204060,-4,23.0,4.0,1.0,0.2,1.2000000000000002
2023-24,Joe Ingles,204060,0,21.0,12.5,4.0,0.65,17.15
2023-24,Joe Ingles,204060,2,21.0,5.0,2.0,0.667,9.667
2023-24,Joe Ingles,204060,3,20.333333333333332,4.666666666666667,3.6666666666666665,0.48333333333333334,11.816666666666666
2023-24,Joe Ingles,204060,4,21.0,3.0,2.0,0.5,9.5
2023-24,Joe Ingles,204060,6,20.0,6.0,4.0,0.5,16.5
2023-24,Joe Ingles,204060,7,24.0,7.0,3.0,0.333,17.333
2023-24,Joe Ingles,204060,8,23.5,3.5,4.5,0.2665,16.2665
2023-24,Joe Ingles,204060,13,24.0,14.0,7.0,0.455,34.455
2023-24,Joe Ingles,204060,16,25.0,8.0,5.0,0.375,29.375
2023-24,Joel Embiid,203954,-29,36.0,30.0,3.0,0.435,4.435000000000002
2023-24,Joel Embiid,203954,-25,33.0,20.0,7.0,0.5,2.5
2023-24,Joel Embiid,203954,-21,29.0,14.0,2.0,0.278,-4.722000000000001
2023-24,Joel Embiid,203954,-20,31.0,31.0,3.0,0.55,14.549999999999997
2023-24,Joel Embiid,203954,-19,32.0,29.0,3.0,0.44,13.439999999999998
2023-24,Joel Embiid,203954,-9,37.0,39.0,6.0,0.5,36.5
2023-24,Joel Embiid,203954,-5,37.0,40.0,6.0,0.536,41.536
2023-24,Joel Embiid,203954,-2,33.333333333333336,30.333333333333332,6.666666666666667,0.5246666666666667,35.52466666666667
2023-24,Joel Embiid,203954,-1,34.0,30.5,6.5,0.4455,36.4455
2023-24,Joel Embiid,203954,0,38.0,41.0,10.0,0.591,51.591
2023-24,Joel Embiid,203954,1,35.0,33.0,3.0,0.381,37.381
2023-24,Joel Embiid,203954,2,34.0,31.0,9.0,0.524,42.524
2023-24,Joel Embiid,203954,3,41.0,32.0,5.0,0.429,40.429
2023-24,Joel Embiid,203954,4,34.333333333333336,34.666666666666664,3.3333333333333335,0.56,42.56
2023-24,Joel Embiid,203954,7,34.0,38.0,6.0,0.5075,51.5075
2023-24,Joel Embiid,203954,8,38.0,50.0,7.0,0.655,65.655
2023-24,Joel Embiid,203954,11,33.0,50.0,8.0,0.5925,69.5925
2023-24,Joel Embiid,203954,12,30.0,36.0,2.0,0.545,50.545
2023-24,Joel Embiid,203954,15,26.0,39.0,3.5,0.6859999999999999,58.186
2023-24,Joel Embiid,203954,16,35.5,35.0,5.5,0.513,57.013
2023-24,Joel Embiid,203954,17,35.0,37.0,8.0,0.545,62.545
2023-24,Joel Embiid,203954,22,33.0,30.0,7.0,0.39949999999999997,59.3995
2023-24,Joel Embiid,203954,25,31.0,32.0,9.0,0.458,66.458
2023-24,Joel Embiid,203954,27,31.0,41.0,5.0,0.583,73.583
2023-24,Joel Embiid,203954,28,29.0,35.0,4.5,0.5095000000000001,68.0095
2023-24,Joel Embiid,203954,30,29.0,34.0,6.0,0.7,70.7
2023-24,Joel Embiid,203954,32,31.0,31.0,10.0,0.5,73.5
2023-24,Joel Embiid,203954,36,29.0,42.0,3.0,0.783,81.783
2023-24,John Collins,1628381,-40,23.0,10.0,0.0,0.455,-29.545
2023-24,John Collins,1628381,-29,24.0,15.0,1.0,0.5,-12.5
2023-24,John Collins,1628381,-28,24.5,11.5,2.5,0.5905,-13.4095
2023-24,John Collins,1628381,-27,28.0,11.0,5.0,0.5,-10.5
2023-24,John Collins,1628381,-23,23.0,16.0,0.0,0.417,-6.582999999999998
2023-24,John Collins,1628381,-21,28.0,14.0,0.0,0.5,-6.5
2023-24,John Collins,1628381,-20,26.0,13.0,1.5,0.425,-5.074999999999999
2023-24,John Collins,1628381,-19,23.0,21.0,1.0,0.636,3.6359999999999992
2023-24,John Collins,1628381,-18,35.0,20.0,2.0,0.583,4.582999999999998
2023-24,John Collins,1628381,-17,28.0,9.0,0.0,0.25,-7.75
2023-24,John Collins,1628381,-16,27.5,17.0,1.5,0.62,3.120000000000001
2023-24,John Collins,1628381,-13,28.0,14.0,0.0,0.667,1.6669999999999998
2023-24,John Collins,1628381,-12,25.5,14.0,3.0,0.47750000000000004,5.477499999999999
2023-24,John Collins,1628381,-10,30.0,21.0,2.0,0.563,13.562999999999999
2023-24,John Collins,1628381,-9,27.0,15.0,2.0,0.5905,8.590499999999999
2023-24,John Collins,1628381,-8,29.25,17.25,0.5,0.57125,10.32125
2023-24,John Collins,1628381,-7,28.75,14.75,1.0,0.61675,9.36675
2023-24,John Collins,1628381,-6,23.5,11.75,1.0,0.434,7.183999999999999
2023-24,John Collins,1628381,-5,34.0,15.0,1.0,0.438,11.437999999999999
2023-24,John Collins,1628381,-4,33.75,14.0,0.5,0.41074999999999995,10.91075
2023-24,John Collins,1628381,-3,30.5,13.5,0.5,0.5645,11.5645
2023-24,John Collins,1628381,-2,29.0,17.0,0.0,0.5,15.5
2023-24,John Collins,1628381,0,31.5,19.0,1.0,0.6355,20.6355
2023-24,John Collins,1628381,2,22.0,18.0,1.0,0.5,21.5
2023-24,John Collins,1628381,3,31.0,13.0,1.0,0.333,17.333
2023-24,John Collins,1628381,4,33.5,21.0,1.5,0.48950000000000005,26.9895
2023-24,John Collins,1628381,5,20.0,11.0,0.0,0.444,16.444000000000003
2023-24,John Collins,1628381,6,27.5,14.75,1.5,0.48525,22.73525
2023-24,John Collins,1628381,7,27.0,19.0,2.0,0.9,28.9
2023-24,John Collins,1628381,8,37.0,18.0,0.0,0.833,26.833
2023-24,John Collins,1628381,10,30.5,14.5,1.0,0.546,26.046
2023-24,John Collins,1628381,12,24.0,15.0,3.0,0.6,30.6
2023-24,John Collins,1628381,13,20.0,10.0,1.0,0.375,24.375
2023-24,John Collins,1628381,18,30.0,19.5,1.5,0.6615,39.661500000000004
2023-24,John Collins,1628381,19,34.0,17.0,1.0,0.636,37.635999999999996
2023-24,John Collins,1628381,21,27.0,16.0,2.0,0.417,39.417
2023-24,John Collins,1628381,22,32.0,22.0,1.0,0.733,45.733000000000004
2023-24,John Konchar,1629723,-30,24.0,10.0,3.0,0.444,-16.555999999999997
2023-24,John Konchar,1629723,-20,32.0,0.0,5.0,0.0,-15.0
2023-24,John Konchar,1629723,-14,26.0,5.0,5.0,0.5,-3.5
2023-24,John Konchar,1629723,-13,26.0,2.0,3.0,0.333,-7.667
2023-24,John Konchar,1629723,-12,24.0,9.0,3.0,0.6,0.5999999999999996
2023-24,John Konchar,1629723,-11,29.0,0.0,2.0,0.0,-9.0
2023-24,John Konchar,1629723,-9,24.666666666666668,2.3333333333333335,3.3333333333333335,0.25,-3.083333333333333
2023-24,John Konchar,1629723,-8,26.0,8.0,1.0,0.75,1.75
2023-24,John Konchar,1629723,-7,22.0,5.5,2.0,0.36650000000000005,0.8665000000000003
2023-24,John Konchar,1629723,-6,25.5,5.5,1.0,0.357,0.8570000000000002
2023-24,John Konchar,1629723,-5,30.5,6.0,3.5,0.5,5.0
2023-24,John Konchar,1629723,-4,34.0,8.0,2.0,0.5,6.5
2023-24,John Konchar,1629723,-3,27.0,3.0,5.0,0.143,5.143000000000001
2023-24,John Konchar,1629723,-2,25.0,6.0,2.0,0.4,6.4
2023-24,John Konchar,1629723,0,28.0,6.0,4.0,0.5,10.5
2023-24,John Konchar,1629723,1,21.0,5.0,1.0,0.5,7.5
2023-24,John Konchar,1629723,3,32.0,7.5,3.0,0.5625,14.0625
2023-24,John Konchar,1629723,5,27.0,3.0,1.0,0.333,9.333
2023-24,John Konchar,1629723,6,29.0,4.0,1.0,0.4,11.4
2023-24,John Konchar,1629723,8,30.5,6.5,2.5,0.4665,17.4665
2023-24,John Konchar,1629723,11,20.5,6.5,2.0,0.5,20.0
2023-24,John Konchar,1629723,13,33.0,6.0,2.0,0.4,21.4
2023-24,John Konchar,1629723,14,26.0,5.0,2.0,1.0,22.0
2023-24,John Konchar,1629723,15,30.0,9.0,4.0,0.667,28.667
2023-24,John Konchar,1629723,18,25.0,4.0,3.0,0.333,25.333
2023-24,John Konchar,1629723,22,21.0,9.0,2.0,0.75,33.75
2023-24,Johnny Davis,1631098,-17,22.0,8.0,1.0,0.571,-7.429
2023-24,Johnny Davis,1631098,-16,21.0,2.0,1.0,0.125,-12.875
2023-24,Johnny Davis,1631098,-15,26.0,6.0,2.0,0.6,-6.4
2023-24,Johnny Davis,1631098,-11,27.0,2.0,0.0,0.143,-8.857
2023-24,Johnny Davis,1631098,-8,22.0,4.5,2.5,0.625,-0.375
2023-24,Johnny Davis,1631098,-3,20.0,8.0,3.0,0.5,8.5
2023-24,Johnny Davis,1631098,2,24.0,15.0,2.0,0.625,19.625
2023-24,Johnny Juzang,1630548,-22,31.0,5.0,3.0,0.25,-13.75
2023-24,Johnny Juzang,1630548,-13,31.0,9.0,3.0,0.375,-0.625
2023-24,Johnny Juzang,1630548,-7,20.0,8.0,1.0,0.6,2.5999999999999996
2023-24,Johnny Juzang,1630548,-5,21.0,8.0,0.0,0.6,3.5999999999999996
2023-24,Johnny Juzang,1630548,1,28.0,18.5,1.0,0.675,21.175
2023-24,Johnny Juzang,1630548,3,21.666666666666668,10.0,0.3333333333333333,0.4453333333333333,13.778666666666668
2023-24,Johnny Juzang,1630548,4,24.0,12.0,3.0,0.714,19.714
2023-24,Johnny Juzang,1630548,8,20.0,3.0,1.0,0.143,12.143
2023-24,Johnny Juzang,1630548,10,22.0,12.0,2.0,0.667,24.667
2023-24,Johnny Juzang,1630548,18,20.0,10.0,1.0,0.5,29.5
2023-24,Jonas Valanciunas,202685,-29,22.0,8.0,0.0,0.444,-20.555999999999997
2023-24,Jonas Valanciunas,202685,-25,23.0,9.0,2.0,0.333,-13.667
2023-24,Jonas Valanciunas,202685,-20,22.5,11.0,1.5,0.5,-7.0
2023-24,Jonas Valanciunas,202685,-17,24.0,9.5,2.5,0.33199999999999996,-4.667999999999999
2023-24,Jonas Valanciunas,202685,-15,27.0,18.0,4.0,0.75,7.75
2023-24,Jonas Valanciunas,202685,-13,20.0,15.0,3.0,0.545,5.545000000000002
2023-24,Jonas Valanciunas,202685,-12,23.0,11.0,1.0,0.5,0.5
2023-24,Jonas Valanciunas,202685,-10,23.0,6.0,2.0,0.333,-1.6669999999999998
2023-24,Jonas Valanciunas,202685,-9,23.5,11.5,1.0,0.394,3.894
2023-24,Jonas Valanciunas,202685,-8,31.0,17.333333333333332,3.0,0.6256666666666667,12.959
2023-24,Jonas Valanciunas,202685,-7,23.666666666666668,15.0,0.3333333333333333,0.5453333333333333,8.878666666666668
2023-24,Jonas Valanciunas,202685,-4,27.0,14.0,7.0,0.667,17.667
2023-24,Jonas Valanciunas,202685,-3,27.0,13.0,5.0,0.667,15.667000000000002
2023-24,Jonas Valanciunas,202685,-1,25.5,19.0,3.5,0.6475,22.1475
2023-24,Jonas Valanciunas,202685,2,27.0,18.25,2.0,0.61375,22.86375
2023-24,Jonas Valanciunas,202685,3,25.0,12.333333333333334,1.6666666666666667,0.5793333333333334,17.57933333333333
2023-24,Jonas Valanciunas,202685,4,24.0,4.0,0.0,0.333,8.333
2023-24,Jonas Valanciunas,202685,5,28.5,17.25,2.5,0.5805,25.3305
2023-24,Jonas Valanciunas,202685,7,29.0,16.0,1.0,0.778,24.778
2023-24,Jonas Valanciunas,202685,8,20.0,19.0,2.0,0.6,29.6
2023-24,Jonas Valanciunas,202685,9,27.0,20.0,3.0,0.75,32.75
2023-24,Jonas Valanciunas,202685,13,30.8,16.0,2.6,0.5442,32.1442
2023-24,Jonas Valanciunas,202685,14,20.5,6.0,1.5,0.7,22.2
2023-24,Jonas Valanciunas,202685,15,28.5,18.0,2.5,0.7085,36.2085
2023-24,Jonas Valanciunas,202685,16,31.0,12.5,2.0,0.598,31.098
2023-24,Jonas Valanciunas,202685,18,23.75,14.5,2.75,0.58275,35.832750000000004
2023-24,Jonas Valanciunas,202685,19,28.0,14.0,0.0,0.467,33.467
2023-24,Jonas Valanciunas,202685,20,25.666666666666668,18.333333333333332,3.0,0.5670000000000001,41.900333333333336
2023-24,Jonas Valanciunas,202685,21,20.0,10.0,1.0,0.5,32.5
2023-24,Jonas Valanciunas,202685,23,22.0,6.0,4.0,0.6,33.6
2023-24,Jonas Valanciunas,202685,25,23.0,15.0,3.0,0.5,43.5
2023-24,Jonas Valanciunas,202685,28,25.0,15.0,3.0,0.636,46.635999999999996
2023-24,Jonas Valanciunas,202685,33,21.0,10.0,7.0,0.75,50.75
2023-24,Jonathan Isaac,1628371,-5,21.0,10.0,1.0,0.667,6.667
2023-24,Jonathan Isaac,1628371,2,23.0,7.5,0.5,0.4285,10.4285
2023-24,Jonathan Isaac,1628371,7,22.0,10.0,0.0,0.8,17.8
2023-24,Jonathan Isaac,1628371,8,24.0,9.0,1.0,0.6,18.6
2023-24,Jonathan Isaac,1628371,9,23.5,7.5,1.0,0.432,17.932000000000002
2023-24,Jonathan Isaac,1628371,10,25.0,7.0,0.0,0.375,17.375
2023-24,Jonathan Isaac,1628371,14,21.0,8.0,2.0,0.6,24.6
2023-24,Jonathan Isaac,1628371,17,22.0,9.0,1.0,0.429,27.429000000000002
2023-24,Jonathan Isaac,1628371,26,22.0,25.0,0.0,0.769,51.769
2023-24,Jonathan Kuminga,1630228,-26,23.0,10.0,1.0,0.455,-14.545
2023-24,Jonathan Kuminga,1630228,-24,23.0,13.0,2.0,0.5,-8.5
2023-24,Jonathan Kuminga,1630228,-20,26.0,15.5,3.5,0.5355,-0.464500000000001
2023-24,Jonathan Kuminga,1630228,-18,24.0,13.666666666666666,3.6666666666666665,0.38533333333333336,-0.2813333333333361
2023-24,Jonathan Kuminga,1630228,-15,28.0,24.0,0.0,0.476,9.475999999999999
2023-24,Jonathan Kuminga,1630228,-13,29.0,11.0,2.0,0.235,0.23499999999999943
2023-24,Jonathan Kuminga,1630228,-11,25.5,18.5,1.5,0.5765,9.5765
2023-24,Jonathan Kuminga,1630228,-9,32.75,17.75,2.75,0.4905,11.9905
2023-24,Jonathan Kuminga,1630228,-8,30.0,26.0,2.0,0.588,20.588
2023-24,Jonathan Kuminga,1630228,-6,35.0,27.0,2.0,0.471,23.471
2023-24,Jonathan Kuminga,1630228,-5,27.333333333333332,14.0,3.6666666666666665,0.5726666666666667,13.239333333333335
2023-24,Jonathan Kuminga,1630228,-4,27.0,17.5,2.0,0.609,16.109
2023-24,Jonathan Kuminga,1630228,-2,34.0,21.0,2.0,0.5,21.5
2023-24,Jonathan Kuminga,1630228,-1,22.5,11.25,1.5,0.4935,12.2435
2023-24,Jonathan Kuminga,1630228,3,28.666666666666668,18.333333333333332,1.6666666666666667,0.5566666666666666,23.556666666666665
2023-24,Jonathan Kuminga,1630228,4,23.666666666666668,14.666666666666666,1.3333333333333333,0.5,20.5
2023-24,Jonathan Kuminga,1630228,5,27.6,20.0,2.0,0.4438,27.4438
2023-24,Jonathan Kuminga,1630228,6,24.0,24.0,1.0,0.75,31.75
2023-24,Jonathan Kuminga,1630228,8,34.0,19.0,1.0,0.636,28.636
2023-24,Jonathan Kuminga,1630228,9,26.0,17.0,1.5,0.6365,28.1365
2023-24,Jonathan Kuminga,1630228,10,30.5,18.5,3.5,0.5245,32.5245
2023-24,Jonathan Kuminga,1630228,12,25.0,20.0,2.0,0.643,34.643
2023-24,Jonathan Kuminga,1630228,13,25.5,16.5,1.5,0.675,31.675
2023-24,Jonathan Kuminga,1630228,15,32.0,17.5,5.0,0.4775,37.9775
2023-24,Jonathan Kuminga,1630228,16,32.5,21.0,2.0,0.5660000000000001,39.566
2023-24,Jonathan Kuminga,1630228,18,28.5,18.0,3.5,0.7145,40.2145
2023-24,Jonathan Kuminga,1630228,19,30.0,25.0,2.0,0.632,46.632000000000005
2023-24,Jonathan Kuminga,1630228,20,33.0,18.0,4.0,0.563,42.563
2023-24,Jonathan Kuminga,1630228,21,29.5,22.0,3.5,0.6605,47.1605
2023-24,Jonathan Kuminga,1630228,22,29.0,18.0,5.0,0.5,45.5
2023-24,Jonathan Kuminga,1630228,25,24.0,12.0,3.0,0.417,40.417
2023-24,Jontay Porter,1629007,-23,31.0,9.0,6.0,0.375,-7.625
2023-24,Jontay Porter,1629007,-11,21.0,6.0,1.0,0.25,-3.75
2023-24,Jontay Porter,1629007,-4,22.0,4.0,3.0,0.4,3.4000000000000004
2023-24,Jontay Porter,1629007,1,20.5,10.5,6.5,0.6115,18.6115
2023-24,Jontay Porter,1629007,3,26.0,0.0,4.0,0.0,7.0
2023-24,Jontay Porter,1629007,7,20.0,10.0,6.0,0.5,23.5
2023-24,Jordan Clarkson,203903,-29,27.0,22.0,3.0,0.556,-3.443999999999999
2023-24,Jordan Clarkson,203903,-26,21.0,7.0,2.0,0.3,-16.7
2023-24,Jordan Clarkson,203903,-25,21.0,8.0,5.0,0.231,-11.769
2023-24,Jordan Clarkson,203903,-24,24.0,7.0,2.0,0.333,-14.667
2023-24,Jordan Clarkson,203903,-22,22.0,9.0,1.0,0.444,-11.556
2023-24,Jordan Clarkson,203903,-21,33.0,21.0,2.0,0.556,2.556000000000001
2023-24,Jordan Clarkson,203903,-20,23.0,13.0,1.0,0.5,-5.5
2023-24,Jordan Clarkson,203903,-19,32.5,13.0,2.5,0.401,-3.099
2023-24,Jordan Clarkson,203903,-18,31.0,10.0,3.0,0.357,-4.643000000000001
2023-24,Jordan Clarkson,203903,-17,32.0,17.0,5.0,0.429,5.4289999999999985
2023-24,Jordan Clarkson,203903,-16,27.0,6.0,5.0,0.222,-4.7780000000000005
2023-24,Jordan Clarkson,203903,-14,28.0,9.5,5.5,0.307,1.3070000000000004
2023-24,Jordan Clarkson,203903,-12,33.0,13.0,9.0,0.375,10.375
2023-24,Jordan Clarkson,203903,-11,29.5,5.0,8.0,0.1,2.0999999999999996
2023-24,Jordan Clarkson,203903,-9,38.0,22.0,5.0,0.348,18.348
2023-24,Jordan Clarkson,203903,-8,29.75,14.5,4.0,0.36825,10.86825
2023-24,Jordan Clarkson,203903,-7,35.5,18.5,5.0,0.33999999999999997,16.84
2023-24,Jordan Clarkson,203903,-6,35.0,5.0,7.0,0.2,6.199999999999999
2023-24,Jordan Clarkson,203903,-5,33.0,33.0,5.0,0.462,33.462
2023-24,Jordan Clarkson,203903,-4,32.0,20.0,8.0,0.4165,24.4165
2023-24,Jordan Clarkson,203903,-3,32.4,16.4,5.6,0.32,19.32
2023-24,Jordan Clarkson,203903,-2,32.0,17.0,5.0,0.3205,20.3205
2023-24,Jordan Clarkson,203903,0,35.0,37.0,5.0,0.538,42.538
2023-24,Jordan Clarkson,203903,1,30.0,18.0,6.0,0.357,25.357
2023-24,Jordan Clarkson,203903,4,25.0,9.0,3.0,0.3,16.3
2023-24,Jordan Clarkson,203903,5,37.0,36.0,3.0,0.55,44.55
2023-24,Jordan Clarkson,203903,6,26.0,17.0,2.0,0.462,25.462
2023-24,Jordan Clarkson,203903,7,31.0,14.0,2.0,0.4,23.4
2023-24,Jordan Clarkson,203903,8,33.0,28.5,6.0,0.658,43.158
2023-24,Jordan Clarkson,203903,10,25.0,12.0,5.0,0.273,27.273
2023-24,Jordan Clarkson,203903,13,31.0,21.0,6.0,0.5,40.5
2023-24,Jordan Clarkson,203903,14,35.0,26.0,4.0,0.563,44.563
2023-24,Jordan Clarkson,203903,16,28.5,21.5,8.0,0.412,45.912
2023-24,Jordan Clarkson,203903,17,30.0,21.0,5.0,0.5,43.5
2023-24,Jordan Clarkson,203903,19,30.0,30.0,6.0,0.5,55.5
2023-24,Jordan Clarkson,203903,21,31.0,26.666666666666668,7.333333333333333,0.5286666666666666,55.528666666666666
2023-24,Jordan Clarkson,203903,36,27.0,20.0,11.0,0.5,67.5
2023-24,Jordan Goodwin,1630692,-31,33.0,10.0,2.0,0.308,-18.692
2023-24,Jordan Goodwin,1630692,-20,36.0,8.0,3.0,0.231,-8.769
2023-24,Jordan Goodwin,1630692,-19,26.0,2.0,1.0,0.167,-15.833
2023-24,Jordan Goodwin,1630692,-14,23.0,3.0,9.0,0.2,-1.8000000000000007
2023-24,Jordan Goodwin,1630692,-13,26.0,16.0,3.0,0.4,6.399999999999999
2023-24,Jordan Goodwin,1630692,-12,30.0,4.0,8.0,0.333,0.3330000000000002
2023-24,Jordan Goodwin,1630692,-10,26.0,10.5,5.0,0.375,5.875
2023-24,Jordan Goodwin,1630692,-9,24.0,2.0,5.0,0.2,-1.7999999999999998
2023-24,Jordan Goodwin,1630692,-8,28.0,11.0,3.0,0.417,6.417
2023-24,Jordan Goodwin,1630692,-7,36.0,10.0,5.0,0.333,8.333
2023-24,Jordan Goodwin,1630692,-5,20.0,2.0,0.0,0.333,-2.667
2023-24,Jordan Goodwin,1630692,-4,37.0,23.0,3.0,0.304,22.304
2023-24,Jordan Goodwin,1630692,1,31.0,10.0,6.0,0.2935,17.2935
2023-24,Jordan Goodwin,1630692,2,32.0,8.0,7.0,0.25,17.25
2023-24,Jordan Goodwin,1630692,3,25.0,10.666666666666666,4.0,0.37399999999999994,18.040666666666667
2023-24,Jordan Goodwin,1630692,7,28.0,14.0,5.0,0.6,26.6
2023-24,Jordan Goodwin,1630692,8,29.0,14.0,2.0,0.4,24.4
2023-24,Jordan Goodwin,1630692,10,24.0,7.0,4.0,0.375,21.375
2023-24,Jordan Goodwin,1630692,12,20.0,8.0,3.0,0.286,23.286
2023-24,Jordan Goodwin,1630692,13,28.0,14.0,6.0,0.444,33.444
2023-24,Jordan Goodwin,1630692,16,28.0,13.0,7.0,0.6,36.6
2023-24,Jordan Goodwin,1630692,17,20.0,6.0,6.0,0.429,29.429000000000002
2023-24,Jordan Goodwin,1630692,19,20.0,14.0,2.0,0.75,35.75
2023-24,Jordan Hawkins,1641722,-28,27.0,10.0,2.0,0.231,-15.769
2023-24,Jordan Hawkins,1641722,-19,30.0,14.0,1.0,0.364,-3.6359999999999992
2023-24,Jordan Hawkins,1641722,-15,37.0,31.0,3.0,0.526,19.526000000000003
2023-24,Jordan Hawkins,1641722,-14,35.0,14.0,2.0,0.462,2.4619999999999997
2023-24,Jordan Hawkins,1641722,-11,29.0,8.0,1.0,0.2,-1.8000000000000007
2023-24,Jordan Hawkins,1641722,-9,24.0,10.0,0.0,0.333,1.3330000000000002
2023-24,Jordan Hawkins,1641722,-8,26.5,9.5,0.0,0.299,1.7989999999999995
2023-24,Jordan Hawkins,1641722,-7,29.5,15.5,3.0,0.45,11.95
2023-24,Jordan Hawkins,1641722,-3,24.5,11.0,2.0,0.442,10.442
2023-24,Jordan Hawkins,1641722,-1,22.0,14.0,2.0,0.235,15.235
2023-24,Jordan Hawkins,1641722,1,41.0,14.0,1.0,0.364,16.364
2023-24,Jordan Hawkins,1641722,2,20.0,13.0,3.0,0.333,18.333
2023-24,Jordan Hawkins,1641722,3,22.0,10.0,1.5,0.5780000000000001,15.078
2023-24,Jordan Hawkins,1641722,4,39.0,25.0,3.0,0.471,32.471000000000004
2023-24,Jordan Hawkins,1641722,5,24.0,21.0,1.0,0.583,27.583
2023-24,Jordan Hawkins,1641722,8,24.5,9.0,1.0,0.5115000000000001,18.511499999999998
2023-24,Jordan Hawkins,1641722,10,36.0,34.0,4.0,0.579,48.579
2023-24,Jordan Hawkins,1641722,13,32.0,25.0,3.0,0.471,41.471000000000004
2023-24,Jordan Hawkins,1641722,14,26.0,11.0,1.0,0.231,26.231
2023-24,Jordan Hawkins,1641722,17,30.0,6.5,3.0,0.20550000000000002,26.7055
2023-24,Jordan Hawkins,1641722,25,21.0,14.0,2.0,0.556,41.556
2023-24,Jordan McLaughlin,1629162,5,21.0,11.0,0.0,1.0,17.0
2023-24,Jordan McLaughlin,1629162,9,21.0,12.0,2.0,0.444,23.444000000000003
2023-24,Jordan McLaughlin,1629162,27,25.0,6.0,7.0,0.667,40.667
2023-24,Jordan Nwora,1629670,-29,29.0,14.0,5.0,0.444,-9.556000000000001
2023-24,Jordan Nwora,1629670,-22,21.0,5.0,3.0,0.25,-13.75
2023-24,Jordan Nwora,1629670,-13,21.0,12.0,2.0,0.6,1.5999999999999996
2023-24,Jordan Nwora,1629670,-8,25.0,6.0,1.0,0.333,-0.6669999999999998
2023-24,Jordan Nwora,1629670,-6,23.0,7.0,5.0,0.429,6.429
2023-24,Jordan Nwora,1629670,-4,25.0,16.5,2.0,0.522,15.021999999999998
2023-24,Jordan Nwora,1629670,-3,21.0,12.0,0.0,0.455,9.455
2023-24,Jordan Nwora,1629670,-1,20.0,5.0,2.0,0.286,6.286
2023-24,Jordan Nwora,1629670,10,25.0,18.0,1.0,0.778,29.778
2023-24,Jordan Nwora,1629670,11,30.0,24.0,6.0,0.438,41.438
2023-24,Jordan Nwora,1629670,18,23.0,19.0,1.0,0.727,38.727000000000004
2023-24,Jordan Poole,1629673,-32,34.0,29.0,5.0,0.526,2.5260000000000034
2023-24,Jordan Poole,1629673,-30,26.0,11.0,3.0,0.273,-15.727
2023-24,Jordan Poole,1629673,-29,25.0,11.0,2.0,0.455,-15.545
2023-24,Jordan Poole,1629673,-26,32.0,30.0,1.0,0.423,5.422999999999998
2023-24,Jordan Poole,1629673,-24,27.0,13.0,2.0,0.278,-8.722
2023-24,Jordan Poole,1629673,-23,34.0,22.0,8.0,0.4,7.399999999999999
2023-24,Jordan Poole,1629673,-22,24.666666666666668,11.0,1.6666666666666667,0.35833333333333334,-8.975000000000001
2023-24,Jordan Poole,1629673,-21,24.0,15.333333333333334,5.0,0.424,-0.2426666666666648
2023-24,Jordan Poole,1629673,-18,27.666666666666668,23.0,3.6666666666666665,0.4546666666666666,9.121333333333336
2023-24,Jordan Poole,1629673,-17,26.75,19.0,4.0,0.481,6.481000000000002
2023-24,Jordan Poole,1629673,-16,23.5,6.5,3.5,0.381,-5.619
2023-24,Jordan Poole,1629673,-15,25.0,14.5,5.0,0.4,4.899999999999999
2023-24,Jordan Poole,1629673,-14,28.0,13.0,1.5,0.1905,0.6905000000000001
2023-24,Jordan Poole,1629673,-12,34.0,18.25,6.0,0.366,12.616
2023-24,Jordan Poole,1629673,-10,29.8,12.2,2.4,0.344,4.943999999999999
2023-24,Jordan Poole,1629673,-9,29.0,19.666666666666668,2.0,0.3323333333333333,12.999000000000002
2023-24,Jordan Poole,1629673,-8,31.333333333333332,25.333333333333332,3.3333333333333335,0.4443333333333333,21.110999999999997
2023-24,Jordan Poole,1629673,-6,30.666666666666668,21.333333333333332,4.333333333333333,0.44766666666666666,20.11433333333333
2023-24,Jordan Poole,1629673,-5,20.0,11.0,1.0,0.25,7.25
2023-24,Jordan Poole,1629673,-4,28.333333333333332,12.333333333333334,5.0,0.261,13.594333333333335
2023-24,Jordan Poole,1629673,-3,32.5,22.75,6.0,0.44,26.19
2023-24,Jordan Poole,1629673,-2,26.0,10.0,4.0,0.364,12.364
2023-24,Jordan Poole,1629673,-1,29.0,10.0,4.0,0.4,13.4
2023-24,Jordan Poole,1629673,0,36.0,28.5,9.5,0.47950000000000004,38.4795
2023-24,Jordan Poole,1629673,1,37.0,19.0,5.0,0.368,25.368
2023-24,Jordan Poole,1629673,2,44.0,38.0,8.0,0.625,48.625
2023-24,Jordan Poole,1629673,3,29.0,19.333333333333332,4.666666666666667,0.457,27.457
2023-24,Jordan Poole,1629673,4,29.666666666666668,14.333333333333334,4.0,0.2836666666666667,22.617
2023-24,Jordan Poole,1629673,5,33.5,13.0,4.5,0.385,22.885
2023-24,Jordan Poole,1629673,6,28.0,13.0,6.0,0.429,25.429
2023-24,Jordan Poole,1629673,7,36.0,16.0,9.0,0.43766666666666665,32.437666666666665
2023-24,Jordan Poole,1629673,8,31.5,13.5,6.0,0.3235,27.8235
2023-24,Jordan Poole,1629673,9,35.0,19.0,6.0,0.467,34.467
2023-24,Jordan Poole,1629673,10,25.0,10.0,3.0,0.333,23.333
2023-24,Jordan Poole,1629673,13,35.0,27.0,2.0,0.348,42.348
2023-24,Jordan Poole,1629673,15,32.0,30.0,8.0,0.667,53.667
2023-24,Jordan Poole,1629673,19,25.0,20.0,2.0,0.5,41.5
2023-24,Jordan Poole,1629673,25,29.0,17.0,2.0,0.5,44.5
2023-24,Jose Alvarado,1630631,-13,20.0,8.0,4.0,0.429,-0.5709999999999997
2023-24,Jose Alvarado,1630631,-5,22.0,15.0,0.0,0.5,10.5
2023-24,Jose Alvarado,1630631,-4,24.0,9.0,2.0,0.571,7.571
2023-24,Jose Alvarado,1630631,-2,20.0,11.0,7.0,0.5,16.5
2023-24,Jose Alvarado,1630631,-1,21.0,7.0,2.0,0.333,8.333
2023-24,Jose Alvarado,1630631,0,20.0,4.0,2.0,0.5,6.5
2023-24,Jose Alvarado,1630631,1,20.0,10.0,1.0,0.571,12.571
2023-24,Jose Alvarado,1630631,2,27.0,8.0,3.0,0.375,13.375
2023-24,Jose Alvarado,1630631,7,21.0,4.0,3.0,0.167,14.167
2023-24,Jose Alvarado,1630631,8,23.0,11.0,2.5,0.396,21.896
2023-24,Jose Alvarado,1630631,9,21.0,8.0,1.0,0.167,18.167
2023-24,Jose Alvarado,1630631,11,22.0,13.0,3.0,0.455,27.455
2023-24,Jose Alvarado,1630631,12,20.0,7.0,2.0,0.286,21.286
2023-24,Jose Alvarado,1630631,15,21.0,16.0,4.0,0.714,35.714
2023-24,Jose Alvarado,1630631,16,21.0,13.0,2.0,0.444,31.444000000000003
2023-24,Jose Alvarado,1630631,17,21.5,10.5,4.5,0.527,32.527
2023-24,Jose Alvarado,1630631,18,35.0,4.0,2.0,0.2,24.2
2023-24,Jose Alvarado,1630631,23,27.5,9.0,4.0,0.3705,36.3705
2023-24,Jose Alvarado,1630631,27,31.0,17.0,6.0,0.5,50.5
2023-24,Jose Alvarado,1630631,32,23.0,5.0,6.0,0.286,43.286
2023-24,Josh Giddey,1630581,-23,22.0,11.0,3.0,0.214,-8.786
2023-24,Josh Giddey,1630581,-19,26.0,13.0,5.0,0.6,-0.3999999999999986
2023-24,Josh Giddey,1630581,-18,21.0,9.0,3.0,0.308,-5.692
2023-24,Josh Giddey,1630581,-15,27.0,12.0,5.0,0.5,2.5
2023-24,Josh Giddey,1630581,-13,25.0,10.0,8.0,0.333,5.332999999999998
2023-24,Josh Giddey,1630581,-12,28.0,2.0,6.0,0.125,-3.875
2023-24,Josh Giddey,1630581,-11,24.0,8.0,6.0,0.273,3.2729999999999997
2023-24,Josh Giddey,1630581,-10,26.0,9.5,2.5,0.4165,2.416499999999999
2023-24,Josh Giddey,1630581,-7,25.666666666666668,18.333333333333332,5.0,0.5706666666666668,16.904
2023-24,Josh Giddey,1630581,-6,26.0,11.5,3.5,0.3125,9.3125
2023-24,Josh Giddey,1630581,-5,26.0,8.0,2.0,0.375,5.375
2023-24,Josh Giddey,1630581,-4,27.0,10.0,3.0,0.5,9.5
2023-24,Josh Giddey,1630581,-3,27.0,19.0,4.5,0.577,21.076999999999998
2023-24,Josh Giddey,1630581,-2,25.666666666666668,10.666666666666666,3.3333333333333335,0.43933333333333335,12.439333333333334
2023-24,Josh Giddey,1630581,-1,28.5,16.0,8.5,0.46199999999999997,23.962
2023-24,Josh Giddey,1630581,0,24.0,8.0,4.0,0.4083333333333334,12.408333333333333
2023-24,Josh Giddey,1630581,1,22.666666666666668,8.666666666666666,4.0,0.38033333333333336,14.046999999999999
2023-24,Josh Giddey,1630581,2,24.333333333333332,9.0,4.0,0.37233333333333335,15.372333333333334
2023-24,Josh Giddey,1630581,3,28.0,10.0,2.0,0.308,15.308
2023-24,Josh Giddey,1630581,4,24.5,15.75,3.75,0.49450000000000005,23.9945
2023-24,Josh Giddey,1630581,6,24.0,13.5,2.5,0.55,22.55
2023-24,Josh Giddey,1630581,7,20.0,9.0,2.0,0.6,18.6
2023-24,Josh Giddey,1630581,8,27.0,8.0,4.0,0.308,20.308
2023-24,Josh Giddey,1630581,9,30.0,25.0,4.0,0.714,38.714
2023-24,Josh Giddey,1630581,10,28.0,20.5,4.75,0.5355,35.7855
2023-24,Josh Giddey,1630581,11,29.5,11.5,7.0,0.6930000000000001,30.193
2023-24,Josh Giddey,1630581,12,22.0,6.0,5.0,0.5,23.5
2023-24,Josh Giddey,1630581,13,21.5,7.0,5.5,0.5835,26.0835
2023-24,Josh Giddey,1630581,15,32.0,16.0,8.5,0.4,39.9
2023-24,Josh Giddey,1630581,16,22.0,14.0,4.0,0.55,34.55
2023-24,Josh Giddey,1630581,17,31.75,16.25,7.75,0.5902499999999999,41.59025
2023-24,Josh Giddey,1630581,19,31.0,16.0,6.0,0.5,41.5
2023-24,Josh Giddey,1630581,20,24.0,18.0,7.0,0.636,45.635999999999996
2023-24,Josh Giddey,1630581,21,25.0,10.0,7.0,0.571,38.571
2023-24,Josh Giddey,1630581,22,24.75,16.0,7.0,0.55975,45.55975
2023-24,Josh Giddey,1630581,28,26.0,5.0,8.0,0.222,41.222
2023-24,Josh Giddey,1630581,29,20.0,5.0,4.0,0.333,38.333
2023-24,Josh Giddey,1630581,46,22.0,13.0,12.0,1.0,72.0
2023-24,Josh Green,1630182,-44,31.0,4.0,3.0,0.125,-36.875
2023-24,Josh Green,1630182,-29,37.0,20.0,3.0,0.583,-5.417000000000002
2023-24,Josh Green,1630182,-21,21.0,0.0,1.0,0.0,-20.0
2023-24,Josh Green,1630182,-19,29.0,18.0,1.0,0.615,0.6149999999999984
2023-24,Josh Green,1630182,-18,33.0,2.0,1.0,0.167,-14.833
2023-24,Josh Green,1630182,-16,30.0,8.0,1.5,0.475,-6.025
2023-24,Josh Green,1630182,-15,34.0,18.0,3.0,0.667,6.667000000000002
2023-24,Josh Green,1630182,-14,27.666666666666668,5.666666666666667,3.0,0.37000000000000005,-4.963333333333333
2023-24,Josh Green,1630182,-13,31.0,8.0,3.0,0.375,-1.625
2023-24,Josh Green,1630182,-11,28.0,7.0,1.0,0.375,-2.625
2023-24,Josh Green,1630182,-9,31.0,10.0,0.5,0.442,1.9420000000000002
2023-24,Josh Green,1630182,-8,23.0,11.0,0.0,0.833,3.833
2023-24,Josh Green,1630182,-6,31.0,10.0,5.0,0.4,9.4
2023-24,Josh Green,1630182,-5,33.0,12.0,3.0,0.455,10.455
2023-24,Josh Green,1630182,-3,32.0,9.0,4.0,0.375,10.375
2023-24,Josh Green,1630182,-2,30.0,4.0,1.0,0.667,3.667
2023-24,Josh Green,1630182,-1,25.0,11.0,5.0,0.5,15.5
2023-24,Josh Green,1630182,1,26.5,2.5,0.5,0.25,4.25
2023-24,Josh Green,1630182,2,23.5,12.5,2.5,0.5415,17.5415
2023-24,Josh Green,1630182,3,29.0,13.0,2.0,0.625,18.625
2023-24,Josh Green,1630182,4,28.75,11.25,2.75,0.5385,18.5385
2023-24,Josh Green,1630182,5,31.0,15.0,3.0,0.556,23.556
2023-24,Josh Green,1630182,8,27.0,7.0,2.0,0.286,17.286
2023-24,Josh Green,1630182,9,31.0,14.5,3.0,0.5335000000000001,27.0335
2023-24,Josh Green,1630182,10,21.0,15.0,1.0,0.6,26.6
2023-24,Josh Green,1630182,11,27.0,13.0,3.0,0.455,27.455
2023-24,Josh Green,1630182,12,29.0,2.3333333333333335,2.6666666666666665,0.25,17.25
2023-24,Josh Green,1630182,14,27.5,8.0,2.0,0.35,24.35
2023-24,Josh Green,1630182,15,31.0,20.0,4.0,0.667,39.667
2023-24,Josh Green,1630182,20,27.0,6.0,2.0,0.5,28.5
2023-24,Josh Green,1630182,22,27.0,8.0,1.0,0.6,31.6
2023-24,Josh Green,1630182,26,23.0,5.0,3.0,0.667,34.667
2023-24,Josh Green,1630182,28,25.0,14.0,5.0,0.875,47.875
2023-24,Josh Hart,1628404,-26,43.0,14.0,6.0,0.417,-5.582999999999998
2023-24,Josh Hart,1628404,-22,40.0,15.0,5.0,0.4,-1.6000000000000014
2023-24,Josh Hart,1628404,-21,35.0,2.0,1.0,0.2,-17.8
2023-24,Josh Hart,1628404,-20,35.0,4.0,5.0,0.333,-10.667
2023-24,Josh Hart,1628404,-19,31.5,6.0,2.0,0.3055,-10.6945
2023-24,Josh Hart,1628404,-14,25.0,11.0,1.0,0.625,-1.375
2023-24,Josh Hart,1628404,-13,26.0,4.0,1.5,0.268,-7.232
2023-24,Josh Hart,1628404,-12,35.666666666666664,14.333333333333334,6.0,0.36866666666666664,8.702000000000002
2023-24,Josh Hart,1628404,-11,35.0,9.0,4.5,0.2425,2.7424999999999997
2023-24,Josh Hart,1628404,-10,32.0,9.5,2.5,0.35,2.3499999999999996
2023-24,Josh Hart,1628404,-8,41.0,16.0,6.0,0.6,14.600000000000001
2023-24,Josh Hart,1628404,-7,28.0,0.0,2.0,0.0,-5.0
2023-24,Josh Hart,1628404,-5,26.5,7.5,2.0,0.345,4.845000000000001
2023-24,Josh Hart,1628404,-4,39.333333333333336,6.0,5.666666666666667,0.39433333333333337,8.061000000000002
2023-24,Josh Hart,1628404,-3,24.0,3.0,0.0,0.333,0.3330000000000002
2023-24,Josh Hart,1628404,-2,32.0,6.5,1.0,0.404,5.904
2023-24,Josh Hart,1628404,-1,31.5,15.0,3.0,0.4855,17.4855
2023-24,Josh Hart,1628404,0,29.5,5.5,2.5,0.1665,8.1665
2023-24,Josh Hart,1628404,1,35.6,8.4,2.6,0.3766,12.3766
2023-24,Josh Hart,1628404,2,34.0,8.75,5.25,0.39225,16.39225
2023-24,Josh Hart,1628404,4,45.0,13.0,6.0,0.444,23.444
2023-24,Josh Hart,1628404,5,25.5,8.0,5.5,0.5355,19.0355
2023-24,Josh Hart,1628404,6,29.5,6.5,2.0,0.49175,14.99175
2023-24,Josh Hart,1628404,7,33.4,8.8,5.4,0.493,21.693
2023-24,Josh Hart,1628404,8,34.0,11.5,8.5,0.486,28.486
2023-24,Josh Hart,1628404,9,28.0,2.0,1.0,0.143,12.143
2023-24,Josh Hart,1628404,10,29.0,10.0,1.0,0.455,21.455
2023-24,Josh Hart,1628404,11,30.0,17.0,2.0,0.636,30.636
2023-24,Josh Hart,1628404,12,25.0,2.0,4.0,0.25,18.25
2023-24,Josh Hart,1628404,13,38.0,14.0,5.0,0.491,32.491
2023-24,Josh Hart,1628404,15,41.5,7.0,6.0,0.402,28.402
2023-24,Josh Hart,1628404,16,35.5,9.5,6.0,0.4585,31.9585
2023-24,Josh Hart,1628404,17,46.0,17.0,7.0,0.857,41.857
2023-24,Josh Hart,1628404,18,31.0,16.0,5.0,0.467,39.467
2023-24,Josh Hart,1628404,20,34.666666666666664,10.666666666666666,4.333333333333333,0.44566666666666666,35.44566666666667
2023-24,Josh Hart,1628404,22,43.0,31.0,8.0,0.737,61.737
2023-24,Josh Hart,1628404,23,42.0,19.0,4.0,0.667,46.667
2023-24,Josh Hart,1628404,24,32.0,9.0,1.0,0.375,34.375
2023-24,Josh Hart,1628404,25,29.0,17.0,2.0,0.7,44.7
2023-24,Josh Hart,1628404,26,39.0,11.0,10.0,0.4,47.4
2023-24,Josh Hart,1628404,27,31.0,9.0,2.0,0.571,38.571
2023-24,Josh Hart,1628404,30,32.0,14.0,5.0,0.714,49.714
2023-24,Josh Hart,1628404,32,36.5,13.5,10.0,0.55,56.05
2023-24,Josh Hart,1628404,34,28.0,6.0,2.0,0.375,42.375
2023-24,Josh Hart,1628404,46,29.0,10.0,6.0,0.571,62.571
2023-24,Josh Okogie,1629006,-12,26.0,4.0,2.0,0.286,-5.714
2023-24,Josh Okogie,1629006,-8,21.0,8.0,1.0,0.0,1.0
2023-24,Josh Okogie,1629006,-3,30.0,11.0,2.0,0.3,10.3
2023-24,Josh Okogie,1629006,-1,27.0,12.0,0.0,0.8,11.8
2023-24,Josh Okogie,1629006,1,23.0,10.0,2.0,0.5,13.5
2023-24,Josh Okogie,1629006,2,31.0,17.0,1.0,0.778,20.778
2023-24,Josh Okogie,1629006,3,30.0,5.0,3.0,0.3,11.3
2023-24,Josh Okogie,1629006,4,24.5,10.0,2.0,0.278,16.278
2023-24,Josh Okogie,1629006,5,25.0,11.0,1.0,0.667,17.667
2023-24,Josh Okogie,1629006,8,28.0,10.0,2.0,0.5,20.5
2023-24,Josh Okogie,1629006,12,25.0,3.0,1.0,0.5,16.5
2023-24,Josh Okogie,1629006,15,23.0,6.0,3.0,0.286,24.286
2023-24,Josh Okogie,1629006,22,27.0,5.0,3.0,0.222,30.222
2023-24,Josh Okogie,1629006,25,23.0,7.0,0.0,0.5,32.5
2023-24,Josh Richardson,1626196,-26,25.0,7.0,2.0,0.5,-16.5
2023-24,Josh Richardson,1626196,-24,23.0,5.0,0.0,0.286,-18.714
2023-24,Josh Richardson,1626196,-19,20.0,8.0,2.0,0.429,-8.571
2023-24,Josh Richardson,1626196,-16,36.0,11.0,5.0,0.364,0.36400000000000077
2023-24,Josh Richardson,1626196,-13,30.0,4.0,3.0,0.111,-5.889
2023-24,Josh Richardson,1626196,-12,20.0,8.0,2.0,0.429,-1.5709999999999997
2023-24,Josh Richardson,1626196,-11,25.0,9.0,2.6666666666666665,0.29933333333333334,0.9659999999999993
2023-24,Josh Richardson,1626196,-10,36.0,20.0,7.0,0.538,17.538
2023-24,Josh Richardson,1626196,-9,20.0,9.0,0.0,0.4,0.40000000000000036
2023-24,Josh Richardson,1626196,-8,28.0,11.0,3.5,0.453,6.952999999999999
2023-24,Josh Richardson,1626196,-7,29.666666666666668,11.666666666666666,2.3333333333333335,0.5,7.5
2023-24,Josh Richardson,1626196,-6,22.5,5.0,1.0,0.4375,0.4375
2023-24,Josh Richardson,1626196,-5,25.0,9.0,2.0,0.667,6.667
2023-24,Josh Richardson,1626196,-4,28.0,10.0,7.0,0.222,13.222000000000001
2023-24,Josh Richardson,1626196,-3,26.0,9.0,0.0,0.333,6.333
2023-24,Josh Richardson,1626196,-2,25.0,10.0,5.0,0.667,13.667
2023-24,Josh Richardson,1626196,0,28.0,3.0,1.0,0.2,4.2
2023-24,Josh Richardson,1626196,1,27.5,12.0,3.0,0.619,16.619
2023-24,Josh Richardson,1626196,4,23.0,6.0,2.0,0.429,12.429
2023-24,Josh Richardson,1626196,5,26.0,16.0,3.0,0.5145,24.514499999999998
2023-24,Josh Richardson,1626196,7,28.666666666666668,13.666666666666666,2.6666666666666665,0.45933333333333337,23.792666666666666
2023-24,Josh Richardson,1626196,9,20.0,10.0,1.0,0.571,20.570999999999998
2023-24,Josh Richardson,1626196,11,31.0,8.0,3.5,0.2665,22.7665
2023-24,Josh Richardson,1626196,13,27.0,14.0,5.0,0.556,32.556
2023-24,Josh Richardson,1626196,15,22.0,16.0,0.0,0.857,31.857
2023-24,Josh Richardson,1626196,16,27.0,13.0,1.0,0.714,30.714
2023-24,Josh Richardson,1626196,22,31.0,19.0,3.0,0.727,44.727000000000004
2023-24,Jrue Holiday,201950,-28,27.0,7.0,4.0,0.182,-16.817999999999998
2023-24,Jrue Holiday,201950,-26,28.0,7.0,1.0,0.429,-17.570999999999998
2023-24,Jrue Holiday,201950,-19,41.0,12.0,6.0,0.25,-0.75
2023-24,Jrue Holiday,201950,-15,34.0,8.0,5.0,0.2915,-1.7085000000000008
2023-24,Jrue Holiday,201950,-14,35.5,12.5,3.0,0.48650000000000004,1.9864999999999995
2023-24,Jrue Holiday,201950,-12,29.0,7.0,3.0,0.429,-1.5709999999999997
2023-24,Jrue Holiday,201950,-11,33.0,20.0,5.0,0.692,14.692
2023-24,Jrue Holiday,201950,-10,31.0,12.0,5.0,0.385,7.385000000000002
2023-24,Jrue Holiday,201950,-9,32.5,7.5,5.5,0.365,4.365
2023-24,Jrue Holiday,201950,-6,34.0,12.0,2.0,0.5,8.5
2023-24,Jrue Holiday,201950,-4,35.0,15.5,3.5,0.5455,15.5455
2023-24,Jrue Holiday,201950,-2,34.0,14.0,5.0,0.357,17.357
2023-24,Jrue Holiday,201950,-1,33.333333333333336,9.333333333333334,4.333333333333333,0.40166666666666667,13.068333333333335
2023-24,Jrue Holiday,201950,0,37.0,21.0,6.0,0.563,27.563
2023-24,Jrue Holiday,201950,1,44.0,12.0,3.0,0.444,16.444000000000003
2023-24,Jrue Holiday,201950,2,36.5,14.0,3.0,0.6605,19.6605
2023-24,Jrue Holiday,201950,3,34.0,9.0,2.0,0.4,14.4
2023-24,Jrue Holiday,201950,4,34.666666666666664,18.0,6.666666666666667,0.5543333333333333,29.221
2023-24,Jrue Holiday,201950,5,36.0,14.0,2.0,0.556,21.556
2023-24,Jrue Holiday,201950,6,33.75,10.25,4.5,0.4435,21.1935
2023-24,Jrue Holiday,201950,7,30.333333333333332,13.666666666666666,5.333333333333333,0.4963333333333333,26.496333333333332
2023-24,Jrue Holiday,201950,8,35.0,13.333333333333334,4.666666666666667,0.38866666666666666,26.388666666666666
2023-24,Jrue Holiday,201950,9,29.0,9.0,6.0,0.6,24.6
2023-24,Jrue Holiday,201950,10,31.0,22.0,4.0,0.571,36.571
2023-24,Jrue Holiday,201950,11,32.0,11.0,4.0,0.48450000000000004,26.4845
2023-24,Jrue Holiday,201950,12,27.0,8.5,5.5,0.47650000000000003,26.4765
2023-24,Jrue Holiday,201950,13,31.0,14.5,5.0,0.6595,33.1595
2023-24,Jrue Holiday,201950,14,37.5,15.0,8.0,0.45,37.45
2023-24,Jrue Holiday,201950,15,38.0,18.0,7.0,0.7,40.7
2023-24,Jrue Holiday,201950,16,35.0,18.0,3.0,0.444,37.444
2023-24,Jrue Holiday,201950,17,29.666666666666668,14.0,4.333333333333333,0.48900000000000005,35.82233333333333
2023-24,Jrue Holiday,201950,18,35.0,14.0,12.0,0.6,44.6
2023-24,Jrue Holiday,201950,19,35.0,14.666666666666666,6.333333333333333,0.6123333333333333,40.61233333333333
2023-24,Jrue Holiday,201950,20,25.0,15.0,4.0,0.667,39.667
2023-24,Jrue Holiday,201950,22,26.25,13.25,4.5,0.56525,40.31525
2023-24,Jrue Holiday,201950,26,32.5,11.0,9.5,0.5145,47.0145
2023-24,Jrue Holiday,201950,28,26.0,11.0,3.0,0.571,42.571
2023-24,Jrue Holiday,201950,31,27.5,7.5,4.5,0.4445,43.4445
2023-24,Jrue Holiday,201950,39,26.0,7.0,4.0,0.429,50.429
2023-24,Jules Bernard,1631262,-2,23.0,12.0,1.0,0.417,11.417
2023-24,Jules Bernard,1631262,8,24.0,13.0,3.0,0.5,24.5
2023-24,Julian Champagnie,1630577,-35,24.0,5.0,0.0,0.143,-29.857
2023-24,Julian Champagnie,1630577,-21,30.0,13.0,3.0,0.286,-4.713999999999999
2023-24,Julian Champagnie,1630577,-16,39.0,17.0,3.0,0.5,4.5
2023-24,Julian Champagnie,1630577,-15,20.0,0.0,1.0,0.0,-14.0
2023-24,Julian Champagnie,1630577,-12,21.0,8.0,2.0,0.5,-1.5
2023-24,Julian Champagnie,1630577,-11,23.0,4.5,1.5,0.268,-4.732
2023-24,Julian Champagnie,1630577,-10,22.0,11.0,0.0,0.571,1.5709999999999997
2023-24,Julian Champagnie,1630577,-9,25.0,9.0,3.0,0.4,3.4000000000000004
2023-24,Julian Champagnie,1630577,-7,26.5,12.25,2.25,0.5529999999999999,8.053
2023-24,Julian Champagnie,1630577,-6,24.0,13.5,1.0,0.5625,9.0625
2023-24,Julian Champagnie,1630577,-4,38.0,9.0,4.0,0.333,9.333
2023-24,Julian Champagnie,1630577,-3,25.0,2.5,2.5,0.1665,2.1665
2023-24,Julian Champagnie,1630577,-1,37.0,11.0,2.0,0.4,12.4
2023-24,Julian Champagnie,1630577,2,25.333333333333332,9.666666666666666,1.3333333333333333,0.5333333333333333,13.533333333333333
2023-24,Julian Champagnie,1630577,3,25.5,10.0,0.5,0.369,13.869
2023-24,Julian Champagnie,1630577,4,24.0,16.0,1.0,0.667,21.667
2023-24,Julian Champagnie,1630577,5,26.5,16.0,3.0,0.625,24.625
2023-24,Julian Champagnie,1630577,6,20.0,6.0,2.0,0.333,14.333
2023-24,Julian Champagnie,1630577,8,20.0,6.0,0.0,0.4,14.4
2023-24,Julian Champagnie,1630577,9,21.5,4.5,3.0,0.3095,16.8095
2023-24,Julian Champagnie,1630577,10,22.0,8.0,1.0,0.5,19.5
2023-24,Julian Champagnie,1630577,11,35.5,12.0,1.5,0.5665,25.066499999999998
2023-24,Julian Champagnie,1630577,12,22.0,12.0,2.0,0.5,26.5
2023-24,Julian Champagnie,1630577,15,20.0,9.0,1.0,0.25,25.25
2023-24,Julian Champagnie,1630577,20,25.0,11.0,6.0,0.444,37.444
2023-24,Julian Phillips,1641763,-9,27.0,11.0,0.0,0.429,2.4290000000000003
2023-24,Julian Phillips,1641763,-7,20.0,9.0,0.0,0.75,2.75
2023-24,Julian Phillips,1641763,4,23.0,11.0,1.0,0.571,16.570999999999998
2023-24,Julian Strawther,1631124,-18,20.0,7.0,2.0,0.375,-8.625
2023-24,Julian Strawther,1631124,-4,28.0,22.0,2.0,0.5,20.5
2023-24,Julian Strawther,1631124,6,24.0,12.0,2.0,0.385,20.384999999999998
2023-24,Julian Strawther,1631124,9,21.0,12.0,2.0,0.5,23.5
2023-24,Julian Strawther,1631124,12,21.5,15.0,2.0,0.4495,29.4495
2023-24,Julius Randle,203944,-21,36.0,41.0,5.0,0.737,25.737000000000002
2023-24,Julius Randle,203944,-20,30.0,22.0,3.0,0.471,5.471
2023-24,Julius Randle,203944,-18,33.0,20.0,3.0,0.467,5.466999999999999
2023-24,Julius Randle,203944,-13,33.5,17.5,4.0,0.301,8.800999999999998
2023-24,Julius Randle,203944,-12,35.0,25.0,2.0,0.467,15.466999999999999
2023-24,Julius Randle,203944,-11,33.0,10.0,4.0,0.267,3.2669999999999995
2023-24,Julius Randle,203944,-10,37.0,25.0,5.0,0.368,20.368
2023-24,Julius Randle,203944,-9,35.0,28.0,2.0,0.476,21.476
2023-24,Julius Randle,203944,-8,35.0,13.0,7.0,0.417,12.417000000000002
2023-24,Julius Randle,203944,-6,39.0,28.0,4.0,0.409,26.409
2023-24,Julius Randle,203944,-5,38.0,16.0,5.0,0.25,16.25
2023-24,Julius Randle,203944,-4,35.0,6.0,4.0,0.2,6.199999999999999
2023-24,Julius Randle,203944,-3,34.5,28.0,4.0,0.4985,29.4985
2023-24,Julius Randle,203944,-1,35.5,33.0,5.0,0.5945,37.5945
2023-24,Julius Randle,203944,0,36.0,38.0,6.0,0.64,44.64
2023-24,Julius Randle,203944,1,38.0,21.0,5.0,0.471,27.471
2023-24,Julius Randle,203944,2,35.5,25.0,2.75,0.42975,30.17975
2023-24,Julius Randle,203944,4,35.0,23.0,6.0,0.625,33.625
2023-24,Julius Randle,203944,6,40.0,24.0,2.0,0.471,32.471000000000004
2023-24,Julius Randle,203944,7,34.0,17.0,9.0,0.4,33.4
2023-24,Julius Randle,203944,8,27.0,23.0,5.0,0.5,36.5
2023-24,Julius Randle,203944,9,37.0,21.0,8.0,0.471,38.471000000000004
2023-24,Julius Randle,203944,10,35.0,24.0,5.0,0.429,39.429
2023-24,Julius Randle,203944,11,38.0,29.0,8.0,0.571,48.571
2023-24,Julius Randle,203944,12,38.0,29.0,8.0,0.5,49.5
2023-24,Julius Randle,203944,13,35.666666666666664,25.0,5.0,0.42166666666666663,43.42166666666667
2023-24,Julius Randle,203944,15,34.666666666666664,24.333333333333332,7.0,0.5373333333333333,46.870666666666665
2023-24,Julius Randle,203944,16,32.0,18.0,10.0,0.538,44.538
2023-24,Julius Randle,203944,17,43.0,27.0,3.0,0.545,47.545
2023-24,Julius Randle,203944,18,31.0,19.0,2.0,0.357,39.357
2023-24,Julius Randle,203944,24,37.0,39.0,5.0,0.565,68.565
2023-24,Julius Randle,203944,25,30.0,17.0,8.0,0.467,50.467
2023-24,Julius Randle,203944,27,34.0,25.5,4.5,0.49150000000000005,57.4915
2023-24,Julius Randle,203944,31,31.0,21.5,6.5,0.4165,59.4165
2023-24,Justin Champagnie,1630551,-15,30.666666666666668,13.666666666666666,2.0,0.44766666666666666,1.1143333333333345
2023-24,Justin Champagnie,1630551,-1,20.0,9.0,3.0,0.444,11.444
2023-24,Justin Champagnie,1630551,5,27.0,8.0,3.0,0.25,16.25
2023-24,Justin Holiday,203200,-15,36.0,10.0,2.0,0.3,-2.6999999999999993
2023-24,Justin Holiday,203200,-8,25.0,6.0,2.0,0.5,0.5
2023-24,Justin Holiday,203200,1,35.0,8.0,2.0,0.25,11.25
2023-24,Justin Holiday,203200,4,22.0,8.0,2.0,0.75,14.75
2023-24,Justin Holiday,203200,5,33.0,12.0,1.0,0.625,18.625
2023-24,Justin Holiday,203200,7,21.0,13.0,2.0,0.556,22.556
2023-24,Justin Holiday,203200,8,28.0,14.0,3.5,0.732,26.232
2023-24,Justin Holiday,203200,9,22.0,5.0,1.0,0.333,15.333
2023-24,Justin Holiday,203200,11,22.0,2.0,1.0,1.0,15.0
2023-24,Justin Holiday,203200,15,25.5,4.0,5.0,0.7,24.7
2023-24,Justin Holiday,203200,17,23.0,8.0,6.0,1.0,32.0
2023-24,Justin Holiday,203200,20,27.0,2.0,2.0,0.167,24.167
2023-24,Justin Holiday,203200,22,21.0,11.0,2.0,0.667,35.667
2023-24,Justin Holiday,203200,27,26.0,11.0,4.0,0.571,42.571
2023-24,Justin Minaya,1631303,-40,37.0,8.0,2.0,0.3,-29.7
2023-24,Justin Minaya,1631303,-20,29.0,3.0,2.0,0.143,-14.857
2023-24,Justin Minaya,1631303,-10,22.0,0.0,1.0,0.0,-9.0
2023-24,Justin Minaya,1631303,-8,28.0,2.0,2.0,0.333,-3.667
2023-24,Justin Minaya,1631303,3,24.0,5.5,2.0,0.425,10.925
2023-24,Justin Minaya,1631303,9,21.0,3.0,2.0,0.25,14.25
2023-24,Jusuf Nurkic,203994,-22,23.0,5.0,3.0,0.5,-13.5
2023-24,Jusuf Nurkic,203994,-17,20.0,8.0,6.0,0.6,-2.4000000000000004
2023-24,Jusuf Nurkic,203994,-15,24.666666666666668,6.666666666666667,2.0,0.446,-5.887333333333332
2023-24,Jusuf Nurkic,203994,-14,21.0,8.0,2.0,0.375,-3.625
2023-24,Jusuf Nurkic,203994,-11,26.0,6.0,2.0,0.6,-2.4000000000000004
2023-24,Jusuf Nurkic,203994,-8,28.5,11.0,3.5,0.6000000000000001,7.1
2023-24,Jusuf Nurkic,203994,-6,30.0,6.0,5.0,0.286,5.286
2023-24,Jusuf Nurkic,203994,-5,29.75,7.0,3.5,0.302,5.802
2023-24,Jusuf Nurkic,203994,-4,26.0,6.0,4.0,0.429,6.429
2023-24,Jusuf Nurkic,203994,-3,23.5,9.0,3.25,0.54925,9.79925
2023-24,Jusuf Nurkic,203994,-2,23.0,15.0,4.0,0.571,17.571
2023-24,Jusuf Nurkic,203994,-1,31.0,10.0,3.0,0.6,12.6
2023-24,Jusuf Nurkic,203994,1,31.0,10.5,3.0,0.5,15.0
2023-24,Jusuf Nurkic,203994,2,29.6,14.4,4.6,0.5022,21.5022
2023-24,Jusuf Nurkic,203994,3,29.0,19.0,3.5,0.5954999999999999,26.0955
2023-24,Jusuf Nurkic,203994,5,28.25,13.75,3.75,0.63125,23.13125
2023-24,Jusuf Nurkic,203994,6,27.0,16.0,2.0,0.4,24.4
2023-24,Jusuf Nurkic,203994,8,31.666666666666668,12.0,5.333333333333333,0.40633333333333327,25.739666666666665
2023-24,Jusuf Nurkic,203994,9,30.333333333333332,16.333333333333332,3.0,0.7183333333333334,29.051666666666666
2023-24,Jusuf Nurkic,203994,10,29.0,10.166666666666666,5.333333333333333,0.4988333333333334,25.998833333333334
2023-24,Jusuf Nurkic,203994,12,32.333333333333336,11.0,5.0,0.4443333333333333,28.444333333333333
2023-24,Jusuf Nurkic,203994,13,26.5,8.5,6.5,0.35250000000000004,28.3525
2023-24,Jusuf Nurkic,203994,14,32.0,6.0,6.0,0.4,26.4
2023-24,Jusuf Nurkic,203994,15,26.5,12.5,4.5,0.42100000000000004,32.421
2023-24,Jusuf Nurkic,203994,16,29.0,28.0,6.0,0.733,50.733
2023-24,Jusuf Nurkic,203994,17,27.0,18.0,2.5,0.6930000000000001,38.193
2023-24,Jusuf Nurkic,203994,18,30.0,16.5,2.0,0.548,37.048
2023-24,Jusuf Nurkic,203994,19,28.5,14.5,5.5,0.7275,39.7275
2023-24,Jusuf Nurkic,203994,20,24.0,18.0,8.0,0.636,46.635999999999996
2023-24,Jusuf Nurkic,203994,21,26.0,6.0,2.0,0.5,29.5
2023-24,Jusuf Nurkic,203994,23,21.0,8.0,3.0,0.6,34.6
2023-24,Jusuf Nurkic,203994,26,21.0,6.0,3.0,0.429,35.429
2023-24,Jusuf Nurkic,203994,27,20.0,6.0,8.0,0.75,41.75
2023-24,Jusuf Nurkic,203994,29,28.0,9.0,2.0,0.5,40.5
2023-24,Jusuf Nurkic,203994,30,34.0,5.0,9.0,0.4,44.4
2023-24,KJ Martin,1630231,-9,28.0,15.0,2.0,0.6,8.600000000000001
2023-24,KJ Martin,1630231,-6,21.0,4.0,1.0,0.333,-0.6669999999999998
2023-24,KJ Martin,1630231,-2,26.5,9.5,2.0,0.7855,10.2855
2023-24,KJ Martin,1630231,-1,20.5,6.5,2.0,0.8,8.3
2023-24,KJ Martin,1630231,1,21.0,11.0,4.0,0.556,16.556
2023-24,KJ Martin,1630231,2,22.0,10.0,1.0,0.714,13.714
2023-24,KJ Martin,1630231,4,26.0,10.0,1.6666666666666667,0.637,16.303666666666665
2023-24,KJ Martin,1630231,15,24.0,8.0,4.0,0.667,27.667
2023-24,KJ Martin,1630231,16,26.0,2.0,0.0,0.5,18.5
2023-24,KJ Martin,1630231,18,23.0,4.0,0.0,0.667,22.667
2023-24,Karl-Anthony Towns,1626157,-23,28.0,9.0,2.0,0.429,-11.571
2023-24,Karl-Anthony Towns,1626157,-19,35.0,19.0,2.0,0.4,2.3999999999999986
2023-24,Karl-Anthony Towns,1626157,-18,32.5,16.0,2.0,0.398,0.3979999999999997
2023-24,Karl-Anthony Towns,1626157,-14,31.666666666666668,19.333333333333332,2.6666666666666665,0.6613333333333333,8.661333333333332
2023-24,Karl-Anthony Towns,1626157,-12,32.0,17.0,1.0,0.455,6.454999999999998
2023-24,Karl-Anthony Towns,1626157,-11,29.0,16.0,1.0,0.5,6.5
2023-24,Karl-Anthony Towns,1626157,-8,36.333333333333336,20.666666666666668,2.6666666666666665,0.4746666666666666,15.808000000000003
2023-24,Karl-Anthony Towns,1626157,-6,32.0,25.5,2.0,0.65,22.15
2023-24,Karl-Anthony Towns,1626157,-5,35.5,16.0,4.5,0.38549999999999995,15.8855
2023-24,Karl-Anthony Towns,1626157,-4,27.0,11.0,8.0,0.364,15.364
2023-24,Karl-Anthony Towns,1626157,-3,31.0,18.0,2.0,0.5,17.5
2023-24,Karl-Anthony Towns,1626157,-2,34.0,22.0,3.0,0.409,23.409
2023-24,Karl-Anthony Towns,1626157,-1,32.0,16.5,2.5,0.3685,18.3685
2023-24,Karl-Anthony Towns,1626157,0,37.0,62.0,2.0,0.6,64.6
2023-24,Karl-Anthony Towns,1626157,1,32.25,23.75,2.75,0.46325,27.96325
2023-24,Karl-Anthony Towns,1626157,5,31.0,29.0,3.0,0.556,37.556
2023-24,Karl-Anthony Towns,1626157,6,31.0,12.0,2.0,0.417,20.417
2023-24,Karl-Anthony Towns,1626157,7,27.5,22.5,3.0,0.612,33.111999999999995
2023-24,Karl-Anthony Towns,1626157,8,38.666666666666664,25.666666666666668,3.3333333333333335,0.5016666666666666,37.501666666666665
2023-24,Karl-Anthony Towns,1626157,9,35.333333333333336,24.666666666666668,5.0,0.613,39.27966666666667
2023-24,Karl-Anthony Towns,1626157,11,33.0,21.333333333333332,3.6666666666666665,0.5376666666666666,36.53766666666667
2023-24,Karl-Anthony Towns,1626157,12,31.8,20.4,3.4,0.5034,36.303399999999996
2023-24,Karl-Anthony Towns,1626157,14,31.75,19.25,4.75,0.493,38.492999999999995
2023-24,Karl-Anthony Towns,1626157,17,28.0,24.0,4.0,0.5835,45.5835
2023-24,Karl-Anthony Towns,1626157,18,35.0,31.5,3.5,0.5369999999999999,53.537
2023-24,Karl-Anthony Towns,1626157,20,36.0,28.0,4.0,0.471,52.471
2023-24,Karl-Anthony Towns,1626157,21,29.0,19.0,1.0,0.467,41.467
2023-24,Karl-Anthony Towns,1626157,22,29.5,22.0,2.5,0.4915,46.9915
2023-24,Karl-Anthony Towns,1626157,24,32.0,25.0,1.0,0.5,50.5
2023-24,Karl-Anthony Towns,1626157,26,30.5,20.5,1.5,0.3955,48.3955
2023-24,Karl-Anthony Towns,1626157,28,33.0,28.0,5.0,0.579,61.579
2023-24,Karl-Anthony Towns,1626157,38,27.0,23.0,1.0,0.875,62.875
2023-24,Kawhi Leonard,202695,-18,36.0,14.0,3.0,0.375,-0.625
2023-24,Kawhi Leonard,202695,-17,30.0,20.0,2.0,0.75,5.75
2023-24,Kawhi Leonard,202695,-15,33.333333333333336,22.0,2.0,0.4709999999999999,9.471
2023-24,Kawhi Leonard,202695,-13,37.0,26.0,4.0,0.474,17.474
2023-24,Kawhi Leonard,202695,-12,33.0,19.0,3.0,0.4445,10.444500000000001
2023-24,Kawhi Leonard,202695,-11,35.5,23.5,2.5,0.43100000000000005,15.431000000000001
2023-24,Kawhi Leonard,202695,-10,38.0,26.0,3.0,0.611,19.611
2023-24,Kawhi Leonard,202695,-9,36.0,30.0,3.0,0.52,24.520000000000003
2023-24,Kawhi Leonard,202695,-8,33.0,21.5,4.5,0.5165,18.5165
2023-24,Kawhi Leonard,202695,-6,34.0,25.0,4.0,0.5,23.5
2023-24,Kawhi Leonard,202695,-5,38.0,30.0,5.0,0.47050000000000003,30.4705
2023-24,Kawhi Leonard,202695,-2,37.0,26.0,5.0,0.5834999999999999,29.5835
2023-24,Kawhi Leonard,202695,-1,35.0,23.5,2.5,0.5005,25.5005
2023-24,Kawhi Leonard,202695,0,37.333333333333336,18.0,3.0,0.40199999999999997,21.402
2023-24,Kawhi Leonard,202695,2,35.0,23.5,2.5,0.459,28.459
2023-24,Kawhi Leonard,202695,3,35.0,17.0,2.0,0.438,22.438
2023-24,Kawhi Leonard,202695,4,37.666666666666664,24.0,3.6666666666666665,0.47400000000000003,32.14066666666667
2023-24,Kawhi Leonard,202695,5,36.333333333333336,23.0,3.3333333333333335,0.4883333333333333,31.821666666666665
2023-24,Kawhi Leonard,202695,6,29.0,19.0,2.0,0.467,27.467
2023-24,Kawhi Leonard,202695,7,37.0,30.0,5.0,0.545,42.545
2023-24,Kawhi Leonard,202695,8,37.0,26.666666666666668,5.333333333333333,0.5896666666666667,40.589666666666666
2023-24,Kawhi Leonard,202695,9,37.5,26.5,6.0,0.533,42.033
2023-24,Kawhi Leonard,202695,11,31.6,21.8,2.8,0.5644,36.1644
2023-24,Kawhi Leonard,202695,12,29.0,27.0,4.0,0.45,43.45
2023-24,Kawhi Leonard,202695,13,38.0,34.0,5.0,0.579,52.579
2023-24,Kawhi Leonard,202695,15,34.666666666666664,27.333333333333332,6.0,0.6126666666666667,48.946
2023-24,Kawhi Leonard,202695,17,28.5,21.5,3.0,0.5355,42.0355
2023-24,Kawhi Leonard,202695,18,34.25,27.0,3.25,0.522,48.772
2023-24,Kawhi Leonard,202695,19,36.0,16.0,6.0,0.6,41.6
2023-24,Kawhi Leonard,202695,20,36.0,34.0,3.0,0.778,57.778
2023-24,Kawhi Leonard,202695,21,32.0,29.0,3.0,0.746,53.746
2023-24,Kawhi Leonard,202695,23,29.0,31.0,4.0,0.56,58.56
2023-24,Kawhi Leonard,202695,24,29.666666666666668,17.666666666666668,4.0,0.385,46.05166666666667
2023-24,Kawhi Leonard,202695,25,28.0,23.0,6.0,0.529,54.528999999999996
2023-24,Kawhi Leonard,202695,27,27.5,27.0,1.5,0.667,56.167
2023-24,Keegan Murray,1631099,-31,26.0,8.0,0.0,0.222,-22.778
2023-24,Keegan Murray,1631099,-23,28.5,15.5,0.0,0.47750000000000004,-7.022500000000001
2023-24,Keegan Murray,1631099,-22,33.0,21.0,0.0,0.529,-0.4710000000000001
2023-24,Keegan Murray,1631099,-21,30.0,16.5,1.0,0.5325,-2.967500000000001
2023-24,Keegan Murray,1631099,-20,33.0,17.0,1.0,0.545,-1.4549999999999983
2023-24,Keegan Murray,1631099,-18,28.0,11.0,1.5,0.4495,-5.0504999999999995
2023-24,Keegan Murray,1631099,-17,33.0,10.0,2.0,0.375,-4.625
2023-24,Keegan Murray,1631099,-16,23.0,8.0,1.0,0.3,-6.699999999999999
2023-24,Keegan Murray,1631099,-11,39.0,16.0,1.0,0.375,6.375
2023-24,Keegan Murray,1631099,-10,32.0,7.666666666666667,1.0,0.31066666666666665,-1.022666666666666
2023-24,Keegan Murray,1631099,-9,35.0,18.5,2.0,0.506,12.006
2023-24,Keegan Murray,1631099,-8,35.6,14.0,1.2,0.3702,7.5702
2023-24,Keegan Murray,1631099,-7,45.0,28.0,1.0,0.619,22.619
2023-24,Keegan Murray,1631099,-6,34.0,15.5,1.25,0.4165,11.1665
2023-24,Keegan Murray,1631099,-4,25.5,3.5,3.5,0.1875,3.1875
2023-24,Keegan Murray,1631099,-3,33.8,13.6,1.0,0.3998,11.9998
2023-24,Keegan Murray,1631099,-2,42.0,23.0,0.0,0.474,21.474
2023-24,Keegan Murray,1631099,-1,29.0,13.0,0.0,0.462,12.462
2023-24,Keegan Murray,1631099,0,33.0,6.0,1.0,0.333,7.333
2023-24,Keegan Murray,1631099,3,36.666666666666664,15.0,1.6666666666666667,0.437,20.10366666666667
2023-24,Keegan Murray,1631099,4,38.5,24.0,2.0,0.526,30.526
2023-24,Keegan Murray,1631099,5,31.0,25.0,3.0,0.611,33.611000000000004
2023-24,Keegan Murray,1631099,8,31.5,11.0,2.5,0.32599999999999996,21.826
2023-24,Keegan Murray,1631099,9,26.0,17.0,2.0,0.545,28.545
2023-24,Keegan Murray,1631099,10,38.0,23.0,1.5,0.5745,35.0745
2023-24,Keegan Murray,1631099,11,37.0,14.0,1.0,0.417,26.417
2023-24,Keegan Murray,1631099,12,34.0,11.5,2.25,0.34975,26.09975
2023-24,Keegan Murray,1631099,13,32.2,10.2,3.0,0.3612,26.5612
2023-24,Keegan Murray,1631099,14,42.0,17.0,1.0,0.467,32.467
2023-24,Keegan Murray,1631099,17,33.0,24.0,3.0,0.692,44.692
2023-24,Keegan Murray,1631099,19,37.5,14.5,3.5,0.375,37.375
2023-24,Keegan Murray,1631099,20,35.0,22.0,4.0,0.459,46.459
2023-24,Keegan Murray,1631099,21,35.333333333333336,21.333333333333332,2.3333333333333335,0.6323333333333333,45.29899999999999
2023-24,Keegan Murray,1631099,23,37.0,11.0,1.0,0.364,35.364000000000004
2023-24,Keegan Murray,1631099,25,33.5,23.0,2.5,0.5855,51.085499999999996
2023-24,Keegan Murray,1631099,26,27.0,12.0,1.0,0.333,39.333
2023-24,Keegan Murray,1631099,32,34.0,32.0,2.0,0.765,66.765
2023-24,Keegan Murray,1631099,33,33.0,28.5,1.5,0.5565,63.5565
2023-24,Keita Bates-Diop,1628966,-6,29.0,11.0,0.0,0.364,5.364000000000001
2023-24,Keita Bates-Diop,1628966,-5,23.0,6.0,1.0,0.333,2.333
2023-24,Keita Bates-Diop,1628966,-4,26.0,6.0,2.0,0.333,4.333
2023-24,Keita Bates-Diop,1628966,-2,22.0,6.5,2.5,0.4165,7.416499999999999
2023-24,Keita Bates-Diop,1628966,0,27.0,9.0,2.0,0.273,11.273
2023-24,Keita Bates-Diop,1628966,8,23.0,6.0,1.0,0.4,15.4
2023-24,Keita Bates-Diop,1628966,19,31.0,7.0,3.0,0.5,29.5
2023-24,Keldon Johnson,1629640,-30,31.0,13.0,3.0,0.333,-13.667000000000002
2023-24,Keldon Johnson,1629640,-27,22.0,4.0,0.5,0.101,-22.399
2023-24,Keldon Johnson,1629640,-21,33.0,9.0,8.0,0.444,-3.556000000000001
2023-24,Keldon Johnson,1629640,-19,23.0,16.0,3.0,0.5,0.5
2023-24,Keldon Johnson,1629640,-18,36.0,12.0,2.0,0.214,-3.7859999999999996
2023-24,Keldon Johnson,1629640,-17,29.666666666666668,16.666666666666668,1.6666666666666667,0.537,1.8703333333333347
2023-24,Keldon Johnson,1629640,-16,30.0,10.0,2.0,0.429,-3.5709999999999997
2023-24,Keldon Johnson,1629640,-15,25.666666666666668,14.333333333333334,1.3333333333333333,0.45799999999999996,1.1246666666666663
2023-24,Keldon Johnson,1629640,-14,28.0,24.0,3.5,0.48950000000000005,13.9895
2023-24,Keldon Johnson,1629640,-13,29.333333333333332,15.0,2.0,0.566,4.565999999999999
2023-24,Keldon Johnson,1629640,-12,33.5,19.5,4.5,0.4065,12.406500000000001
2023-24,Keldon Johnson,1629640,-10,31.0,16.333333333333332,2.6666666666666665,0.455,9.454999999999998
2023-24,Keldon Johnson,1629640,-9,28.666666666666668,9.333333333333334,1.0,0.29233333333333333,1.6256666666666675
2023-24,Keldon Johnson,1629640,-8,24.666666666666668,12.333333333333334,1.6666666666666667,0.375,6.375
2023-24,Keldon Johnson,1629640,-7,33.5,15.5,4.0,0.558,13.058
2023-24,Keldon Johnson,1629640,-5,33.0,23.0,2.0,0.6375,20.6375
2023-24,Keldon Johnson,1629640,-4,29.666666666666668,12.333333333333334,1.6666666666666667,0.336,10.336
2023-24,Keldon Johnson,1629640,-3,30.0,23.0,3.0,0.5665,23.5665
2023-24,Keldon Johnson,1629640,-2,34.0,20.0,4.0,0.49149999999999994,22.4915
2023-24,Keldon Johnson,1629640,-1,30.5,24.0,4.0,0.552,27.552
2023-24,Keldon Johnson,1629640,0,31.333333333333332,15.333333333333334,5.0,0.42700000000000005,20.760333333333335
2023-24,Keldon Johnson,1629640,1,32.0,19.5,4.75,0.5335,25.7835
2023-24,Keldon Johnson,1629640,4,27.0,15.666666666666666,2.3333333333333335,0.4026666666666667,22.402666666666665
2023-24,Keldon Johnson,1629640,5,28.666666666666668,17.666666666666668,2.3333333333333335,0.4996666666666667,25.499666666666666
2023-24,Keldon Johnson,1629640,6,29.5,23.0,4.5,0.519,34.019
2023-24,Keldon Johnson,1629640,7,32.5,17.0,3.5,0.369,27.869
2023-24,Keldon Johnson,1629640,8,30.0,15.5,2.5,0.44999999999999996,26.45
2023-24,Keldon Johnson,1629640,11,35.0,7.0,6.0,0.273,24.273
2023-24,Keldon Johnson,1629640,12,24.0,17.0,3.0,0.5,32.5
2023-24,Keldon Johnson,1629640,14,33.0,24.0,0.0,0.667,38.667
2023-24,Keldon Johnson,1629640,23,34.0,17.0,4.0,0.5,44.5
2023-24,Keldon Johnson,1629640,27,28.0,12.0,6.0,0.5,45.5
2023-24,Kelly Olynyk,203482,-21,27.0,16.0,5.0,0.778,0.7779999999999987
2023-24,Kelly Olynyk,203482,-20,24.0,15.0,5.0,0.5780000000000001,0.5779999999999994
2023-24,Kelly Olynyk,203482,-19,20.666666666666668,5.666666666666667,2.0,0.3666666666666667,-10.966666666666667
2023-24,Kelly Olynyk,203482,-18,28.0,10.666666666666666,7.0,0.5806666666666667,0.24733333333333007
2023-24,Kelly Olynyk,203482,-17,28.5,13.0,4.5,0.512,1.0120000000000005
2023-24,Kelly Olynyk,203482,-16,20.0,1.0,3.0,0.0,-12.0
2023-24,Kelly Olynyk,203482,-14,28.0,15.0,7.0,0.444,8.443999999999999
2023-24,Kelly Olynyk,203482,-13,26.666666666666668,10.0,4.666666666666667,0.38533333333333336,2.0520000000000014
2023-24,Kelly Olynyk,203482,-11,25.0,11.0,3.0,0.625,3.625
2023-24,Kelly Olynyk,203482,-9,29.0,10.0,9.0,0.444,10.443999999999999
2023-24,Kelly Olynyk,203482,-8,28.333333333333332,15.0,7.0,0.8136666666666666,14.813666666666666
2023-24,Kelly Olynyk,203482,-6,26.0,10.0,3.0,0.417,7.417
2023-24,Kelly Olynyk,203482,-5,28.0,16.0,3.0,0.5,14.5
2023-24,Kelly Olynyk,203482,-4,27.666666666666668,16.333333333333332,5.0,0.597,17.930333333333333
2023-24,Kelly Olynyk,203482,-3,28.0,24.0,1.0,0.692,22.692
2023-24,Kelly Olynyk,203482,-2,26.0,14.0,8.5,0.7155,21.2155
2023-24,Kelly Olynyk,203482,-1,26.666666666666668,8.333333333333334,5.333333333333333,0.365,13.031666666666668
2023-24,Kelly Olynyk,203482,0,23.0,7.0,5.0,0.5,12.5
2023-24,Kelly Olynyk,203482,2,20.0,6.0,5.0,0.25,13.25
2023-24,Kelly Olynyk,203482,3,32.0,14.0,10.0,0.364,27.364
2023-24,Kelly Olynyk,203482,5,20.0,6.0,2.0,0.667,13.667
2023-24,Kelly Olynyk,203482,11,24.666666666666668,14.666666666666666,5.333333333333333,0.6113333333333334,31.611333333333334
2023-24,Kelly Olynyk,203482,13,21.0,19.0,2.0,0.727,34.727000000000004
2023-24,Kelly Olynyk,203482,14,21.0,11.0,5.0,0.571,30.571
2023-24,Kelly Olynyk,203482,17,34.0,21.0,5.0,0.667,43.667
2023-24,Kelly Olynyk,203482,19,32.0,12.0,2.0,0.5,33.5
2023-24,Kelly Olynyk,203482,24,21.0,8.0,6.0,0.4,38.4
2023-24,Kelly Olynyk,203482,27,24.0,2.0,7.0,0.167,36.167
2023-24,Kelly Olynyk,203482,38,25.0,14.0,5.0,0.714,57.714
2023-24,Kelly Oubre Jr.,1626162,-21,29.0,12.0,2.0,0.333,-6.667
2023-24,Kelly Oubre Jr.,1626162,-20,30.0,15.0,1.0,0.5,-3.5
2023-24,Kelly Oubre Jr.,1626162,-19,29.0,19.0,1.0,0.467,1.4669999999999987
2023-24,Kelly Oubre Jr.,1626162,-18,31.0,25.0,1.0,0.55,8.55
2023-24,Kelly Oubre Jr.,1626162,-17,31.0,19.0,0.0,0.412,2.411999999999999
2023-24,Kelly Oubre Jr.,1626162,-15,29.0,13.0,0.0,0.4165,-1.5835000000000008
2023-24,Kelly Oubre Jr.,1626162,-14,21.0,4.0,2.0,0.4,-7.6
2023-24,Kelly Oubre Jr.,1626162,-12,29.5,13.5,1.0,0.382,2.8819999999999997
2023-24,Kelly Oubre Jr.,1626162,-11,24.333333333333332,10.333333333333334,0.6666666666666666,0.26033333333333336,0.2603333333333335
2023-24,Kelly Oubre Jr.,1626162,-10,29.0,15.5,0.5,0.2665,6.266500000000001
2023-24,Kelly Oubre Jr.,1626162,-9,25.0,21.0,4.0,0.412,16.412
2023-24,Kelly Oubre Jr.,1626162,-8,34.0,13.666666666666666,2.6666666666666665,0.38866666666666666,8.721999999999998
2023-24,Kelly Oubre Jr.,1626162,-7,29.0,7.0,0.0,0.5,0.5
2023-24,Kelly Oubre Jr.,1626162,-6,27.333333333333332,8.0,2.0,0.239,4.239000000000001
2023-24,Kelly Oubre Jr.,1626162,-5,25.0,6.5,0.0,0.393,1.8929999999999998
2023-24,Kelly Oubre Jr.,1626162,-4,31.75,14.25,1.5,0.387,12.137
2023-24,Kelly Oubre Jr.,1626162,-3,28.0,11.0,0.0,0.43933333333333335,8.439333333333334
2023-24,Kelly Oubre Jr.,1626162,-2,39.0,28.0,1.0,0.421,27.421
2023-24,Kelly Oubre Jr.,1626162,-1,32.0,14.0,1.0,0.3645,14.3645
2023-24,Kelly Oubre Jr.,1626162,1,36.0,20.333333333333332,3.3333333333333335,0.4776666666666667,25.144333333333332
2023-24,Kelly Oubre Jr.,1626162,2,26.0,14.0,1.0,0.545,17.545
2023-24,Kelly Oubre Jr.,1626162,3,34.5,19.5,2.1666666666666665,0.47266666666666673,25.139333333333333
2023-24,Kelly Oubre Jr.,1626162,4,32.5,18.5,1.5,0.5625,24.5625
2023-24,Kelly Oubre Jr.,1626162,6,23.0,8.0,0.0,0.3,14.3
2023-24,Kelly Oubre Jr.,1626162,7,33.5,16.0,1.0,0.5235,24.5235
2023-24,Kelly Oubre Jr.,1626162,8,29.25,19.25,2.0,0.48625,29.73625
2023-24,Kelly Oubre Jr.,1626162,9,26.0,17.0,5.0,0.5,31.5
2023-24,Kelly Oubre Jr.,1626162,10,34.0,23.0,2.5,0.496,35.995999999999995
2023-24,Kelly Oubre Jr.,1626162,11,37.0,20.5,2.0,0.509,34.009
2023-24,Kelly Oubre Jr.,1626162,14,32.0,27.0,0.0,0.818,41.818
2023-24,Kelly Oubre Jr.,1626162,16,28.0,4.0,1.0,0.143,21.143
2023-24,Kelly Oubre Jr.,1626162,18,22.0,17.0,1.0,0.778,36.778
2023-24,Kelly Oubre Jr.,1626162,25,36.0,32.0,3.0,0.5,60.5
2023-24,Kelly Oubre Jr.,1626162,27,20.0,12.0,0.0,0.5,39.5
2023-24,Kelly Oubre Jr.,1626162,28,26.0,16.0,3.0,0.625,47.625
2023-24,Kenneth Lofton Jr.,1631254,1,35.0,27.0,8.0,0.625,36.625
2023-24,Kenneth Lofton Jr.,1631254,5,27.0,14.0,5.0,0.714,24.714
2023-24,Kenrich Williams,1629026,-22,25.0,7.0,0.0,0.333,-14.667
2023-24,Kenrich Williams,1629026,-10,25.0,18.0,3.0,1.0,12.0
2023-24,Kenrich Williams,1629026,-1,26.0,7.0,2.0,0.429,8.429
2023-24,Kenrich Williams,1629026,1,22.0,11.0,5.0,0.667,17.667
2023-24,Kenrich Williams,1629026,3,20.0,3.0,1.0,1.0,8.0
2023-24,Kenrich Williams,1629026,7,22.0,1.0,1.0,0.0,9.0
2023-24,Kenrich Williams,1629026,8,23.0,12.0,2.0,0.714,22.714
2023-24,Kenrich Williams,1629026,9,20.0,9.0,7.0,0.444,25.444
2023-24,Kenrich Williams,1629026,10,23.0,13.0,2.0,0.833,25.833
2023-24,Kenrich Williams,1629026,16,25.0,5.0,1.0,0.5,22.5
2023-24,Kentavious Caldwell-Pope,203484,-21,22.0,5.0,0.0,0.333,-15.667
2023-24,Kentavious Caldwell-Pope,203484,-20,27.0,9.0,0.5,0.472,-10.028
2023-24,Kentavious Caldwell-Pope,203484,-18,38.0,11.0,3.0,0.667,-3.333
2023-24,Kentavious Caldwell-Pope,203484,-16,26.0,11.0,1.0,0.7164999999999999,-3.2835
2023-24,Kentavious Caldwell-Pope,203484,-15,27.0,0.0,2.0,0.0,-13.0
2023-24,Kentavious Caldwell-Pope,203484,-13,30.0,9.0,2.0,0.222,-1.7780000000000005
2023-24,Kentavious Caldwell-Pope,203484,-7,33.5,12.5,2.0,0.4,7.9
2023-24,Kentavious Caldwell-Pope,203484,-5,32.0,12.0,0.5,0.5,8.0
2023-24,Kentavious Caldwell-Pope,203484,-3,32.666666666666664,12.0,1.6666666666666667,0.504,11.170666666666666
2023-24,Kentavious Caldwell-Pope,203484,-2,26.0,9.0,1.0,0.444,8.444
2023-24,Kentavious Caldwell-Pope,203484,0,36.0,5.0,1.0,0.333,6.333
2023-24,Kentavious Caldwell-Pope,203484,1,30.0,13.0,2.0,0.625,16.625
2023-24,Kentavious Caldwell-Pope,203484,2,29.0,6.0,2.3333333333333335,0.31466666666666665,10.648
2023-24,Kentavious Caldwell-Pope,203484,3,35.0,11.0,3.0,0.421,17.421
2023-24,Kentavious Caldwell-Pope,203484,4,31.333333333333332,6.666666666666667,5.0,0.44300000000000006,16.10966666666667
2023-24,Kentavious Caldwell-Pope,203484,5,33.0,6.5,4.0,0.271,15.771
2023-24,Kentavious Caldwell-Pope,203484,6,34.0,11.0,3.5,0.5035,21.003500000000003
2023-24,Kentavious Caldwell-Pope,203484,7,32.333333333333336,10.666666666666666,1.3333333333333333,0.389,19.389
2023-24,Kentavious Caldwell-Pope,203484,8,37.0,9.0,1.0,0.5,18.5
2023-24,Kentavious Caldwell-Pope,203484,9,35.333333333333336,12.0,3.0,0.41300000000000003,24.413
2023-24,Kentavious Caldwell-Pope,203484,10,35.0,16.0,2.0,0.522,28.522
2023-24,Kentavious Caldwell-Pope,203484,11,33.2,8.6,2.2,0.4812,22.2812
2023-24,Kentavious Caldwell-Pope,203484,12,36.0,18.0,0.0,0.6,30.6
2023-24,Kentavious Caldwell-Pope,203484,13,35.5,10.5,3.0,0.3375,26.8375
2023-24,Kentavious Caldwell-Pope,203484,15,32.833333333333336,9.666666666666666,2.8333333333333335,0.4286666666666667,27.928666666666665
2023-24,Kentavious Caldwell-Pope,203484,17,26.0,9.0,2.0,0.667,28.667
2023-24,Kentavious Caldwell-Pope,203484,18,29.0,6.0,4.0,0.6,28.6
2023-24,Kentavious Caldwell-Pope,203484,19,35.0,13.0,3.0,0.556,35.556
2023-24,Kentavious Caldwell-Pope,203484,21,29.75,12.5,2.0,0.55425,36.054249999999996
2023-24,Kentavious Caldwell-Pope,203484,22,33.0,16.0,2.0,0.5,40.5
2023-24,Kentavious Caldwell-Pope,203484,23,28.0,13.0,5.0,0.6665,41.6665
2023-24,Kentavious Caldwell-Pope,203484,24,36.0,6.0,3.0,0.4,33.4
2023-24,Kentavious Caldwell-Pope,203484,27,25.0,12.0,3.0,0.5,42.5
2023-24,Kentavious Caldwell-Pope,203484,28,29.0,5.0,4.0,0.333,37.333
2023-24,Kentavious Caldwell-Pope,203484,29,29.0,10.0,2.0,0.5,41.5
2023-24,Kentavious Caldwell-Pope,203484,35,34.0,22.0,4.0,0.7,61.7
2023-24,Kentavious Caldwell-Pope,203484,38,28.0,16.0,4.0,0.6,58.6
2023-24,Keon Ellis,1631165,-24,28.0,10.0,2.0,0.8,-11.2
2023-24,Keon Ellis,1631165,-21,30.0,11.0,4.0,0.5,-5.5
2023-24,Keon Ellis,1631165,-13,32.0,17.0,1.0,0.636,5.635999999999999
2023-24,Keon Ellis,1631165,-5,23.0,5.0,0.0,0.4,0.40000000000000036
2023-24,Keon Ellis,1631165,-4,28.333333333333332,11.666666666666666,1.6666666666666667,0.454,9.787333333333333
2023-24,Keon Ellis,1631165,-1,20.0,2.0,0.0,0.333,1.3330000000000002
2023-24,Keon Ellis,1631165,0,38.0,16.0,1.0,0.417,17.417
2023-24,Keon Ellis,1631165,4,30.0,8.0,2.0,0.25,14.25
2023-24,Keon Ellis,1631165,6,28.0,14.0,0.0,0.625,20.625
2023-24,Keon Ellis,1631165,8,23.0,5.0,1.0,0.4,14.4
2023-24,Keon Ellis,1631165,9,27.0,17.0,3.0,0.75,29.75
2023-24,Keon Ellis,1631165,11,21.0,3.0,1.0,0.0,15.0
2023-24,Keon Ellis,1631165,13,33.0,5.0,3.0,0.5,21.5
2023-24,Keon Ellis,1631165,18,36.0,19.0,6.0,0.583,43.583
2023-24,Keon Ellis,1631165,23,26.0,2.0,7.0,0.0,32.0
2023-24,Keon Ellis,1631165,27,27.0,7.0,2.0,0.75,36.75
2023-24,Keon Ellis,1631165,28,26.0,5.5,2.5,0.2915,36.2915
2023-24,Keon Ellis,1631165,30,24.0,13.0,2.0,0.444,45.444
2023-24,Keon Johnson,1630553,-18,20.0,12.0,1.0,0.375,-4.625
2023-24,Kevin Durant,201142,-25,37.0,15.0,5.0,0.583,-4.417000000000002
2023-24,Kevin Durant,201142,-17,35.0,24.0,1.0,0.5705,8.5705
2023-24,Kevin Durant,201142,-15,30.0,26.0,1.0,0.588,12.588000000000001
2023-24,Kevin Durant,201142,-14,35.666666666666664,26.333333333333332,2.0,0.5316666666666666,14.864999999999998
2023-24,Kevin Durant,201142,-13,36.0,29.5,3.5,0.4195,20.4195
2023-24,Kevin Durant,201142,-12,38.0,23.0,6.0,0.364,17.364
2023-24,Kevin Durant,201142,-11,41.0,11.0,4.0,0.4,4.4
2023-24,Kevin Durant,201142,-9,37.0,20.0,4.5,0.5,16.0
2023-24,Kevin Durant,201142,-8,33.0,38.0,9.0,0.682,39.682
2023-24,Kevin Durant,201142,-7,35.5,26.0,5.5,0.477,24.977
2023-24,Kevin Durant,201142,-6,36.0,30.0,11.0,0.32,35.32
2023-24,Kevin Durant,201142,-5,40.5,23.0,4.5,0.498,22.998
2023-24,Kevin Durant,201142,-4,39.666666666666664,26.0,2.6666666666666665,0.4656666666666667,25.132333333333335
2023-24,Kevin Durant,201142,-2,35.5,20.5,5.0,0.3955,23.8955
2023-24,Kevin Durant,201142,-1,36.666666666666664,36.666666666666664,6.666666666666667,0.5473333333333333,42.88066666666666
2023-24,Kevin Durant,201142,0,37.0,21.8,4.4,0.4102,26.610200000000003
2023-24,Kevin Durant,201142,1,35.0,22.0,4.0,0.556,27.556
2023-24,Kevin Durant,201142,2,39.0,23.0,6.5,0.38549999999999995,31.8855
2023-24,Kevin Durant,201142,3,38.5,34.5,7.5,0.5660000000000001,45.566
2023-24,Kevin Durant,201142,4,46.0,39.0,10.0,0.519,53.519
2023-24,Kevin Durant,201142,5,37.5,28.5,6.25,0.52475,40.27475
2023-24,Kevin Durant,201142,6,39.5,25.5,5.5,0.6194999999999999,37.6195
2023-24,Kevin Durant,201142,7,40.0,40.0,2.0,0.72,49.72
2023-24,Kevin Durant,201142,8,36.125,32.625,3.625,0.563875,44.813875
2023-24,Kevin Durant,201142,9,38.0,31.0,5.0,0.571,45.571
2023-24,Kevin Durant,201142,10,38.0,21.0,11.0,0.727,42.727
2023-24,Kevin Durant,201142,11,36.5,31.0,5.0,0.5825,47.5825
2023-24,Kevin Durant,201142,13,39.5,28.5,4.5,0.453,46.453
2023-24,Kevin Durant,201142,14,43.0,35.0,5.0,0.412,54.412
2023-24,Kevin Durant,201142,15,32.0,18.0,5.0,0.583,38.583
2023-24,Kevin Durant,201142,17,38.0,29.0,11.5,0.586,58.086
2023-24,Kevin Durant,201142,18,32.5,28.5,2.5,0.639,49.638999999999996
2023-24,Kevin Durant,201142,19,37.0,12.0,7.0,0.4,38.4
2023-24,Kevin Durant,201142,20,37.0,32.0,8.5,0.622,61.122
2023-24,Kevin Durant,201142,22,34.0,22.0,6.0,0.643,50.643
2023-24,Kevin Durant,201142,23,29.0,25.0,6.0,0.615,54.614999999999995
2023-24,Kevin Durant,201142,25,35.0,26.0,2.0,0.579,53.579
2023-24,Kevin Durant,201142,27,35.0,31.0,6.0,0.733,64.733
2023-24,Kevin Durant,201142,30,33.0,20.5,4.0,0.578,55.078
2023-24,Kevin Durant,201142,31,31.0,25.0,4.0,0.75,60.75
2023-24,Kevin Huerter,1628989,-26,25.0,13.0,2.0,0.5,-10.5
2023-24,Kevin Huerter,1628989,-25,22.0,10.0,3.0,0.4,-11.6
2023-24,Kevin Huerter,1628989,-13,31.0,10.0,4.0,0.444,1.4440000000000008
2023-24,Kevin Huerter,1628989,-10,26.5,10.0,1.5,0.3975,1.8975000000000009
2023-24,Kevin Huerter,1628989,-8,23.0,10.0,1.0,0.667,3.667
2023-24,Kevin Huerter,1628989,-7,26.0,8.0,2.0,0.2,3.1999999999999993
2023-24,Kevin Huerter,1628989,-4,29.0,16.0,2.0,0.6,14.600000000000001
2023-24,Kevin Huerter,1628989,-3,29.0,18.666666666666668,3.3333333333333335,0.5823333333333333,19.582333333333334
2023-24,Kevin Huerter,1628989,-1,31.25,11.75,2.5,0.43025,13.680250000000001
2023-24,Kevin Huerter,1628989,2,28.666666666666668,13.0,3.3333333333333335,0.4098333333333333,18.743166666666667
2023-24,Kevin Huerter,1628989,3,25.0,7.5,3.5,0.429,14.429
2023-24,Kevin Huerter,1628989,4,34.0,22.0,4.0,0.675,30.675
2023-24,Kevin Huerter,1628989,5,26.333333333333332,13.333333333333334,3.3333333333333335,0.462,22.128666666666668
2023-24,Kevin Huerter,1628989,6,23.0,7.0,2.0,0.333,15.333
2023-24,Kevin Huerter,1628989,7,25.0,6.0,3.0,0.429,16.429000000000002
2023-24,Kevin Huerter,1628989,8,30.0,18.333333333333332,2.6666666666666665,0.5263333333333333,29.526333333333334
2023-24,Kevin Huerter,1628989,11,34.666666666666664,13.666666666666666,3.0,0.43333333333333335,28.099999999999998
2023-24,Kevin Huerter,1628989,14,23.0,11.0,2.0,0.5,27.5
2023-24,Kevin Huerter,1628989,15,26.0,16.5,2.5,0.619,34.619
2023-24,Kevin Huerter,1628989,16,29.0,4.0,5.0,0.182,25.182000000000002
2023-24,Kevin Huerter,1628989,17,24.0,10.0,3.0,0.5,30.5
2023-24,Kevin Huerter,1628989,21,37.0,28.0,7.0,0.625,56.625
2023-24,Kevin Huerter,1628989,22,27.0,13.0,5.0,0.556,40.556
2023-24,Kevin Huerter,1628989,23,25.0,11.0,3.0,0.4,37.4
2023-24,Kevin Huerter,1628989,26,24.0,11.0,5.0,0.667,42.667
2023-24,Kevin Knox II,1628995,-22,26.0,6.0,0.0,0.182,-15.818
2023-24,Kevin Knox II,1628995,-17,23.0,12.0,0.0,0.455,-4.545
2023-24,Kevin Knox II,1628995,-13,20.0,8.5,1.5,0.5835,-2.416499999999999
2023-24,Kevin Knox II,1628995,-11,24.0,14.0,0.0,0.833,3.833
2023-24,Kevin Knox II,1628995,-6,25.5,15.0,2.0,0.5815,11.581499999999998
2023-24,Kevin Knox II,1628995,-5,23.0,11.0,0.0,0.571,6.571
2023-24,Kevin Knox II,1628995,-3,24.0,18.0,1.0,0.875,16.875
2023-24,Kevin Knox II,1628995,-1,35.0,19.0,2.0,0.778,20.778
2023-24,Kevin Knox II,1628995,1,30.0,17.0,2.0,0.5,20.5
2023-24,Kevin Knox II,1628995,7,32.0,5.0,1.0,0.143,13.143
2023-24,Kevin Knox II,1628995,15,30.0,11.0,1.0,0.5,27.5
2023-24,Kevin Love,201567,-4,25.0,6.0,4.0,0.182,6.182
2023-24,Kevin Love,201567,-3,20.0,20.0,2.0,0.667,19.667
2023-24,Kevin Love,201567,1,23.0,9.0,4.0,0.429,14.429
2023-24,Kevin Love,201567,5,23.25,15.25,3.25,0.517,24.017
2023-24,Kevin Love,201567,6,28.0,14.0,3.0,0.556,23.556
2023-24,Kevin Love,201567,8,21.0,19.0,1.0,0.636,28.636
2023-24,Kevin Love,201567,10,20.0,3.0,1.0,0.111,14.111
2023-24,Kevin Love,201567,11,27.0,10.0,3.0,0.571,24.570999999999998
2023-24,Kevin Love,201567,13,21.5,14.0,2.5,0.5895,30.0895
2023-24,Kevin Love,201567,19,26.0,22.0,1.0,0.667,42.667
2023-24,Kevon Looney,1626172,-11,27.0,7.0,1.0,0.5,-2.5
2023-24,Kevon Looney,1626172,-9,21.0,4.0,2.0,0.667,-2.333
2023-24,Kevon Looney,1626172,-7,26.0,9.0,1.0,1.0,4.0
2023-24,Kevon Looney,1626172,-6,29.0,10.0,4.0,1.0,9.0
2023-24,Kevon Looney,1626172,-3,23.0,4.0,3.0,0.5835,4.5835
2023-24,Kevon Looney,1626172,-2,22.0,7.0,3.0,0.75,8.75
2023-24,Kevon Looney,1626172,-1,34.0,6.0,5.0,0.5,10.5
2023-24,Kevon Looney,1626172,0,24.0,7.0,5.5,0.6605,13.1605
2023-24,Kevon Looney,1626172,2,26.0,4.5,3.0,0.375,9.875
2023-24,Kevon Looney,1626172,4,28.0,8.0,6.0,0.667,18.667
2023-24,Kevon Looney,1626172,5,26.666666666666668,5.666666666666667,1.3333333333333333,0.5,12.5
2023-24,Kevon Looney,1626172,6,26.0,4.0,3.0,0.4,13.4
2023-24,Kevon Looney,1626172,15,21.0,6.0,7.0,0.667,28.667
2023-24,Kevon Looney,1626172,19,22.0,8.5,0.5,0.6335,28.633499999999998
2023-24,Keyonte George,1641718,-48,31.0,7.0,11.0,0.182,-29.818
2023-24,Keyonte George,1641718,-32,29.0,5.0,4.0,0.2,-22.8
2023-24,Keyonte George,1641718,-30,31.0,15.0,5.0,0.308,-9.692
2023-24,Keyonte George,1641718,-26,30.5,23.5,4.5,0.537,2.536999999999999
2023-24,Keyonte George,1641718,-25,28.0,15.0,3.0,0.455,-6.545000000000002
2023-24,Keyonte George,1641718,-23,27.0,9.0,2.0,0.214,-11.786
2023-24,Keyonte George,1641718,-21,21.0,9.0,2.0,0.273,-9.727
2023-24,Keyonte George,1641718,-19,36.0,9.0,3.0,0.182,-6.818
2023-24,Keyonte George,1641718,-18,24.0,12.0,5.0,0.125,-0.875
2023-24,Keyonte George,1641718,-16,20.0,12.0,1.0,0.4,-2.5999999999999996
2023-24,Keyonte George,1641718,-15,25.666666666666668,7.666666666666667,4.333333333333333,0.42133333333333334,-2.578666666666667
2023-24,Keyonte George,1641718,-14,34.5,16.0,4.0,0.3095,6.3095
2023-24,Keyonte George,1641718,-13,25.0,11.0,3.5,0.22799999999999998,1.7279999999999998
2023-24,Keyonte George,1641718,-12,29.0,6.0,6.0,0.25,0.25
2023-24,Keyonte George,1641718,-11,31.0,9.5,6.5,0.293,5.292999999999999
2023-24,Keyonte George,1641718,-9,33.5,12.5,8.0,0.271,11.771
2023-24,Keyonte George,1641718,-8,35.0,21.5,5.0,0.4275,18.9275
2023-24,Keyonte George,1641718,-7,23.0,8.0,2.0,0.333,3.333
2023-24,Keyonte George,1641718,-6,24.0,17.0,2.0,0.47750000000000004,13.4775
2023-24,Keyonte George,1641718,-5,33.333333333333336,14.0,7.666666666666667,0.49100000000000005,17.157666666666668
2023-24,Keyonte George,1641718,-4,29.5,16.5,5.5,0.375,18.375
2023-24,Keyonte George,1641718,-2,32.333333333333336,21.333333333333332,5.333333333333333,0.4653333333333333,25.131999999999998
2023-24,Keyonte George,1641718,-1,30.666666666666668,14.666666666666666,4.333333333333333,0.39399999999999996,18.394
2023-24,Keyonte George,1641718,0,34.0,25.0,5.0,0.421,30.421
2023-24,Keyonte George,1641718,1,32.0,14.0,8.5,0.2895,23.7895
2023-24,Keyonte George,1641718,2,28.0,15.0,6.0,0.455,23.455
2023-24,Keyonte George,1641718,4,22.0,5.0,2.0,0.222,11.222000000000001
2023-24,Keyonte George,1641718,5,32.0,30.0,7.0,0.588,42.588
2023-24,Keyonte George,1641718,6,26.0,16.0,5.0,0.545,27.545
2023-24,Keyonte George,1641718,7,28.75,18.5,4.5,0.456,30.456
2023-24,Keyonte George,1641718,8,25.0,12.5,5.5,0.404,26.404
2023-24,Keyonte George,1641718,10,23.0,9.0,3.0,0.5,22.5
2023-24,Keyonte George,1641718,11,30.0,7.0,6.0,0.231,24.231
2023-24,Keyonte George,1641718,12,24.0,9.0,6.0,0.3,27.3
2023-24,Keyonte George,1641718,13,24.666666666666668,15.0,5.333333333333333,0.4796666666666667,33.813
2023-24,Keyonte George,1641718,14,27.0,21.0,2.0,0.6,37.6
2023-24,Keyonte George,1641718,16,24.0,19.0,2.0,0.538,37.538
2023-24,Keyonte George,1641718,38,28.0,14.0,3.0,0.375,55.375
2023-24,Khris Middleton,203114,-25,31.0,17.0,5.0,0.4,-2.6000000000000014
2023-24,Khris Middleton,203114,-19,35.0,14.0,8.0,0.313,3.312999999999999
2023-24,Khris Middleton,203114,-15,32.0,19.0,7.0,0.538,11.538
2023-24,Khris Middleton,203114,-14,30.0,24.0,6.0,0.474,16.474
2023-24,Khris Middleton,203114,-11,26.666666666666668,20.333333333333332,6.333333333333333,0.5986666666666666,16.26533333333333
2023-24,Khris Middleton,203114,-9,32.0,22.0,6.0,0.727,19.727
2023-24,Khris Middleton,203114,-8,27.666666666666668,14.666666666666666,4.666666666666667,0.43133333333333335,11.764666666666667
2023-24,Khris Middleton,203114,-6,28.0,12.0,7.0,0.286,13.286000000000001
2023-24,Khris Middleton,203114,-3,29.0,20.0,4.0,0.538,21.538
2023-24,Khris Middleton,203114,-2,30.333333333333332,16.0,7.0,0.512,21.512
2023-24,Khris Middleton,203114,0,33.0,13.666666666666666,6.0,0.535,20.201666666666664
2023-24,Khris Middleton,203114,2,29.0,14.0,3.0,0.6,19.6
2023-24,Khris Middleton,203114,5,31.0,24.0,8.0,0.6515,37.6515
2023-24,Khris Middleton,203114,7,32.2,16.2,6.0,0.46180000000000004,29.6618
2023-24,Khris Middleton,203114,9,28.333333333333332,21.666666666666668,4.0,0.581,35.24766666666667
2023-24,Khris Middleton,203114,10,27.0,11.0,10.0,0.455,31.455
2023-24,Khris Middleton,203114,11,27.0,14.0,5.0,0.47750000000000004,30.4775
2023-24,Khris Middleton,203114,12,27.0,13.333333333333334,5.666666666666667,0.5493333333333333,31.549333333333333
2023-24,Khris Middleton,203114,14,29.0,14.0,7.0,0.545,35.545
2023-24,Khris Middleton,203114,16,26.0,18.0,3.0,0.4485,37.448499999999996
2023-24,Khris Middleton,203114,17,32.0,20.0,5.0,0.563,42.563
2023-24,Khris Middleton,203114,20,23.0,17.0,2.0,0.538,39.538
2023-24,Khris Middleton,203114,23,23.0,18.0,7.0,0.5,48.5
2023-24,Khris Middleton,203114,24,38.0,13.0,8.0,0.333,45.333
2023-24,Khris Middleton,203114,25,20.0,5.0,7.0,0.222,37.222
2023-24,Killian Hayes,1630165,-28,21.0,5.0,2.0,0.167,-20.833
2023-24,Killian Hayes,1630165,-22,32.5,14.5,4.5,0.5680000000000001,-2.4319999999999986
2023-24,Killian Hayes,1630165,-15,28.5,7.0,7.0,0.307,-0.6929999999999996
2023-24,Killian Hayes,1630165,-14,22.0,4.0,2.0,0.333,-7.667
2023-24,Killian Hayes,1630165,-12,24.0,7.0,3.0,0.375,-1.625
2023-24,Killian Hayes,1630165,-11,31.0,4.0,12.0,0.25,5.25
2023-24,Killian Hayes,1630165,-10,25.0,2.0,6.0,0.2,-1.8000000000000007
2023-24,Killian Hayes,1630165,-9,38.0,23.0,6.0,0.471,20.471
2023-24,Killian Hayes,1630165,-7,28.5,5.5,5.5,0.2665,4.266500000000001
2023-24,Killian Hayes,1630165,-6,30.5,16.5,5.5,0.526,16.526
2023-24,Killian Hayes,1630165,-4,23.5,5.0,6.5,0.5,8.0
2023-24,Killian Hayes,1630165,-3,27.666666666666668,15.0,5.333333333333333,0.723,18.05633333333333
2023-24,Killian Hayes,1630165,-1,28.0,8.0,9.0,0.429,16.429
2023-24,Killian Hayes,1630165,1,30.5,8.0,4.5,0.354,13.854
2023-24,Killian Hayes,1630165,4,26.0,6.0,8.0,0.667,18.667
2023-24,Killian Hayes,1630165,6,25.0,0.0,1.0,0.0,7.0
2023-24,Killian Hayes,1630165,7,27.0,9.5,3.5,0.47250000000000003,20.4725
2023-24,Killian Hayes,1630165,8,21.0,7.0,8.0,0.333,23.333
2023-24,Killian Hayes,1630165,10,38.0,10.0,9.0,0.5,29.5
2023-24,Killian Hayes,1630165,12,22.0,8.0,5.0,0.375,25.375
2023-24,Kira Lewis Jr.,1630184,-20,27.0,13.0,3.0,0.5,-3.5
2023-24,Kira Lewis Jr.,1630184,-11,25.0,12.0,4.0,0.444,5.443999999999999
2023-24,Klay Thompson,202691,-26,25.0,13.0,5.0,0.364,-7.635999999999999
2023-24,Klay Thompson,202691,-24,24.0,23.0,1.0,0.471,0.4710000000000001
2023-24,Klay Thompson,202691,-22,34.0,9.0,3.0,0.4,-9.6
2023-24,Klay Thompson,202691,-17,24.0,13.0,2.0,0.5,-1.5
2023-24,Klay Thompson,202691,-16,28.0,25.0,3.0,0.667,12.667000000000002
2023-24,Klay Thompson,202691,-13,28.0,13.0,0.3333333333333333,0.34099999999999997,0.6743333333333332
2023-24,Klay Thompson,202691,-12,31.5,22.5,3.5,0.4785,14.4785
2023-24,Klay Thompson,202691,-11,27.0,25.0,2.0,0.429,16.429
2023-24,Klay Thompson,202691,-10,35.0,10.0,2.0,0.211,2.2110000000000003
2023-24,Klay Thompson,202691,-9,35.0,24.0,3.0,0.5,18.5
2023-24,Klay Thompson,202691,-8,35.0,21.0,3.0,0.304,16.304
2023-24,Klay Thompson,202691,-7,28.0,13.4,1.4,0.2942,8.0942
2023-24,Klay Thompson,202691,-6,29.5,13.5,1.5,0.3155,9.3155
2023-24,Klay Thompson,202691,-5,32.0,24.0,1.5,0.5585,21.0585
2023-24,Klay Thompson,202691,-4,28.0,14.0,2.0,0.357,12.357
2023-24,Klay Thompson,202691,-3,28.0,12.666666666666666,2.3333333333333335,0.341,12.341
2023-24,Klay Thompson,202691,-2,29.333333333333332,11.0,1.3333333333333333,0.311,10.644333333333334
2023-24,Klay Thompson,202691,-1,30.0,12.0,2.0,0.40049999999999997,13.4005
2023-24,Klay Thompson,202691,0,31.333333333333332,16.333333333333332,1.3333333333333333,0.4566666666666667,18.12333333333333
2023-24,Klay Thompson,202691,1,28.666666666666668,23.0,2.6666666666666665,0.5596666666666666,27.226333333333333
2023-24,Klay Thompson,202691,2,29.8,18.0,2.2,0.3816,22.581599999999998
2023-24,Klay Thompson,202691,4,30.0,16.166666666666668,2.8333333333333335,0.4315,23.4315
2023-24,Klay Thompson,202691,5,30.333333333333332,15.0,1.3333333333333333,0.4246666666666667,21.758
2023-24,Klay Thompson,202691,6,33.0,24.0,3.0,0.368,33.367999999999995
2023-24,Klay Thompson,202691,7,30.5,23.5,3.5,0.441,34.441
2023-24,Klay Thompson,202691,8,36.0,20.5,1.5,0.38,30.38
2023-24,Klay Thompson,202691,9,36.0,15.0,3.0,0.333,27.333
2023-24,Klay Thompson,202691,10,31.0,22.0,4.0,0.437,36.437
2023-24,Klay Thompson,202691,11,31.6,24.6,3.6,0.5048,39.704800000000006
2023-24,Klay Thompson,202691,13,25.0,23.0,2.0,0.5,38.5
2023-24,Klay Thompson,202691,14,32.0,23.5,2.0,0.5105,40.0105
2023-24,Klay Thompson,202691,17,21.0,10.0,4.0,0.571,31.570999999999998
2023-24,Klay Thompson,202691,20,29.0,29.0,4.0,0.733,53.733
2023-24,Klay Thompson,202691,24,28.0,18.0,1.0,0.5,43.5
2023-24,Klay Thompson,202691,25,30.0,28.0,2.0,0.55,55.55
2023-24,Kobe Brown,1641738,-30,27.0,4.0,2.0,0.4,-23.6
2023-24,Kobe Brown,1641738,-18,25.0,6.0,4.0,1.0,-7.0
2023-24,Kobe Brown,1641738,-10,38.0,9.0,4.0,0.4,3.4000000000000004
2023-24,Kobe Brown,1641738,-3,24.0,7.0,0.0,0.6,4.6
2023-24,Kobe Bufkin,1641723,-9,23.0,11.0,1.0,0.333,3.333
2023-24,Kobe Bufkin,1641723,16,21.0,7.0,5.0,0.429,28.429000000000002
2023-24,Kobi Simmons,1628424,-25,24.0,2.0,6.0,0.167,-16.833
2023-24,Kris Dunn,1627739,-17,25.0,5.0,4.0,0.3305,-7.669499999999999
2023-24,Kris Dunn,1627739,-15,23.0,5.0,3.0,0.4,-6.6
2023-24,Kris Dunn,1627739,-13,23.5,9.5,2.0,0.5835,-0.9164999999999992
2023-24,Kris Dunn,1627739,-12,25.0,8.0,3.0,0.571,-0.42900000000000027
2023-24,Kris Dunn,1627739,-9,25.0,2.0,5.0,0.143,-1.8570000000000002
2023-24,Kris Dunn,1627739,-7,27.0,5.0,7.0,0.222,5.2219999999999995
2023-24,Kris Dunn,1627739,-6,23.0,2.0,5.0,0.333,1.3330000000000002
2023-24,Kris Dunn,1627739,-5,21.0,7.0,2.0,0.429,4.429
2023-24,Kris Dunn,1627739,-3,23.0,9.0,3.0,0.429,9.429
2023-24,Kris Dunn,1627739,-1,24.5,9.0,6.0,0.7915,14.7915
2023-24,Kris Dunn,1627739,1,24.0,6.0,4.0,0.333,11.333
2023-24,Kris Dunn,1627739,2,26.0,8.0,5.0,0.333,15.333
2023-24,Kris Dunn,1627739,5,21.666666666666668,6.666666666666667,2.6666666666666665,0.6,14.933333333333334
2023-24,Kris Dunn,1627739,6,25.0,5.0,3.0,1.0,15.0
2023-24,Kris Dunn,1627739,8,23.0,0.0,1.0,0.0,9.0
2023-24,Kris Dunn,1627739,9,27.0,4.0,4.0,0.4,17.4
2023-24,Kris Dunn,1627739,10,34.0,8.0,13.0,0.273,31.273
2023-24,Kris Dunn,1627739,11,27.0,7.333333333333333,10.0,0.6516666666666667,28.985
2023-24,Kris Dunn,1627739,16,21.0,11.0,1.0,0.714,28.714
2023-24,Kris Dunn,1627739,17,26.0,10.0,7.0,0.667,34.667
2023-24,Kris Dunn,1627739,18,26.0,8.0,5.0,0.375,31.375
2023-24,Kris Dunn,1627739,21,21.0,4.0,6.0,0.667,31.667
2023-24,Kris Murray,1631200,-49,42.0,11.0,4.0,0.4,-33.6
2023-24,Kris Murray,1631200,-30,43.0,9.0,0.0,0.2,-20.8
2023-24,Kris Murray,1631200,-22,23.0,9.0,0.0,0.4,-12.6
2023-24,Kris Murray,1631200,-18,21.0,0.0,4.0,0.0,-14.0
2023-24,Kris Murray,1631200,-17,20.0,10.0,1.0,0.5,-5.5
2023-24,Kris Murray,1631200,-13,32.0,17.0,2.0,0.636,6.635999999999999
2023-24,Kris Murray,1631200,-12,25.0,10.0,2.0,0.444,0.44400000000000084
2023-24,Kris Murray,1631200,-10,20.0,8.0,0.0,0.5,-1.5
2023-24,Kris Murray,1631200,-9,30.333333333333332,9.666666666666666,1.6666666666666667,0.5126666666666667,2.8459999999999983
2023-24,Kris Murray,1631200,-8,37.0,14.0,2.0,0.5,8.5
2023-24,Kris Murray,1631200,-7,32.666666666666664,8.333333333333334,2.3333333333333335,0.3323333333333333,3.9990000000000006
2023-24,Kris Murray,1631200,-5,28.0,12.0,3.0,0.833,10.833
2023-24,Kris Murray,1631200,-4,42.0,10.0,2.0,0.364,8.364
2023-24,Kris Murray,1631200,-3,34.333333333333336,12.0,3.3333333333333335,0.43533333333333335,12.768666666666668
2023-24,Kris Murray,1631200,-1,21.0,6.0,1.0,0.5,6.5
2023-24,Kris Murray,1631200,0,37.5,16.0,1.5,0.459,17.959
2023-24,Kris Murray,1631200,1,29.0,0.0,2.0,0.0,3.0
2023-24,Kris Murray,1631200,2,26.0,0.0,4.0,0.0,6.0
2023-24,Kris Murray,1631200,6,31.5,13.5,1.0,0.5035000000000001,21.003500000000003
2023-24,Kris Murray,1631200,7,32.0,6.0,0.0,0.5,13.5
2023-24,Kris Murray,1631200,8,24.75,7.25,2.0,0.42425,17.67425
2023-24,Kris Murray,1631200,10,38.0,2.0,2.0,0.167,14.167
2023-24,Kris Murray,1631200,17,34.0,9.0,2.0,0.375,28.375
2023-24,Kristaps Porzingis,204001,-27,20.0,6.0,4.0,0.333,-16.667
2023-24,Kristaps Porzingis,204001,-26,34.0,17.0,0.0,0.357,-8.643
2023-24,Kristaps Porzingis,204001,-22,29.0,17.0,3.0,0.467,-1.5330000000000013
2023-24,Kristaps Porzingis,204001,-14,25.0,14.0,1.0,0.417,1.4169999999999998
2023-24,Kristaps Porzingis,204001,-12,30.0,17.0,1.0,0.5,6.5
2023-24,Kristaps Porzingis,204001,-8,27.0,17.0,2.0,0.375,11.375
2023-24,Kristaps Porzingis,204001,-7,33.333333333333336,18.0,1.6666666666666667,0.4033333333333333,13.07
2023-24,Kristaps Porzingis,204001,-4,40.0,20.0,2.0,0.4,18.4
2023-24,Kristaps Porzingis,204001,-3,31.0,21.0,3.0,0.313,21.313
2023-24,Kristaps Porzingis,204001,-1,30.0,18.0,0.0,0.455,17.455
2023-24,Kristaps Porzingis,204001,0,28.0,22.0,2.5,0.6,25.1
2023-24,Kristaps Porzingis,204001,1,37.0,19.0,7.0,0.462,27.462
2023-24,Kristaps Porzingis,204001,2,32.6,21.2,2.6,0.519,26.319
2023-24,Kristaps Porzingis,204001,3,30.0,27.5,1.5,0.6335,32.6335
2023-24,Kristaps Porzingis,204001,4,29.5,18.75,1.0,0.60525,24.35525
2023-24,Kristaps Porzingis,204001,6,28.5,16.5,2.0,0.4175,24.9175
2023-24,Kristaps Porzingis,204001,8,31.5,31.5,1.5,0.513,41.513
2023-24,Kristaps Porzingis,204001,11,30.0,20.0,5.0,0.6,36.6
2023-24,Kristaps Porzingis,204001,12,31.0,24.25,2.75,0.58175,39.58175
2023-24,Kristaps Porzingis,204001,13,31.666666666666668,21.666666666666668,0.6666666666666666,0.4613333333333334,35.79466666666667
2023-24,Kristaps Porzingis,204001,14,25.0,22.0,1.5,0.5355,38.0355
2023-24,Kristaps Porzingis,204001,16,35.0,28.0,2.0,0.579,46.579
2023-24,Kristaps Porzingis,204001,18,29.0,25.5,1.5,0.5475,45.5475
2023-24,Kristaps Porzingis,204001,19,31.5,24.0,3.5,0.7110000000000001,47.211
2023-24,Kristaps Porzingis,204001,20,24.0,9.0,2.0,0.5,31.5
2023-24,Kristaps Porzingis,204001,22,27.5,21.5,1.5,0.5515,45.551500000000004
2023-24,Kristaps Porzingis,204001,23,28.0,17.0,5.0,0.545,45.545
2023-24,Kristaps Porzingis,204001,26,23.5,22.5,1.5,0.6275,50.6275
2023-24,Kristaps Porzingis,204001,27,27.0,13.0,2.0,0.429,42.429
2023-24,Kristaps Porzingis,204001,29,31.0,23.0,1.0,0.417,53.417
2023-24,Kristaps Porzingis,204001,30,23.0,15.0,3.0,0.778,48.778
2023-24,Kristaps Porzingis,204001,33,29.0,14.0,2.0,0.286,49.286
2023-24,Kyle Anderson,203937,-15,35.0,10.0,5.0,0.556,0.5560000000000009
2023-24,Kyle Anderson,203937,-13,21.0,6.0,3.0,0.4,-3.5999999999999996
2023-24,Kyle Anderson,203937,-12,20.0,5.0,2.0,0.4,-4.6
2023-24,Kyle Anderson,203937,-11,33.0,12.5,4.0,0.479,5.978999999999999
2023-24,Kyle Anderson,203937,-10,23.0,7.0,1.0,0.5,-1.5
2023-24,Kyle Anderson,203937,-8,23.0,4.333333333333333,6.666666666666667,0.4666666666666666,3.466666666666667
2023-24,Kyle Anderson,203937,-7,21.5,7.0,2.0,0.333,2.333
2023-24,Kyle Anderson,203937,-6,26.0,10.0,3.0,0.667,7.667
2023-24,Kyle Anderson,203937,-3,21.5,5.0,5.0,0.216,7.215999999999999
2023-24,Kyle Anderson,203937,-1,25.0,9.0,2.0,0.667,10.667
2023-24,Kyle Anderson,203937,0,25.0,12.0,4.0,0.556,16.556
2023-24,Kyle Anderson,203937,1,22.0,5.0,5.0,0.5,11.5
2023-24,Kyle Anderson,203937,2,25.5,10.5,4.5,0.4445,17.444499999999998
2023-24,Kyle Anderson,203937,3,24.0,6.666666666666667,5.666666666666667,0.5276666666666666,15.861
2023-24,Kyle Anderson,203937,5,24.0,10.0,4.333333333333333,0.5236666666666666,19.857
2023-24,Kyle Anderson,203937,6,26.333333333333332,6.333333333333333,6.333333333333333,0.4223333333333333,19.089
2023-24,Kyle Anderson,203937,7,25.333333333333332,7.666666666666667,4.666666666666667,0.486,19.819333333333333
2023-24,Kyle Anderson,203937,8,26.333333333333332,8.333333333333334,5.666666666666667,0.507,22.506999999999998
2023-24,Kyle Anderson,203937,9,25.2,7.4,5.4,0.7554000000000001,22.5554
2023-24,Kyle Anderson,203937,11,26.5,10.0,4.5,0.583,26.083
2023-24,Kyle Anderson,203937,13,24.0,9.666666666666666,4.333333333333333,0.47633333333333333,27.476333333333333
2023-24,Kyle Anderson,203937,15,28.0,6.0,6.0,0.333,27.333
2023-24,Kyle Anderson,203937,16,22.5,4.0,4.0,0.4585,24.4585
2023-24,Kyle Anderson,203937,19,31.0,4.0,9.0,0.167,32.167
2023-24,Kyle Anderson,203937,20,33.0,10.0,5.0,0.5,35.5
2023-24,Kyle Anderson,203937,29,22.0,8.0,8.0,0.333,45.333
2023-24,Kyle Kuzma,1628398,-29,31.0,15.0,3.0,0.25,-10.75
2023-24,Kyle Kuzma,1628398,-28,27.0,21.0,1.0,0.529,-5.471
2023-24,Kyle Kuzma,1628398,-25,25.5,13.0,5.0,0.45,-6.550000000000001
2023-24,Kyle Kuzma,1628398,-24,28.666666666666668,22.666666666666668,3.6666666666666665,0.48633333333333334,2.81966666666667
2023-24,Kyle Kuzma,1628398,-23,29.5,22.0,1.5,0.4855,0.9854999999999983
2023-24,Kyle Kuzma,1628398,-22,29.0,13.0,4.0,0.389,-4.611000000000001
2023-24,Kyle Kuzma,1628398,-21,30.0,14.0,7.0,0.462,0.46199999999999974
2023-24,Kyle Kuzma,1628398,-20,29.0,16.666666666666668,3.3333333333333335,0.3626666666666667,0.3626666666666658
2023-24,Kyle Kuzma,1628398,-19,29.0,17.0,1.0,0.412,-0.588000000000001
2023-24,Kyle Kuzma,1628398,-17,31.333333333333332,25.0,3.3333333333333335,0.5376666666666666,11.870999999999999
2023-24,Kyle Kuzma,1628398,-16,31.75,27.0,3.5,0.58375,15.083749999999998
2023-24,Kyle Kuzma,1628398,-15,39.0,27.0,5.0,0.417,17.417
2023-24,Kyle Kuzma,1628398,-14,32.0,23.0,0.0,0.474,9.474
2023-24,Kyle Kuzma,1628398,-13,34.5,20.0,8.0,0.42200000000000004,15.422
2023-24,Kyle Kuzma,1628398,-12,33.0,16.0,7.0,0.438,11.437999999999999
2023-24,Kyle Kuzma,1628398,-11,32.0,22.333333333333332,4.333333333333333,0.496,16.162666666666663
2023-24,Kyle Kuzma,1628398,-10,28.5,18.0,2.5,0.3835,10.883500000000002
2023-24,Kyle Kuzma,1628398,-9,29.0,18.5,3.0,0.5,13.0
2023-24,Kyle Kuzma,1628398,-8,34.333333333333336,23.333333333333332,3.3333333333333335,0.4713333333333333,19.137999999999998
2023-24,Kyle Kuzma,1628398,-7,36.666666666666664,20.333333333333332,2.3333333333333335,0.466,16.132666666666665
2023-24,Kyle Kuzma,1628398,-6,29.0,27.0,4.0,0.526,25.526
2023-24,Kyle Kuzma,1628398,-5,24.0,7.0,3.0,0.273,5.273
2023-24,Kyle Kuzma,1628398,-4,31.5,22.0,4.5,0.4945,22.9945
2023-24,Kyle Kuzma,1628398,-2,38.0,15.0,5.0,0.438,18.438
2023-24,Kyle Kuzma,1628398,-1,33.0,21.5,3.0,0.4,23.9
2023-24,Kyle Kuzma,1628398,0,34.666666666666664,25.0,3.6666666666666665,0.41333333333333333,29.080000000000002
2023-24,Kyle Kuzma,1628398,1,35.333333333333336,28.0,3.3333333333333335,0.47833333333333333,32.81166666666667
2023-24,Kyle Kuzma,1628398,3,30.5,20.0,9.0,0.528,32.528
2023-24,Kyle Kuzma,1628398,4,35.333333333333336,26.333333333333332,5.0,0.47,35.80333333333333
2023-24,Kyle Kuzma,1628398,8,33.0,25.0,5.0,0.4375,38.4375
2023-24,Kyle Kuzma,1628398,9,40.5,28.0,7.0,0.4585,44.4585
2023-24,Kyle Kuzma,1628398,10,36.0,31.0,5.0,0.591,46.591
2023-24,Kyle Kuzma,1628398,12,29.0,31.0,4.0,0.478,47.478
2023-24,Kyle Kuzma,1628398,13,35.0,28.0,10.0,0.545,51.545
2023-24,Kyle Kuzma,1628398,18,34.0,32.0,8.0,0.435,58.435
2023-24,Kyle Kuzma,1628398,21,33.0,28.5,6.5,0.489,56.489
2023-24,Kyle Lowry,200768,-22,25.0,3.0,1.0,0.25,-17.75
2023-24,Kyle Lowry,200768,-20,32.0,3.0,7.0,0.167,-9.833
2023-24,Kyle Lowry,200768,-19,26.5,8.5,3.5,0.44999999999999996,-6.550000000000001
2023-24,Kyle Lowry,200768,-18,22.0,6.0,4.0,0.286,-7.714
2023-24,Kyle Lowry,200768,-17,25.0,2.0,3.0,0.111,-11.889
2023-24,Kyle Lowry,200768,-16,21.0,2.0,6.0,0.25,-7.75
2023-24,Kyle Lowry,200768,-14,34.0,12.5,3.0,0.4375,1.9375
2023-24,Kyle Lowry,200768,-11,27.25,10.25,3.5,0.46775,3.2177500000000006
2023-24,Kyle Lowry,200768,-9,28.0,4.0,2.0,0.0,-3.0
2023-24,Kyle Lowry,200768,-8,26.5,10.0,4.0,0.481,6.481
2023-24,Kyle Lowry,200768,-7,27.5,4.75,5.25,0.229,3.228999999999999
2023-24,Kyle Lowry,200768,-4,29.0,15.666666666666666,5.333333333333333,0.5386666666666666,17.538666666666668
2023-24,Kyle Lowry,200768,-1,31.0,13.0,5.0,0.714,17.714
2023-24,Kyle Lowry,200768,0,33.0,12.0,4.0,0.714,16.714
2023-24,Kyle Lowry,200768,1,35.0,14.0,5.0,0.556,20.556
2023-24,Kyle Lowry,200768,2,29.333333333333332,4.333333333333333,5.0,0.25,11.583333333333332
2023-24,Kyle Lowry,200768,3,27.5,8.5,1.5,0.472,13.472
2023-24,Kyle Lowry,200768,4,27.666666666666668,5.0,3.6666666666666665,0.5713333333333334,13.238
2023-24,Kyle Lowry,200768,5,36.0,15.0,10.0,0.556,30.556
2023-24,Kyle Lowry,200768,6,31.666666666666668,9.666666666666666,4.0,0.389,20.055666666666667
2023-24,Kyle Lowry,200768,7,27.0,5.166666666666667,3.8333333333333335,0.3861666666666667,16.386166666666668
2023-24,Kyle Lowry,200768,8,31.0,10.0,7.0,0.429,25.429
2023-24,Kyle Lowry,200768,9,21.0,3.0,3.0,0.5,15.5
2023-24,Kyle Lowry,200768,10,33.0,17.0,4.0,0.5,31.5
2023-24,Kyle Lowry,200768,11,28.5,7.5,3.5,0.548,22.548000000000002
2023-24,Kyle Lowry,200768,14,26.0,9.0,3.6666666666666665,0.5,27.166666666666664
2023-24,Kyle Lowry,200768,15,27.0,6.5,6.5,0.35,28.35
2023-24,Kyle Lowry,200768,17,23.0,0.0,8.0,0.0,25.0
2023-24,Kyle Lowry,200768,20,34.0,17.0,9.0,0.455,46.455
2023-24,Kyle Lowry,200768,21,29.0,28.0,3.0,0.6,52.6
2023-24,Kyrie Irving,202681,-20,36.0,23.0,3.0,0.421,6.420999999999999
2023-24,Kyrie Irving,202681,-19,33.0,23.0,1.0,0.471,5.471
2023-24,Kyrie Irving,202681,-16,32.0,29.0,2.0,0.455,15.454999999999998
2023-24,Kyrie Irving,202681,-15,34.0,16.5,3.0,0.41000000000000003,4.91
2023-24,Kyrie Irving,202681,-14,28.5,14.5,6.0,0.356,6.856000000000002
2023-24,Kyrie Irving,202681,-12,34.0,22.0,7.0,0.6,17.6
2023-24,Kyrie Irving,202681,-10,38.0,32.0,7.5,0.643,30.143
2023-24,Kyrie Irving,202681,-9,35.0,27.0,5.0,0.364,23.363999999999997
2023-24,Kyrie Irving,202681,-8,38.666666666666664,30.333333333333332,4.333333333333333,0.48133333333333334,27.147999999999996
2023-24,Kyrie Irving,202681,-7,34.5,20.0,5.0,0.4135,18.4135
2023-24,Kyrie Irving,202681,-6,35.0,10.0,5.0,0.2,9.2
2023-24,Kyrie Irving,202681,-2,40.0,33.0,4.0,0.44,35.44
2023-24,Kyrie Irving,202681,0,35.0,26.0,3.0,0.5,29.5
2023-24,Kyrie Irving,202681,1,36.0,24.25,6.5,0.47275,32.222750000000005
2023-24,Kyrie Irving,202681,3,42.0,26.0,4.0,0.526,33.525999999999996
2023-24,Kyrie Irving,202681,4,35.0,22.0,5.0,0.421,31.421
2023-24,Kyrie Irving,202681,6,38.666666666666664,28.666666666666668,5.333333333333333,0.47866666666666663,40.47866666666667
2023-24,Kyrie Irving,202681,7,37.5,34.0,4.0,0.47,45.47
2023-24,Kyrie Irving,202681,8,35.0,24.0,6.0,0.5585,38.558499999999995
2023-24,Kyrie Irving,202681,9,34.333333333333336,35.333333333333336,7.333333333333333,0.5676666666666667,52.23433333333334
2023-24,Kyrie Irving,202681,11,37.0,25.0,4.0,0.667,40.667
2023-24,Kyrie Irving,202681,12,31.25,20.25,4.25,0.434,36.934
2023-24,Kyrie Irving,202681,13,33.0,39.0,6.0,0.552,58.552
2023-24,Kyrie Irving,202681,14,34.0,28.0,2.0,0.5,44.5
2023-24,Kyrie Irving,202681,15,34.0,26.666666666666668,6.0,0.5710000000000001,48.23766666666667
2023-24,Kyrie Irving,202681,17,32.0,34.0,7.0,0.682,58.682
2023-24,Kyrie Irving,202681,18,36.0,21.0,10.0,0.4,49.4
2023-24,Kyrie Irving,202681,20,31.5,29.0,4.0,0.5685,53.5685
2023-24,Kyrie Irving,202681,21,44.0,48.0,2.0,0.6,71.6
2023-24,Kyrie Irving,202681,24,37.0,18.0,9.0,0.4,51.4
2023-24,Kyrie Irving,202681,26,27.0,26.0,4.0,0.688,56.688
2023-24,Kyrie Irving,202681,27,28.0,24.0,5.0,0.556,56.556
2023-24,Kyrie Irving,202681,28,34.0,24.0,8.0,0.526,60.526
2023-24,Kyrie Irving,202681,32,33.0,25.0,8.0,0.579,65.57900000000001
2023-24,Kyrie Irving,202681,37,34.0,16.0,7.0,0.368,60.367999999999995
2023-24,LaMelo Ball,1630163,-32,32.0,32.0,6.0,0.65,6.649999999999999
2023-24,LaMelo Ball,1630163,-25,23.0,15.0,8.0,0.375,-1.625
2023-24,LaMelo Ball,1630163,-24,31.0,17.0,7.0,0.286,0.28600000000000136
2023-24,LaMelo Ball,1630163,-18,34.0,37.0,5.0,0.429,24.429000000000002
2023-24,LaMelo Ball,1630163,-16,30.5,31.0,7.0,0.451,22.451
2023-24,LaMelo Ball,1630163,-15,30.0,11.0,11.0,0.267,7.2669999999999995
2023-24,LaMelo Ball,1630163,-14,33.0,19.0,5.0,0.467,10.466999999999999
2023-24,LaMelo Ball,1630163,-12,31.0,29.0,7.0,0.421,24.421
2023-24,LaMelo Ball,1630163,-7,33.0,20.0,9.0,0.235,22.235
2023-24,LaMelo Ball,1630163,-3,28.5,21.0,7.5,0.4205,25.9205
2023-24,LaMelo Ball,1630163,0,37.0,25.0,6.0,0.474,31.474
2023-24,LaMelo Ball,1630163,1,39.0,30.0,13.0,0.478,44.478
2023-24,LaMelo Ball,1630163,2,39.0,28.0,11.0,0.346,41.346
2023-24,LaMelo Ball,1630163,3,41.0,36.0,8.0,0.556,47.556
2023-24,LaMelo Ball,1630163,4,39.0,34.0,13.0,0.419,51.419
2023-24,LaMelo Ball,1630163,7,30.0,15.0,10.0,0.267,32.266999999999996
2023-24,LaMelo Ball,1630163,8,30.0,21.0,5.0,0.375,34.375
2023-24,LaMelo Ball,1630163,10,35.0,18.0,13.0,0.389,41.388999999999996
2023-24,LaMelo Ball,1630163,13,31.0,28.0,8.0,0.769,49.769
2023-24,Lamar Stevens,1630205,-16,20.0,19.0,2.0,0.583,5.582999999999998
2023-24,Lamar Stevens,1630205,-14,21.0,7.0,2.0,0.3,-4.699999999999999
2023-24,Lamar Stevens,1630205,-11,23.0,17.0,2.0,0.889,8.889
2023-24,Lamar Stevens,1630205,-7,30.0,9.0,0.0,0.333,2.333
2023-24,Lamar Stevens,1630205,-5,22.0,19.0,2.0,0.6,16.6
2023-24,Lamar Stevens,1630205,-2,26.0,10.0,0.0,0.5,8.5
2023-24,Lamar Stevens,1630205,0,20.0,11.0,2.0,0.385,13.385
2023-24,Lamar Stevens,1630205,2,20.0,14.0,1.0,0.5,17.5
2023-24,Lamar Stevens,1630205,3,26.0,13.0,0.5,0.375,16.875
2023-24,Lamar Stevens,1630205,5,28.0,13.0,1.0,0.6,19.6
2023-24,Lamar Stevens,1630205,7,37.0,16.0,3.0,0.308,26.308
2023-24,Lamar Stevens,1630205,9,23.0,9.0,1.0,0.4,19.4
2023-24,Lamar Stevens,1630205,10,23.0,7.0,1.0,0.375,18.375
2023-24,Lamar Stevens,1630205,12,27.0,15.0,1.0,0.438,28.438
2023-24,Landry Shamet,1629013,-12,20.0,4.0,1.0,0.167,-6.833
2023-24,Landry Shamet,1629013,-11,21.0,13.0,1.0,0.6,3.5999999999999996
2023-24,Landry Shamet,1629013,-6,32.0,16.0,1.0,0.462,11.462
2023-24,Landry Shamet,1629013,-4,37.0,15.0,2.0,0.4,13.399999999999999
2023-24,Landry Shamet,1629013,0,24.0,15.0,0.0,0.545,15.545
2023-24,Landry Shamet,1629013,8,22.0,12.0,4.0,0.571,24.571
2023-24,Larry Nance Jr.,1626204,-11,20.0,5.0,2.0,0.4,-3.5999999999999996
2023-24,Larry Nance Jr.,1626204,-10,21.0,4.0,3.0,0.667,-2.333
2023-24,Larry Nance Jr.,1626204,-9,20.0,13.0,1.0,0.833,5.833
2023-24,Larry Nance Jr.,1626204,-5,20.0,4.0,0.0,0.5,-0.5
2023-24,Larry Nance Jr.,1626204,-3,32.0,4.0,0.0,0.5,1.5
2023-24,Larry Nance Jr.,1626204,-2,21.0,7.0,4.0,0.548,9.548
2023-24,Larry Nance Jr.,1626204,-1,22.5,7.5,1.5,0.9,8.9
2023-24,Larry Nance Jr.,1626204,2,30.0,13.0,4.0,0.625,19.625
2023-24,Larry Nance Jr.,1626204,5,24.0,9.0,3.0,0.5,17.5
2023-24,Larry Nance Jr.,1626204,9,26.5,10.5,2.5,0.8335,22.8335
2023-24,Larry Nance Jr.,1626204,10,23.0,6.0,1.0,1.0,18.0
2023-24,Larry Nance Jr.,1626204,11,27.0,13.0,2.0,0.75,26.75
2023-24,Larry Nance Jr.,1626204,13,27.0,2.0,3.0,1.0,19.0
2023-24,Larry Nance Jr.,1626204,14,20.0,14.0,3.0,1.0,32.0
2023-24,Larry Nance Jr.,1626204,15,27.0,8.5,2.0,0.643,26.143
2023-24,Larry Nance Jr.,1626204,16,25.5,11.5,1.0,0.561,29.061
2023-24,Larry Nance Jr.,1626204,17,27.0,10.0,5.0,0.625,32.625
2023-24,Larry Nance Jr.,1626204,27,20.0,4.0,1.0,0.5,32.5
2023-24,Larry Nance Jr.,1626204,28,30.0,8.0,3.0,0.75,39.75
2023-24,Lauri Markkanen,1628374,-26,33.0,19.0,0.0,0.471,-6.529
2023-24,Lauri Markkanen,1628374,-23,26.0,11.0,0.0,0.308,-11.692
2023-24,Lauri Markkanen,1628374,-21,28.0,19.0,0.0,0.538,-1.4619999999999997
2023-24,Lauri Markkanen,1628374,-19,30.5,17.0,2.0,0.3165,0.31650000000000134
2023-24,Lauri Markkanen,1628374,-16,33.5,19.0,1.0,0.375,4.375
2023-24,Lauri Markkanen,1628374,-14,24.666666666666668,17.0,2.0,0.4143333333333334,5.414333333333332
2023-24,Lauri Markkanen,1628374,-12,34.5,26.5,1.5,0.5165,16.5165
2023-24,Lauri Markkanen,1628374,-11,36.0,21.0,6.0,0.357,16.357
2023-24,Lauri Markkanen,1628374,-10,33.0,14.0,1.0,0.357,5.356999999999999
2023-24,Lauri Markkanen,1628374,-9,22.0,10.0,0.0,0.4,1.4000000000000004
2023-24,Lauri Markkanen,1628374,-8,33.0,22.0,1.0,0.533,15.533000000000001
2023-24,Lauri Markkanen,1628374,-7,32.0,22.333333333333332,1.0,0.448,16.781333333333333
2023-24,Lauri Markkanen,1628374,-3,42.0,25.0,2.0,0.471,24.471
2023-24,Lauri Markkanen,1628374,-2,30.0,26.0,2.5,0.532,27.032
2023-24,Lauri Markkanen,1628374,-1,35.0,25.0,0.5,0.5575,25.0575
2023-24,Lauri Markkanen,1628374,0,34.0,22.0,2.0,0.46900000000000003,24.469
2023-24,Lauri Markkanen,1628374,1,33.0,20.333333333333332,1.3333333333333333,0.46399999999999997,23.130666666666663
2023-24,Lauri Markkanen,1628374,2,38.666666666666664,28.0,2.0,0.48433333333333334,32.48433333333333
2023-24,Lauri Markkanen,1628374,3,37.0,27.0,5.0,0.417,35.417
2023-24,Lauri Markkanen,1628374,6,40.0,25.0,6.0,0.333,37.333
2023-24,Lauri Markkanen,1628374,8,32.0,22.6,1.6,0.434,32.634
2023-24,Lauri Markkanen,1628374,9,33.666666666666664,25.666666666666668,3.0,0.5236666666666666,38.190333333333335
2023-24,Lauri Markkanen,1628374,10,27.0,19.0,1.0,0.545,30.545
2023-24,Lauri Markkanen,1628374,11,33.0,32.0,4.0,0.536,47.536
2023-24,Lauri Markkanen,1628374,12,37.0,31.0,0.0,0.556,43.556
2023-24,Lauri Markkanen,1628374,15,32.0,26.5,3.0,0.548,45.048
2023-24,Lauri Markkanen,1628374,16,33.0,29.0,5.0,0.5,50.5
2023-24,Lauri Markkanen,1628374,17,32.0,26.0,2.0,0.462,45.462
2023-24,Lauri Markkanen,1628374,19,32.0,27.5,2.5,0.6515,49.6515
2023-24,Lauri Markkanen,1628374,20,32.5,26.0,2.0,0.6194999999999999,48.6195
2023-24,Lauri Markkanen,1628374,25,28.0,32.0,3.0,0.667,60.667
2023-24,LeBron James,2544,-30,29.0,18.0,5.0,0.667,-6.332999999999998
2023-24,LeBron James,2544,-28,35.0,23.0,14.0,0.412,9.411999999999999
2023-24,LeBron James,2544,-25,24.0,10.0,9.0,0.273,-5.727
2023-24,LeBron James,2544,-24,27.0,18.0,2.0,0.538,-3.4619999999999997
2023-24,LeBron James,2544,-20,38.0,12.0,9.0,0.333,1.3329999999999984
2023-24,LeBron James,2544,-18,35.0,21.0,6.0,0.583,9.582999999999998
2023-24,LeBron James,2544,-13,35.333333333333336,21.666666666666668,8.0,0.44799999999999995,17.11466666666667
2023-24,LeBron James,2544,-11,36.0,24.5,8.75,0.50325,22.75325
2023-24,LeBron James,2544,-10,40.0,18.0,9.0,0.375,17.375
2023-24,LeBron James,2544,-8,37.0,30.0,9.5,0.545,32.045
2023-24,LeBron James,2544,-6,37.8,30.8,9.4,0.542,34.742000000000004
2023-24,LeBron James,2544,-5,38.333333333333336,28.0,7.666666666666667,0.5183333333333333,31.184999999999995
2023-24,LeBron James,2544,-4,40.0,33.0,9.0,0.519,38.519
2023-24,LeBron James,2544,-3,38.0,34.0,9.0,0.6375,40.6375
2023-24,LeBron James,2544,-1,37.0,26.0,9.0,0.6,34.6
2023-24,LeBron James,2544,0,35.0,25.0,12.0,0.5355,37.5355
2023-24,LeBron James,2544,1,24.0,17.0,11.0,0.538,29.538
2023-24,LeBron James,2544,2,37.4,28.4,6.6,0.5753999999999999,37.5754
2023-24,LeBron James,2544,5,35.0,22.0,5.5,0.49549999999999994,32.9955
2023-24,LeBron James,2544,6,39.5,32.5,5.0,0.6245,44.1245
2023-24,LeBron James,2544,7,34.0,22.333333333333332,6.0,0.522,35.855333333333334
2023-24,LeBron James,2544,9,33.0,25.0,8.5,0.55,43.05
2023-24,LeBron James,2544,10,36.0,32.0,9.5,0.603,52.103
2023-24,LeBron James,2544,11,38.5,29.0,6.5,0.5725,47.0725
2023-24,LeBron James,2544,12,37.666666666666664,27.0,8.666666666666666,0.478,48.144666666666666
2023-24,LeBron James,2544,13,28.0,23.0,9.0,0.833,45.833
2023-24,LeBron James,2544,14,31.5,22.5,9.5,0.56275,46.56275
2023-24,LeBron James,2544,15,29.5,18.5,10.0,0.5035000000000001,44.0035
2023-24,LeBron James,2544,16,35.0,16.0,7.0,0.412,39.412
2023-24,LeBron James,2544,18,34.0,35.0,9.0,0.591,62.591
2023-24,LeBron James,2544,19,37.0,28.0,17.0,0.55,64.55
2023-24,LeBron James,2544,20,30.5,25.0,9.0,0.62,54.62
2023-24,LeBron James,2544,21,34.0,30.0,9.0,0.591,60.591
2023-24,LeBron James,2544,22,36.0,30.5,7.0,0.6325000000000001,60.1325
2023-24,LeBron James,2544,26,28.0,25.0,3.0,0.474,54.474000000000004
2023-24,LeBron James,2544,28,31.0,28.0,5.0,0.5,61.5
2023-24,LeBron James,2544,33,34.0,23.0,12.0,0.571,68.571
2023-24,LeBron James,2544,36,22.0,30.0,8.0,0.75,74.75
2023-24,Leaky Black,1641778,-16,30.0,4.0,2.0,0.5,-9.5
2023-24,Leaky Black,1641778,9,23.0,3.0,3.0,0.5,15.5
2023-24,Leaky Black,1641778,22,32.0,11.0,5.0,1.0,39.0
2023-24,Lester Quinones,1631311,-37,33.0,17.0,0.0,0.438,-19.562
2023-24,Lester Quinones,1631311,-7,22.0,17.0,0.0,0.545,10.545000000000002
2023-24,Lester Quinones,1631311,4,24.0,13.0,4.0,0.571,21.571
2023-24,Lester Quinones,1631311,5,23.0,3.0,2.0,0.143,10.143
2023-24,Lester Quinones,1631311,12,26.0,6.0,5.0,0.286,23.286
2023-24,Lester Quinones,1631311,13,22.0,6.0,1.0,0.333,20.333
2023-24,Lindy Waters III,1630322,5,20.0,9.0,1.0,0.5,15.5
2023-24,Lonnie Walker IV,1629022,-30,25.0,6.0,0.0,0.2,-23.8
2023-24,Lonnie Walker IV,1629022,-24,28.0,12.0,5.0,0.4,-6.600000000000001
2023-24,Lonnie Walker IV,1629022,-14,30.0,19.0,7.0,0.438,12.437999999999999
2023-24,Lonnie Walker IV,1629022,-12,20.0,4.0,0.0,0.111,-7.889
2023-24,Lonnie Walker IV,1629022,-7,26.0,23.0,1.0,0.5,17.5
2023-24,Lonnie Walker IV,1629022,-5,22.0,19.0,2.0,0.571,16.571
2023-24,Lonnie Walker IV,1629022,-2,27.666666666666668,18.0,1.6666666666666667,0.43533333333333335,18.102
2023-24,Lonnie Walker IV,1629022,0,20.0,20.0,4.0,0.667,24.667
2023-24,Lonnie Walker IV,1629022,2,24.0,20.0,2.0,0.667,24.667
2023-24,Lonnie Walker IV,1629022,5,33.0,15.0,2.0,0.462,22.462
2023-24,Lonnie Walker IV,1629022,8,21.0,14.0,2.0,0.556,24.556
2023-24,Lonnie Walker IV,1629022,10,27.0,21.0,0.0,0.5,31.5
2023-24,Lonnie Walker IV,1629022,11,28.0,19.0,4.0,0.462,34.462
2023-24,Lonnie Walker IV,1629022,12,30.0,20.0,3.0,0.5,35.5
2023-24,Lonnie Walker IV,1629022,15,24.0,17.0,4.0,0.444,36.444
2023-24,Lonnie Walker IV,1629022,17,27.0,19.0,4.0,0.5,40.5
2023-24,Lonnie Walker IV,1629022,23,25.0,20.0,0.0,0.462,43.462
2023-24,Lonnie Walker IV,1629022,29,29.0,19.0,1.0,0.5,49.5
2023-24,Luguentz Dort,1629652,-18,24.0,8.333333333333334,0.0,0.3373333333333333,-9.329333333333333
2023-24,Luguentz Dort,1629652,-17,33.0,8.0,0.0,0.375,-8.625
2023-24,Luguentz Dort,1629652,-16,28.0,15.0,0.0,0.3,-0.6999999999999993
2023-24,Luguentz Dort,1629652,-15,33.0,19.0,1.0,0.6,5.600000000000001
2023-24,Luguentz Dort,1629652,-13,24.0,5.0,0.0,0.4,-7.6
2023-24,Luguentz Dort,1629652,-12,32.5,14.0,2.0,0.4375,4.4375
2023-24,Luguentz Dort,1629652,-11,25.5,5.5,2.0,0.28350000000000003,-3.2165
2023-24,Luguentz Dort,1629652,-10,32.0,10.0,3.0,0.308,3.308
2023-24,Luguentz Dort,1629652,-6,32.333333333333336,12.0,1.6666666666666667,0.36400000000000005,8.030666666666667
2023-24,Luguentz Dort,1629652,-5,31.0,18.333333333333332,2.0,0.5693333333333334,15.902666666666665
2023-24,Luguentz Dort,1629652,-4,33.0,12.0,2.0,0.4,10.4
2023-24,Luguentz Dort,1629652,-3,28.666666666666668,12.0,0.0,0.438,9.438
2023-24,Luguentz Dort,1629652,-2,29.0,8.5,1.0,0.42200000000000004,7.922000000000001
2023-24,Luguentz Dort,1629652,-1,23.0,5.0,0.0,0.4,4.4
2023-24,Luguentz Dort,1629652,0,26.6,6.2,1.2,0.3,7.7
2023-24,Luguentz Dort,1629652,1,30.0,8.0,4.0,0.6,13.6
2023-24,Luguentz Dort,1629652,2,30.0,19.0,1.0,0.615,22.615
2023-24,Luguentz Dort,1629652,3,33.0,15.333333333333334,0.6666666666666666,0.47700000000000004,19.477
2023-24,Luguentz Dort,1629652,4,24.666666666666668,10.0,2.3333333333333335,0.389,16.72233333333333
2023-24,Luguentz Dort,1629652,5,26.0,13.0,2.0,0.5,20.5
2023-24,Luguentz Dort,1629652,6,34.0,16.333333333333332,2.0,0.49633333333333335,24.829666666666665
2023-24,Luguentz Dort,1629652,7,32.5,14.5,2.75,0.4635,24.7135
2023-24,Luguentz Dort,1629652,8,30.666666666666668,9.333333333333334,1.3333333333333333,0.3433333333333333,19.01
2023-24,Luguentz Dort,1629652,9,26.666666666666668,6.0,1.6666666666666667,0.25933333333333336,16.926000000000002
2023-24,Luguentz Dort,1629652,11,30.0,13.333333333333334,2.3333333333333335,0.4673333333333334,27.134
2023-24,Luguentz Dort,1629652,12,25.0,4.5,0.5,0.298,17.298000000000002
2023-24,Luguentz Dort,1629652,13,29.0,6.5,2.0,0.2985,21.7985
2023-24,Luguentz Dort,1629652,14,33.0,20.0,0.0,0.778,34.778
2023-24,Luguentz Dort,1629652,15,26.0,12.0,2.0,0.5165,29.5165
2023-24,Luguentz Dort,1629652,17,31.0,16.0,2.0,0.556,35.556
2023-24,Luguentz Dort,1629652,18,25.0,9.0,1.0,0.4,28.4
2023-24,Luguentz Dort,1629652,19,33.0,9.0,2.0,0.444,30.444000000000003
2023-24,Luguentz Dort,1629652,20,31.0,21.0,4.0,0.667,45.667
2023-24,Luguentz Dort,1629652,21,27.0,11.0,3.0,0.429,35.429
2023-24,Luguentz Dort,1629652,22,23.0,6.0,0.0,0.333,28.333
2023-24,Luguentz Dort,1629652,24,26.5,7.5,1.5,0.45199999999999996,33.452
2023-24,Luguentz Dort,1629652,26,22.0,14.0,0.0,1.0,41.0
2023-24,Luguentz Dort,1629652,27,22.0,12.0,1.0,0.667,40.667
2023-24,Luguentz Dort,1629652,28,23.0,9.0,0.0,0.5,37.5
2023-24,Luguentz Dort,1629652,31,32.0,17.0,0.0,0.556,48.556
2023-24,Luka Doncic,1629029,-29,36.0,38.0,8.0,0.542,17.542
2023-24,Luka Doncic,1629029,-26,26.0,16.0,2.0,0.313,-7.687000000000001
2023-24,Luka Doncic,1629029,-22,38.0,34.0,9.0,0.458,21.458
2023-24,Luka Doncic,1629029,-20,36.0,37.0,11.0,0.56,28.560000000000002
2023-24,Luka Doncic,1629029,-18,42.0,39.0,11.0,0.5,32.5
2023-24,Luka Doncic,1629029,-17,34.0,27.0,11.5,0.4385,21.938499999999998
2023-24,Luka Doncic,1629029,-15,36.0,33.0,10.0,0.5,28.5
2023-24,Luka Doncic,1629029,-14,34.666666666666664,28.666666666666668,5.666666666666667,0.4136666666666667,20.747
2023-24,Luka Doncic,1629029,-13,36.0,33.0,9.5,0.438,29.938000000000002
2023-24,Luka Doncic,1629029,-12,40.5,39.5,12.0,0.528,40.028
2023-24,Luka Doncic,1629029,-11,38.0,30.0,8.0,0.385,27.384999999999998
2023-24,Luka Doncic,1629029,-9,36.0,39.0,6.0,0.483,36.483
2023-24,Luka Doncic,1629029,-7,41.5,33.5,13.0,0.4615,39.9615
2023-24,Luka Doncic,1629029,-4,39.666666666666664,34.0,9.333333333333334,0.45133333333333336,39.784666666666666
2023-24,Luka Doncic,1629029,-3,34.0,34.0,8.0,0.478,39.478
2023-24,Luka Doncic,1629029,-1,40.0,37.0,3.0,0.444,39.444
2023-24,Luka Doncic,1629029,2,46.0,28.0,17.0,0.346,47.346
2023-24,Luka Doncic,1629029,3,40.666666666666664,34.333333333333336,10.0,0.4573333333333333,47.79066666666667
2023-24,Luka Doncic,1629029,4,34.0,33.0,10.0,0.52,47.52
2023-24,Luka Doncic,1629029,5,39.5,26.0,12.0,0.342,43.342
2023-24,Luka Doncic,1629029,6,41.0,32.0,11.0,0.47,49.47
2023-24,Luka Doncic,1629029,7,35.0,29.0,7.5,0.46,43.96
2023-24,Luka Doncic,1629029,9,38.0,39.4,9.8,0.5322,58.732200000000006
2023-24,Luka Doncic,1629029,10,42.0,31.0,15.0,0.423,56.423
2023-24,Luka Doncic,1629029,11,38.0,27.666666666666668,12.333333333333334,0.4303333333333333,51.43033333333333
2023-24,Luka Doncic,1629029,12,34.666666666666664,38.0,8.666666666666666,0.502,59.16866666666667
2023-24,Luka Doncic,1629029,13,40.5,47.25,10.25,0.56975,71.06975
2023-24,Luka Doncic,1629029,14,28.0,25.5,9.0,0.5,49.0
2023-24,Luka Doncic,1629029,16,43.0,50.0,15.0,0.6,81.6
2023-24,Luka Doncic,1629029,17,35.0,19.0,3.0,0.4,39.4
2023-24,Luka Doncic,1629029,18,34.0,33.0,8.666666666666666,0.5803333333333334,60.247
2023-24,Luka Doncic,1629029,19,37.0,26.0,15.0,0.5,60.5
2023-24,Luka Doncic,1629029,20,45.0,37.0,12.0,0.571,69.571
2023-24,Luka Doncic,1629029,21,37.0,25.0,8.0,0.32,54.32
2023-24,Luka Doncic,1629029,22,34.0,39.0,10.0,0.52,71.52000000000001
2023-24,Luka Doncic,1629029,23,30.0,41.0,5.0,0.619,69.619
2023-24,Luka Doncic,1629029,25,31.0,27.0,8.0,0.55,60.55
2023-24,Luka Doncic,1629029,32,31.0,44.0,6.0,0.81,82.81
2023-24,Luka Doncic,1629029,34,32.0,33.5,12.5,0.47550000000000003,80.4755
2023-24,Luka Doncic,1629029,37,31.0,39.0,10.0,0.481,86.481
2023-24,Luka Garza,1630568,-3,22.0,11.0,0.0,0.364,8.364
2023-24,Luka Samanic,1629677,-24,34.0,15.0,3.0,0.4,-5.600000000000001
2023-24,Luka Samanic,1629677,-11,23.0,5.0,2.0,0.222,-3.7779999999999996
2023-24,Luka Samanic,1629677,-9,28.0,14.0,2.0,0.455,7.454999999999998
2023-24,Luka Samanic,1629677,-2,27.0,11.0,2.0,0.444,11.444
2023-24,Luka Samanic,1629677,7,33.0,22.0,2.0,0.412,31.412
2023-24,Luke Kennard,1628379,-27,22.0,3.0,2.0,0.167,-21.833
2023-24,Luke Kennard,1628379,-23,30.0,9.0,5.0,0.3,-8.7
2023-24,Luke Kennard,1628379,-22,24.0,11.0,2.0,0.5,-8.5
2023-24,Luke Kennard,1628379,-19,20.0,3.0,3.0,0.111,-12.889
2023-24,Luke Kennard,1628379,-17,24.5,9.0,1.0,0.521,-6.478999999999999
2023-24,Luke Kennard,1628379,-15,29.0,14.0,6.0,0.556,5.556000000000001
2023-24,Luke Kennard,1628379,-13,25.333333333333332,9.333333333333334,3.6666666666666665,0.42533333333333334,0.4253333333333327
2023-24,Luke Kennard,1628379,-10,26.0,5.0,3.0,0.286,-1.7140000000000004
2023-24,Luke Kennard,1628379,-8,29.0,15.0,6.0,0.455,13.454999999999998
2023-24,Luke Kennard,1628379,-6,27.0,10.0,6.5,0.429,10.928999999999998
2023-24,Luke Kennard,1628379,-4,29.0,19.0,2.0,0.714,17.714
2023-24,Luke Kennard,1628379,-3,25.0,9.5,4.5,0.607,11.607
2023-24,Luke Kennard,1628379,-2,28.0,12.0,1.0,0.4,11.4
2023-24,Luke Kennard,1628379,-1,27.0,14.0,2.75,0.556,16.306
2023-24,Luke Kennard,1628379,0,27.666666666666668,11.333333333333334,4.666666666666667,0.3333333333333333,16.333333333333332
2023-24,Luke Kennard,1628379,2,21.0,9.0,3.0,0.6,14.6
2023-24,Luke Kennard,1628379,3,26.0,25.0,7.0,0.727,35.727
2023-24,Luke Kennard,1628379,4,31.0,18.0,2.0,0.667,24.667
2023-24,Luke Kennard,1628379,7,26.5,13.0,5.5,0.513,26.013
2023-24,Luke Kennard,1628379,10,34.0,19.0,7.0,0.389,36.388999999999996
2023-24,Luke Kennard,1628379,15,31.0,11.0,5.0,0.222,31.222
2023-24,Luke Kennard,1628379,16,20.0,12.0,3.0,0.429,31.429000000000002
2023-24,Luke Kennard,1628379,30,31.0,15.0,2.0,0.556,47.556
2023-24,Luke Kornet,1628436,-8,20.0,7.0,1.0,1.0,1.0
2023-24,Luke Kornet,1628436,-2,26.333333333333332,13.333333333333334,1.6666666666666667,0.8836666666666666,13.883666666666667
2023-24,Luke Kornet,1628436,2,21.0,4.0,0.0,1.0,7.0
2023-24,Luke Kornet,1628436,3,30.0,8.0,4.0,0.8,15.8
2023-24,Luke Kornet,1628436,9,23.5,9.0,0.5,0.528,19.028
2023-24,Luke Kornet,1628436,10,24.5,9.0,4.0,0.7855,23.7855
2023-24,Luke Kornet,1628436,11,30.0,6.0,4.0,0.6,21.6
2023-24,Luke Kornet,1628436,18,27.0,11.0,5.0,0.8,34.8
2023-24,Luke Kornet,1628436,30,24.0,16.0,3.0,0.7,49.7
2023-24,Malachi Flynn,1630201,-21,22.0,12.0,1.0,0.714,-7.286
2023-24,Malachi Flynn,1630201,-17,20.0,4.0,3.0,0.25,-9.75
2023-24,Malachi Flynn,1630201,-13,22.0,3.0,6.0,0.0,-4.0
2023-24,Malachi Flynn,1630201,-12,21.0,12.0,4.0,0.556,4.556000000000001
2023-24,Malachi Flynn,1630201,-5,29.0,14.0,3.0,0.417,12.417000000000002
2023-24,Malachi Flynn,1630201,-4,24.0,17.0,4.0,0.5,17.5
2023-24,Malachi Flynn,1630201,0,21.0,7.0,4.0,0.6,11.6
2023-24,Malachi Flynn,1630201,4,26.0,7.0,5.0,0.273,16.273
2023-24,Malachi Flynn,1630201,12,22.0,6.0,1.0,0.4,19.4
2023-24,Malachi Flynn,1630201,14,34.0,50.0,5.0,0.72,69.72
2023-24,Malaki Branham,1631103,-28,27.5,9.5,2.0,0.55,-15.95
2023-24,Malaki Branham,1631103,-25,22.0,11.0,0.0,0.444,-13.556
2023-24,Malaki Branham,1631103,-24,28.0,11.0,3.0,0.417,-9.583
2023-24,Malaki Branham,1631103,-23,27.0,11.0,1.0,0.4425,-10.5575
2023-24,Malaki Branham,1631103,-22,24.0,12.0,4.0,0.455,-5.545000000000002
2023-24,Malaki Branham,1631103,-19,20.0,10.0,1.0,0.667,-7.333
2023-24,Malaki Branham,1631103,-18,27.0,10.0,5.0,0.4,-2.5999999999999996
2023-24,Malaki Branham,1631103,-17,23.0,10.0,2.0,0.5,-4.5
2023-24,Malaki Branham,1631103,-16,26.0,23.0,4.0,0.545,11.545000000000002
2023-24,Malaki Branham,1631103,-15,22.333333333333332,8.666666666666666,3.0,0.40199999999999997,-2.9313333333333347
2023-24,Malaki Branham,1631103,-10,27.5,11.0,4.5,0.356,5.856
2023-24,Malaki Branham,1631103,-9,23.0,14.0,1.0,0.667,6.667
2023-24,Malaki Branham,1631103,-8,20.0,12.0,0.0,0.8,4.800000000000001
2023-24,Malaki Branham,1631103,-7,28.0,14.0,2.0,0.417,9.417000000000002
2023-24,Malaki Branham,1631103,-5,20.0,2.0,3.0,0.2,0.20000000000000018
2023-24,Malaki Branham,1631103,-4,25.0,6.5,1.5,0.2725,4.272500000000001
2023-24,Malaki Branham,1631103,-3,40.0,23.0,1.0,0.5295000000000001,21.5295
2023-24,Malaki Branham,1631103,-2,23.0,19.5,1.5,0.6034999999999999,19.6035
2023-24,Malaki Branham,1631103,-1,28.0,10.0,2.0,0.308,11.308
2023-24,Malaki Branham,1631103,0,23.0,12.5,5.0,0.513,18.013
2023-24,Malaki Branham,1631103,2,25.333333333333332,14.666666666666666,2.6666666666666665,0.666,19.999333333333333
2023-24,Malaki Branham,1631103,3,24.0,16.666666666666668,0.6666666666666666,0.48133333333333334,20.814666666666668
2023-24,Malaki Branham,1631103,4,28.0,13.0,4.0,0.4,21.4
2023-24,Malaki Branham,1631103,5,20.0,7.0,2.3333333333333335,0.3333333333333333,14.666666666666668
2023-24,Malaki Branham,1631103,7,31.0,12.0,4.0,0.357,23.357
2023-24,Malaki Branham,1631103,8,24.5,18.5,1.0,0.5515,28.0515
2023-24,Malaki Branham,1631103,9,20.0,10.0,3.0,0.333,22.333
2023-24,Malaki Branham,1631103,12,34.0,14.0,2.0,0.5,28.5
2023-24,Malaki Branham,1631103,18,32.0,12.0,8.0,0.625,38.625
2023-24,Malaki Branham,1631103,19,20.0,8.0,4.0,0.429,31.429000000000002
2023-24,Malcolm Brogdon,1627763,-23,24.0,9.0,2.0,0.571,-11.429
2023-24,Malcolm Brogdon,1627763,-17,39.0,18.0,11.0,0.3,12.3
2023-24,Malcolm Brogdon,1627763,-16,27.0,7.0,4.0,0.375,-4.625
2023-24,Malcolm Brogdon,1627763,-14,32.0,23.0,9.0,0.471,18.470999999999997
2023-24,Malcolm Brogdon,1627763,-10,35.5,20.0,6.0,0.4555,16.4555
2023-24,Malcolm Brogdon,1627763,-9,30.0,11.0,7.0,0.429,9.428999999999998
2023-24,Malcolm Brogdon,1627763,-8,30.0,13.5,5.0,0.3515,10.851500000000001
2023-24,Malcolm Brogdon,1627763,-7,37.0,30.0,6.0,0.5,29.5
2023-24,Malcolm Brogdon,1627763,-6,31.333333333333332,20.0,8.0,0.3973333333333333,22.397333333333332
2023-24,Malcolm Brogdon,1627763,-5,21.5,15.0,5.0,0.4375,15.4375
2023-24,Malcolm Brogdon,1627763,-4,33.0,17.5,6.5,0.4855,20.4855
2023-24,Malcolm Brogdon,1627763,-3,31.0,17.5,5.5,0.3685,20.3685
2023-24,Malcolm Brogdon,1627763,-2,31.0,16.333333333333332,5.666666666666667,0.4486666666666667,20.448666666666668
2023-24,Malcolm Brogdon,1627763,2,41.0,19.0,6.0,0.421,27.421
2023-24,Malcolm Brogdon,1627763,9,32.0,16.333333333333332,5.0,0.4486666666666667,30.782
2023-24,Malcolm Brogdon,1627763,12,23.0,20.0,8.0,0.563,40.563
2023-24,Malcolm Brogdon,1627763,13,29.0,19.0,6.0,0.538,38.538
2023-24,Malcolm Brogdon,1627763,14,38.0,24.0,9.5,0.515,48.015
2023-24,Malcolm Brogdon,1627763,16,36.0,27.0,7.0,0.5,50.5
2023-24,Malcolm Brogdon,1627763,17,23.0,16.0,4.0,0.54,37.54
2023-24,Malik Beasley,1627736,-27,22.0,2.0,1.0,0.167,-23.833
2023-24,Malik Beasley,1627736,-26,31.0,18.0,1.0,0.5,-6.5
2023-24,Malik Beasley,1627736,-23,26.0,18.0,0.0,0.6499999999999999,-4.350000000000001
2023-24,Malik Beasley,1627736,-21,29.0,16.0,2.0,0.75,-2.25
2023-24,Malik Beasley,1627736,-19,28.5,7.5,1.5,0.254,-9.746
2023-24,Malik Beasley,1627736,-17,22.0,8.0,1.0,0.375,-7.625
2023-24,Malik Beasley,1627736,-16,38.0,10.0,2.0,0.3,-3.6999999999999993
2023-24,Malik Beasley,1627736,-14,20.0,4.0,0.0,0.333,-9.667
2023-24,Malik Beasley,1627736,-13,32.0,3.0,3.0,0.077,-6.923
2023-24,Malik Beasley,1627736,-12,24.0,10.0,2.0,0.3215,0.32150000000000034
2023-24,Malik Beasley,1627736,-10,27.333333333333332,9.0,2.3333333333333335,0.3833333333333333,1.7166666666666668
2023-24,Malik Beasley,1627736,-9,23.0,6.0,0.5,0.5,-2.0
2023-24,Malik Beasley,1627736,-7,25.0,11.0,1.0,0.41050000000000003,5.410500000000001
2023-24,Malik Beasley,1627736,-6,20.0,0.0,1.0,0.0,-5.0
2023-24,Malik Beasley,1627736,-5,31.0,5.0,3.0,0.5,3.5
2023-24,Malik Beasley,1627736,-3,26.5,6.5,1.0,0.2575,4.7575
2023-24,Malik Beasley,1627736,-2,28.5,11.5,1.0,0.475,10.975
2023-24,Malik Beasley,1627736,-1,45.0,23.0,5.0,0.583,27.583
2023-24,Malik Beasley,1627736,0,35.0,22.0,2.0,0.412,24.412
2023-24,Malik Beasley,1627736,1,40.5,20.0,2.0,0.406,23.406
2023-24,Malik Beasley,1627736,2,39.0,16.0,3.0,0.545,21.545
2023-24,Malik Beasley,1627736,3,25.333333333333332,9.333333333333334,2.3333333333333335,0.49933333333333335,15.166
2023-24,Malik Beasley,1627736,4,27.333333333333332,9.333333333333334,0.3333333333333333,0.48900000000000005,14.155666666666669
2023-24,Malik Beasley,1627736,5,34.5,9.5,0.0,0.4165,14.9165
2023-24,Malik Beasley,1627736,6,31.285714285714285,10.571428571428571,1.2857142857142858,0.36657142857142855,18.223714285714287
2023-24,Malik Beasley,1627736,7,28.0,11.0,1.5,0.4585,19.9585
2023-24,Malik Beasley,1627736,8,35.0,10.0,2.0,0.333,20.333
2023-24,Malik Beasley,1627736,10,27.0,9.0,1.0,0.6,20.6
2023-24,Malik Beasley,1627736,11,34.0,14.0,2.0,0.417,27.417
2023-24,Malik Beasley,1627736,12,34.0,15.0,0.0,0.556,27.556
2023-24,Malik Beasley,1627736,14,27.5,9.0,1.5,0.4645,24.9645
2023-24,Malik Beasley,1627736,15,28.0,8.0,2.0,0.375,25.375
2023-24,Malik Beasley,1627736,16,33.75,14.25,0.5,0.48675,31.23675
2023-24,Malik Beasley,1627736,17,28.0,4.0,2.0,0.143,23.143
2023-24,Malik Beasley,1627736,18,27.5,17.5,0.0,0.5640000000000001,36.064
2023-24,Malik Beasley,1627736,19,30.0,19.0,1.0,0.538,39.538
2023-24,Malik Beasley,1627736,20,35.333333333333336,13.333333333333334,1.6666666666666667,0.51,35.51
2023-24,Malik Beasley,1627736,21,34.0,13.0,2.0,0.357,36.357
2023-24,Malik Beasley,1627736,22,34.0,11.0,1.0,0.556,34.556
2023-24,Malik Beasley,1627736,24,27.5,15.0,1.5,0.7225,41.2225
2023-24,Malik Beasley,1627736,25,32.0,9.0,0.0,0.333,34.333
2023-24,Malik Beasley,1627736,26,28.0,8.0,2.0,0.3,36.3
2023-24,Malik Beasley,1627736,31,26.5,20.5,2.5,0.6805,54.680499999999995
2023-24,Malik Beasley,1627736,34,31.0,30.0,0.0,0.786,64.786
2023-24,Malik Beasley,1627736,37,26.0,6.0,4.0,0.333,47.333
2023-24,Malik Monk,1628370,-26,20.0,6.0,5.0,0.222,-14.778
2023-24,Malik Monk,1628370,-22,24.5,5.0,4.0,0.1925,-12.8075
2023-24,Malik Monk,1628370,-20,21.0,8.0,5.0,0.375,-6.625
2023-24,Malik Monk,1628370,-19,23.0,18.0,1.0,0.583,0.5829999999999984
2023-24,Malik Monk,1628370,-17,32.0,21.0,5.0,0.5,9.5
2023-24,Malik Monk,1628370,-16,24.0,8.0,5.0,0.273,-2.7270000000000003
2023-24,Malik Monk,1628370,-15,22.0,11.0,6.0,0.3875,2.3874999999999993
2023-24,Malik Monk,1628370,-12,29.5,12.0,7.0,0.323,7.323
2023-24,Malik Monk,1628370,-11,36.0,28.0,7.0,0.429,24.429000000000002
2023-24,Malik Monk,1628370,-9,26.666666666666668,17.666666666666668,5.0,0.40599999999999997,14.072666666666667
2023-24,Malik Monk,1628370,-8,30.5,19.0,6.0,0.4255,17.4255
2023-24,Malik Monk,1628370,-7,26.0,13.0,4.666666666666667,0.37766666666666665,11.044333333333334
2023-24,Malik Monk,1628370,-6,20.0,3.0,5.0,0.125,2.125
2023-24,Malik Monk,1628370,-4,29.0,26.0,5.0,0.5,27.5
2023-24,Malik Monk,1628370,-3,23.0,12.5,6.5,0.375,16.375
2023-24,Malik Monk,1628370,-2,26.5,14.0,4.5,0.3395,16.8395
2023-24,Malik Monk,1628370,-1,33.0,22.0,6.0,0.563,27.563
2023-24,Malik Monk,1628370,0,25.5,17.0,4.0,0.388,21.388
2023-24,Malik Monk,1628370,1,28.5,27.5,3.0,0.554,32.054
2023-24,Malik Monk,1628370,3,25.0,8.0,4.5,0.3055,15.8055
2023-24,Malik Monk,1628370,6,30.0,22.5,6.5,0.5715,35.5715
2023-24,Malik Monk,1628370,7,28.0,12.0,8.0,0.417,27.417
2023-24,Malik Monk,1628370,8,27.5,22.0,6.0,0.3915,36.3915
2023-24,Malik Monk,1628370,9,26.0,11.0,4.0,0.364,24.364
2023-24,Malik Monk,1628370,10,28.0,14.0,6.5,0.4375,30.9375
2023-24,Malik Monk,1628370,11,27.5,12.5,3.0,0.3645,26.8645
2023-24,Malik Monk,1628370,12,27.0,19.2,6.0,0.5182,37.718199999999996
2023-24,Malik Monk,1628370,13,27.5,19.0,8.5,0.4945,40.9945
2023-24,Malik Monk,1628370,14,35.0,25.0,8.5,0.6335,48.1335
2023-24,Malik Monk,1628370,16,21.0,27.0,5.0,0.769,48.769
2023-24,Malik Monk,1628370,17,29.0,20.0,4.0,0.462,41.462
2023-24,Malik Monk,1628370,18,28.333333333333332,16.0,7.666666666666667,0.5666666666666667,42.233333333333334
2023-24,Malik Monk,1628370,19,35.0,27.0,7.0,0.526,53.526
2023-24,Malik Monk,1628370,20,28.0,25.0,5.0,0.474,50.474000000000004
2023-24,Malik Williams,1642013,-24,31.0,0.0,1.0,0.0,-23.0
2023-24,Malik Williams,1642013,0,24.0,7.0,1.0,0.3,8.3
2023-24,Maozinha Pereira,1641970,-12,28.0,7.0,1.0,0.4,-3.5999999999999996
2023-24,Maozinha Pereira,1641970,-11,36.0,13.0,1.0,0.556,3.556000000000001
2023-24,Maozinha Pereira,1641970,25,30.0,17.0,0.0,0.6,42.6
2023-24,MarJon Beauchamp,1630699,-25,26.0,10.0,1.0,0.5,-13.5
2023-24,MarJon Beauchamp,1630699,-12,22.0,0.0,2.0,0.0,-10.0
2023-24,MarJon Beauchamp,1630699,-7,21.0,5.0,0.0,0.4,-1.5999999999999996
2023-24,MarJon Beauchamp,1630699,-1,20.0,12.0,1.0,0.667,12.667
2023-24,MarJon Beauchamp,1630699,2,22.0,5.0,3.0,0.5,10.5
2023-24,MarJon Beauchamp,1630699,11,22.0,7.0,0.0,0.429,18.429000000000002
2023-24,MarJon Beauchamp,1630699,12,32.0,11.0,1.0,0.5,24.5
2023-24,MarJon Beauchamp,1630699,21,20.0,11.0,2.0,0.667,34.667
2023-24,Marcus Morris Sr.,202694,-20,21.0,7.0,2.0,0.3,-10.7
2023-24,Marcus Morris Sr.,202694,-11,26.0,11.0,1.0,0.4,1.4000000000000004
2023-24,Marcus Morris Sr.,202694,-10,25.0,17.0,1.0,0.444,8.443999999999999
2023-24,Marcus Morris Sr.,202694,-7,32.0,17.0,2.0,0.438,12.437999999999999
2023-24,Marcus Morris Sr.,202694,-3,23.0,10.0,0.0,0.4,7.4
2023-24,Marcus Morris Sr.,202694,-2,25.333333333333332,12.333333333333334,0.6666666666666666,0.421,11.421
2023-24,Marcus Morris Sr.,202694,4,25.5,10.5,2.5,0.548,17.548000000000002
2023-24,Marcus Morris Sr.,202694,5,26.0,10.0,0.0,0.5,15.5
2023-24,Marcus Morris Sr.,202694,10,26.0,14.0,1.0,0.5,25.5
2023-24,Marcus Morris Sr.,202694,23,25.0,5.0,0.0,0.5,28.5
2023-24,Marcus Sasser,1631204,-28,34.0,24.0,6.0,0.389,2.3889999999999993
2023-24,Marcus Sasser,1631204,-20,32.5,14.5,5.0,0.36,-0.14000000000000057
2023-24,Marcus Sasser,1631204,-18,33.0,7.0,4.0,0.3,-6.699999999999999
2023-24,Marcus Sasser,1631204,-17,32.0,20.0,5.0,0.533,8.533000000000001
2023-24,Marcus Sasser,1631204,-16,28.0,8.0,7.0,0.375,-0.625
2023-24,Marcus Sasser,1631204,-15,22.0,7.0,3.0,0.3,-4.699999999999999
2023-24,Marcus Sasser,1631204,-14,23.0,19.0,3.0,0.6,8.600000000000001
2023-24,Marcus Sasser,1631204,-10,23.0,3.0,2.0,0.167,-4.833
2023-24,Marcus Sasser,1631204,-9,31.0,17.0,7.0,0.462,15.462
2023-24,Marcus Sasser,1631204,-8,27.0,9.0,8.0,0.375,9.375
2023-24,Marcus Sasser,1631204,-7,20.5,15.0,4.0,0.7335,12.7335
2023-24,Marcus Sasser,1631204,-6,27.666666666666668,7.666666666666667,5.0,0.2723333333333333,6.939000000000002
2023-24,Marcus Sasser,1631204,-5,30.333333333333332,5.666666666666667,4.333333333333333,0.23833333333333337,5.238333333333333
2023-24,Marcus Sasser,1631204,-3,27.0,3.0,3.0,0.2,3.2
2023-24,Marcus Sasser,1631204,-1,25.0,3.0,4.0,0.125,6.125
2023-24,Marcus Sasser,1631204,0,21.0,11.0,3.0,0.333,14.333
2023-24,Marcus Sasser,1631204,1,23.0,8.0,6.0,0.667,15.667
2023-24,Marcus Sasser,1631204,3,29.0,22.0,4.0,0.563,29.563
2023-24,Marcus Sasser,1631204,5,28.0,26.0,2.0,0.647,33.647
2023-24,Marcus Sasser,1631204,8,26.0,23.0,3.0,0.529,34.528999999999996
2023-24,Marcus Sasser,1631204,10,29.0,11.0,6.0,0.5645,27.5645
2023-24,Marcus Sasser,1631204,16,32.0,18.0,4.0,0.5,38.5
2023-24,Marcus Sasser,1631204,20,32.0,24.0,3.0,0.45,47.45
2023-24,Marcus Smart,203935,-28,28.0,11.0,6.0,0.364,-10.636
2023-24,Marcus Smart,203935,-19,39.0,8.0,4.0,0.333,-6.667
2023-24,Marcus Smart,203935,-17,32.0,11.0,7.0,0.286,1.2860000000000014
2023-24,Marcus Smart,203935,-15,30.0,12.0,2.0,0.364,-0.6359999999999992
2023-24,Marcus Smart,203935,-14,32.0,9.0,6.0,0.5,1.5
2023-24,Marcus Smart,203935,-7,23.0,17.0,5.0,0.429,15.428999999999998
2023-24,Marcus Smart,203935,-6,30.5,21.0,3.5,0.519,19.019
2023-24,Marcus Smart,203935,-1,35.0,23.0,9.0,0.529,31.529000000000003
2023-24,Marcus Smart,203935,2,29.0,5.0,3.0,0.143,10.143
2023-24,Marcus Smart,203935,3,32.0,17.0,3.0,0.545,23.545
2023-24,Marcus Smart,203935,9,29.0,13.0,3.0,0.4,25.4
2023-24,Marcus Smart,203935,10,30.0,14.333333333333334,5.0,0.40900000000000003,29.742333333333335
2023-24,Marcus Smart,203935,11,33.0,6.0,2.0,0.2,19.2
2023-24,Marcus Smart,203935,13,39.0,29.0,5.0,0.563,47.563
2023-24,Marcus Smart,203935,16,28.5,20.0,4.0,0.49,40.489999999999995
2023-24,Mark Williams,1631109,-22,23.0,10.0,2.0,0.8,-9.2
2023-24,Mark Williams,1631109,-17,20.0,2.0,1.0,0.25,-13.75
2023-24,Mark Williams,1631109,-14,31.0,11.0,2.0,0.571,-0.42900000000000027
2023-24,Mark Williams,1631109,-11,22.0,11.5,0.5,0.9165,1.9164999999999992
2023-24,Mark Williams,1631109,-8,29.0,11.0,0.0,0.667,3.667
2023-24,Mark Williams,1631109,-7,24.0,15.0,0.5,0.778,9.277999999999999
2023-24,Mark Williams,1631109,-3,30.0,27.0,1.0,0.75,25.75
2023-24,Mark Williams,1631109,-2,31.0,12.0,1.0,0.417,11.417
2023-24,Mark Williams,1631109,-1,27.333333333333332,11.666666666666666,2.0,0.7833333333333333,13.45
2023-24,Mark Williams,1631109,5,20.0,4.0,1.0,0.5,10.5
2023-24,Mark Williams,1631109,6,34.0,11.0,0.0,0.4,17.4
2023-24,Mark Williams,1631109,19,29.0,17.0,2.0,0.6545,38.6545
2023-24,Mark Williams,1631109,33,32.0,18.0,2.0,0.571,53.571
2023-24,Markelle Fultz,1628365,-16,32.0,12.0,1.0,0.545,-2.455
2023-24,Markelle Fultz,1628365,-10,28.0,12.0,1.5,0.522,4.022
2023-24,Markelle Fultz,1628365,-9,24.5,10.0,3.5,0.5,5.0
2023-24,Markelle Fultz,1628365,-8,30.0,10.0,1.0,0.625,3.625
2023-24,Markelle Fultz,1628365,-6,25.0,12.0,5.0,0.385,11.385000000000002
2023-24,Markelle Fultz,1628365,-5,23.0,17.0,2.0,0.667,14.667000000000002
2023-24,Markelle Fultz,1628365,-2,26.666666666666668,12.666666666666666,3.0,0.5586666666666668,14.225333333333332
2023-24,Markelle Fultz,1628365,0,32.0,14.0,8.0,0.438,22.438
2023-24,Markelle Fultz,1628365,1,27.0,14.0,4.0,0.7,19.7
2023-24,Markelle Fultz,1628365,3,26.0,9.5,3.0,0.4495,15.9495
2023-24,Markelle Fultz,1628365,4,22.0,10.0,5.0,0.556,19.556
2023-24,Markelle Fultz,1628365,11,23.5,7.0,6.5,0.4375,24.9375
2023-24,Markelle Fultz,1628365,12,24.0,10.0,2.0,0.556,24.556
2023-24,Markelle Fultz,1628365,14,24.0,12.0,1.0,0.5,27.5
2023-24,Markelle Fultz,1628365,21,24.5,9.0,5.0,0.75,35.75
2023-24,Markelle Fultz,1628365,22,24.0,2.0,4.0,0.25,28.25
2023-24,Markieff Morris,202693,-16,23.0,8.0,3.0,0.286,-4.714
2023-24,Markieff Morris,202693,5,20.0,6.0,2.0,0.4,13.4
2023-24,Marques Bolden,1629716,-20,30.0,6.0,2.0,0.4,-11.6
2023-24,Marques Bolden,1629716,5,29.0,14.0,2.0,0.7,21.7
2023-24,Marvin Bagley III,1628963,-19,28.5,15.0,1.0,0.496,-2.5040000000000013
2023-24,Marvin Bagley III,1628963,-17,24.0,11.0,0.5,0.5505,-4.9495000000000005
2023-24,Marvin Bagley III,1628963,-10,21.0,16.0,0.5,0.5415,7.041499999999999
2023-24,Marvin Bagley III,1628963,-9,27.0,15.0,1.0,0.778,7.777999999999999
2023-24,Marvin Bagley III,1628963,-8,23.0,14.0,1.0,0.5,7.5
2023-24,Marvin Bagley III,1628963,-7,23.0,6.0,4.0,0.286,3.2859999999999996
2023-24,Marvin Bagley III,1628963,-3,26.5,12.0,1.0,0.5780000000000001,10.578
2023-24,Marvin Bagley III,1628963,-2,24.0,10.0,1.0,0.5,9.5
2023-24,Marvin Bagley III,1628963,-1,27.5,15.5,1.0,0.652,16.152
2023-24,Marvin Bagley III,1628963,0,23.0,13.0,1.0,0.75,14.75
2023-24,Marvin Bagley III,1628963,1,32.0,9.0,2.0,0.4,12.4
2023-24,Marvin Bagley III,1628963,2,39.0,20.0,2.0,0.625,24.625
2023-24,Marvin Bagley III,1628963,3,24.0,18.0,0.0,0.7,21.7
2023-24,Marvin Bagley III,1628963,4,30.0,22.0,1.0,0.75,27.75
2023-24,Marvin Bagley III,1628963,6,30.0,22.0,0.0,0.833,28.833
2023-24,Marvin Bagley III,1628963,8,30.0,16.0,2.0,0.5216666666666666,26.52166666666667
2023-24,Marvin Bagley III,1628963,11,33.0,23.0,1.0,0.786,35.786
2023-24,Mason Plumlee,203486,-20,23.0,9.0,4.0,0.231,-6.769
2023-24,Mason Plumlee,203486,-11,22.0,5.0,0.0,1.0,-5.0
2023-24,Mason Plumlee,203486,-6,35.0,12.0,4.0,0.444,10.443999999999999
2023-24,Mason Plumlee,203486,-5,22.0,10.0,2.0,0.714,7.714
2023-24,Mason Plumlee,203486,-4,25.0,12.0,2.0,0.714,10.714
2023-24,Mason Plumlee,203486,6,20.0,8.0,3.0,0.6,17.6
2023-24,Mason Plumlee,203486,7,20.0,4.0,1.0,0.667,12.667
2023-24,Mason Plumlee,203486,11,26.0,5.0,0.0,0.5,16.5
2023-24,Mason Plumlee,203486,13,28.0,14.0,2.0,1.0,30.0
2023-24,Mason Plumlee,203486,19,25.0,12.0,3.0,0.5,34.5
2023-24,Mason Plumlee,203486,27,21.0,8.0,0.0,1.0,36.0
2023-24,Matisse Thybulle,1629680,-14,27.0,4.0,2.0,0.5,-7.5
2023-24,Matisse Thybulle,1629680,-13,27.75,5.25,1.25,0.30825,-6.19175
2023-24,Matisse Thybulle,1629680,-12,20.0,8.0,1.0,0.429,-2.5709999999999997
2023-24,Matisse Thybulle,1629680,-11,28.0,6.0,1.5,0.3145,-3.1855
2023-24,Matisse Thybulle,1629680,-10,28.0,3.0,0.0,0.2,-6.8
2023-24,Matisse Thybulle,1629680,-9,25.0,9.666666666666666,0.6666666666666666,0.6826666666666666,2.0159999999999982
2023-24,Matisse Thybulle,1629680,-7,32.0,13.0,4.0,0.556,10.556000000000001
2023-24,Matisse Thybulle,1629680,-6,27.0,4.5,2.5,0.2715,1.2714999999999996
2023-24,Matisse Thybulle,1629680,-4,28.5,10.5,3.5,0.6665,10.6665
2023-24,Matisse Thybulle,1629680,-3,24.333333333333332,5.0,1.6666666666666667,0.5056666666666666,4.1723333333333334
2023-24,Matisse Thybulle,1629680,-2,26.5,9.75,1.5,0.5,9.75
2023-24,Matisse Thybulle,1629680,4,29.5,3.25,2.75,0.17575,10.17575
2023-24,Matisse Thybulle,1629680,5,23.0,3.0,0.0,0.2,8.2
2023-24,Matisse Thybulle,1629680,8,25.0,16.0,3.0,0.833,27.833
2023-24,Matisse Thybulle,1629680,9,32.0,6.0,2.0,0.4,17.4
2023-24,Matisse Thybulle,1629680,10,26.0,5.666666666666667,0.3333333333333333,0.3333333333333333,16.333333333333332
2023-24,Matisse Thybulle,1629680,17,20.0,8.0,0.0,0.667,25.667
2023-24,Matisse Thybulle,1629680,19,29.0,0.0,2.0,0.0,21.0
2023-24,Matisse Thybulle,1629680,20,26.0,13.0,2.0,0.5,35.5
2023-24,Matisse Thybulle,1629680,24,31.0,13.0,2.0,0.556,39.556
2023-24,Matisse Thybulle,1629680,26,26.0,6.0,4.0,0.4,36.4
2023-24,Matt Hurt,1630562,-16,30.0,7.0,2.0,0.273,-6.727
2023-24,Matt Hurt,1630562,2,22.0,7.5,0.5,0.393,10.393
2023-24,Matt Ryan,1630346,-17,27.0,12.0,2.0,0.444,-2.555999999999999
2023-24,Matt Ryan,1630346,-4,25.5,14.5,1.0,0.5125,12.0125
2023-24,Matt Ryan,1630346,0,27.0,14.0,2.0,0.714,16.714
2023-24,Matt Ryan,1630346,1,26.0,10.0,1.0,0.6,12.6
2023-24,Matt Ryan,1630346,8,25.0,3.0,3.0,0.125,14.125
2023-24,Matt Ryan,1630346,16,35.0,20.0,2.0,0.7,38.7
2023-24,Max Christie,1631108,-25,23.0,2.0,1.0,0.167,-21.833
2023-24,Max Christie,1631108,-24,23.0,6.0,0.0,0.429,-17.570999999999998
2023-24,Max Christie,1631108,-19,23.0,7.0,0.0,0.429,-11.571
2023-24,Max Christie,1631108,-16,25.0,6.0,1.0,0.5,-8.5
2023-24,Max Christie,1631108,-15,27.0,4.0,3.0,0.125,-7.875
2023-24,Max Christie,1631108,-8,28.5,10.5,0.0,0.345,2.8450000000000006
2023-24,Max Christie,1631108,-5,28.0,9.0,6.0,0.375,10.375
2023-24,Max Christie,1631108,-2,22.0,11.0,2.0,0.4645,11.4645
2023-24,Max Christie,1631108,-1,22.0,4.0,2.0,0.143,5.143
2023-24,Max Christie,1631108,0,20.5,6.0,0.5,0.3215,6.8215
2023-24,Max Christie,1631108,1,20.0,2.0,0.0,0.333,3.333
2023-24,Max Christie,1631108,6,27.5,11.5,2.0,0.579,20.079
2023-24,Max Christie,1631108,8,20.0,12.0,3.0,0.5,23.5
2023-24,Max Christie,1631108,10,23.0,8.0,3.0,0.402,21.402
2023-24,Max Christie,1631108,12,26.0,6.0,1.0,1.0,20.0
2023-24,Max Christie,1631108,13,22.0,5.0,2.0,0.0,20.0
2023-24,Max Christie,1631108,18,24.0,10.0,3.0,0.75,31.75
2023-24,Max Christie,1631108,19,28.0,12.0,2.0,0.571,33.571
2023-24,Max Strus,1629622,-26,27.0,9.0,2.0,0.6,-14.4
2023-24,Max Strus,1629622,-19,33.0,13.0,2.0,0.455,-3.545
2023-24,Max Strus,1629622,-18,36.0,11.0,6.0,0.308,-0.6920000000000002
2023-24,Max Strus,1629622,-15,33.0,13.0,5.0,0.25,3.25
2023-24,Max Strus,1629622,-12,33.0,6.0,3.0,0.222,-2.7780000000000005
2023-24,Max Strus,1629622,-11,24.0,6.0,3.0,0.333,-1.6669999999999998
2023-24,Max Strus,1629622,-10,29.666666666666668,12.0,3.3333333333333335,0.38966666666666666,5.723000000000001
2023-24,Max Strus,1629622,-9,37.0,8.0,4.0,0.273,3.2729999999999997
2023-24,Max Strus,1629622,-8,28.5,4.5,3.0,0.2875,-0.21250000000000036
2023-24,Max Strus,1629622,-7,32.5,14.0,8.5,0.48650000000000004,15.9865
2023-24,Max Strus,1629622,-6,33.0,14.0,2.0,0.545,10.545000000000002
2023-24,Max Strus,1629622,-5,35.0,15.75,3.75,0.39975,14.899750000000001
2023-24,Max Strus,1629622,-4,34.75,15.0,4.0,0.5085000000000001,15.508500000000002
2023-24,Max Strus,1629622,-3,38.0,9.0,8.0,0.444,14.443999999999999
2023-24,Max Strus,1629622,-1,26.5,13.5,0.5,0.569,13.568999999999999
2023-24,Max Strus,1629622,0,27.5,10.0,5.0,0.328,15.328
2023-24,Max Strus,1629622,1,35.5,14.0,3.5,0.35,18.85
2023-24,Max Strus,1629622,2,32.333333333333336,12.0,3.3333333333333335,0.333,17.666333333333334
2023-24,Max Strus,1629622,3,31.75,10.5,4.5,0.308,18.308
2023-24,Max Strus,1629622,4,33.0,13.333333333333334,5.333333333333333,0.4206666666666667,23.087333333333333
2023-24,Max Strus,1629622,5,29.5,6.0,2.5,0.369,13.869
2023-24,Max Strus,1629622,6,32.0,16.0,4.0,0.667,26.667
2023-24,Max Strus,1629622,8,37.0,8.0,4.0,0.214,20.214
2023-24,Max Strus,1629622,9,37.5,12.0,3.0,0.3765,24.3765
2023-24,Max Strus,1629622,10,33.75,16.0,4.0,0.5782499999999999,30.57825
2023-24,Max Strus,1629622,11,30.5,12.0,4.5,0.46099999999999997,27.961
2023-24,Max Strus,1629622,12,34.0,11.0,5.0,0.308,28.308
2023-24,Max Strus,1629622,13,33.0,19.0,3.0,0.5145,35.5145
2023-24,Max Strus,1629622,14,31.0,11.0,5.0,0.429,30.429
2023-24,Max Strus,1629622,15,30.666666666666668,18.0,6.666666666666667,0.4696666666666667,40.13633333333333
2023-24,Max Strus,1629622,16,27.0,10.0,4.0,0.571,30.570999999999998
2023-24,Max Strus,1629622,17,27.0,7.0,9.0,0.2,33.2
2023-24,Max Strus,1629622,18,33.0,11.0,1.0,0.235,30.235
2023-24,Max Strus,1629622,19,35.0,2.0,4.0,0.125,25.125
2023-24,Max Strus,1629622,20,23.5,14.0,2.0,0.6074999999999999,36.6075
2023-24,Max Strus,1629622,25,36.0,14.0,7.0,0.417,46.417
2023-24,Max Strus,1629622,30,35.0,11.0,7.0,0.364,48.364000000000004
2023-24,Max Strus,1629622,32,28.0,24.0,3.0,0.692,59.692
2023-24,Max Strus,1629622,33,21.0,6.0,3.0,0.5,42.5
2023-24,Maxi Kleber,1628467,-17,21.0,6.0,3.0,0.667,-7.333
2023-24,Maxi Kleber,1628467,-14,33.0,21.0,2.0,0.727,9.727
2023-24,Maxi Kleber,1628467,-12,23.0,6.0,2.0,0.286,-3.7140000000000004
2023-24,Maxi Kleber,1628467,-9,24.0,3.0,1.0,0.333,-4.667
2023-24,Maxi Kleber,1628467,-8,20.0,0.0,3.0,0.0,-5.0
2023-24,Maxi Kleber,1628467,-7,20.0,1.0,2.0,0.0,-4.0
2023-24,Maxi Kleber,1628467,-6,20.0,3.0,1.0,0.5,-1.5
2023-24,Maxi Kleber,1628467,-4,20.0,2.0,0.0,0.5,-1.5
2023-24,Maxi Kleber,1628467,-3,26.0,4.0,1.0,0.333,2.333
2023-24,Maxi Kleber,1628467,-1,25.0,7.0,0.0,0.429,6.429
2023-24,Maxi Kleber,1628467,2,22.0,2.0,3.0,0.5,7.5
2023-24,Maxi Kleber,1628467,3,22.666666666666668,5.0,1.3333333333333333,0.2763333333333333,9.609666666666666
2023-24,Maxi Kleber,1628467,7,22.0,7.0,2.0,0.5,16.5
2023-24,Maxi Kleber,1628467,10,26.666666666666668,3.0,2.3333333333333335,0.143,15.476333333333333
2023-24,Maxi Kleber,1628467,12,27.0,14.0,5.0,0.75,31.75
2023-24,Maxi Kleber,1628467,13,23.5,3.0,2.0,0.75,18.75
2023-24,Maxi Kleber,1628467,14,23.0,5.0,0.0,0.4,19.4
2023-24,Maxi Kleber,1628467,16,22.0,3.0,1.0,0.333,20.333
2023-24,Maxi Kleber,1628467,26,25.0,12.0,3.0,0.5,41.5
2023-24,Maxi Kleber,1628467,27,21.0,5.0,4.0,1.0,37.0
2023-24,Maxi Kleber,1628467,29,30.0,9.0,3.0,0.333,41.333
2023-24,Micah Potter,1630695,-9,20.0,5.0,3.0,0.25,-0.75
2023-24,Micah Potter,1630695,-2,21.0,10.0,1.0,0.571,9.571
2023-24,Michael Porter Jr.,1629008,-31,27.0,21.0,0.0,0.467,-9.533000000000001
2023-24,Michael Porter Jr.,1629008,-29,21.0,5.0,0.0,0.5,-23.5
2023-24,Michael Porter Jr.,1629008,-19,25.0,5.0,1.0,0.182,-12.818
2023-24,Michael Porter Jr.,1629008,-18,24.0,5.0,1.0,0.222,-11.777999999999999
2023-24,Michael Porter Jr.,1629008,-16,34.0,13.0,3.0,0.313,0.31299999999999883
2023-24,Michael Porter Jr.,1629008,-15,32.0,18.0,0.0,0.571,3.5710000000000015
2023-24,Michael Porter Jr.,1629008,-12,33.0,20.0,0.0,0.5,8.5
2023-24,Michael Porter Jr.,1629008,-10,33.5,15.5,1.5,0.402,7.402000000000001
2023-24,Michael Porter Jr.,1629008,-8,37.0,14.0,1.0,0.429,7.429
2023-24,Michael Porter Jr.,1629008,-7,32.0,14.0,2.0,0.4285,9.4285
2023-24,Michael Porter Jr.,1629008,-6,35.5,16.5,1.0,0.472,11.972000000000001
2023-24,Michael Porter Jr.,1629008,-4,30.0,9.0,1.0,0.444,6.444000000000001
2023-24,Michael Porter Jr.,1629008,-3,35.666666666666664,13.666666666666666,2.3333333333333335,0.35433333333333333,13.354333333333333
2023-24,Michael Porter Jr.,1629008,-2,28.0,15.5,3.0,0.4855,16.9855
2023-24,Michael Porter Jr.,1629008,-1,37.5,13.5,1.0,0.381,13.881
2023-24,Michael Porter Jr.,1629008,1,35.0,25.0,1.5,0.483,27.983
2023-24,Michael Porter Jr.,1629008,2,37.0,25.0,0.0,0.579,27.579
2023-24,Michael Porter Jr.,1629008,3,31.0,17.0,0.0,0.375,20.375
2023-24,Michael Porter Jr.,1629008,4,32.0,14.666666666666666,1.6666666666666667,0.5561666666666667,20.889499999999998
2023-24,Michael Porter Jr.,1629008,5,26.25,14.25,0.75,0.5475,20.5475
2023-24,Michael Porter Jr.,1629008,6,35.25,20.5,1.5,0.5527500000000001,28.55275
2023-24,Michael Porter Jr.,1629008,7,33.5,11.5,1.5,0.361,20.361
2023-24,Michael Porter Jr.,1629008,8,33.25,16.75,1.75,0.4325,26.9325
2023-24,Michael Porter Jr.,1629008,10,31.666666666666668,19.666666666666668,1.3333333333333333,0.5036666666666666,31.503666666666668
2023-24,Michael Porter Jr.,1629008,11,31.0,14.5,0.5,0.521,26.521
2023-24,Michael Porter Jr.,1629008,12,25.5,13.5,2.25,0.4155,28.1655
2023-24,Michael Porter Jr.,1629008,13,31.333333333333332,17.666666666666668,2.3333333333333335,0.5096666666666666,33.50966666666667
2023-24,Michael Porter Jr.,1629008,14,33.0,20.0,1.0,0.667,35.667
2023-24,Michael Porter Jr.,1629008,15,28.5,19.75,1.25,0.5275,36.5275
2023-24,Michael Porter Jr.,1629008,17,34.0,29.0,1.0,0.5875,47.5875
2023-24,Michael Porter Jr.,1629008,18,31.5,19.5,1.0,0.4605,38.960499999999996
2023-24,Michael Porter Jr.,1629008,23,40.0,19.0,1.0,0.471,43.471000000000004
2023-24,Michael Porter Jr.,1629008,25,36.0,31.0,0.0,0.813,56.813
2023-24,Michael Porter Jr.,1629008,26,33.0,30.0,5.0,0.647,61.647
2023-24,Michael Porter Jr.,1629008,27,24.0,12.0,4.0,0.417,43.417
2023-24,Michael Porter Jr.,1629008,28,22.0,8.0,0.0,0.5,36.5
2023-24,Michael Porter Jr.,1629008,29,28.0,18.0,2.0,0.583,49.583
2023-24,Michael Porter Jr.,1629008,30,30.0,27.0,2.0,0.563,59.563
2023-24,Michael Porter Jr.,1629008,33,30.0,22.0,1.0,0.471,56.471000000000004
2023-24,Michael Porter Jr.,1629008,35,24.0,14.0,1.0,0.455,50.455
2023-24,Mikal Bridges,1628969,-30,30.0,16.666666666666668,3.6666666666666665,0.39433333333333337,-9.272333333333332
2023-24,Mikal Bridges,1628969,-28,32.0,15.0,3.5,0.2945,-9.2055
2023-24,Mikal Bridges,1628969,-24,29.0,13.0,2.0,0.364,-8.636
2023-24,Mikal Bridges,1628969,-23,37.0,13.0,4.0,0.313,-5.687000000000001
2023-24,Mikal Bridges,1628969,-19,35.5,14.0,4.0,0.264,-0.7360000000000007
2023-24,Mikal Bridges,1628969,-18,38.0,28.0,4.0,0.524,14.524000000000001
2023-24,Mikal Bridges,1628969,-17,32.0,15.0,2.0,0.19,0.19000000000000128
2023-24,Mikal Bridges,1628969,-15,24.0,8.0,1.0,0.375,-5.625
2023-24,Mikal Bridges,1628969,-14,31.25,16.25,3.5,0.4455,6.195499999999999
2023-24,Mikal Bridges,1628969,-13,29.5,15.5,3.25,0.41500000000000004,6.164999999999999
2023-24,Mikal Bridges,1628969,-12,37.4,24.4,5.0,0.4462,17.8462
2023-24,Mikal Bridges,1628969,-11,29.0,7.0,4.0,0.125,0.125
2023-24,Mikal Bridges,1628969,-10,40.0,19.0,4.0,0.333,13.332999999999998
2023-24,Mikal Bridges,1628969,-9,37.0,19.0,4.0,0.35,14.350000000000001
2023-24,Mikal Bridges,1628969,-8,34.0,18.5,4.0,0.382,14.882000000000001
2023-24,Mikal Bridges,1628969,-7,35.666666666666664,17.666666666666668,4.333333333333333,0.49133333333333334,15.491333333333333
2023-24,Mikal Bridges,1628969,-6,41.0,17.333333333333332,4.0,0.3433333333333333,15.676666666666666
2023-24,Mikal Bridges,1628969,-5,37.333333333333336,22.0,2.3333333333333335,0.4666666666666666,19.799999999999997
2023-24,Mikal Bridges,1628969,-4,39.0,21.0,2.0,0.438,19.438
2023-24,Mikal Bridges,1628969,-3,34.0,20.5,4.0,0.4445,21.9445
2023-24,Mikal Bridges,1628969,-2,41.5,30.0,2.5,0.46499999999999997,30.965000000000003
2023-24,Mikal Bridges,1628969,-1,32.666666666666664,14.666666666666666,4.333333333333333,0.395,18.395
2023-24,Mikal Bridges,1628969,0,34.25,21.5,3.0,0.45875,24.95875
2023-24,Mikal Bridges,1628969,1,30.333333333333332,17.666666666666668,5.0,0.443,24.10966666666667
2023-24,Mikal Bridges,1628969,2,35.0,21.0,3.0,0.444,26.444
2023-24,Mikal Bridges,1628969,3,47.0,19.0,4.0,0.438,26.438
2023-24,Mikal Bridges,1628969,5,37.0,20.0,4.0,0.3925,29.3925
2023-24,Mikal Bridges,1628969,6,32.0,29.0,7.0,0.529,42.529
2023-24,Mikal Bridges,1628969,7,37.333333333333336,22.0,4.0,0.43766666666666665,33.437666666666665
2023-24,Mikal Bridges,1628969,9,34.0,25.0,5.0,0.643,39.643
2023-24,Mikal Bridges,1628969,10,37.5,19.5,4.0,0.551,34.051
2023-24,Mikal Bridges,1628969,11,36.0,19.0,1.0,0.429,31.429
2023-24,Mikal Bridges,1628969,12,32.0,21.0,4.0,0.529,37.528999999999996
2023-24,Mikal Bridges,1628969,13,38.0,38.0,2.0,0.538,53.538
2023-24,Mikal Bridges,1628969,14,34.0,17.0,5.0,0.545,36.545
2023-24,Mikal Bridges,1628969,15,37.0,22.0,5.0,0.529,42.528999999999996
2023-24,Mikal Bridges,1628969,16,34.5,24.5,3.0,0.477,43.977000000000004
2023-24,Mikal Bridges,1628969,17,34.0,19.333333333333332,3.0,0.40166666666666667,39.735
2023-24,Mikal Bridges,1628969,22,30.0,11.0,2.0,0.4,35.4
2023-24,Mikal Bridges,1628969,24,30.0,21.0,3.0,0.6,48.6
2023-24,Mikal Bridges,1628969,25,32.0,23.0,4.0,0.438,52.438
2023-24,Mikal Bridges,1628969,26,35.0,42.0,3.0,0.6,71.6
2023-24,Mikal Bridges,1628969,30,33.0,15.0,5.0,0.429,50.429
2023-24,Mikal Bridges,1628969,33,37.0,33.0,4.0,0.5,70.5
2023-24,Mike Conley,201144,-27,24.0,5.0,3.0,0.167,-18.833
2023-24,Mike Conley,201144,-24,28.0,9.0,6.0,0.5,-8.5
2023-24,Mike Conley,201144,-22,31.5,8.5,6.0,0.2955,-7.2044999999999995
2023-24,Mike Conley,201144,-19,27.0,17.0,7.0,0.545,5.545000000000002
2023-24,Mike Conley,201144,-18,36.0,8.0,3.0,0.6,-6.4
2023-24,Mike Conley,201144,-16,22.0,14.0,3.0,0.625,1.625
2023-24,Mike Conley,201144,-14,26.0,12.0,5.5,0.657,4.157
2023-24,Mike Conley,201144,-13,28.0,4.0,9.0,0.111,0.11100000000000065
2023-24,Mike Conley,201144,-12,28.0,6.0,3.0,0.222,-2.7780000000000005
2023-24,Mike Conley,201144,-10,28.8,11.2,5.0,0.4332,6.633199999999999
2023-24,Mike Conley,201144,-9,36.0,9.0,8.0,0.429,8.428999999999998
2023-24,Mike Conley,201144,-8,27.0,4.0,7.0,0.25,3.25
2023-24,Mike Conley,201144,-6,29.5,15.0,5.0,0.54,14.54
2023-24,Mike Conley,201144,-5,30.0,5.0,5.0,0.25,5.25
2023-24,Mike Conley,201144,-4,31.0,6.0,5.0,0.286,7.286
2023-24,Mike Conley,201144,-3,28.0,19.0,7.0,0.462,23.462
2023-24,Mike Conley,201144,-1,32.0,9.0,7.0,0.429,15.428999999999998
2023-24,Mike Conley,201144,0,28.5,7.0,3.0,0.361,10.361
2023-24,Mike Conley,201144,1,31.0,13.0,6.0,0.5835,20.5835
2023-24,Mike Conley,201144,2,25.0,9.0,4.0,0.429,15.429
2023-24,Mike Conley,201144,3,31.5,14.5,7.0,0.39049999999999996,24.8905
2023-24,Mike Conley,201144,4,29.666666666666668,15.833333333333334,4.5,0.5548333333333334,24.88816666666667
2023-24,Mike Conley,201144,5,26.5,11.5,6.5,0.473,23.473
2023-24,Mike Conley,201144,6,27.875,13.375,7.375,0.5025,27.2525
2023-24,Mike Conley,201144,7,29.0,14.0,3.0,0.556,24.556
2023-24,Mike Conley,201144,8,29.5,9.0,7.5,0.2725,24.7725
2023-24,Mike Conley,201144,9,32.0,18.0,4.0,0.385,31.385
2023-24,Mike Conley,201144,10,29.0,10.666666666666666,7.333333333333333,0.3873333333333333,28.387333333333334
2023-24,Mike Conley,201144,11,29.0,17.0,10.0,0.636,38.635999999999996
2023-24,Mike Conley,201144,12,30.0,13.0,8.0,0.667,33.667
2023-24,Mike Conley,201144,13,25.0,8.0,5.0,0.375,26.375
2023-24,Mike Conley,201144,14,26.5,11.0,4.5,0.35250000000000004,29.8525
2023-24,Mike Conley,201144,15,27.5,7.0,4.0,0.3395,26.3395
2023-24,Mike Conley,201144,16,21.0,12.0,4.0,0.8,32.8
2023-24,Mike Conley,201144,17,30.5,8.5,8.5,0.2735,34.2735
2023-24,Mike Conley,201144,19,27.0,17.0,6.0,0.778,42.778
2023-24,Mike Conley,201144,20,28.0,9.5,6.0,0.354,35.854
2023-24,Mike Conley,201144,21,26.0,9.5,7.0,0.5,38.0
2023-24,Mike Conley,201144,23,29.0,9.0,8.0,0.354,40.354
2023-24,Mike Conley,201144,25,28.5,14.5,5.0,0.6060000000000001,45.106
2023-24,Mike Conley,201144,28,31.0,12.0,9.0,0.4,49.4
2023-24,Mike Conley,201144,35,20.0,9.0,10.0,0.429,54.429
2023-24,Mike Muscala,203488,-25,20.0,0.0,1.0,0.0,-24.0
2023-24,Mike Muscala,203488,-22,20.5,9.5,2.0,0.42100000000000004,-10.079
2023-24,Mike Muscala,203488,8,25.0,9.0,0.0,0.375,17.375
2023-24,Mike Muscala,203488,15,23.0,11.0,2.0,0.667,28.667
2023-24,Mike Muscala,203488,21,31.0,11.0,3.0,0.444,35.444
2023-24,Miles Bridges,1628970,-56,30.0,9.0,0.0,0.214,-46.786
2023-24,Miles Bridges,1628970,-48,36.0,17.0,0.0,0.4,-30.6
2023-24,Miles Bridges,1628970,-39,31.0,11.0,3.0,0.125,-24.875
2023-24,Miles Bridges,1628970,-36,32.0,9.0,4.0,0.188,-22.811999999999998
2023-24,Miles Bridges,1628970,-33,32.0,20.0,5.0,0.35,-7.649999999999999
2023-24,Miles Bridges,1628970,-32,34.0,20.5,0.0,0.4435,-11.0565
2023-24,Miles Bridges,1628970,-29,35.0,21.0,3.0,0.636,-4.364000000000001
2023-24,Miles Bridges,1628970,-24,38.0,19.0,3.0,0.348,-1.652000000000001
2023-24,Miles Bridges,1628970,-23,36.0,26.0,5.0,0.714,8.713999999999999
2023-24,Miles Bridges,1628970,-22,34.5,17.0,3.5,0.4585,-1.0414999999999992
2023-24,Miles Bridges,1628970,-20,36.5,22.0,3.0,0.502,5.501999999999999
2023-24,Miles Bridges,1628970,-19,39.5,25.5,2.5,0.4655,9.465499999999999
2023-24,Miles Bridges,1628970,-18,38.0,17.0,3.0,0.333,2.3329999999999984
2023-24,Miles Bridges,1628970,-17,39.0,17.5,4.0,0.48850000000000005,4.988499999999998
2023-24,Miles Bridges,1628970,-16,38.0,17.0,3.5,0.402,4.902000000000001
2023-24,Miles Bridges,1628970,-15,36.0,19.0,3.0,0.471,7.471
2023-24,Miles Bridges,1628970,-14,40.0,21.0,6.0,0.421,13.421
2023-24,Miles Bridges,1628970,-13,40.5,27.0,5.0,0.435,19.435000000000002
2023-24,Miles Bridges,1628970,-12,34.0,19.0,3.0,0.4,10.399999999999999
2023-24,Miles Bridges,1628970,-11,38.0,27.0,2.0,0.417,18.417
2023-24,Miles Bridges,1628970,-10,36.666666666666664,20.666666666666668,3.3333333333333335,0.43333333333333335,14.433333333333334
2023-24,Miles Bridges,1628970,-9,35.0,23.0,2.5,0.5835,17.0835
2023-24,Miles Bridges,1628970,-8,37.0,11.0,3.0,0.2605,6.2605
2023-24,Miles Bridges,1628970,-7,34.0,23.0,5.0,0.45999999999999996,21.46
2023-24,Miles Bridges,1628970,-6,40.0,26.2,3.8,0.4814,24.4814
2023-24,Miles Bridges,1628970,-5,37.0,22.0,2.0,0.348,19.348
2023-24,Miles Bridges,1628970,-4,39.0,32.0,3.5,0.641,32.141
2023-24,Miles Bridges,1628970,-3,39.0,20.0,4.0,0.474,21.474
2023-24,Miles Bridges,1628970,-2,40.0,24.0,5.0,0.5,27.5
2023-24,Miles Bridges,1628970,-1,37.0,33.0,0.0,0.611,32.611
2023-24,Miles Bridges,1628970,0,39.0,14.0,4.5,0.375,18.875
2023-24,Miles Bridges,1628970,1,38.0,20.0,7.0,0.529,28.529
2023-24,Miles Bridges,1628970,2,34.5,20.5,3.0,0.6000000000000001,26.1
2023-24,Miles Bridges,1628970,3,37.0,21.75,3.0,0.46425,28.21425
2023-24,Miles Bridges,1628970,4,38.0,22.0,3.5,0.4955,29.9955
2023-24,Miles Bridges,1628970,5,39.0,15.0,3.0,0.412,23.412
2023-24,Miles Bridges,1628970,7,38.0,25.0,5.0,0.846,37.846000000000004
2023-24,Miles Bridges,1628970,8,40.0,25.0,3.0,0.409,36.409
2023-24,Miles Bridges,1628970,9,40.0,27.0,3.0,0.5,39.5
2023-24,Miles Bridges,1628970,10,39.0,18.0,1.0,0.444,29.444
2023-24,Miles Bridges,1628970,11,39.0,24.0,4.0,0.667,39.667
2023-24,Miles Bridges,1628970,12,39.5,26.5,5.0,0.5355,44.0355
2023-24,Miles Bridges,1628970,18,41.0,23.0,4.0,0.471,45.471000000000004
2023-24,Miles Bridges,1628970,33,34.0,17.0,4.0,0.385,54.385000000000005
2023-24,Miles McBride,1630540,-26,40.0,10.0,8.0,0.273,-7.727
2023-24,Miles McBride,1630540,-13,31.0,8.0,1.0,0.182,-3.8179999999999996
2023-24,Miles McBride,1630540,-11,44.5,16.0,4.0,0.4265,9.4265
2023-24,Miles McBride,1630540,-9,21.0,2.0,4.0,0.167,-2.833
2023-24,Miles McBride,1630540,-7,45.0,11.0,9.0,0.267,13.267
2023-24,Miles McBride,1630540,-6,45.0,19.0,3.0,0.4,16.4
2023-24,Miles McBride,1630540,-5,45.0,7.0,3.0,0.333,5.333
2023-24,Miles McBride,1630540,-4,43.0,18.0,2.5,0.4355,16.9355
2023-24,Miles McBride,1630540,-2,21.0,7.0,2.0,0.3,7.300000000000001
2023-24,Miles McBride,1630540,-1,22.0,16.0,0.0,0.462,15.462
2023-24,Miles McBride,1630540,0,31.0,12.0,3.0,0.357,15.357
2023-24,Miles McBride,1630540,2,22.0,14.0,1.0,0.75,17.75
2023-24,Miles McBride,1630540,3,39.666666666666664,22.666666666666668,1.6666666666666667,0.5693333333333334,27.90266666666667
2023-24,Miles McBride,1630540,5,22.0,13.0,2.0,0.625,20.625
2023-24,Miles McBride,1630540,10,29.0,16.0,0.0,0.462,26.462
2023-24,Miles McBride,1630540,11,47.0,16.0,5.0,0.4,32.4
2023-24,Miles McBride,1630540,12,48.0,26.0,3.0,0.563,41.563
2023-24,Miles McBride,1630540,13,29.5,12.5,2.5,0.6,28.6
2023-24,Miles McBride,1630540,14,21.0,13.0,1.0,0.444,28.444000000000003
2023-24,Miles McBride,1630540,28,43.0,13.0,4.0,0.417,45.417
2023-24,Miles McBride,1630540,40,39.0,29.0,7.0,0.588,76.588
2023-24,Mitchell Robinson,1629011,-17,20.0,5.0,0.0,0.5,-11.5
2023-24,Mitchell Robinson,1629011,-14,33.0,4.0,1.0,1.0,-8.0
2023-24,Mitchell Robinson,1629011,-11,29.0,9.0,0.0,0.607,-1.3930000000000007
2023-24,Mitchell Robinson,1629011,-10,27.0,2.0,3.0,0.5,-4.5
2023-24,Mitchell Robinson,1629011,-9,25.0,15.0,0.0,0.833,6.833
2023-24,Mitchell Robinson,1629011,-4,29.0,0.0,1.0,0.0,-3.0
2023-24,Mitchell Robinson,1629011,-1,33.0,4.5,0.5,0.4165,4.4165
2023-24,Mitchell Robinson,1629011,1,22.0,2.0,1.0,0.25,4.25
2023-24,Mitchell Robinson,1629011,4,28.5,11.5,0.0,0.657,16.157
2023-24,Mitchell Robinson,1629011,6,26.5,7.0,0.5,1.0,14.5
2023-24,Mitchell Robinson,1629011,8,30.0,6.0,0.5,0.75,15.25
2023-24,Mitchell Robinson,1629011,9,33.0,4.0,1.0,0.4,14.4
2023-24,Mitchell Robinson,1629011,11,37.0,7.0,1.0,0.333,19.333
2023-24,Mitchell Robinson,1629011,16,27.0,6.0,1.0,0.75,23.75
2023-24,Mitchell Robinson,1629011,18,32.0,6.0,0.0,0.5,24.5
2023-24,Mitchell Robinson,1629011,30,31.0,8.0,1.0,0.75,39.75
2023-24,Mo Bamba,1628964,-13,25.0,18.0,2.0,0.875,7.875
2023-24,Mo Bamba,1628964,-4,21.0,5.0,1.0,0.4,2.4000000000000004
2023-24,Mo Bamba,1628964,-1,23.0,5.0,3.0,0.667,7.667
2023-24,Mo Bamba,1628964,0,31.0,11.0,3.0,0.429,14.429
2023-24,Mo Bamba,1628964,1,24.5,8.5,0.5,0.6785,10.6785
2023-24,Mo Bamba,1628964,9,20.0,11.0,0.0,0.667,20.667
2023-24,Monte Morris,1628420,-7,22.0,8.0,2.0,0.5,3.5
2023-24,Monte Morris,1628420,-1,26.0,8.0,4.0,0.25,11.25
2023-24,Monte Morris,1628420,10,22.0,9.0,3.0,0.6,22.6
2023-24,Monte Morris,1628420,13,21.0,5.0,5.0,0.286,23.286
2023-24,Monte Morris,1628420,30,24.0,13.0,5.0,0.625,48.625
2023-24,Moritz Wagner,1629021,-15,26.0,19.0,0.0,0.615,4.614999999999998
2023-24,Moritz Wagner,1629021,-13,31.0,21.0,2.0,0.667,10.667000000000002
2023-24,Moritz Wagner,1629021,-12,21.0,18.0,2.0,0.667,8.667000000000002
2023-24,Moritz Wagner,1629021,-11,21.0,11.0,0.0,0.714,0.7140000000000004
2023-24,Moritz Wagner,1629021,-8,20.0,10.0,0.0,0.528,2.5280000000000005
2023-24,Moritz Wagner,1629021,-7,23.0,13.0,2.0,0.625,8.625
2023-24,Moritz Wagner,1629021,-3,24.0,16.0,1.0,0.583,14.582999999999998
2023-24,Moritz Wagner,1629021,-1,23.5,15.5,1.0,0.9285,16.4285
2023-24,Moritz Wagner,1629021,0,23.0,10.0,3.0,0.8,13.8
2023-24,Moritz Wagner,1629021,1,37.0,19.0,3.0,0.571,23.571
2023-24,Moritz Wagner,1629021,2,20.0,5.0,1.0,0.333,8.333
2023-24,Moritz Wagner,1629021,3,20.0,13.0,3.0,0.8,19.8
2023-24,Moritz Wagner,1629021,4,21.0,16.0,0.0,0.857,20.857
2023-24,Moritz Wagner,1629021,6,21.0,12.0,1.0,0.5,19.5
2023-24,Moritz Wagner,1629021,7,28.0,19.0,4.0,0.778,30.778
2023-24,Moritz Wagner,1629021,9,22.0,18.0,0.0,0.615,27.615
2023-24,Moritz Wagner,1629021,11,21.0,19.0,1.0,0.778,31.778
2023-24,Moritz Wagner,1629021,12,20.0,9.0,3.0,1.0,25.0
2023-24,Moritz Wagner,1629021,15,23.0,27.0,0.0,0.692,42.692
2023-24,Moritz Wagner,1629021,16,20.0,6.0,7.0,0.6,29.6
2023-24,Moritz Wagner,1629021,18,24.0,22.0,0.0,0.583,40.583
2023-24,Moritz Wagner,1629021,20,22.0,16.0,1.0,0.385,37.385000000000005
2023-24,Moritz Wagner,1629021,23,26.0,21.0,2.0,0.667,46.667
2023-24,Moses Moody,1630541,-23,26.0,9.0,2.0,0.375,-11.625
2023-24,Moses Moody,1630541,-15,23.0,12.0,0.0,0.5,-2.5
2023-24,Moses Moody,1630541,-9,26.5,11.0,0.5,0.391,2.891
2023-24,Moses Moody,1630541,-7,24.0,21.0,0.0,0.444,14.443999999999999
2023-24,Moses Moody,1630541,-4,22.0,12.0,1.0,0.513,9.513
2023-24,Moses Moody,1630541,-3,22.0,8.0,1.0,0.5,6.5
2023-24,Moses Moody,1630541,-2,21.5,15.5,0.5,0.611,14.611
2023-24,Moses Moody,1630541,-1,31.0,21.0,2.0,0.385,22.385
2023-24,Moses Moody,1630541,1,23.0,9.0,1.0,0.75,11.75
2023-24,Moses Moody,1630541,3,22.333333333333332,10.333333333333334,0.0,0.47633333333333333,13.809666666666667
2023-24,Moses Moody,1630541,7,23.0,12.0,3.0,0.444,22.444000000000003
2023-24,Moses Moody,1630541,8,21.0,8.0,1.0,0.667,17.667
2023-24,Moses Moody,1630541,11,21.0,10.0,1.0,0.8,22.8
2023-24,Moses Moody,1630541,12,22.5,12.5,2.0,0.5625,27.0625
2023-24,Moses Moody,1630541,16,25.0,8.0,2.0,0.25,26.25
2023-24,Moses Moody,1630541,17,31.0,17.0,1.0,0.538,35.538
2023-24,Moses Moody,1630541,18,20.0,13.0,4.0,0.625,35.625
2023-24,Moses Moody,1630541,22,20.0,6.0,1.0,0.429,29.429000000000002
2023-24,Moses Moody,1630541,23,25.0,8.0,1.0,0.333,32.333
2023-24,Mouhamadou Gueye,1631338,-4,23.0,3.0,1.0,0.143,0.1429999999999998
2023-24,Mouhamed Gueye,1631243,-18,26.0,19.0,0.0,0.545,1.5450000000000017
2023-24,Mouhamed Gueye,1631243,-3,20.0,2.0,1.0,0.2,0.20000000000000018
2023-24,Myles Turner,1626167,-20,23.333333333333332,10.333333333333334,2.0,0.41100000000000003,-7.2556666666666665
2023-24,Myles Turner,1626167,-18,26.0,16.0,1.0,0.625,-0.375
2023-24,Myles Turner,1626167,-15,21.0,12.0,0.0,0.286,-2.7140000000000004
2023-24,Myles Turner,1626167,-13,28.333333333333332,18.333333333333332,1.3333333333333333,0.45799999999999996,7.124666666666663
2023-24,Myles Turner,1626167,-11,29.0,12.0,2.0,0.455,3.455
2023-24,Myles Turner,1626167,-10,28.0,17.0,5.0,0.545,12.545000000000002
2023-24,Myles Turner,1626167,-9,32.0,20.666666666666668,2.3333333333333335,0.48533333333333334,14.485333333333333
2023-24,Myles Turner,1626167,-8,32.0,18.0,1.0,0.5,11.5
2023-24,Myles Turner,1626167,-7,30.0,16.0,0.0,0.353,9.353000000000002
2023-24,Myles Turner,1626167,-6,26.5,13.5,0.5,0.3725,8.3725
2023-24,Myles Turner,1626167,-5,29.0,18.4,1.0,0.5052,14.905199999999997
2023-24,Myles Turner,1626167,-4,37.0,22.0,2.0,0.5,20.5
2023-24,Myles Turner,1626167,-2,35.0,15.0,2.0,0.5,15.5
2023-24,Myles Turner,1626167,-1,34.0,16.0,1.0,0.538,16.538
2023-24,Myles Turner,1626167,0,28.0,21.0,2.0,0.5,23.5
2023-24,Myles Turner,1626167,1,23.333333333333332,16.0,0.3333333333333333,0.5223333333333334,17.855666666666664
2023-24,Myles Turner,1626167,2,26.0,12.5,0.0,0.455,14.955
2023-24,Myles Turner,1626167,3,22.0,22.0,0.0,0.667,25.667
2023-24,Myles Turner,1626167,4,25.5,15.5,1.0,0.556,21.056
2023-24,Myles Turner,1626167,5,27.5,17.0,2.5,0.7855,25.2855
2023-24,Myles Turner,1626167,6,31.666666666666668,23.0,1.6666666666666667,0.5566666666666666,31.223333333333336
2023-24,Myles Turner,1626167,7,27.5,22.0,1.5,0.509,31.009
2023-24,Myles Turner,1626167,9,25.0,12.0,4.0,0.556,25.556
2023-24,Myles Turner,1626167,10,30.0,17.0,1.0,0.667,28.667
2023-24,Myles Turner,1626167,11,30.0,27.0,0.0,0.643,38.643
2023-24,Myles Turner,1626167,12,28.0,18.5,1.5,0.6115,32.6115
2023-24,Myles Turner,1626167,13,28.0,17.0,0.0,0.636,30.636
2023-24,Myles Turner,1626167,14,27.8,14.0,1.8,0.48439999999999994,30.2844
2023-24,Myles Turner,1626167,15,30.0,15.0,2.0,0.667,32.667
2023-24,Myles Turner,1626167,16,25.666666666666668,15.666666666666666,1.6666666666666667,0.5,33.83333333333333
2023-24,Myles Turner,1626167,17,30.0,28.0,2.0,0.588,47.588
2023-24,Myles Turner,1626167,18,29.0,24.0,0.0,0.818,42.818
2023-24,Myles Turner,1626167,19,22.5,16.5,1.0,0.635,37.135000000000005
2023-24,Myles Turner,1626167,21,27.0,20.0,1.0,0.583,42.583
2023-24,Myles Turner,1626167,22,34.0,17.0,1.0,0.438,40.438
2023-24,Myles Turner,1626167,23,26.0,23.0,2.0,0.571,48.571
2023-24,Myles Turner,1626167,25,22.0,27.0,3.0,0.714,55.714
2023-24,Myles Turner,1626167,26,21.0,31.0,0.0,0.765,57.765
2023-24,Myles Turner,1626167,30,26.0,24.0,0.0,0.667,54.667
2023-24,Naji Marshall,1630230,-27,26.0,7.0,2.0,0.286,-17.714
2023-24,Naji Marshall,1630230,-13,21.0,1.0,1.0,0.0,-11.0
2023-24,Naji Marshall,1630230,-8,26.0,7.0,2.0,0.286,1.2859999999999996
2023-24,Naji Marshall,1630230,-7,25.666666666666668,8.333333333333334,1.0,0.4723333333333333,2.805666666666667
2023-24,Naji Marshall,1630230,-5,26.5,4.0,3.5,0.3,2.8
2023-24,Naji Marshall,1630230,-3,27.0,5.0,1.0,0.0,3.0
2023-24,Naji Marshall,1630230,-2,20.0,5.0,4.0,0.333,7.333
2023-24,Naji Marshall,1630230,2,23.0,13.5,3.0,0.5055000000000001,19.0055
2023-24,Naji Marshall,1630230,6,27.0,14.0,3.0,0.5,23.5
2023-24,Naji Marshall,1630230,8,31.0,10.0,2.0,0.75,20.75
2023-24,Naji Marshall,1630230,10,22.5,10.0,3.0,0.4375,23.4375
2023-24,Naji Marshall,1630230,12,23.0,0.0,0.0,0.0,12.0
2023-24,Naji Marshall,1630230,13,28.0,3.0,3.0,0.25,19.25
2023-24,Naji Marshall,1630230,15,23.0,9.0,1.5,0.607,26.107
2023-24,Naji Marshall,1630230,16,22.0,14.0,3.0,0.364,33.364000000000004
2023-24,Naji Marshall,1630230,20,22.0,11.0,2.0,0.75,33.75
2023-24,Naji Marshall,1630230,21,23.0,13.0,1.0,0.75,35.75
2023-24,Naji Marshall,1630230,25,20.0,11.5,4.0,0.65,41.15
2023-24,Naji Marshall,1630230,26,22.0,13.0,1.0,0.545,40.545
2023-24,Naji Marshall,1630230,37,27.0,16.0,7.0,0.545,60.545
2023-24,Nassir Little,1629642,-15,20.0,11.0,0.0,0.444,-3.555999999999999
2023-24,Nassir Little,1629642,-9,24.5,7.5,2.0,0.5555,1.0555000000000003
2023-24,Nassir Little,1629642,-5,25.0,5.0,1.0,0.4,1.4000000000000004
2023-24,Nassir Little,1629642,-1,20.0,6.0,0.0,0.375,5.375
2023-24,Nassir Little,1629642,2,22.0,13.0,0.0,0.667,15.667
2023-24,Nassir Little,1629642,13,26.0,10.0,3.0,0.571,26.570999999999998
2023-24,Nate Williams,1631466,10,21.0,13.0,0.0,0.667,23.667
2023-24,Nathan Mensah,1641877,-45,28.0,2.0,1.0,0.333,-41.667
2023-24,Nathan Mensah,1641877,-26,21.0,2.0,1.0,0.5,-22.5
2023-24,Nathan Mensah,1641877,-10,20.0,0.0,1.0,0.0,-9.0
2023-24,Naz Reid,1629675,-27,20.0,10.0,1.0,0.444,-15.556
2023-24,Naz Reid,1629675,-21,23.0,13.0,0.0,0.417,-7.583
2023-24,Naz Reid,1629675,-19,32.0,8.0,2.0,0.231,-8.769
2023-24,Naz Reid,1629675,-18,21.0,3.0,2.0,0.0,-13.0
2023-24,Naz Reid,1629675,-17,20.0,10.0,1.0,0.5,-5.5
2023-24,Naz Reid,1629675,-13,23.0,8.0,1.0,0.2,-3.8000000000000007
2023-24,Naz Reid,1629675,-12,26.0,13.0,2.0,0.4,3.4000000000000004
2023-24,Naz Reid,1629675,-10,42.0,25.0,3.0,0.529,18.529
2023-24,Naz Reid,1629675,-9,32.0,34.0,2.0,0.556,27.555999999999997
2023-24,Naz Reid,1629675,-7,22.0,16.0,2.0,0.47150000000000003,11.471499999999999
2023-24,Naz Reid,1629675,-6,28.0,20.0,0.0,0.636,14.636
2023-24,Naz Reid,1629675,-4,25.0,14.0,2.5,0.4285,12.9285
2023-24,Naz Reid,1629675,-3,27.0,19.0,2.0,0.5,18.5
2023-24,Naz Reid,1629675,-2,23.5,10.0,1.0,0.4445,9.4445
2023-24,Naz Reid,1629675,-1,26.0,15.0,0.0,0.583,14.583
2023-24,Naz Reid,1629675,0,24.0,17.0,2.0,0.467,19.467
2023-24,Naz Reid,1629675,1,23.0,12.666666666666666,1.6666666666666667,0.5556666666666666,15.889
2023-24,Naz Reid,1629675,2,28.5,13.75,2.25,0.3795,18.3795
2023-24,Naz Reid,1629675,3,24.25,10.0,1.75,0.347,15.097
2023-24,Naz Reid,1629675,4,21.25,11.75,0.25,0.54025,16.54025
2023-24,Naz Reid,1629675,5,25.0,15.666666666666666,1.3333333333333333,0.446,22.446
2023-24,Naz Reid,1629675,6,23.0,17.0,0.0,0.545,23.545
2023-24,Naz Reid,1629675,7,23.0,10.0,2.0,0.417,19.417
2023-24,Naz Reid,1629675,8,26.666666666666668,11.0,1.3333333333333333,0.436,20.769333333333336
2023-24,Naz Reid,1629675,9,26.0,18.5,2.5,0.528,30.528
2023-24,Naz Reid,1629675,10,26.5,16.5,2.5,0.42800000000000005,29.428
2023-24,Naz Reid,1629675,11,35.0,31.0,1.0,0.75,43.75
2023-24,Naz Reid,1629675,12,25.0,23.0,1.0,0.533,36.533
2023-24,Naz Reid,1629675,13,27.0,21.0,1.0,0.727,35.727000000000004
2023-24,Naz Reid,1629675,14,33.0,7.0,2.0,0.167,23.167
2023-24,Naz Reid,1629675,15,21.0,6.0,3.0,0.429,24.429000000000002
2023-24,Naz Reid,1629675,16,24.5,17.25,1.0,0.6214999999999999,34.8715
2023-24,Naz Reid,1629675,17,26.5,15.0,1.5,0.49575,33.99575
2023-24,Naz Reid,1629675,18,25.0,14.5,1.5,0.5225,34.5225
2023-24,Naz Reid,1629675,21,24.0,16.0,2.0,0.545,39.545
2023-24,Naz Reid,1629675,23,26.0,12.0,2.0,0.4,37.4
2023-24,Naz Reid,1629675,25,27.0,17.0,0.0,0.75,42.75
2023-24,Naz Reid,1629675,30,28.0,25.0,1.0,0.714,56.714
2023-24,Neemias Queta,1629674,10,20.0,10.0,1.0,0.625,21.625
2023-24,Neemias Queta,1629674,14,22.0,14.0,3.0,0.571,31.571
2023-24,Nic Claxton,1629651,-26,20.0,6.0,3.0,0.5,-16.5
2023-24,Nic Claxton,1629651,-24,29.0,7.0,1.5,0.55,-14.95
2023-24,Nic Claxton,1629651,-21,29.666666666666668,10.333333333333334,2.6666666666666665,0.6183333333333333,-7.381666666666666
2023-24,Nic Claxton,1629651,-19,24.5,9.0,1.0,0.619,-8.381
2023-24,Nic Claxton,1629651,-18,25.5,8.5,0.5,0.55,-8.45
2023-24,Nic Claxton,1629651,-17,27.0,13.0,0.6666666666666666,0.7776666666666667,-2.555666666666667
2023-24,Nic Claxton,1629651,-15,34.0,9.0,2.0,0.333,-3.667
2023-24,Nic Claxton,1629651,-14,26.0,10.0,2.0,0.714,-1.2859999999999996
2023-24,Nic Claxton,1629651,-12,28.0,7.0,4.0,0.3,-0.6999999999999993
2023-24,Nic Claxton,1629651,-11,30.0,12.0,4.0,0.5,5.5
2023-24,Nic Claxton,1629651,-10,24.5,9.0,4.0,0.75,3.75
2023-24,Nic Claxton,1629651,-9,29.666666666666668,12.666666666666666,2.3333333333333335,0.7520000000000001,6.752000000000001
2023-24,Nic Claxton,1629651,-8,28.333333333333332,10.666666666666666,1.0,0.637,4.3036666666666665
2023-24,Nic Claxton,1629651,-7,31.0,14.333333333333334,3.1666666666666665,0.7271666666666666,11.227166666666665
2023-24,Nic Claxton,1629651,-6,35.666666666666664,14.666666666666666,1.6666666666666667,0.5703333333333334,10.903666666666666
2023-24,Nic Claxton,1629651,-5,30.5,11.5,2.5,0.4335,9.4335
2023-24,Nic Claxton,1629651,-4,33.75,13.0,2.25,0.66725,11.91725
2023-24,Nic Claxton,1629651,-3,35.0,9.0,3.0,0.5,9.5
2023-24,Nic Claxton,1629651,-2,36.0,16.0,3.0,1.0,18.0
2023-24,Nic Claxton,1629651,0,30.0,14.5,2.0,0.6835,17.1835
2023-24,Nic Claxton,1629651,2,32.0,13.5,3.0,0.6275000000000001,19.1275
2023-24,Nic Claxton,1629651,3,28.25,12.75,1.25,0.70975,17.70975
2023-24,Nic Claxton,1629651,5,31.0,17.0,2.5,0.6134999999999999,25.1135
2023-24,Nic Claxton,1629651,7,29.0,11.0,2.0,0.4,20.4
2023-24,Nic Claxton,1629651,8,29.5,16.0,1.5,0.701,26.201
2023-24,Nic Claxton,1629651,12,27.5,12.5,1.0,0.41700000000000004,25.917
2023-24,Nic Claxton,1629651,13,27.0,11.0,3.5,0.8335,28.3335
2023-24,Nic Claxton,1629651,14,35.5,10.0,3.0,0.5665,27.566499999999998
2023-24,Nic Claxton,1629651,15,26.0,13.0,0.0,0.75,28.75
2023-24,Nic Claxton,1629651,18,28.0,13.0,3.0,0.85,34.85
2023-24,Nic Claxton,1629651,20,27.0,9.333333333333334,1.0,0.6,30.933333333333334
2023-24,Nick Richards,1630208,-29,29.0,15.0,1.0,0.583,-12.417000000000002
2023-24,Nick Richards,1630208,-25,29.0,16.0,0.0,0.778,-8.222000000000001
2023-24,Nick Richards,1630208,-21,32.0,9.5,1.0,0.7915,-9.7085
2023-24,Nick Richards,1630208,-19,22.0,12.0,1.0,0.625,-5.375
2023-24,Nick Richards,1630208,-18,26.0,14.0,1.0,0.5,-2.5
2023-24,Nick Richards,1630208,-17,31.0,12.0,1.0,0.714,-3.2859999999999996
2023-24,Nick Richards,1630208,-16,20.0,6.0,0.0,0.429,-9.571
2023-24,Nick Richards,1630208,-15,28.0,6.0,0.0,0.5165,-8.4835
2023-24,Nick Richards,1630208,-14,27.0,8.5,1.0,0.5,-4.0
2023-24,Nick Richards,1630208,-13,37.0,5.0,1.0,1.0,-6.0
2023-24,Nick Richards,1630208,-12,25.2,7.6,1.2,0.7034,-2.496600000000001
2023-24,Nick Richards,1630208,-11,29.0,9.0,0.0,0.6785,-1.3215000000000003
2023-24,Nick Richards,1630208,-10,32.0,12.0,2.0,0.714,4.714
2023-24,Nick Richards,1630208,-9,29.0,19.0,1.0,0.889,11.889
2023-24,Nick Richards,1630208,-8,34.0,9.75,1.0,0.68675,3.43675
2023-24,Nick Richards,1630208,-7,29.0,12.5,0.5,0.471,6.471
2023-24,Nick Richards,1630208,-6,23.5,13.5,0.5,0.889,8.889
2023-24,Nick Richards,1630208,-5,25.0,11.0,1.5,0.8285,8.3285
2023-24,Nick Richards,1630208,-4,29.333333333333332,9.0,1.6666666666666667,0.4443333333333333,7.110999999999999
2023-24,Nick Richards,1630208,-3,31.0,15.0,1.0,0.76475,13.76475
2023-24,Nick Richards,1630208,0,28.0,8.0,1.0,0.75,9.75
2023-24,Nick Richards,1630208,1,26.0,8.0,1.75,0.675,11.425
2023-24,Nick Richards,1630208,2,26.0,7.0,1.0,0.75,10.75
2023-24,Nick Richards,1630208,3,26.0,13.0,1.0,1.0,18.0
2023-24,Nick Richards,1630208,4,29.0,12.0,0.0,1.0,17.0
2023-24,Nick Richards,1630208,5,25.5,6.0,0.5,0.75,12.25
2023-24,Nick Richards,1630208,6,30.0,16.0,1.0,1.0,24.0
2023-24,Nick Richards,1630208,7,26.0,8.5,0.0,0.45699999999999996,15.957
2023-24,Nick Richards,1630208,9,32.0,21.0,0.0,0.727,30.727
2023-24,Nick Richards,1630208,11,29.0,11.0,0.0,0.8,22.8
2023-24,Nick Smith Jr.,1641733,-35,26.0,9.0,1.0,0.5,-24.5
2023-24,Nick Smith Jr.,1641733,-22,25.0,11.0,1.0,0.267,-9.733
2023-24,Nick Smith Jr.,1641733,-19,29.0,15.0,2.0,0.417,-1.5829999999999984
2023-24,Nick Smith Jr.,1641733,-16,24.0,9.0,5.0,0.444,-1.5559999999999992
2023-24,Nick Smith Jr.,1641733,-12,20.0,7.0,0.0,0.333,-4.667
2023-24,Nick Smith Jr.,1641733,-4,32.0,15.0,3.0,0.4,14.399999999999999
2023-24,Nick Smith Jr.,1641733,0,23.0,13.0,3.0,0.2,16.2
2023-24,Nick Smith Jr.,1641733,3,21.0,12.0,0.0,0.4,15.4
2023-24,Nick Smith Jr.,1641733,6,25.0,19.0,2.0,0.5,27.5
2023-24,Nick Smith Jr.,1641733,7,25.0,2.0,2.0,0.125,11.125
2023-24,Nick Smith Jr.,1641733,9,32.0,24.0,3.0,0.45,36.45
2023-24,Nickeil Alexander-Walker,1629638,-17,22.0,2.0,2.0,0.2,-12.8
2023-24,Nickeil Alexander-Walker,1629638,-16,25.0,5.0,1.0,0.4,-9.6
2023-24,Nickeil Alexander-Walker,1629638,-14,20.0,8.0,1.0,0.5,-4.5
2023-24,Nickeil Alexander-Walker,1629638,-13,24.0,7.0,5.0,0.286,-0.7140000000000004
2023-24,Nickeil Alexander-Walker,1629638,-12,22.0,6.0,2.0,0.25,-3.75
2023-24,Nickeil Alexander-Walker,1629638,-7,29.0,6.0,2.0,0.4,1.4000000000000004
2023-24,Nickeil Alexander-Walker,1629638,-6,22.0,7.0,1.0,0.5,2.5
2023-24,Nickeil Alexander-Walker,1629638,-5,23.75,13.0,1.25,0.5695,9.8195
2023-24,Nickeil Alexander-Walker,1629638,-4,28.75,8.25,2.0,0.3635,6.6135
2023-24,Nickeil Alexander-Walker,1629638,-3,31.0,9.0,4.0,0.43900000000000006,10.439
2023-24,Nickeil Alexander-Walker,1629638,-2,30.0,4.0,2.5,0.268,4.768
2023-24,Nickeil Alexander-Walker,1629638,-1,22.0,2.0,0.0,0.25,1.25
2023-24,Nickeil Alexander-Walker,1629638,0,25.0,11.0,2.5,0.47650000000000003,13.9765
2023-24,Nickeil Alexander-Walker,1629638,2,25.0,7.75,2.5,0.35875,12.60875
2023-24,Nickeil Alexander-Walker,1629638,8,26.0,5.5,4.0,0.375,17.875
2023-24,Nickeil Alexander-Walker,1629638,9,21.0,0.0,2.0,0.0,11.0
2023-24,Nickeil Alexander-Walker,1629638,10,35.0,12.0,3.0,0.333,25.333
2023-24,Nickeil Alexander-Walker,1629638,11,24.0,15.0,4.0,0.556,30.556
2023-24,Nickeil Alexander-Walker,1629638,12,24.0,9.25,2.25,0.46099999999999997,23.961
2023-24,Nickeil Alexander-Walker,1629638,13,22.0,6.666666666666667,3.0,0.4286666666666667,23.095333333333336
2023-24,Nickeil Alexander-Walker,1629638,14,27.0,28.0,1.0,0.9,43.9
2023-24,Nickeil Alexander-Walker,1629638,15,28.75,13.0,4.5,0.48225,32.98225
2023-24,Nickeil Alexander-Walker,1629638,17,34.0,9.0,3.0,0.429,29.429000000000002
2023-24,Nickeil Alexander-Walker,1629638,18,29.0,8.0,6.0,0.273,32.272999999999996
2023-24,Nickeil Alexander-Walker,1629638,20,22.5,10.0,2.5,0.5595,33.0595
2023-24,Nickeil Alexander-Walker,1629638,22,26.5,12.5,3.0,0.6785,38.1785
2023-24,Nickeil Alexander-Walker,1629638,23,34.0,14.0,2.0,0.444,39.444
2023-24,Nickeil Alexander-Walker,1629638,25,22.0,14.0,3.0,0.714,42.714
2023-24,Nickeil Alexander-Walker,1629638,26,27.0,7.5,3.0,0.2655,36.7655
2023-24,Nickeil Alexander-Walker,1629638,27,31.0,23.0,5.0,0.474,55.474000000000004
2023-24,Nicolas Batum,201587,-23,24.0,6.0,0.0,0.5,-16.5
2023-24,Nicolas Batum,201587,-19,24.0,3.0,1.0,0.2,-14.8
2023-24,Nicolas Batum,201587,-14,21.666666666666668,7.666666666666667,1.3333333333333333,0.65,-4.35
2023-24,Nicolas Batum,201587,-13,26.0,2.0,4.0,0.167,-6.833
2023-24,Nicolas Batum,201587,-11,20.0,0.0,0.0,0.0,-11.0
2023-24,Nicolas Batum,201587,-10,25.0,0.0,2.0,0.0,-8.0
2023-24,Nicolas Batum,201587,-7,24.0,4.5,1.5,0.25,-0.75
2023-24,Nicolas Batum,201587,-6,21.0,0.0,1.0,0.0,-5.0
2023-24,Nicolas Batum,201587,-4,25.666666666666668,6.333333333333333,2.0,0.47633333333333333,4.809666666666665
2023-24,Nicolas Batum,201587,-3,26.0,5.0,2.0,0.4,4.4
2023-24,Nicolas Batum,201587,-1,32.0,2.0,4.0,0.167,5.167
2023-24,Nicolas Batum,201587,0,28.666666666666668,6.666666666666667,1.6666666666666667,0.373,8.706333333333333
2023-24,Nicolas Batum,201587,1,33.0,9.0,0.0,0.6,10.6
2023-24,Nicolas Batum,201587,2,31.0,10.0,2.5,0.75,15.25
2023-24,Nicolas Batum,201587,3,30.0,6.666666666666667,4.0,0.5833333333333334,14.250000000000002
2023-24,Nicolas Batum,201587,4,31.0,7.0,3.0,0.25,14.25
2023-24,Nicolas Batum,201587,5,28.0,19.0,2.0,0.875,26.875
2023-24,Nicolas Batum,201587,6,30.0,8.0,3.0,0.6,17.6
2023-24,Nicolas Batum,201587,7,27.6,6.8,2.2,0.5534,16.5534
2023-24,Nicolas Batum,201587,8,45.0,9.0,2.0,0.429,19.429000000000002
2023-24,Nicolas Batum,201587,9,24.0,1.0,3.0,0.125,13.125
2023-24,Nicolas Batum,201587,11,28.666666666666668,4.666666666666667,2.3333333333333335,0.4723333333333333,18.47233333333333
2023-24,Nicolas Batum,201587,12,20.0,4.0,1.0,0.4,17.4
2023-24,Nicolas Batum,201587,13,26.0,3.0,3.0,0.5,19.5
2023-24,Nicolas Batum,201587,14,32.0,7.0,5.0,0.2855,26.2855
2023-24,Nicolas Batum,201587,18,26.0,3.0,2.5,0.25,23.75
2023-24,Nicolas Batum,201587,23,36.0,8.0,4.0,0.429,35.429
2023-24,Nicolas Batum,201587,24,20.0,3.0,3.0,0.333,30.333
2023-24,Nicolas Batum,201587,25,23.0,3.0,3.0,1.0,32.0
2023-24,Nicolas Batum,201587,30,24.5,7.0,4.0,0.5355,41.5355
2023-24,Nikola Jokic,203999,-23,27.0,31.0,3.0,0.722,11.722000000000001
2023-24,Nikola Jokic,203999,-21,30.0,27.0,6.0,0.889,12.889000000000003
2023-24,Nikola Jokic,203999,-19,30.0,22.0,5.0,0.6890000000000001,8.689
2023-24,Nikola Jokic,203999,-16,29.0,23.5,7.5,0.5675,15.567499999999999
2023-24,Nikola Jokic,203999,-13,44.0,25.0,5.0,0.444,17.444
2023-24,Nikola Jokic,203999,-12,42.0,38.0,8.0,0.452,34.452
2023-24,Nikola Jokic,203999,-9,36.5,28.0,8.5,0.49550000000000005,27.9955
2023-24,Nikola Jokic,203999,-7,29.0,23.0,7.0,0.529,23.529
2023-24,Nikola Jokic,203999,-6,38.0,15.0,8.0,0.353,17.353
2023-24,Nikola Jokic,203999,-5,34.0,29.0,7.0,0.6,31.6
2023-24,Nikola Jokic,203999,-4,36.0,29.0,8.0,0.684,33.684
2023-24,Nikola Jokic,203999,-1,38.0,22.0,12.0,0.692,33.692
2023-24,Nikola Jokic,203999,1,37.666666666666664,27.0,7.333333333333333,0.48900000000000005,35.82233333333333
2023-24,Nikola Jokic,203999,2,38.5,24.0,8.5,0.5315,35.0315
2023-24,Nikola Jokic,203999,3,35.0,30.0,6.333333333333333,0.418,39.751333333333335
2023-24,Nikola Jokic,203999,4,37.0,32.0,11.0,0.74,47.74
2023-24,Nikola Jokic,203999,5,36.5,34.0,12.0,0.5315,51.5315
2023-24,Nikola Jokic,203999,6,34.5,27.5,9.5,0.6819999999999999,43.682
2023-24,Nikola Jokic,203999,7,30.0,31.0,5.0,0.684,43.684
2023-24,Nikola Jokic,203999,8,36.5,30.0,5.5,0.6639999999999999,44.164
2023-24,Nikola Jokic,203999,9,38.0,29.333333333333332,11.0,0.5543333333333333,49.88766666666666
2023-24,Nikola Jokic,203999,10,36.0,19.25,7.75,0.59325,37.59325
2023-24,Nikola Jokic,203999,11,38.0,36.0,14.0,0.565,61.565
2023-24,Nikola Jokic,203999,12,36.6,27.0,10.2,0.5402,49.7402
2023-24,Nikola Jokic,203999,13,34.333333333333336,30.333333333333332,10.333333333333334,0.633,54.29966666666667
2023-24,Nikola Jokic,203999,14,34.0,39.0,9.0,0.586,62.586
2023-24,Nikola Jokic,203999,15,37.0,30.0,8.5,0.5549999999999999,54.055
2023-24,Nikola Jokic,203999,16,31.25,20.5,10.5,0.57675,47.576750000000004
2023-24,Nikola Jokic,203999,17,35.0,33.0,9.0,0.875,59.875
2023-24,Nikola Jokic,203999,19,30.0,17.0,8.0,0.549,44.549
2023-24,Nikola Jokic,203999,20,36.666666666666664,33.666666666666664,12.0,0.66,66.32666666666665
2023-24,Nikola Jokic,203999,21,32.333333333333336,26.666666666666668,7.666666666666667,0.5833333333333334,55.91666666666667
2023-24,Nikola Jokic,203999,23,32.5,24.5,11.0,0.8,59.3
2023-24,Nikola Jokic,203999,24,34.0,29.0,14.0,0.706,67.706
2023-24,Nikola Jokic,203999,25,29.0,26.0,10.0,1.0,62.0
2023-24,Nikola Jokic,203999,27,27.0,13.0,6.0,0.857,46.857
2023-24,Nikola Jokic,203999,29,33.5,31.5,11.0,0.669,72.169
2023-24,Nikola Jokic,203999,30,39.0,30.0,11.0,0.522,71.52199999999999
2023-24,Nikola Jokic,203999,33,33.0,28.0,9.0,0.563,70.563
2023-24,Nikola Jokic,203999,37,33.0,20.0,13.5,0.5835,71.0835
2023-24,Nikola Jovic,1631107,-16,24.0,7.0,1.0,0.375,-7.625
2023-24,Nikola Jovic,1631107,-11,30.0,11.0,4.0,0.364,4.364000000000001
2023-24,Nikola Jovic,1631107,-10,24.0,3.0,1.0,0.333,-5.667
2023-24,Nikola Jovic,1631107,-9,23.0,6.0,4.0,0.333,1.3330000000000002
2023-24,Nikola Jovic,1631107,-1,31.5,13.5,2.5,0.396,15.396
2023-24,Nikola Jovic,1631107,0,22.0,10.0,4.0,0.5,14.5
2023-24,Nikola Jovic,1631107,3,30.5,14.5,1.0,0.481,18.981
2023-24,Nikola Jovic,1631107,4,29.0,7.0,3.0,0.4,14.4
2023-24,Nikola Jovic,1631107,6,22.666666666666668,13.333333333333334,2.6666666666666665,0.48133333333333334,22.481333333333332
2023-24,Nikola Jovic,1631107,7,20.5,4.5,4.0,0.2775,15.7775
2023-24,Nikola Jovic,1631107,8,21.0,8.0,2.0,0.6,18.6
2023-24,Nikola Jovic,1631107,13,28.0,8.333333333333334,4.0,0.486,25.819333333333333
2023-24,Nikola Jovic,1631107,14,27.0,21.0,1.5,0.6074999999999999,37.1075
2023-24,Nikola Jovic,1631107,22,22.0,12.0,4.0,0.444,38.444
2023-24,Nikola Vucevic,202696,-27,29.0,19.0,3.0,0.471,-4.529
2023-24,Nikola Vucevic,202696,-26,25.0,8.0,2.0,0.364,-15.636
2023-24,Nikola Vucevic,202696,-22,30.666666666666668,16.666666666666668,3.0,0.49033333333333334,-1.843
2023-24,Nikola Vucevic,202696,-21,33.0,19.0,3.0,0.511,1.5109999999999992
2023-24,Nikola Vucevic,202696,-19,32.5,14.0,3.5,0.5345,-0.9654999999999987
2023-24,Nikola Vucevic,202696,-18,34.0,22.0,2.0,0.526,6.526
2023-24,Nikola Vucevic,202696,-16,41.0,26.0,3.0,0.579,13.579
2023-24,Nikola Vucevic,202696,-14,34.5,17.0,1.5,0.4305,4.9304999999999986
2023-24,Nikola Vucevic,202696,-12,32.0,12.5,3.5,0.46099999999999997,4.4609999999999985
2023-24,Nikola Vucevic,202696,-11,35.5,14.25,1.75,0.39225,5.392250000000001
2023-24,Nikola Vucevic,202696,-9,30.0,21.0,4.0,0.556,16.556
2023-24,Nikola Vucevic,202696,-8,36.0,18.333333333333332,3.3333333333333335,0.551,14.217666666666663
2023-24,Nikola Vucevic,202696,-7,35.333333333333336,22.333333333333332,2.6666666666666665,0.6196666666666667,18.619666666666667
2023-24,Nikola Vucevic,202696,-6,35.75,20.0,4.5,0.5625,19.0625
2023-24,Nikola Vucevic,202696,-5,31.75,15.75,2.5,0.40249999999999997,13.6525
2023-24,Nikola Vucevic,202696,-4,32.666666666666664,14.0,5.0,0.43533333333333335,15.435333333333332
2023-24,Nikola Vucevic,202696,-3,35.5,20.0,3.0,0.509,20.509
2023-24,Nikola Vucevic,202696,-2,36.0,18.0,2.5,0.4815,18.9815
2023-24,Nikola Vucevic,202696,-1,36.0,26.0,5.0,0.458,30.458
2023-24,Nikola Vucevic,202696,0,37.0,17.5,2.0,0.3965,19.8965
2023-24,Nikola Vucevic,202696,1,37.5,21.0,5.0,0.4345,27.4345
2023-24,Nikola Vucevic,202696,2,34.0,18.8,3.6,0.44299999999999995,24.843000000000004
2023-24,Nikola Vucevic,202696,3,30.666666666666668,20.666666666666668,2.6666666666666665,0.4586666666666666,26.792
2023-24,Nikola Vucevic,202696,4,32.666666666666664,18.0,2.6666666666666665,0.49466666666666664,25.161333333333335
2023-24,Nikola Vucevic,202696,5,33.0,17.5,2.5,0.521,25.521
2023-24,Nikola Vucevic,202696,6,32.0,17.666666666666668,4.0,0.4263333333333333,28.093
2023-24,Nikola Vucevic,202696,7,25.0,11.0,3.0,0.625,21.625
2023-24,Nikola Vucevic,202696,8,33.5,9.5,3.5,0.356,21.356
2023-24,Nikola Vucevic,202696,10,36.0,19.0,7.0,0.529,36.528999999999996
2023-24,Nikola Vucevic,202696,11,30.0,29.0,2.0,0.579,42.579
2023-24,Nikola Vucevic,202696,12,35.0,24.0,7.0,0.476,43.476
2023-24,Nikola Vucevic,202696,13,31.0,24.0,5.0,0.588,42.588
2023-24,Nikola Vucevic,202696,15,36.0,21.0,2.0,0.409,38.409
2023-24,Nikola Vucevic,202696,16,40.0,18.0,3.0,0.529,37.528999999999996
2023-24,Nikola Vucevic,202696,18,30.0,10.0,4.0,0.455,32.455
2023-24,Nikola Vucevic,202696,19,38.0,20.0,5.0,0.368,44.367999999999995
2023-24,Nikola Vucevic,202696,23,38.5,18.0,5.0,0.5145,46.5145
2023-24,Nikola Vucevic,202696,26,37.0,27.0,4.0,0.571,57.571
2023-24,Noah Clowney,1641730,-26,34.0,7.0,1.0,0.375,-17.625
2023-24,Noah Clowney,1641730,-21,41.0,16.0,2.0,0.5,-2.5
2023-24,Noah Clowney,1641730,-19,24.0,14.0,2.0,0.667,-2.3329999999999984
2023-24,Noah Clowney,1641730,-14,27.0,9.0,2.0,0.571,-2.4290000000000003
2023-24,Noah Clowney,1641730,-5,22.0,8.0,1.0,0.5,4.5
2023-24,Noah Clowney,1641730,2,21.0,4.0,2.0,0.5,8.5
2023-24,Noah Clowney,1641730,5,38.0,10.0,1.0,0.625,16.625
2023-24,Noah Clowney,1641730,7,20.0,7.0,0.0,0.429,14.429
2023-24,Noah Clowney,1641730,13,24.0,17.0,0.0,0.857,30.857
2023-24,Norman Powell,1626181,-22,30.0,19.0,1.0,0.467,-1.5330000000000013
2023-24,Norman Powell,1626181,-18,27.0,11.0,2.0,0.444,-4.555999999999999
2023-24,Norman Powell,1626181,-16,37.0,21.0,2.0,0.471,7.471
2023-24,Norman Powell,1626181,-15,24.0,20.0,1.0,0.636,6.635999999999999
2023-24,Norman Powell,1626181,-14,35.0,12.0,3.0,0.429,1.4290000000000003
2023-24,Norman Powell,1626181,-13,30.0,14.0,2.0,0.4,3.3999999999999986
2023-24,Norman Powell,1626181,-12,29.5,12.0,1.5,0.375,1.875
2023-24,Norman Powell,1626181,-11,26.0,15.0,1.0,0.444,5.443999999999999
2023-24,Norman Powell,1626181,-10,23.0,8.5,0.5,0.2915,-0.7085000000000008
2023-24,Norman Powell,1626181,-7,25.0,13.0,1.0,0.521,7.521000000000001
2023-24,Norman Powell,1626181,-6,25.0,13.0,1.5,0.48725,8.98725
2023-24,Norman Powell,1626181,-4,26.0,15.0,0.5,0.474,11.974
2023-24,Norman Powell,1626181,-3,28.0,17.0,1.0,0.571,15.571000000000002
2023-24,Norman Powell,1626181,-2,25.75,17.5,1.0,0.55075,17.05075
2023-24,Norman Powell,1626181,-1,24.0,14.0,0.0,0.25,13.25
2023-24,Norman Powell,1626181,2,27.25,16.0,1.25,0.53925,19.78925
2023-24,Norman Powell,1626181,3,26.0,15.666666666666666,1.3333333333333333,0.6936666666666667,20.693666666666665
2023-24,Norman Powell,1626181,4,26.0,10.0,1.0,0.625,15.625
2023-24,Norman Powell,1626181,5,27.0,12.75,0.25,0.4325,18.432499999999997
2023-24,Norman Powell,1626181,8,31.0,20.0,3.0,0.538,31.538
2023-24,Norman Powell,1626181,9,27.25,17.75,0.75,0.57875,28.07875
2023-24,Norman Powell,1626181,10,28.0,10.0,1.6666666666666667,0.4123333333333334,22.079
2023-24,Norman Powell,1626181,11,26.5,17.5,0.0,0.6875,29.1875
2023-24,Norman Powell,1626181,12,26.0,16.0,1.0,0.364,29.364
2023-24,Norman Powell,1626181,13,33.0,22.0,2.0,0.818,37.818
2023-24,Norman Powell,1626181,14,25.333333333333332,11.666666666666666,2.3333333333333335,0.4723333333333333,28.47233333333333
2023-24,Norman Powell,1626181,15,25.0,18.0,1.0,0.417,34.417
2023-24,Norman Powell,1626181,16,27.5,16.5,1.0,0.6355,34.1355
2023-24,Norman Powell,1626181,18,29.0,19.0,0.0,0.417,37.417
2023-24,Norman Powell,1626181,19,26.666666666666668,17.666666666666668,0.6666666666666666,0.5406666666666666,37.874
2023-24,Norman Powell,1626181,20,30.0,17.5,1.5,0.6795,39.679500000000004
2023-24,Norman Powell,1626181,23,29.0,19.0,0.0,0.545,42.545
2023-24,Norman Powell,1626181,24,31.0,17.0,2.0,0.417,43.417
2023-24,Norman Powell,1626181,25,32.0,10.0,1.0,0.333,36.333
2023-24,Norman Powell,1626181,26,27.0,15.0,2.0,0.455,43.455
2023-24,Norman Powell,1626181,36,25.0,13.0,2.0,0.385,51.385
2023-24,OG Anunoby,1628384,-26,27.0,8.0,2.0,0.231,-15.769
2023-24,OG Anunoby,1628384,-19,32.0,7.0,4.0,0.375,-7.625
2023-24,OG Anunoby,1628384,-15,30.0,11.0,4.0,0.5,0.5
2023-24,OG Anunoby,1628384,-14,36.0,10.0,2.0,0.333,-1.6669999999999998
2023-24,OG Anunoby,1628384,-11,34.0,12.0,6.0,0.444,7.443999999999999
2023-24,OG Anunoby,1628384,-9,39.0,23.0,6.0,0.615,20.615
2023-24,OG Anunoby,1628384,-6,36.0,21.0,2.5,0.48350000000000004,17.9835
2023-24,OG Anunoby,1628384,-5,39.0,9.0,3.0,0.444,7.444000000000001
2023-24,OG Anunoby,1628384,-4,31.0,14.0,3.5,0.4615,13.961500000000001
2023-24,OG Anunoby,1628384,0,33.0,10.5,2.5,0.2915,13.2915
2023-24,OG Anunoby,1628384,1,33.0,13.0,1.0,0.5,15.5
2023-24,OG Anunoby,1628384,2,43.0,17.0,4.0,0.455,23.455
2023-24,OG Anunoby,1628384,3,32.0,5.0,2.0,0.2,10.2
2023-24,OG Anunoby,1628384,4,35.0,13.5,1.0,0.5435,19.0435
2023-24,OG Anunoby,1628384,5,30.0,14.0,0.5,0.604,20.104
2023-24,OG Anunoby,1628384,6,33.0,11.0,1.5,0.3315,18.8315
2023-24,OG Anunoby,1628384,7,34.0,11.0,2.0,0.3335,20.3335
2023-24,OG Anunoby,1628384,8,40.0,17.5,4.0,0.45,29.95
2023-24,OG Anunoby,1628384,9,34.0,26.0,2.5,0.6214999999999999,38.1215
2023-24,OG Anunoby,1628384,11,33.25,10.5,1.5,0.4335,23.433500000000002
2023-24,OG Anunoby,1628384,12,38.5,21.5,1.0,0.6115,35.1115
2023-24,OG Anunoby,1628384,13,33.0,19.0,4.0,0.571,36.571
2023-24,OG Anunoby,1628384,14,38.0,10.0,2.0,0.4,26.4
2023-24,OG Anunoby,1628384,15,26.0,9.0,3.0,0.182,27.182000000000002
2023-24,OG Anunoby,1628384,16,24.0,16.0,3.0,1.0,36.0
2023-24,OG Anunoby,1628384,17,36.0,22.0,3.0,0.769,42.769
2023-24,OG Anunoby,1628384,19,35.0,17.0,1.0,0.583,37.583
2023-24,OG Anunoby,1628384,20,32.666666666666664,12.333333333333334,0.6666666666666666,0.4093333333333333,33.409333333333336
2023-24,OG Anunoby,1628384,24,36.0,20.5,1.0,0.594,46.094
2023-24,OG Anunoby,1628384,26,29.0,23.0,0.0,0.75,49.75
2023-24,OG Anunoby,1628384,28,27.5,12.5,1.0,0.585,42.085
2023-24,OG Anunoby,1628384,35,34.0,11.0,2.0,0.556,48.556
2023-24,OG Anunoby,1628384,38,29.0,26.0,1.0,0.556,65.556
2023-24,Obi Toppin,1630167,-41,24.0,11.0,1.0,0.833,-28.167
2023-24,Obi Toppin,1630167,-26,30.0,14.0,4.0,0.75,-7.25
2023-24,Obi Toppin,1630167,-14,21.0,14.0,1.0,0.857,1.8569999999999993
2023-24,Obi Toppin,1630167,-11,25.0,9.5,1.0,0.5,0.0
2023-24,Obi Toppin,1630167,-10,21.0,11.0,2.0,0.455,3.455
2023-24,Obi Toppin,1630167,-8,21.5,8.5,1.5,0.55,2.5500000000000007
2023-24,Obi Toppin,1630167,-7,21.0,14.0,2.0,0.75,9.75
2023-24,Obi Toppin,1630167,-6,26.0,15.0,4.0,0.417,13.417000000000002
2023-24,Obi Toppin,1630167,-3,33.0,21.0,6.0,0.563,24.563
2023-24,Obi Toppin,1630167,-2,25.0,12.0,1.0,0.5,11.5
2023-24,Obi Toppin,1630167,0,20.0,6.0,1.0,0.5,7.5
2023-24,Obi Toppin,1630167,1,25.0,11.0,0.0,0.714,12.714
2023-24,Obi Toppin,1630167,2,24.5,9.0,0.0,0.41700000000000004,11.417
2023-24,Obi Toppin,1630167,3,23.75,12.5,2.0,0.60425,18.10425
2023-24,Obi Toppin,1630167,4,25.0,13.0,1.0,0.5,18.5
2023-24,Obi Toppin,1630167,5,27.0,18.0,1.6666666666666667,0.7103333333333334,25.377000000000002
2023-24,Obi Toppin,1630167,6,33.0,25.0,3.0,0.667,34.667
2023-24,Obi Toppin,1630167,7,33.0,23.0,3.0,0.667,33.667
2023-24,Obi Toppin,1630167,8,25.0,14.0,0.5,0.789,23.289
2023-24,Obi Toppin,1630167,9,25.5,14.0,0.5,0.4855,23.985500000000002
2023-24,Obi Toppin,1630167,10,20.0,18.0,4.0,1.0,33.0
2023-24,Obi Toppin,1630167,13,36.0,27.0,1.0,0.8,41.8
2023-24,Obi Toppin,1630167,17,20.0,14.0,1.0,0.556,32.556
2023-24,Obi Toppin,1630167,18,29.5,17.5,1.5,0.7375,37.7375
2023-24,Obi Toppin,1630167,21,24.0,10.0,4.0,0.667,35.667
2023-24,Obi Toppin,1630167,23,22.0,9.0,2.0,0.5,34.5
2023-24,Obi Toppin,1630167,25,24.5,12.5,0.5,0.47250000000000003,38.4725
2023-24,Obi Toppin,1630167,35,29.0,11.0,2.0,0.444,48.444
2023-24,Ochai Agbaji,1630534,-47,30.0,21.0,0.0,0.5,-25.5
2023-24,Ochai Agbaji,1630534,-28,25.0,7.0,2.0,0.6,-18.4
2023-24,Ochai Agbaji,1630534,-19,21.0,2.0,2.0,0.25,-14.75
2023-24,Ochai Agbaji,1630534,-18,30.0,11.0,1.0,0.45,-5.550000000000001
2023-24,Ochai Agbaji,1630534,-17,26.0,16.0,2.0,0.583,1.5829999999999984
2023-24,Ochai Agbaji,1630534,-14,27.5,3.5,1.5,0.7,-8.3
2023-24,Ochai Agbaji,1630534,-13,31.0,12.0,6.0,0.4,5.399999999999999
2023-24,Ochai Agbaji,1630534,-12,21.0,5.0,1.0,0.4,-5.6
2023-24,Ochai Agbaji,1630534,-10,26.5,8.0,0.5,0.47750000000000004,-1.0225000000000009
2023-24,Ochai Agbaji,1630534,-9,21.0,7.0,1.0,0.286,-0.7140000000000004
2023-24,Ochai Agbaji,1630534,-8,27.5,4.75,1.25,0.2955,-1.7045000000000003
2023-24,Ochai Agbaji,1630534,-7,28.0,2.0,1.0,0.0,-4.0
2023-24,Ochai Agbaji,1630534,-4,34.0,7.0,1.0,0.5,4.5
2023-24,Ochai Agbaji,1630534,-3,30.5,8.0,2.0,0.4165,7.416499999999999
2023-24,Ochai Agbaji,1630534,-2,26.0,6.0,1.0,0.25,5.25
2023-24,Ochai Agbaji,1630534,-1,21.0,5.0,3.0,0.4,7.4
2023-24,Ochai Agbaji,1630534,1,32.0,10.0,2.0,0.364,13.364
2023-24,Ochai Agbaji,1630534,2,23.0,5.0,0.0,0.286,7.286
2023-24,Ochai Agbaji,1630534,3,30.0,15.0,1.0,0.75,19.75
2023-24,Ochai Agbaji,1630534,4,25.0,8.0,0.0,0.75,12.75
2023-24,Ochai Agbaji,1630534,5,23.333333333333332,6.333333333333333,1.3333333333333333,0.3036666666666667,12.970333333333333
2023-24,Ochai Agbaji,1630534,8,24.5,7.5,0.0,0.675,16.175
2023-24,Ochai Agbaji,1630534,10,33.0,18.0,0.0,0.583,28.583
2023-24,Ochai Agbaji,1630534,13,23.0,13.0,2.0,0.6,28.6
2023-24,Ochai Agbaji,1630534,14,32.0,13.0,1.0,0.3,28.3
2023-24,Ochai Agbaji,1630534,16,30.0,5.0,2.0,0.167,23.167
2023-24,Ochai Agbaji,1630534,17,24.0,8.5,1.0,0.402,26.902
2023-24,Ochai Agbaji,1630534,20,35.0,3.0,3.0,0.5,26.5
2023-24,Olivier Sarr,1630846,9,21.0,2.0,1.0,0.0,12.0
2023-24,Olivier-Maxence Prosper,1641765,-32,37.0,15.0,1.0,0.357,-15.643
2023-24,Olivier-Maxence Prosper,1641765,-11,29.0,16.0,1.0,0.5,6.5
2023-24,Olivier-Maxence Prosper,1641765,-6,20.0,2.0,3.0,0.2,-0.7999999999999998
2023-24,Olivier-Maxence Prosper,1641765,-5,29.0,20.0,2.0,0.462,17.462
2023-24,Olivier-Maxence Prosper,1641765,17,21.0,6.0,2.0,0.5,25.5
2023-24,Omer Yurtseven,1630209,-35,20.0,8.0,0.0,0.571,-26.429000000000002
2023-24,Omer Yurtseven,1630209,-20,21.0,12.0,1.0,0.6,-6.4
2023-24,Omer Yurtseven,1630209,-16,37.0,20.0,2.0,0.643,6.643000000000001
2023-24,Omer Yurtseven,1630209,-15,21.0,4.0,1.0,0.286,-9.714
2023-24,Omer Yurtseven,1630209,-9,20.0,10.0,2.0,0.571,3.5709999999999997
2023-24,Omer Yurtseven,1630209,-1,22.0,7.0,2.0,0.5,8.5
2023-24,Omer Yurtseven,1630209,1,29.5,11.0,2.0,0.4585,14.4585
2023-24,Omer Yurtseven,1630209,4,26.0,6.0,0.0,0.5,10.5
2023-24,Omer Yurtseven,1630209,10,26.0,9.0,4.0,0.5,23.5
2023-24,Onuralp Bitim,1641931,-21,25.0,17.0,1.0,0.5,-2.5
2023-24,Onuralp Bitim,1641931,-7,24.5,7.5,0.5,0.322,1.3219999999999992
2023-24,Onuralp Bitim,1641931,16,27.0,10.0,0.0,0.75,26.75
2023-24,Onuralp Bitim,1641931,22,23.0,6.0,2.0,0.6,30.6
2023-24,Onyeka Okongwu,1630168,-19,24.5,5.5,2.0,0.625,-10.875
2023-24,Onyeka Okongwu,1630168,-18,20.0,8.5,1.5,0.732,-7.268000000000001
2023-24,Onyeka Okongwu,1630168,-17,25.0,6.0,1.0,0.6,-9.4
2023-24,Onyeka Okongwu,1630168,-15,28.0,9.0,1.5,0.2915,-4.208500000000001
2023-24,Onyeka Okongwu,1630168,-11,22.0,7.0,1.0,0.5,-2.5
2023-24,Onyeka Okongwu,1630168,-10,23.5,5.0,1.5,0.2855,-3.2145
2023-24,Onyeka Okongwu,1630168,-8,23.333333333333332,7.0,1.6666666666666667,0.65,1.3166666666666664
2023-24,Onyeka Okongwu,1630168,-7,30.0,12.0,2.3333333333333335,0.6556666666666667,7.989000000000001
2023-24,Onyeka Okongwu,1630168,-6,32.0,11.0,1.0,0.625,6.625
2023-24,Onyeka Okongwu,1630168,-4,28.0,11.0,0.0,0.5,7.5
2023-24,Onyeka Okongwu,1630168,-2,24.0,6.0,1.0,1.0,6.0
2023-24,Onyeka Okongwu,1630168,-1,35.0,19.0,1.0,0.7,19.7
2023-24,Onyeka Okongwu,1630168,0,23.0,14.0,1.0,0.833,15.833
2023-24,Onyeka Okongwu,1630168,1,23.0,10.0,1.0,0.4375,12.4375
2023-24,Onyeka Okongwu,1630168,2,23.8,8.6,1.0,0.46840000000000004,12.0684
2023-24,Onyeka Okongwu,1630168,4,31.5,13.0,3.0,0.618,20.618
2023-24,Onyeka Okongwu,1630168,5,25.5,13.5,1.5,0.5960000000000001,20.596
2023-24,Onyeka Okongwu,1630168,6,22.0,7.0,4.0,0.429,17.429000000000002
2023-24,Onyeka Okongwu,1630168,7,27.0,15.0,0.0,0.583,22.583
2023-24,Onyeka Okongwu,1630168,8,33.0,21.0,2.0,0.75,31.75
2023-24,Onyeka Okongwu,1630168,9,28.333333333333332,14.0,0.6666666666666666,0.7223333333333333,24.389
2023-24,Onyeka Okongwu,1630168,12,32.0,19.0,2.0,0.727,33.727000000000004
2023-24,Onyeka Okongwu,1630168,13,25.0,9.0,1.0,0.8,23.8
2023-24,Onyeka Okongwu,1630168,14,27.5,12.5,0.0,0.8035,27.3035
2023-24,Onyeka Okongwu,1630168,16,25.0,12.0,0.0,0.6,28.6
2023-24,Onyeka Okongwu,1630168,18,21.0,8.0,1.0,0.5,27.5
2023-24,Onyeka Okongwu,1630168,19,31.0,5.0,3.0,0.667,27.667
2023-24,Onyeka Okongwu,1630168,22,24.0,10.0,3.0,1.0,36.0
2023-24,Onyeka Okongwu,1630168,23,27.0,15.0,0.0,0.875,38.875
2023-24,Orlando Robinson,1631115,-7,22.0,7.0,2.0,0.4,2.4000000000000004
2023-24,Orlando Robinson,1631115,-6,29.0,16.0,3.0,0.636,13.636
2023-24,Orlando Robinson,1631115,4,26.0,11.0,7.0,0.571,22.571
2023-24,Orlando Robinson,1631115,22,27.0,14.0,2.0,0.667,38.667
2023-24,Orlando Robinson,1631115,27,33.0,15.0,4.0,0.556,46.556
2023-24,Oshae Brissett,1629052,9,21.0,4.0,0.0,0.4,13.4
2023-24,Oshae Brissett,1629052,17,28.0,7.0,2.0,0.2,26.2
2023-24,Ousmane Dieng,1631172,-1,26.0,18.0,3.0,0.857,20.857
2023-24,Ousmane Dieng,1631172,10,22.0,9.0,3.0,0.364,22.364
2023-24,P.J. Tucker,200782,-15,20.0,0.0,0.0,0.0,-15.0
2023-24,P.J. Tucker,200782,-9,25.0,7.0,2.0,0.333,0.3330000000000002
2023-24,P.J. Tucker,200782,-7,21.0,6.0,0.0,0.667,-0.3330000000000002
2023-24,P.J. Tucker,200782,-2,24.0,6.0,0.0,0.667,4.667
2023-24,P.J. Tucker,200782,0,21.0,3.0,0.0,1.0,4.0
2023-24,P.J. Tucker,200782,1,25.0,0.0,1.0,0.0,2.0
2023-24,P.J. Tucker,200782,2,25.0,0.0,0.0,0.0,2.0
2023-24,P.J. Tucker,200782,3,20.0,1.5,0.0,0.1665,4.6665
2023-24,P.J. Tucker,200782,7,22.0,0.0,3.0,0.0,10.0
2023-24,P.J. Tucker,200782,10,20.0,3.0,3.0,0.333,16.333
2023-24,P.J. Tucker,200782,13,23.0,10.0,1.0,0.8,24.8
2023-24,P.J. Washington,1629023,-31,26.0,12.0,0.0,0.4,-18.6
2023-24,P.J. Washington,1629023,-30,21.0,4.0,3.0,0.125,-22.875
2023-24,P.J. Washington,1629023,-25,32.0,3.0,2.0,0.1,-19.9
2023-24,P.J. Washington,1629023,-24,25.0,9.0,0.0,0.375,-14.625
2023-24,P.J. Washington,1629023,-23,28.0,12.0,2.0,0.444,-8.556
2023-24,P.J. Washington,1629023,-22,35.0,17.0,0.0,0.438,-4.562000000000001
2023-24,P.J. Washington,1629023,-21,28.0,15.0,1.0,0.462,-4.538
2023-24,P.J. Washington,1629023,-19,28.5,5.5,1.0,0.202,-12.298
2023-24,P.J. Washington,1629023,-18,34.0,8.0,0.0,0.375,-9.625
2023-24,P.J. Washington,1629023,-17,34.0,8.5,3.0,0.24,-5.26
2023-24,P.J. Washington,1629023,-15,25.0,9.0,0.0,0.364,-5.635999999999999
2023-24,P.J. Washington,1629023,-14,35.0,15.0,2.0,0.5,3.5
2023-24,P.J. Washington,1629023,-13,29.5,13.0,3.5,0.43100000000000005,3.931000000000001
2023-24,P.J. Washington,1629023,-12,31.5,14.5,2.5,0.41500000000000004,5.414999999999999
2023-24,P.J. Washington,1629023,-10,29.333333333333332,15.666666666666666,2.3333333333333335,0.4053333333333333,8.405333333333335
2023-24,P.J. Washington,1629023,-8,35.0,14.0,1.0,0.364,7.364000000000001
2023-24,P.J. Washington,1629023,-7,30.25,21.75,2.25,0.5455,17.5455
2023-24,P.J. Washington,1629023,-6,29.0,10.0,1.0,0.333,5.333
2023-24,P.J. Washington,1629023,-5,28.0,11.0,3.0,0.304,9.304
2023-24,P.J. Washington,1629023,-4,28.333333333333332,15.0,2.0,0.5163333333333333,13.516333333333332
2023-24,P.J. Washington,1629023,-3,33.0,11.0,3.0,0.3145,11.3145
2023-24,P.J. Washington,1629023,-2,31.0,19.333333333333332,0.6666666666666666,0.4726666666666666,18.472666666666665
2023-24,P.J. Washington,1629023,-1,37.0,11.0,4.0,0.333,14.333
2023-24,P.J. Washington,1629023,0,35.0,23.0,0.0,0.615,23.615
2023-24,P.J. Washington,1629023,1,35.0,6.0,1.0,0.091,8.091000000000001
2023-24,P.J. Washington,1629023,2,35.0,26.0,1.0,0.588,29.588
2023-24,P.J. Washington,1629023,3,25.0,6.0,0.0,0.4,9.4
2023-24,P.J. Washington,1629023,4,32.0,10.0,2.6666666666666665,0.3273333333333333,16.994
2023-24,P.J. Washington,1629023,5,31.0,25.0,2.0,0.667,32.667
2023-24,P.J. Washington,1629023,6,31.75,13.75,3.0,0.5840000000000001,23.334
2023-24,P.J. Washington,1629023,7,36.5,9.0,2.5,0.3085,18.808500000000002
2023-24,P.J. Washington,1629023,8,34.75,19.75,3.0,0.516,31.266
2023-24,P.J. Washington,1629023,9,33.0,6.0,1.0,0.333,16.333
2023-24,P.J. Washington,1629023,10,31.0,6.5,2.5,0.2275,19.2275
2023-24,P.J. Washington,1629023,11,30.0,12.0,1.0,0.4,24.4
2023-24,P.J. Washington,1629023,14,27.0,20.0,0.0,0.636,34.635999999999996
2023-24,P.J. Washington,1629023,15,36.0,19.0,3.0,0.545,37.545
2023-24,P.J. Washington,1629023,16,28.5,14.5,3.0,0.519,34.019
2023-24,P.J. Washington,1629023,17,35.0,11.0,2.0,0.625,30.625
2023-24,P.J. Washington,1629023,19,25.0,5.0,1.0,0.3835,25.383499999999998
2023-24,P.J. Washington,1629023,24,24.0,14.0,1.0,0.6,39.6
2023-24,P.J. Washington,1629023,25,32.0,14.0,2.0,0.455,41.455
2023-24,P.J. Washington,1629023,28,34.0,11.0,1.0,0.455,40.455
2023-24,Paolo Banchero,1631094,-30,35.0,18.0,3.0,0.364,-8.636
2023-24,Paolo Banchero,1631094,-24,32.0,15.0,5.0,0.294,-3.7059999999999995
2023-24,Paolo Banchero,1631094,-23,35.0,23.0,4.5,0.444,4.943999999999999
2023-24,Paolo Banchero,1631094,-22,31.5,14.0,7.0,0.298,-0.7020000000000017
2023-24,Paolo Banchero,1631094,-21,40.0,22.0,7.0,0.292,8.292000000000002
2023-24,Paolo Banchero,1631094,-20,36.0,21.0,6.0,0.368,7.3679999999999986
2023-24,Paolo Banchero,1631094,-19,38.5,25.5,6.5,0.3425,13.342500000000001
2023-24,Paolo Banchero,1631094,-18,37.0,19.0,4.0,0.286,5.286000000000001
2023-24,Paolo Banchero,1631094,-16,34.0,19.0,5.5,0.4,8.899999999999999
2023-24,Paolo Banchero,1631094,-15,34.5,18.5,5.0,0.4145,8.9145
2023-24,Paolo Banchero,1631094,-13,34.5,18.0,5.0,0.369,10.369
2023-24,Paolo Banchero,1631094,-12,31.333333333333332,14.333333333333334,4.666666666666667,0.39233333333333337,7.392333333333333
2023-24,Paolo Banchero,1631094,-11,35.0,36.0,1.0,0.467,26.467
2023-24,Paolo Banchero,1631094,-10,36.0,24.5,4.0,0.3365,18.8365
2023-24,Paolo Banchero,1631094,-8,33.0,21.333333333333332,5.0,0.4000000000000001,18.73333333333333
2023-24,Paolo Banchero,1631094,-7,34.666666666666664,18.333333333333332,7.333333333333333,0.42933333333333334,19.095999999999997
2023-24,Paolo Banchero,1631094,-6,37.0,28.0,7.0,0.522,29.522
2023-24,Paolo Banchero,1631094,-5,34.5,23.5,4.5,0.596,23.596
2023-24,Paolo Banchero,1631094,-4,34.0,23.0,4.0,0.571,23.571
2023-24,Paolo Banchero,1631094,-3,38.0,23.0,2.0,0.444,22.444
2023-24,Paolo Banchero,1631094,-2,40.5,38.5,4.5,0.535,41.535
2023-24,Paolo Banchero,1631094,-1,35.0,23.0,6.0,0.5,28.5
2023-24,Paolo Banchero,1631094,0,34.333333333333336,21.333333333333332,6.0,0.428,27.761333333333333
2023-24,Paolo Banchero,1631094,1,37.666666666666664,23.0,6.0,0.4696666666666667,30.469666666666665
2023-24,Paolo Banchero,1631094,2,35.25,25.75,4.75,0.42675,32.92675
2023-24,Paolo Banchero,1631094,3,38.0,36.0,7.0,0.52,46.52
2023-24,Paolo Banchero,1631094,4,36.0,30.5,4.0,0.4455,38.9455
2023-24,Paolo Banchero,1631094,5,34.0,36.0,5.0,0.75,46.75
2023-24,Paolo Banchero,1631094,6,35.0,20.0,4.0,0.429,30.429
2023-24,Paolo Banchero,1631094,7,34.5,26.0,5.5,0.625,39.125
2023-24,Paolo Banchero,1631094,8,33.0,16.5,6.75,0.3645,31.6145
2023-24,Paolo Banchero,1631094,9,35.0,15.0,4.0,0.353,28.353
2023-24,Paolo Banchero,1631094,10,37.0,25.5,5.5,0.42000000000000004,41.42
2023-24,Paolo Banchero,1631094,11,34.0,23.0,9.0,0.5,43.5
2023-24,Paolo Banchero,1631094,13,31.0,18.5,6.0,0.5,38.0
2023-24,Paolo Banchero,1631094,14,28.5,19.0,4.0,0.6785,37.6785
2023-24,Paolo Banchero,1631094,16,33.0,21.0,6.5,0.502,44.001999999999995
2023-24,Paolo Banchero,1631094,17,31.0,20.0,2.0,0.5,39.5
2023-24,Paolo Banchero,1631094,18,39.0,27.0,7.666666666666667,0.658,53.324666666666666
2023-24,Paolo Banchero,1631094,19,35.0,29.0,5.0,0.688,53.688
2023-24,Paolo Banchero,1631094,23,34.0,25.0,10.0,0.6,58.6
2023-24,Paolo Banchero,1631094,24,35.0,24.0,5.0,0.471,53.471000000000004
2023-24,Paolo Banchero,1631094,25,30.0,24.0,2.0,0.529,51.528999999999996
2023-24,Paolo Banchero,1631094,28,26.0,24.0,0.0,0.643,52.643
2023-24,Paolo Banchero,1631094,30,32.0,29.0,5.0,0.625,64.625
2023-24,Paolo Banchero,1631094,34,30.0,13.0,7.0,0.417,54.417
2023-24,Pascal Siakam,1627783,-43,20.0,12.0,3.0,0.5,-27.5
2023-24,Pascal Siakam,1627783,-23,29.0,27.0,2.0,0.571,6.5710000000000015
2023-24,Pascal Siakam,1627783,-21,28.0,11.0,5.0,0.444,-4.556000000000001
2023-24,Pascal Siakam,1627783,-20,34.0,26.0,3.0,0.444,9.443999999999999
2023-24,Pascal Siakam,1627783,-17,35.0,18.0,1.0,0.438,2.437999999999999
2023-24,Pascal Siakam,1627783,-16,29.0,16.0,2.0,0.545,2.5450000000000017
2023-24,Pascal Siakam,1627783,-15,37.0,21.0,1.0,0.588,7.588000000000001
2023-24,Pascal Siakam,1627783,-14,33.333333333333336,16.0,3.6666666666666665,0.4086666666666667,6.075333333333333
2023-24,Pascal Siakam,1627783,-12,33.0,21.666666666666668,2.6666666666666665,0.48900000000000005,12.822333333333336
2023-24,Pascal Siakam,1627783,-11,32.0,36.0,2.0,0.552,27.552
2023-24,Pascal Siakam,1627783,-10,35.0,18.0,5.0,0.421,13.421
2023-24,Pascal Siakam,1627783,-9,32.0,20.4,4.8,0.5324,16.7324
2023-24,Pascal Siakam,1627783,-7,30.5,18.0,5.0,0.5,16.5
2023-24,Pascal Siakam,1627783,-5,34.22222222222222,21.11111111111111,3.7777777777777777,0.5212222222222223,20.41011111111111
2023-24,Pascal Siakam,1627783,-4,34.0,28.0,4.0,0.6065,28.606499999999997
2023-24,Pascal Siakam,1627783,-3,32.0,24.0,5.0,0.611,26.611
2023-24,Pascal Siakam,1627783,-2,36.0,18.666666666666668,2.0,0.4543333333333333,19.121000000000002
2023-24,Pascal Siakam,1627783,-1,32.0,23.5,3.5,0.5569999999999999,26.557
2023-24,Pascal Siakam,1627783,0,35.5,18.0,4.5,0.5085,23.0085
2023-24,Pascal Siakam,1627783,1,37.0,32.5,3.0,0.669,37.169
2023-24,Pascal Siakam,1627783,2,35.0,27.0,8.0,0.688,37.688
2023-24,Pascal Siakam,1627783,5,33.0,17.333333333333332,6.333333333333333,0.5603333333333333,29.226999999999997
2023-24,Pascal Siakam,1627783,6,33.5,17.5,3.75,0.45725,27.70725
2023-24,Pascal Siakam,1627783,7,34.25,18.25,4.75,0.419,30.419
2023-24,Pascal Siakam,1627783,8,36.0,23.333333333333332,4.333333333333333,0.557,36.22366666666666
2023-24,Pascal Siakam,1627783,9,33.0,25.333333333333332,3.0,0.5426666666666667,37.876
2023-24,Pascal Siakam,1627783,11,31.0,13.0,6.0,0.455,30.455
2023-24,Pascal Siakam,1627783,12,26.0,25.0,4.0,0.667,41.667
2023-24,Pascal Siakam,1627783,13,26.0,16.0,3.0,0.6,32.6
2023-24,Pascal Siakam,1627783,14,37.0,18.0,8.0,0.5,40.5
2023-24,Pascal Siakam,1627783,15,36.0,33.0,7.0,0.632,55.632
2023-24,Pascal Siakam,1627783,16,32.0,23.5,8.5,0.6234999999999999,48.6235
2023-24,Pascal Siakam,1627783,17,31.5,22.0,4.0,0.6655,43.6655
2023-24,Pascal Siakam,1627783,18,37.0,39.0,7.0,0.652,64.652
2023-24,Pascal Siakam,1627783,20,30.0,31.0,2.0,0.6,53.6
2023-24,Pascal Siakam,1627783,22,27.333333333333332,23.0,4.333333333333333,0.553,49.88633333333333
2023-24,Pascal Siakam,1627783,23,29.5,22.5,6.0,0.528,52.028
2023-24,Pascal Siakam,1627783,27,25.0,28.0,1.0,0.722,56.722
2023-24,Pascal Siakam,1627783,30,32.5,25.5,9.5,0.621,65.62100000000001
2023-24,Pat Connaughton,1626192,-22,23.0,3.0,2.0,0.333,-16.667
2023-24,Pat Connaughton,1626192,-21,22.0,6.0,3.0,0.5,-11.5
2023-24,Pat Connaughton,1626192,-18,24.0,0.0,3.0,0.0,-15.0
2023-24,Pat Connaughton,1626192,-15,27.5,8.5,4.0,0.4445,-2.0555000000000003
2023-24,Pat Connaughton,1626192,-13,22.5,3.0,1.0,0.625,-8.375
2023-24,Pat Connaughton,1626192,-12,29.0,7.5,5.0,0.667,1.1669999999999998
2023-24,Pat Connaughton,1626192,-11,31.0,5.0,2.0,0.2,-3.8
2023-24,Pat Connaughton,1626192,-10,22.0,5.0,1.0,0.361,-3.6390000000000002
2023-24,Pat Connaughton,1626192,-9,27.0,4.5,4.0,0.3335,-0.1664999999999992
2023-24,Pat Connaughton,1626192,-6,20.5,5.5,5.5,0.375,5.375
2023-24,Pat Connaughton,1626192,-5,20.0,7.0,2.0,0.333,4.333
2023-24,Pat Connaughton,1626192,-4,23.666666666666668,2.6666666666666665,2.0,0.361,1.0276666666666658
2023-24,Pat Connaughton,1626192,-2,30.0,17.0,1.0,0.857,16.857
2023-24,Pat Connaughton,1626192,-1,25.0,2.5,1.5,0.1,3.0999999999999996
2023-24,Pat Connaughton,1626192,2,26.333333333333332,5.0,1.3333333333333333,0.3256666666666667,8.658999999999999
2023-24,Pat Connaughton,1626192,3,27.0,9.0,1.6666666666666667,0.4776666666666667,14.144333333333332
2023-24,Pat Connaughton,1626192,4,29.0,15.0,5.0,0.364,24.364
2023-24,Pat Connaughton,1626192,5,27.5,6.5,2.0,0.4665,13.9665
2023-24,Pat Connaughton,1626192,6,22.0,3.0,3.0,0.333,12.333
2023-24,Pat Connaughton,1626192,7,21.5,5.5,1.0,0.375,13.875
2023-24,Pat Connaughton,1626192,8,21.0,7.5,0.5,0.675,16.675
2023-24,Pat Connaughton,1626192,9,30.5,5.0,3.5,0.333,17.833
2023-24,Pat Connaughton,1626192,10,22.0,3.0,0.0,0.333,13.333
2023-24,Pat Connaughton,1626192,11,24.0,7.0,1.0,0.75,19.75
2023-24,Pat Connaughton,1626192,12,26.0,9.0,5.0,0.444,26.444000000000003
2023-24,Pat Connaughton,1626192,16,24.0,5.0,3.0,0.4,24.4
2023-24,Pat Connaughton,1626192,17,24.0,8.0,4.0,0.5,29.5
2023-24,Pat Connaughton,1626192,19,22.0,5.0,5.0,1.0,30.0
2023-24,Pat Connaughton,1626192,20,21.0,2.0,3.0,1.0,26.0
2023-24,Pat Connaughton,1626192,22,34.0,16.0,3.0,0.5,41.5
2023-24,Patrick Baldwin Jr.,1631116,-16,31.0,6.0,4.0,0.182,-5.818
2023-24,Patrick Baldwin Jr.,1631116,-12,33.0,17.0,0.0,0.545,5.545000000000002
2023-24,Patrick Baldwin Jr.,1631116,-9,20.0,12.0,3.0,0.444,6.444000000000001
2023-24,Patrick Baldwin Jr.,1631116,-5,38.0,15.0,4.0,0.545,14.545000000000002
2023-24,Patrick Baldwin Jr.,1631116,5,40.0,18.0,4.0,0.583,27.583
2023-24,Patrick Baldwin Jr.,1631116,9,26.0,2.0,2.0,0.2,13.2
2023-24,Patrick Baldwin Jr.,1631116,10,33.0,16.0,1.0,0.5,27.5
2023-24,Patrick Beverley,201976,-25,30.0,14.0,5.0,0.5,-5.5
2023-24,Patrick Beverley,201976,-20,26.0,2.0,2.0,0.333,-15.667
2023-24,Patrick Beverley,201976,-19,27.0,12.0,2.0,0.333,-4.667
2023-24,Patrick Beverley,201976,-17,22.0,13.0,5.0,0.625,1.625
2023-24,Patrick Beverley,201976,-15,26.0,4.0,4.0,0.25,-6.75
2023-24,Patrick Beverley,201976,-14,36.0,17.0,11.0,0.5,14.5
2023-24,Patrick Beverley,201976,-13,22.0,9.0,0.0,0.6,-3.4000000000000004
2023-24,Patrick Beverley,201976,-12,38.0,26.0,7.0,0.667,21.667
2023-24,Patrick Beverley,201976,-11,21.0,7.0,2.0,0.375,-1.625
2023-24,Patrick Beverley,201976,-10,21.0,6.0,4.0,0.4,0.40000000000000036
2023-24,Patrick Beverley,201976,-9,27.0,2.0,2.0,0.333,-4.667
2023-24,Patrick Beverley,201976,-8,22.0,5.5,3.0,0.3395,0.8394999999999992
2023-24,Patrick Beverley,201976,-7,21.5,4.5,3.5,0.268,1.2680000000000007
2023-24,Patrick Beverley,201976,-6,24.0,6.0,7.0,0.4,7.4
2023-24,Patrick Beverley,201976,-2,34.0,12.0,7.0,0.385,17.385
2023-24,Patrick Beverley,201976,1,25.0,6.0,2.0,0.4,9.4
2023-24,Patrick Beverley,201976,3,21.0,11.0,7.0,0.75,21.75
2023-24,Patrick Beverley,201976,4,26.0,8.0,2.0,0.429,14.429
2023-24,Patrick Beverley,201976,6,36.0,18.0,5.0,0.6,29.6
2023-24,Patrick Beverley,201976,7,28.0,5.0,4.0,0.286,16.286
2023-24,Patrick Beverley,201976,8,27.0,8.0,2.0,0.5335000000000001,18.5335
2023-24,Patrick Beverley,201976,10,28.0,2.0,1.0,0.167,13.167
2023-24,Patrick Beverley,201976,11,20.0,2.0,0.0,0.5,13.5
2023-24,Patrick Beverley,201976,12,26.0,20.0,3.0,0.615,35.614999999999995
2023-24,Patrick Beverley,201976,13,27.0,4.0,7.0,0.25,24.25
2023-24,Patrick Beverley,201976,15,28.0,11.0,6.0,0.375,32.375
2023-24,Patrick Beverley,201976,22,29.0,3.0,4.0,0.167,29.167
2023-24,Patrick Beverley,201976,26,24.0,12.0,3.0,0.444,41.444
2023-24,Patrick Beverley,201976,27,29.0,13.0,6.0,0.667,46.667
2023-24,Patrick Williams,1630172,-23,37.0,22.0,3.0,0.643,2.6430000000000007
2023-24,Patrick Williams,1630172,-14,26.0,5.0,2.0,0.25,-6.75
2023-24,Patrick Williams,1630172,-11,24.0,6.0,2.0,0.222,-2.7780000000000005
2023-24,Patrick Williams,1630172,-10,30.0,13.5,2.0,0.481,5.981
2023-24,Patrick Williams,1630172,-8,24.0,0.0,1.0,0.0,-7.0
2023-24,Patrick Williams,1630172,-7,28.6,11.4,0.6,0.4286,5.428599999999999
2023-24,Patrick Williams,1630172,-6,27.0,13.0,2.0,0.571,9.571
2023-24,Patrick Williams,1630172,-4,25.0,6.0,0.0,0.286,2.2859999999999996
2023-24,Patrick Williams,1630172,-3,35.666666666666664,11.0,2.6666666666666665,0.3873333333333333,11.053999999999998
2023-24,Patrick Williams,1630172,-2,29.75,10.75,2.5,0.43175,11.68175
2023-24,Patrick Williams,1630172,0,35.0,13.0,2.0,0.455,15.455
2023-24,Patrick Williams,1630172,2,21.5,10.0,0.5,0.4165,12.9165
2023-24,Patrick Williams,1630172,3,28.0,7.0,3.0,0.286,13.286
2023-24,Patrick Williams,1630172,4,21.0,0.0,1.0,0.0,5.0
2023-24,Patrick Williams,1630172,5,28.0,8.0,1.0,0.5,14.5
2023-24,Patrick Williams,1630172,6,24.0,10.0,0.0,0.4,16.4
2023-24,Patrick Williams,1630172,8,32.0,12.0,2.5,0.4665,22.9665
2023-24,Patrick Williams,1630172,9,28.0,5.0,1.0,0.333,15.333
2023-24,Patrick Williams,1630172,10,20.0,10.0,1.0,0.667,21.667
2023-24,Patrick Williams,1630172,12,33.0,25.0,4.0,0.8,41.8
2023-24,Patrick Williams,1630172,13,33.0,13.0,3.0,0.545,29.545
2023-24,Patrick Williams,1630172,14,34.0,20.0,0.0,0.778,34.778
2023-24,Patrick Williams,1630172,15,30.0,18.0,2.0,0.636,35.635999999999996
2023-24,Patrick Williams,1630172,18,20.0,3.0,1.0,0.143,22.143
2023-24,Patrick Williams,1630172,20,34.0,20.0,3.0,0.727,43.727000000000004
2023-24,Patty Mills,201988,-13,21.0,13.0,3.0,0.455,3.4549999999999983
2023-24,Patty Mills,201988,-1,25.0,10.0,4.0,0.273,13.273
2023-24,Patty Mills,201988,4,21.0,3.0,3.0,0.167,10.167
2023-24,Patty Mills,201988,26,21.0,10.0,3.0,0.5,39.5
2023-24,Patty Mills,201988,33,27.0,17.0,1.0,0.625,51.625
2023-24,Paul George,202331,-27,29.0,21.0,2.0,0.529,-3.471
2023-24,Paul George,202331,-18,33.0,18.0,1.0,0.467,1.4669999999999987
2023-24,Paul George,202331,-14,22.0,8.0,2.0,0.25,-3.75
2023-24,Paul George,202331,-13,28.5,20.0,3.5,0.4065,10.906500000000001
2023-24,Paul George,202331,-12,35.5,25.5,2.0,0.5215,16.0215
2023-24,Paul George,202331,-11,36.0,17.0,3.0,0.315,9.315000000000001
2023-24,Paul George,202331,-9,39.5,30.0,4.0,0.47150000000000003,25.4715
2023-24,Paul George,202331,-8,34.0,26.0,1.0,0.45,19.45
2023-24,Paul George,202331,-7,34.0,17.333333333333332,1.6666666666666667,0.3163333333333333,12.316333333333333
2023-24,Paul George,202331,-6,39.5,15.5,6.5,0.29800000000000004,16.298000000000002
2023-24,Paul George,202331,-5,36.5,30.5,3.0,0.5835,29.0835
2023-24,Paul George,202331,-4,28.0,7.0,4.0,0.2,7.199999999999999
2023-24,Paul George,202331,0,33.5,19.0,5.5,0.423,24.923
2023-24,Paul George,202331,2,35.5,24.25,3.5,0.44425,30.19425
2023-24,Paul George,202331,3,38.666666666666664,26.0,4.0,0.46166666666666667,33.461666666666666
2023-24,Paul George,202331,4,31.333333333333332,15.666666666666666,2.6666666666666665,0.316,22.64933333333333
2023-24,Paul George,202331,5,38.0,25.0,6.0,0.471,36.471000000000004
2023-24,Paul George,202331,7,33.5,17.5,3.25,0.41575,28.16575
2023-24,Paul George,202331,8,40.0,41.0,4.0,0.667,53.667
2023-24,Paul George,202331,9,39.75,27.0,4.0,0.41200000000000003,40.412
2023-24,Paul George,202331,11,38.0,25.0,1.0,0.4,37.4
2023-24,Paul George,202331,12,35.666666666666664,24.666666666666668,4.333333333333333,0.5253333333333333,41.525333333333336
2023-24,Paul George,202331,13,32.0,24.75,5.5,0.50625,43.75625
2023-24,Paul George,202331,14,36.333333333333336,20.666666666666668,3.6666666666666665,0.5013333333333333,38.83466666666667
2023-24,Paul George,202331,15,35.0,28.0,6.5,0.508,50.008
2023-24,Paul George,202331,16,30.0,22.0,3.0,0.533,41.533
2023-24,Paul George,202331,17,35.0,12.0,1.0,0.294,30.294
2023-24,Paul George,202331,18,27.0,25.5,2.0,0.6115,46.1115
2023-24,Paul George,202331,19,36.0,25.0,4.0,0.474,48.474000000000004
2023-24,Paul George,202331,21,31.0,25.0,0.0,0.526,46.525999999999996
2023-24,Paul George,202331,22,32.75,28.5,3.25,0.6585,54.4085
2023-24,Paul George,202331,23,29.75,24.75,4.25,0.5865,52.5865
2023-24,Paul George,202331,24,27.0,25.0,4.0,0.5925,53.5925
2023-24,Paul George,202331,26,31.0,25.0,7.0,0.611,58.611
2023-24,Paul Reed,1630194,-20,26.0,13.0,1.0,0.462,-5.538
2023-24,Paul Reed,1630194,-19,24.0,11.0,3.0,0.625,-4.375
2023-24,Paul Reed,1630194,-13,27.0,14.0,0.0,0.75,1.75
2023-24,Paul Reed,1630194,-12,42.0,30.0,1.0,0.667,19.667
2023-24,Paul Reed,1630194,-11,31.0,12.0,1.0,0.556,2.556000000000001
2023-24,Paul Reed,1630194,-10,26.0,10.0,1.0,0.556,1.556000000000001
2023-24,Paul Reed,1630194,-9,22.0,2.0,0.0,0.167,-6.833
2023-24,Paul Reed,1630194,-8,31.0,6.0,4.0,0.5,2.5
2023-24,Paul Reed,1630194,-7,25.0,8.25,1.75,0.42625,3.4262499999999996
2023-24,Paul Reed,1630194,-6,24.0,11.333333333333334,2.0,0.6856666666666666,8.019
2023-24,Paul Reed,1630194,-5,39.0,18.0,2.0,0.583,15.582999999999998
2023-24,Paul Reed,1630194,-4,24.0,10.0,2.5,0.3605,8.8605
2023-24,Paul Reed,1630194,-3,22.0,8.0,2.0,0.6,7.6
2023-24,Paul Reed,1630194,-2,25.0,12.0,0.0,0.429,10.429
2023-24,Paul Reed,1630194,0,21.0,4.0,1.0,0.2,5.2
2023-24,Paul Reed,1630194,1,26.5,13.0,3.5,0.594,18.094
2023-24,Paul Reed,1630194,3,21.0,5.0,0.0,0.5,8.5
2023-24,Paul Reed,1630194,5,27.0,7.0,4.0,0.333,16.333
2023-24,Paul Reed,1630194,6,22.0,12.0,1.0,0.75,19.75
2023-24,Paul Reed,1630194,7,31.0,8.0,1.0,0.667,16.667
2023-24,Paul Reed,1630194,8,27.0,13.0,3.0,0.6890000000000001,24.689
2023-24,Paul Reed,1630194,9,24.0,8.0,2.0,0.333,19.333
2023-24,Paul Reed,1630194,10,29.5,12.0,4.0,0.47750000000000004,26.4775
2023-24,Paul Reed,1630194,13,27.0,13.0,1.0,0.625,27.625
2023-24,Paul Reed,1630194,14,27.0,13.0,3.0,0.833,30.833
2023-24,Paul Reed,1630194,17,24.0,10.0,3.0,0.667,30.667
2023-24,Paul Reed,1630194,19,23.0,6.0,5.0,0.75,30.75
2023-24,Payton Pritchard,1630202,-13,30.0,21.0,4.0,0.462,12.462
2023-24,Payton Pritchard,1630202,-12,21.0,12.0,2.0,0.5,2.5
2023-24,Payton Pritchard,1630202,-9,23.0,9.0,2.0,0.364,2.3640000000000008
2023-24,Payton Pritchard,1630202,-5,27.0,15.0,6.0,0.583,16.583
2023-24,Payton Pritchard,1630202,-3,25.0,9.0,6.0,0.3,12.3
2023-24,Payton Pritchard,1630202,-2,23.666666666666668,8.0,4.666666666666667,0.4206666666666667,11.087333333333335
2023-24,Payton Pritchard,1630202,1,23.0,6.0,3.0,0.222,10.222
2023-24,Payton Pritchard,1630202,2,32.0,20.0,3.0,0.5680000000000001,25.568
2023-24,Payton Pritchard,1630202,5,30.0,9.0,4.0,0.5,18.5
2023-24,Payton Pritchard,1630202,6,24.0,8.5,3.0,0.5,18.0
2023-24,Payton Pritchard,1630202,7,23.0,5.0,3.0,0.4,15.4
2023-24,Payton Pritchard,1630202,8,28.0,21.0,5.0,0.7,34.7
2023-24,Payton Pritchard,1630202,9,27.5,9.0,3.5,0.45,21.95
2023-24,Payton Pritchard,1630202,10,24.5,12.5,3.5,0.45,26.45
2023-24,Payton Pritchard,1630202,11,22.0,11.0,2.0,0.4,24.4
2023-24,Payton Pritchard,1630202,12,25.5,15.0,5.5,0.5775,33.0775
2023-24,Payton Pritchard,1630202,13,25.333333333333332,12.666666666666666,3.8333333333333335,0.4711666666666667,29.971166666666665
2023-24,Payton Pritchard,1630202,14,24.0,8.0,3.3333333333333335,0.31666666666666665,25.65
2023-24,Payton Pritchard,1630202,15,33.5,25.5,10.0,0.5845,51.0845
2023-24,Payton Pritchard,1630202,16,28.5,10.75,6.0,0.35,33.1
2023-24,Payton Pritchard,1630202,17,29.0,15.333333333333334,6.0,0.484,38.81733333333334
2023-24,Payton Pritchard,1630202,19,31.0,21.5,7.5,0.6315,48.6315
2023-24,Payton Pritchard,1630202,22,20.0,16.0,6.0,0.538,44.538
2023-24,Payton Pritchard,1630202,23,27.0,11.0,8.0,0.4,42.4
2023-24,Payton Pritchard,1630202,29,31.0,28.0,3.0,0.688,60.688
2023-24,Payton Pritchard,1630202,32,26.0,15.0,9.0,0.6,56.6
2023-24,Peyton Watson,1631212,-18,20.0,6.0,1.0,0.5,-10.5
2023-24,Peyton Watson,1631212,-12,23.0,7.0,3.0,0.375,-1.625
2023-24,Peyton Watson,1631212,-11,20.0,5.0,1.0,0.4,-4.6
2023-24,Peyton Watson,1631212,-10,20.0,4.0,1.0,0.5,-4.5
2023-24,Peyton Watson,1631212,-9,21.0,5.0,1.0,0.333,-2.667
2023-24,Peyton Watson,1631212,-7,24.0,9.333333333333334,1.0,0.5713333333333334,3.9046666666666674
2023-24,Peyton Watson,1631212,-6,20.0,9.0,3.0,0.429,6.429
2023-24,Peyton Watson,1631212,-3,24.0,5.0,2.0,0.333,4.333
2023-24,Peyton Watson,1631212,0,23.5,13.0,0.0,0.625,13.625
2023-24,Peyton Watson,1631212,1,22.0,4.0,4.0,0.25,9.25
2023-24,Peyton Watson,1631212,2,22.5,7.0,1.5,0.5,11.0
2023-24,Peyton Watson,1631212,3,30.0,5.0,4.0,0.286,12.286
2023-24,Peyton Watson,1631212,4,23.333333333333332,9.0,2.3333333333333335,0.5146666666666667,15.848
2023-24,Peyton Watson,1631212,5,23.0,6.0,1.0,0.3885,12.3885
2023-24,Peyton Watson,1631212,7,22.25,11.5,1.75,0.40775,20.65775
2023-24,Peyton Watson,1631212,8,22.5,10.0,2.5,0.5275,21.0275
2023-24,Peyton Watson,1631212,11,21.0,17.0,1.0,0.727,29.727
2023-24,Peyton Watson,1631212,13,20.0,9.0,1.0,0.3,23.3
2023-24,Peyton Watson,1631212,14,26.0,9.0,1.5,0.7915,25.2915
2023-24,Peyton Watson,1631212,16,27.0,13.0,2.0,0.75,31.75
2023-24,Peyton Watson,1631212,22,21.0,10.0,2.0,0.444,34.444
2023-24,Peyton Watson,1631212,28,23.0,20.0,2.0,0.429,50.429
2023-24,Precious Achiuwa,1630173,-22,22.0,8.0,1.0,0.4,-12.6
2023-24,Precious Achiuwa,1630173,-18,39.0,15.0,2.0,0.4,-0.6000000000000014
2023-24,Precious Achiuwa,1630173,-14,41.0,13.0,3.0,0.667,2.6670000000000016
2023-24,Precious Achiuwa,1630173,-13,27.5,8.0,0.5,0.55,-3.9499999999999993
2023-24,Precious Achiuwa,1630173,-12,34.0,9.0,0.5,0.6665,-1.8335000000000008
2023-24,Precious Achiuwa,1630173,-10,42.0,10.0,0.0,0.364,0.36400000000000077
2023-24,Precious Achiuwa,1630173,-9,26.0,2.0,0.0,0.25,-6.75
2023-24,Precious Achiuwa,1630173,-5,24.0,6.0,1.0,0.5555,2.5555000000000003
2023-24,Precious Achiuwa,1630173,-4,43.0,23.0,5.0,0.5,24.5
2023-24,Precious Achiuwa,1630173,-3,20.5,5.0,1.0,0.27,3.2699999999999996
2023-24,Precious Achiuwa,1630173,-2,24.5,7.0,2.0,0.65,7.65
2023-24,Precious Achiuwa,1630173,-1,30.0,13.0,3.0,0.495,15.495000000000001
2023-24,Precious Achiuwa,1630173,2,20.0,2.0,4.0,0.5,8.5
2023-24,Precious Achiuwa,1630173,3,28.666666666666668,10.666666666666666,1.0,0.6583333333333333,15.325
2023-24,Precious Achiuwa,1630173,4,28.5,12.5,0.5,0.475,17.475
2023-24,Precious Achiuwa,1630173,6,24.0,13.0,1.0,0.6,20.6
2023-24,Precious Achiuwa,1630173,7,43.0,12.0,0.0,0.313,19.313000000000002
2023-24,Precious Achiuwa,1630173,9,33.0,4.0,1.0,0.286,14.286
2023-24,Precious Achiuwa,1630173,12,21.0,14.0,0.0,0.75,26.75
2023-24,Precious Achiuwa,1630173,13,22.666666666666668,12.333333333333334,1.0,0.7166666666666667,27.05
2023-24,Precious Achiuwa,1630173,14,40.0,18.0,1.0,0.615,33.614999999999995
2023-24,Precious Achiuwa,1630173,15,38.0,18.0,2.0,0.778,35.778
2023-24,Precious Achiuwa,1630173,18,24.5,10.5,3.0,0.4325,31.932499999999997
2023-24,Precious Achiuwa,1630173,19,31.0,4.0,1.0,0.286,24.286
2023-24,Precious Achiuwa,1630173,21,32.0,9.0,0.0,0.667,30.667
2023-24,Precious Achiuwa,1630173,25,39.0,15.0,4.0,0.375,44.375
2023-24,Quentin Grimes,1629656,-20,20.0,3.0,2.0,0.25,-14.75
2023-24,Quentin Grimes,1629656,-18,24.0,0.0,2.0,0.0,-16.0
2023-24,Quentin Grimes,1629656,-10,28.0,12.0,1.0,0.667,3.667
2023-24,Quentin Grimes,1629656,-9,23.5,5.0,2.5,0.268,-1.2320000000000002
2023-24,Quentin Grimes,1629656,-8,20.0,3.0,2.0,0.2,-2.8
2023-24,Quentin Grimes,1629656,-6,21.5,8.5,1.0,0.347,3.8469999999999995
2023-24,Quentin Grimes,1629656,-5,23.0,8.0,0.0,0.375,3.375
2023-24,Quentin Grimes,1629656,-1,24.5,8.0,0.5,0.39649999999999996,7.8965
2023-24,Quentin Grimes,1629656,0,21.0,4.0,2.0,0.333,6.333
2023-24,Quentin Grimes,1629656,2,28.0,11.0,1.0,0.364,14.364
2023-24,Quentin Grimes,1629656,3,32.0,12.0,2.0,0.40900000000000003,17.409
2023-24,Quentin Grimes,1629656,4,21.0,6.0,3.0,0.125,13.125
2023-24,Quentin Grimes,1629656,5,21.5,5.5,1.5,0.4,12.4
2023-24,Quentin Grimes,1629656,6,20.0,12.0,2.0,0.4,20.4
2023-24,Quentin Grimes,1629656,8,22.5,5.5,1.0,0.4165,14.9165
2023-24,Quentin Grimes,1629656,9,21.0,17.0,1.0,0.455,27.455
2023-24,Quentin Grimes,1629656,10,25.0,15.5,1.0,0.5680000000000001,27.068
2023-24,Quentin Grimes,1629656,13,22.0,19.0,0.0,0.636,32.635999999999996
2023-24,Quentin Grimes,1629656,37,23.0,19.0,2.0,0.462,58.462
2023-24,R.J. Hampton,1630181,8,24.0,7.0,3.0,0.5,18.5
2023-24,RJ Barrett,1629628,-30,26.0,15.5,1.0,0.5335,-12.9665
2023-24,RJ Barrett,1629628,-27,36.0,22.0,4.0,0.474,-0.5259999999999998
2023-24,RJ Barrett,1629628,-22,36.0,19.0,2.0,0.412,-0.588000000000001
2023-24,RJ Barrett,1629628,-19,29.0,14.5,1.5,0.5,-2.5
2023-24,RJ Barrett,1629628,-16,30.0,4.0,2.0,0.222,-9.777999999999999
2023-24,RJ Barrett,1629628,-15,29.0,18.0,2.0,0.438,5.437999999999999
2023-24,RJ Barrett,1629628,-14,28.0,20.0,4.0,0.533,10.533000000000001
2023-24,RJ Barrett,1629628,-13,32.333333333333336,20.0,2.6666666666666665,0.4666666666666666,10.133333333333333
2023-24,RJ Barrett,1629628,-12,31.333333333333332,20.0,2.6666666666666665,0.482,11.148666666666667
2023-24,RJ Barrett,1629628,-9,31.0,26.5,3.5,0.58925,21.58925
2023-24,RJ Barrett,1629628,-8,29.0,13.0,1.0,0.294,6.2940000000000005
2023-24,RJ Barrett,1629628,-7,31.75,19.25,3.25,0.49075,15.990749999999998
2023-24,RJ Barrett,1629628,-6,30.666666666666668,23.333333333333332,2.6666666666666665,0.5076666666666666,20.507666666666665
2023-24,RJ Barrett,1629628,-5,28.25,14.0,3.75,0.34950000000000003,13.099499999999999
2023-24,RJ Barrett,1629628,-4,32.0,18.333333333333332,4.333333333333333,0.4136666666666666,19.080333333333332
2023-24,RJ Barrett,1629628,-3,37.0,26.0,9.0,0.5,32.5
2023-24,RJ Barrett,1629628,-2,32.0,14.0,3.0,0.417,15.417000000000002
2023-24,RJ Barrett,1629628,0,31.25,21.0,3.5,0.514,25.014
2023-24,RJ Barrett,1629628,1,33.0,26.5,2.0,0.484,29.984
2023-24,RJ Barrett,1629628,4,34.0,23.0,5.0,0.667,32.667
2023-24,RJ Barrett,1629628,6,34.5,25.0,4.0,0.5,35.5
2023-24,RJ Barrett,1629628,8,35.0,21.0,7.0,0.667,36.667
2023-24,RJ Barrett,1629628,9,34.0,18.0,1.0,0.5,28.5
2023-24,RJ Barrett,1629628,10,35.0,23.0,5.0,0.769,38.769
2023-24,RJ Barrett,1629628,13,29.333333333333332,21.333333333333332,3.6666666666666665,0.5686666666666667,38.568666666666665
2023-24,RJ Barrett,1629628,14,24.0,16.0,0.0,0.385,30.385
2023-24,RJ Barrett,1629628,16,25.0,15.0,3.0,0.333,34.333
2023-24,RJ Barrett,1629628,20,36.0,26.0,3.0,0.643,49.643
2023-24,RJ Barrett,1629628,26,32.333333333333336,28.333333333333332,4.666666666666667,0.5613333333333334,59.56133333333333
2023-24,RJ Barrett,1629628,29,29.0,12.0,7.0,0.385,48.385000000000005
2023-24,RaiQuan Gray,1630564,15,22.0,10.0,4.0,0.556,29.556
2023-24,Rayan Rupert,1641712,-38,26.0,6.0,3.0,0.5,-28.5
2023-24,Rayan Rupert,1641712,-25,40.0,11.0,5.0,0.333,-8.667000000000002
2023-24,Rayan Rupert,1641712,-24,33.0,9.0,2.0,0.375,-12.625
2023-24,Rayan Rupert,1641712,-11,31.0,11.0,2.0,0.364,2.3640000000000008
2023-24,Rayan Rupert,1641712,-10,26.0,4.0,5.0,0.167,-0.8330000000000002
2023-24,Rayan Rupert,1641712,-8,22.0,2.0,2.0,1.0,-3.0
2023-24,Rayan Rupert,1641712,-7,23.0,13.0,0.0,0.714,6.714
2023-24,Rayan Rupert,1641712,-2,38.0,7.0,5.0,0.333,10.333
2023-24,Rayan Rupert,1641712,1,32.666666666666664,4.333333333333333,3.0,0.18233333333333335,8.515666666666666
2023-24,Rayan Rupert,1641712,7,23.0,9.0,1.0,0.375,17.375
2023-24,Rayan Rupert,1641712,12,25.5,3.5,0.5,0.5835,16.5835
2023-24,Reggie Bullock Jr.,203493,-9,23.0,11.0,1.0,1.0,4.0
2023-24,Reggie Bullock Jr.,203493,-4,20.0,6.0,0.0,0.333,2.333
2023-24,Reggie Bullock Jr.,203493,-2,20.0,3.0,1.0,0.333,2.333
2023-24,Reggie Jackson,202704,-28,21.0,7.0,1.0,0.6,-19.4
2023-24,Reggie Jackson,202704,-26,25.0,2.0,3.0,0.143,-20.857
2023-24,Reggie Jackson,202704,-16,23.0,2.0,3.0,0.143,-10.857
2023-24,Reggie Jackson,202704,-14,26.0,13.333333333333334,4.333333333333333,0.45933333333333337,4.126000000000001
2023-24,Reggie Jackson,202704,-12,26.0,13.5,2.5,0.375,4.375
2023-24,Reggie Jackson,202704,-11,29.0,11.0,3.0,0.357,3.3569999999999993
2023-24,Reggie Jackson,202704,-10,27.0,15.0,4.0,0.479,9.479
2023-24,Reggie Jackson,202704,-9,24.0,13.0,3.0,0.556,7.556000000000001
2023-24,Reggie Jackson,202704,-8,33.0,14.0,9.0,0.333,15.332999999999998
2023-24,Reggie Jackson,202704,-4,27.0,15.0,4.5,0.519,16.019
2023-24,Reggie Jackson,202704,-3,27.0,14.0,2.0,0.5,13.5
2023-24,Reggie Jackson,202704,-2,32.5,9.0,6.0,0.2835,13.2835
2023-24,Reggie Jackson,202704,-1,22.0,12.25,2.75,0.4645,14.4645
2023-24,Reggie Jackson,202704,0,26.0,14.5,4.5,0.5175,19.5175
2023-24,Reggie Jackson,202704,3,25.25,11.75,4.5,0.42025,19.67025
2023-24,Reggie Jackson,202704,4,23.0,8.5,3.25,0.5125,16.2625
2023-24,Reggie Jackson,202704,5,20.0,3.0,3.0,0.25,11.25
2023-24,Reggie Jackson,202704,6,21.0,7.0,1.0,0.273,14.273
2023-24,Reggie Jackson,202704,8,24.0,10.5,3.5,0.308,22.308
2023-24,Reggie Jackson,202704,9,29.0,18.0,4.0,0.636,31.636
2023-24,Reggie Jackson,202704,10,20.0,4.0,2.0,0.5,16.5
2023-24,Reggie Jackson,202704,11,26.0,17.0,3.3333333333333335,0.492,31.825333333333333
2023-24,Reggie Jackson,202704,12,32.0,20.0,6.0,0.471,38.471000000000004
2023-24,Reggie Jackson,202704,13,22.0,5.0,6.0,0.667,24.667
2023-24,Reggie Jackson,202704,14,23.0,14.5,6.0,0.657,35.157
2023-24,Reggie Jackson,202704,15,24.0,14.5,5.5,0.5645,35.564499999999995
2023-24,Reggie Jackson,202704,16,24.0,7.0,4.0,0.25,27.25
2023-24,Reggie Jackson,202704,21,22.5,13.0,6.5,0.40049999999999997,40.9005
2023-24,Reggie Jackson,202704,25,40.0,35.0,13.0,0.789,73.789
2023-24,Richaun Holmes,1626158,-21,30.0,11.0,3.0,0.667,-6.333
2023-24,Richaun Holmes,1626158,-18,25.0,12.0,0.0,0.8,-5.199999999999999
2023-24,Richaun Holmes,1626158,-9,26.0,7.0,1.0,0.375,-0.625
2023-24,Richaun Holmes,1626158,-8,30.0,14.0,2.0,0.6,8.600000000000001
2023-24,Richaun Holmes,1626158,-6,21.0,0.0,1.0,0.0,-5.0
2023-24,Richaun Holmes,1626158,3,23.0,4.0,1.0,0.5,8.5
2023-24,Richaun Holmes,1626158,7,28.0,15.0,0.0,0.667,22.667
2023-24,Richaun Holmes,1626158,10,22.0,16.0,1.0,0.583,27.583
2023-24,Richaun Holmes,1626158,11,24.0,12.0,2.0,0.833,25.833
2023-24,Richaun Holmes,1626158,15,29.0,6.0,2.0,0.222,23.222
2023-24,Richaun Holmes,1626158,23,36.0,14.0,1.0,1.0,39.0
2023-24,Ricky Council IV,1641741,-2,22.0,13.0,2.0,0.5,13.5
2023-24,Ricky Council IV,1641741,1,29.0,19.0,1.0,0.538,21.538
2023-24,Ricky Council IV,1641741,5,20.0,8.0,0.0,0.286,13.286
2023-24,Ricky Council IV,1641741,14,22.0,11.0,3.0,0.8,28.8
2023-24,Robert Covington,203496,-10,37.0,16.0,0.0,0.462,6.462
2023-24,Robert Covington,203496,-9,30.0,18.0,1.0,0.444,10.443999999999999
2023-24,Robert Covington,203496,-8,21.0,9.0,0.0,0.6,1.5999999999999996
2023-24,Robert Covington,203496,3,20.0,6.0,3.0,0.5,12.5
2023-24,Robert Covington,203496,11,29.0,12.0,1.0,0.8,24.8
2023-24,Robert Covington,203496,15,24.0,0.0,2.0,0.0,17.0
2023-24,Robert Covington,203496,25,26.0,0.0,3.0,0.0,28.0
2023-24,Robert Covington,203496,26,23.0,5.0,2.0,0.4,33.4
2023-24,Robert Williams III,1629057,-23,23.0,10.0,0.0,0.714,-12.286
2023-24,Robert Williams III,1629057,-10,20.0,6.0,2.0,0.6,-1.4000000000000004
2023-24,Robert Williams III,1629057,-6,25.0,6.0,2.0,0.667,2.667
2023-24,Royce O'Neale,1626220,-22,20.0,5.0,4.0,0.4,-12.6
2023-24,Royce O'Neale,1626220,-18,36.0,6.0,3.0,0.133,-8.867
2023-24,Royce O'Neale,1626220,-16,21.0,5.0,3.0,0.4,-7.6
2023-24,Royce O'Neale,1626220,-13,24.0,7.333333333333333,2.6666666666666665,0.38866666666666666,-2.6113333333333326
2023-24,Royce O'Neale,1626220,-12,26.0,13.5,2.0,0.4585,3.958500000000001
2023-24,Royce O'Neale,1626220,-11,25.666666666666668,7.333333333333333,2.0,0.333,-1.3336666666666677
2023-24,Royce O'Neale,1626220,-10,25.666666666666668,4.0,3.6666666666666665,0.283,-2.0503333333333336
2023-24,Royce O'Neale,1626220,-9,31.0,18.0,2.0,0.375,11.375
2023-24,Royce O'Neale,1626220,-8,20.0,8.0,3.0,0.75,3.75
2023-24,Royce O'Neale,1626220,-7,28.333333333333332,7.666666666666667,3.0,0.23933333333333331,3.9060000000000006
2023-24,Royce O'Neale,1626220,-5,23.0,4.0,1.5,0.3,0.7999999999999998
2023-24,Royce O'Neale,1626220,-4,29.0,10.5,3.0,0.5665,10.0665
2023-24,Royce O'Neale,1626220,-3,29.666666666666668,5.666666666666667,5.333333333333333,0.29433333333333334,8.294333333333334
2023-24,Royce O'Neale,1626220,-2,30.0,10.0,4.0,0.375,12.375
2023-24,Royce O'Neale,1626220,-1,24.5,3.0,2.5,0.1665,4.6665
2023-24,Royce O'Neale,1626220,0,31.0,8.0,0.0,0.375,8.375
2023-24,Royce O'Neale,1626220,3,32.0,7.666666666666667,3.0,0.26666666666666666,13.933333333333335
2023-24,Royce O'Neale,1626220,4,27.0,20.0,2.0,0.538,26.538
2023-24,Royce O'Neale,1626220,5,27.5,14.0,4.0,0.5355,23.5355
2023-24,Royce O'Neale,1626220,8,25.0,7.5,3.0,0.3165,18.816499999999998
2023-24,Royce O'Neale,1626220,9,29.666666666666668,10.333333333333334,5.0,0.4443333333333333,24.77766666666667
2023-24,Royce O'Neale,1626220,10,31.333333333333332,6.666666666666667,3.6666666666666665,0.248,20.581333333333333
2023-24,Royce O'Neale,1626220,11,30.5,16.5,4.5,0.518,32.518
2023-24,Royce O'Neale,1626220,12,39.0,8.0,6.0,0.333,26.333
2023-24,Royce O'Neale,1626220,13,29.0,9.0,5.0,0.429,27.429000000000002
2023-24,Royce O'Neale,1626220,14,27.0,10.0,1.0,0.4335,25.433500000000002
2023-24,Royce O'Neale,1626220,15,31.5,15.5,2.5,0.5835,33.5835
2023-24,Royce O'Neale,1626220,16,23.0,4.0,3.0,0.25,23.25
2023-24,Royce O'Neale,1626220,22,37.0,20.0,4.0,0.583,46.583
2023-24,Royce O'Neale,1626220,24,26.0,3.0,7.0,0.333,34.333
2023-24,Royce O'Neale,1626220,37,23.0,9.0,3.0,0.5,49.5
2023-24,Rudy Gobert,203497,-26,29.0,4.0,1.0,0.4,-20.6
2023-24,Rudy Gobert,203497,-25,24.0,4.0,2.0,0.4,-18.6
2023-24,Rudy Gobert,203497,-20,25.0,8.0,0.0,0.5,-11.5
2023-24,Rudy Gobert,203497,-17,35.0,17.0,2.0,0.8175,2.817499999999999
2023-24,Rudy Gobert,203497,-16,25.0,6.5,0.0,0.7085,-8.7915
2023-24,Rudy Gobert,203497,-14,28.0,10.0,0.0,0.333,-3.667
2023-24,Rudy Gobert,203497,-13,30.0,14.0,1.0,0.429,2.4290000000000003
2023-24,Rudy Gobert,203497,-11,34.5,12.5,1.0,0.4375,2.9375
2023-24,Rudy Gobert,203497,-10,39.0,13.0,1.0,1.0,5.0
2023-24,Rudy Gobert,203497,-8,39.5,12.0,0.5,0.5355,5.035500000000001
2023-24,Rudy Gobert,203497,-7,34.0,17.0,1.0,0.714,11.713999999999999
2023-24,Rudy Gobert,203497,-6,42.0,16.0,1.0,0.667,11.667000000000002
2023-24,Rudy Gobert,203497,-4,36.25,17.5,1.0,0.71125,15.21125
2023-24,Rudy Gobert,203497,-1,36.0,14.25,1.5,0.629,15.379000000000001
2023-24,Rudy Gobert,203497,0,39.0,22.0,2.0,0.857,24.857
2023-24,Rudy Gobert,203497,1,33.0,13.5,1.75,0.64225,16.89225
2023-24,Rudy Gobert,203497,3,31.333333333333332,11.666666666666666,1.3333333333333333,0.7036666666666668,16.703666666666667
2023-24,Rudy Gobert,203497,4,37.25,11.5,1.75,0.5535,17.8035
2023-24,Rudy Gobert,203497,5,38.0,12.0,1.0,0.75,18.75
2023-24,Rudy Gobert,203497,6,31.5,13.0,0.5,0.6930000000000001,20.192999999999998
2023-24,Rudy Gobert,203497,7,36.0,7.0,2.0,0.429,16.429000000000002
2023-24,Rudy Gobert,203497,8,36.0,14.666666666666666,2.3333333333333335,0.5473333333333333,25.547333333333334
2023-24,Rudy Gobert,203497,9,33.5,18.0,0.5,0.5905,28.0905
2023-24,Rudy Gobert,203497,10,34.666666666666664,15.333333333333334,0.6666666666666666,0.611,26.611
2023-24,Rudy Gobert,203497,11,32.666666666666664,9.333333333333334,3.0,0.7736666666666666,24.107
2023-24,Rudy Gobert,203497,12,37.333333333333336,18.0,2.0,0.661,32.661
2023-24,Rudy Gobert,203497,13,34.666666666666664,20.666666666666668,1.6666666666666667,0.8963333333333333,36.229666666666674
2023-24,Rudy Gobert,203497,14,30.0,14.0,1.0,0.778,29.778
2023-24,Rudy Gobert,203497,15,34.5,9.5,0.5,0.2725,25.2725
2023-24,Rudy Gobert,203497,16,25.5,14.5,0.5,0.857,31.857
2023-24,Rudy Gobert,203497,18,28.0,17.0,0.0,0.556,35.556
2023-24,Rudy Gobert,203497,19,31.5,12.0,1.0,0.714,32.714
2023-24,Rudy Gobert,203497,20,36.0,14.0,4.0,0.75,38.75
2023-24,Rudy Gobert,203497,22,32.0,13.0,1.0,0.857,36.857
2023-24,Rudy Gobert,203497,24,36.0,15.5,1.0,0.9,41.4
2023-24,Rudy Gobert,203497,25,35.0,16.0,1.0,0.667,42.667
2023-24,Rudy Gobert,203497,27,39.0,21.0,1.0,0.769,49.769
2023-24,Rudy Gobert,203497,31,30.0,16.0,2.0,0.875,49.875
2023-24,Rudy Gobert,203497,32,31.0,17.0,1.0,0.778,50.778
2023-24,Rudy Gobert,203497,33,27.5,17.5,1.5,0.659,52.659
2023-24,Rui Hachimura,1629060,-28,32.0,8.0,1.0,0.375,-18.625
2023-24,Rui Hachimura,1629060,-17,29.0,14.0,1.0,0.833,-1.1669999999999998
2023-24,Rui Hachimura,1629060,-15,31.0,14.0,0.0,0.5,-0.5
2023-24,Rui Hachimura,1629060,-13,30.5,23.5,2.0,0.667,13.167000000000002
2023-24,Rui Hachimura,1629060,-12,37.0,2.0,0.0,0.2,-9.8
2023-24,Rui Hachimura,1629060,-9,23.0,16.0,0.0,0.636,7.635999999999999
2023-24,Rui Hachimura,1629060,-8,27.0,10.0,1.5,0.4945,3.9945000000000004
2023-24,Rui Hachimura,1629060,-7,24.666666666666668,9.0,0.3333333333333333,0.42133333333333334,2.754666666666667
2023-24,Rui Hachimura,1629060,-6,32.0,17.6,1.0,0.5267999999999999,13.126800000000003
2023-24,Rui Hachimura,1629060,-4,29.0,14.0,2.0,0.7,12.7
2023-24,Rui Hachimura,1629060,-3,30.0,18.0,1.0,0.549,16.549
2023-24,Rui Hachimura,1629060,-2,35.0,11.5,2.0,0.35650000000000004,11.8565
2023-24,Rui Hachimura,1629060,-1,22.0,6.0,1.0,0.333,6.333
2023-24,Rui Hachimura,1629060,0,22.0,16.0,1.0,0.8,17.8
2023-24,Rui Hachimura,1629060,1,32.0,22.0,1.75,0.571,25.321
2023-24,Rui Hachimura,1629060,2,31.0,17.0,0.0,0.636,19.636
2023-24,Rui Hachimura,1629060,3,23.0,15.0,3.0,0.5,21.5
2023-24,Rui Hachimura,1629060,4,33.0,15.0,4.0,0.357,23.357
2023-24,Rui Hachimura,1629060,5,25.0,9.5,0.5,0.366,15.366
2023-24,Rui Hachimura,1629060,6,24.5,12.333333333333334,1.0,0.6265000000000001,19.959833333333336
2023-24,Rui Hachimura,1629060,7,35.0,8.0,1.0,0.364,16.364
2023-24,Rui Hachimura,1629060,9,28.333333333333332,13.0,2.6666666666666665,0.6076666666666667,25.27433333333333
2023-24,Rui Hachimura,1629060,10,34.0,11.0,4.0,0.5,25.5
2023-24,Rui Hachimura,1629060,13,30.0,15.0,2.0,0.7,30.7
2023-24,Rui Hachimura,1629060,15,23.0,11.0,1.5,0.44299999999999995,27.942999999999998
2023-24,Rui Hachimura,1629060,17,32.0,19.0,2.0,0.6,38.6
2023-24,Rui Hachimura,1629060,21,29.0,17.25,1.0,0.6125,39.8625
2023-24,Rui Hachimura,1629060,25,33.0,36.0,1.0,0.684,62.684
2023-24,Rui Hachimura,1629060,34,28.0,17.0,1.0,0.583,52.583
2023-24,Rui Hachimura,1629060,35,35.0,32.0,1.0,0.786,68.786
2023-24,Russell Westbrook,201566,-26,20.0,14.0,2.0,0.455,-9.545000000000002
2023-24,Russell Westbrook,201566,-21,29.0,11.0,3.0,0.273,-6.727
2023-24,Russell Westbrook,201566,-14,24.0,20.0,2.0,0.5,8.5
2023-24,Russell Westbrook,201566,-11,26.0,14.0,3.0,0.556,6.556000000000001
2023-24,Russell Westbrook,201566,-10,26.0,14.0,6.0,0.385,10.385000000000002
2023-24,Russell Westbrook,201566,-8,43.0,24.0,8.0,0.429,24.429000000000002
2023-24,Russell Westbrook,201566,-7,31.0,17.0,4.0,0.615,14.614999999999998
2023-24,Russell Westbrook,201566,-5,27.333333333333332,13.666666666666666,5.0,0.5136666666666666,14.18033333333333
2023-24,Russell Westbrook,201566,-4,36.0,4.0,4.0,0.5,4.5
2023-24,Russell Westbrook,201566,-3,26.0,13.0,3.0,0.6,13.600000000000001
2023-24,Russell Westbrook,201566,-2,23.5,16.5,1.5,0.45,16.45
2023-24,Russell Westbrook,201566,0,20.0,12.0,5.0,0.364,17.364
2023-24,Russell Westbrook,201566,1,24.5,11.0,5.0,0.5,17.5
2023-24,Russell Westbrook,201566,2,24.5,13.0,9.5,0.521,25.021
2023-24,Russell Westbrook,201566,3,27.0,8.0,7.0,0.375,18.375
2023-24,Russell Westbrook,201566,4,27.0,14.0,6.0,0.625,24.625
2023-24,Russell Westbrook,201566,6,22.0,11.0,4.0,0.5,21.5
2023-24,Russell Westbrook,201566,7,23.0,9.0,5.5,0.432,21.932000000000002
2023-24,Russell Westbrook,201566,8,27.0,13.5,5.5,0.4365,27.4365
2023-24,Russell Westbrook,201566,10,24.75,12.75,4.5,0.494,27.744
2023-24,Russell Westbrook,201566,12,20.0,8.0,3.0,0.5,23.5
2023-24,Russell Westbrook,201566,15,24.0,16.5,6.0,0.6625000000000001,38.1625
2023-24,Russell Westbrook,201566,16,32.0,18.0,7.0,0.5,41.5
2023-24,Russell Westbrook,201566,17,39.0,16.0,15.0,0.412,48.412
2023-24,Russell Westbrook,201566,18,25.0,8.0,6.0,0.333,32.333
2023-24,Russell Westbrook,201566,22,31.0,23.0,6.0,0.625,51.625
2023-24,Russell Westbrook,201566,30,27.0,15.0,8.0,0.62,53.620000000000005
2023-24,Saben Lee,1630240,3,23.0,16.0,2.0,0.444,21.444
2023-24,Saddiq Bey,1630180,-28,31.0,14.0,1.0,0.385,-12.615
2023-24,Saddiq Bey,1630180,-24,30.0,0.0,2.0,0.0,-22.0
2023-24,Saddiq Bey,1630180,-22,31.0,11.5,2.5,0.4555,-7.544499999999999
2023-24,Saddiq Bey,1630180,-17,38.0,16.0,2.0,0.5,1.5
2023-24,Saddiq Bey,1630180,-16,28.0,7.0,1.0,0.429,-7.571
2023-24,Saddiq Bey,1630180,-15,26.0,16.0,0.0,0.385,1.3850000000000016
2023-24,Saddiq Bey,1630180,-14,37.0,16.0,5.0,0.462,7.462
2023-24,Saddiq Bey,1630180,-13,26.0,18.0,3.0,0.5,8.5
2023-24,Saddiq Bey,1630180,-12,39.0,16.0,2.0,0.429,6.4289999999999985
2023-24,Saddiq Bey,1630180,-10,31.666666666666668,6.666666666666667,0.0,0.19566666666666666,-3.137666666666666
2023-24,Saddiq Bey,1630180,-9,34.0,23.0,2.0,0.571,16.571
2023-24,Saddiq Bey,1630180,-8,33.5,9.0,1.0,0.3975,2.397500000000001
2023-24,Saddiq Bey,1630180,-7,34.0,14.0,1.25,0.486,8.736
2023-24,Saddiq Bey,1630180,-6,28.666666666666668,12.333333333333334,1.3333333333333333,0.391,8.057666666666668
2023-24,Saddiq Bey,1630180,-5,31.0,17.0,1.0,0.667,13.667000000000002
2023-24,Saddiq Bey,1630180,-4,36.0,15.0,1.0,0.375,12.375
2023-24,Saddiq Bey,1630180,-3,37.0,14.5,1.5,0.5355,13.535499999999999
2023-24,Saddiq Bey,1630180,-2,31.5,11.5,0.75,0.36375,10.61375
2023-24,Saddiq Bey,1630180,-1,35.0,25.0,1.0,0.563,25.563
2023-24,Saddiq Bey,1630180,0,31.666666666666668,12.0,1.3333333333333333,0.4406666666666667,13.774000000000001
2023-24,Saddiq Bey,1630180,1,35.5,20.0,1.0,0.4355,22.4355
2023-24,Saddiq Bey,1630180,2,36.0,14.0,1.0,0.3775,17.377499999999998
2023-24,Saddiq Bey,1630180,3,35.0,17.0,2.0,0.4,22.4
2023-24,Saddiq Bey,1630180,4,28.0,12.0,2.0,0.478,18.478
2023-24,Saddiq Bey,1630180,5,29.5,17.0,3.0,0.374,25.374
2023-24,Saddiq Bey,1630180,6,30.5,12.5,2.0,0.3975,20.8975
2023-24,Saddiq Bey,1630180,7,37.0,3.0,2.0,0.083,12.083
2023-24,Saddiq Bey,1630180,8,33.0,18.0,1.0,0.364,27.364
2023-24,Saddiq Bey,1630180,9,34.0,18.0,1.0,0.5236666666666667,28.523666666666667
2023-24,Saddiq Bey,1630180,10,31.0,14.0,0.0,0.4,24.4
2023-24,Saddiq Bey,1630180,12,39.0,24.0,3.0,0.533,39.533
2023-24,Saddiq Bey,1630180,15,30.0,16.0,0.0,0.364,31.364
2023-24,Saddiq Bey,1630180,16,31.0,9.0,0.0,0.273,25.273
2023-24,Saddiq Bey,1630180,17,25.0,11.0,1.0,0.8,29.8
2023-24,Saddiq Bey,1630180,19,38.0,22.0,2.5,0.472,43.972
2023-24,Saddiq Bey,1630180,20,28.0,16.0,2.0,0.7,38.7
2023-24,Saddiq Bey,1630180,23,30.0,13.0,3.0,0.444,39.444
2023-24,Saddiq Bey,1630180,24,37.0,10.0,4.0,0.333,38.333
2023-24,Saddiq Bey,1630180,30,31.0,13.0,1.0,0.429,44.429
2023-24,Sam Hauser,1630573,-22,37.0,3.0,1.0,0.111,-17.889
2023-24,Sam Hauser,1630573,-17,21.0,3.0,0.0,0.5,-13.5
2023-24,Sam Hauser,1630573,-16,24.0,12.5,0.0,0.5835,-2.916499999999999
2023-24,Sam Hauser,1630573,-10,22.5,4.5,1.0,0.15,-4.35
2023-24,Sam Hauser,1630573,-8,34.0,9.0,1.0,0.429,2.4290000000000003
2023-24,Sam Hauser,1630573,-7,26.0,6.0,0.0,0.2,-0.7999999999999998
2023-24,Sam Hauser,1630573,-5,36.0,3.0,3.0,0.056,1.056
2023-24,Sam Hauser,1630573,-3,24.5,11.0,0.5,0.4875,8.9875
2023-24,Sam Hauser,1630573,-1,24.0,15.0,1.0,0.5,15.5
2023-24,Sam Hauser,1630573,0,28.0,8.0,2.0,0.375,10.375
2023-24,Sam Hauser,1630573,1,21.0,4.0,1.5,0.2145,6.7145
2023-24,Sam Hauser,1630573,3,22.0,8.0,3.0,0.5,14.5
2023-24,Sam Hauser,1630573,4,35.0,8.0,2.0,0.333,14.333
2023-24,Sam Hauser,1630573,6,21.5,14.5,1.0,0.6060000000000001,22.106
2023-24,Sam Hauser,1630573,7,24.0,25.0,0.0,0.692,32.692
2023-24,Sam Hauser,1630573,8,28.0,14.333333333333334,3.3333333333333335,0.57,26.236666666666668
2023-24,Sam Hauser,1630573,9,23.5,13.0,1.0,0.528,23.528
2023-24,Sam Hauser,1630573,10,27.0,10.0,3.0,0.667,23.667
2023-24,Sam Hauser,1630573,11,26.0,11.0,1.0,0.472,23.472
2023-24,Sam Hauser,1630573,13,20.0,9.0,2.0,0.25,24.25
2023-24,Sam Hauser,1630573,14,27.0,11.0,1.0,0.4533333333333333,26.453333333333333
2023-24,Sam Hauser,1630573,15,21.5,12.5,1.0,0.512,29.012
2023-24,Sam Hauser,1630573,16,22.5,9.0,2.0,0.479,27.479
2023-24,Sam Hauser,1630573,17,22.0,14.0,0.5,0.5625,32.0625
2023-24,Sam Hauser,1630573,18,21.0,18.5,1.5,0.6345000000000001,38.6345
2023-24,Sam Hauser,1630573,19,31.0,11.0,4.0,0.5,34.5
2023-24,Sam Hauser,1630573,20,25.5,14.0,0.0,0.4445,34.4445
2023-24,Sam Hauser,1630573,24,34.0,10.0,1.0,0.667,35.667
2023-24,Sam Hauser,1630573,26,35.0,16.0,2.0,0.3,44.3
2023-24,Sam Hauser,1630573,34,30.0,16.0,2.0,0.353,52.353
2023-24,Sam Hauser,1630573,40,29.0,14.0,2.0,0.556,56.556
2023-24,Sam Merrill,1630241,-16,26.0,3.0,4.0,0.0715,-8.9285
2023-24,Sam Merrill,1630241,-15,23.0,9.0,1.0,0.3,-4.699999999999999
2023-24,Sam Merrill,1630241,-7,24.0,11.0,1.0,0.375,5.375
2023-24,Sam Merrill,1630241,-6,25.0,12.0,1.0,0.444,7.444000000000001
2023-24,Sam Merrill,1630241,-5,23.0,10.0,1.0,0.429,6.429
2023-24,Sam Merrill,1630241,-3,30.0,6.0,1.0,0.286,4.286
2023-24,Sam Merrill,1630241,-1,23.0,17.0,2.0,0.455,18.455
2023-24,Sam Merrill,1630241,0,24.0,18.0,2.0,0.626,20.626
2023-24,Sam Merrill,1630241,1,23.0,12.0,1.5,0.444,14.944
2023-24,Sam Merrill,1630241,2,29.5,8.5,1.5,0.3835,12.3835
2023-24,Sam Merrill,1630241,3,22.0,10.0,5.0,0.5,18.5
2023-24,Sam Merrill,1630241,7,20.0,13.0,3.0,0.5,23.5
2023-24,Sam Merrill,1630241,8,28.0,14.5,4.0,0.354,26.854
2023-24,Sam Merrill,1630241,10,21.0,3.0,5.0,0.2,18.2
2023-24,Sam Merrill,1630241,12,31.0,26.0,1.0,0.615,39.614999999999995
2023-24,Sam Merrill,1630241,13,24.0,19.0,3.0,0.545,35.545
2023-24,Sam Merrill,1630241,15,32.0,18.0,5.0,0.462,38.462
2023-24,Sam Merrill,1630241,17,27.5,19.5,2.0,0.5315,39.0315
2023-24,Sam Merrill,1630241,23,22.0,18.0,3.0,0.455,44.455
2023-24,Sam Merrill,1630241,27,28.0,11.0,6.0,0.364,44.364000000000004
2023-24,Sam Merrill,1630241,30,27.0,15.0,9.0,0.5,54.5
2023-24,Sandro Mamukelashvili,1630572,-28,25.0,0.0,2.0,0.0,-26.0
2023-24,Sandro Mamukelashvili,1630572,-1,30.0,21.0,2.0,0.571,22.571
2023-24,Sandro Mamukelashvili,1630572,0,24.0,10.0,1.0,0.375,11.375
2023-24,Sandro Mamukelashvili,1630572,3,24.0,10.0,2.0,0.667,15.667
2023-24,Sandro Mamukelashvili,1630572,5,25.0,18.0,1.0,0.538,24.538
2023-24,Sandro Mamukelashvili,1630572,6,26.0,15.0,2.0,0.636,23.636
2023-24,Sandro Mamukelashvili,1630572,11,26.0,11.0,4.0,0.667,26.667
2023-24,Sandro Mamukelashvili,1630572,17,23.0,6.0,3.0,0.167,26.167
2023-24,Santi Aldama,1630583,-37,27.0,6.0,1.0,0.3,-29.7
2023-24,Santi Aldama,1630583,-28,22.0,11.0,5.0,0.667,-11.332999999999998
2023-24,Santi Aldama,1630583,-26,26.0,7.0,3.0,0.4,-15.6
2023-24,Santi Aldama,1630583,-25,27.0,5.0,3.0,0.286,-16.714
2023-24,Santi Aldama,1630583,-23,34.0,27.0,4.0,0.5,8.5
2023-24,Santi Aldama,1630583,-18,35.0,21.0,0.0,0.45,3.4499999999999993
2023-24,Santi Aldama,1630583,-17,34.0,13.0,3.0,0.48350000000000004,-0.5165000000000006
2023-24,Santi Aldama,1630583,-15,26.5,10.0,1.5,0.36650000000000005,-3.1334999999999997
2023-24,Santi Aldama,1630583,-14,31.0,13.0,0.0,0.714,-0.2859999999999996
2023-24,Santi Aldama,1630583,-13,37.0,18.0,3.0,0.583,8.582999999999998
2023-24,Santi Aldama,1630583,-12,26.666666666666668,13.666666666666666,3.0,0.4406666666666667,5.1073333333333295
2023-24,Santi Aldama,1630583,-11,23.0,9.0,6.0,0.25,4.25
2023-24,Santi Aldama,1630583,-9,24.0,7.0,1.0,0.375,-0.625
2023-24,Santi Aldama,1630583,-6,33.5,14.5,2.75,0.4435,11.6935
2023-24,Santi Aldama,1630583,-5,30.0,7.0,1.0,0.3,3.3000000000000007
2023-24,Santi Aldama,1630583,-4,30.0,12.0,2.0,0.45,10.45
2023-24,Santi Aldama,1630583,-3,28.0,9.0,2.25,0.35925,8.60925
2023-24,Santi Aldama,1630583,-2,26.0,13.5,2.5,0.512,14.512
2023-24,Santi Aldama,1630583,-1,27.0,10.0,1.0,0.364,10.364
2023-24,Santi Aldama,1630583,1,22.0,12.0,1.0,0.714,14.714
2023-24,Santi Aldama,1630583,2,21.0,7.0,3.0,0.333,12.333
2023-24,Santi Aldama,1630583,3,25.0,4.0,2.5,0.3095,9.8095
2023-24,Santi Aldama,1630583,4,35.25,15.75,5.25,0.501,25.501
2023-24,Santi Aldama,1630583,7,25.0,11.5,0.5,0.40049999999999997,19.4005
2023-24,Santi Aldama,1630583,11,21.0,7.0,4.0,0.286,22.286
2023-24,Santi Aldama,1630583,12,25.0,11.5,2.0,0.6385,26.1385
2023-24,Santi Aldama,1630583,14,27.5,9.0,2.0,0.345,25.345
2023-24,Santi Aldama,1630583,17,33.0,17.0,3.0,0.7,37.7
2023-24,Santi Aldama,1630583,19,35.0,17.0,3.0,0.467,39.467
2023-24,Santi Aldama,1630583,24,25.0,13.0,2.0,0.714,39.714
2023-24,Sasha Vezenkov,1628426,-24,20.0,11.0,0.0,0.556,-12.443999999999999
2023-24,Sasha Vezenkov,1628426,2,20.0,9.0,3.0,0.571,14.571
2023-24,Sasha Vezenkov,1628426,5,20.0,14.0,2.0,0.714,21.714
2023-24,Sasha Vezenkov,1628426,6,24.0,13.0,0.0,0.714,19.714
2023-24,Scoot Henderson,1630703,-58,41.0,20.0,6.0,0.444,-31.556
2023-24,Scoot Henderson,1630703,-56,31.0,13.0,2.0,0.19,-40.81
2023-24,Scoot Henderson,1630703,-31,40.0,19.0,15.0,0.389,3.389000000000003
2023-24,Scoot Henderson,1630703,-28,32.0,7.0,7.0,0.182,-13.818
2023-24,Scoot Henderson,1630703,-27,25.0,8.0,4.0,0.75,-14.25
2023-24,Scoot Henderson,1630703,-26,28.5,12.5,7.0,0.42100000000000004,-6.079000000000001
2023-24,Scoot Henderson,1630703,-24,24.0,11.0,2.0,0.625,-10.375
2023-24,Scoot Henderson,1630703,-23,33.0,13.0,8.0,0.417,-1.5829999999999984
2023-24,Scoot Henderson,1630703,-19,30.0,10.0,3.0,0.235,-5.765000000000001
2023-24,Scoot Henderson,1630703,-18,33.0,17.0,6.0,0.389,5.388999999999999
2023-24,Scoot Henderson,1630703,-17,28.5,9.5,3.5,0.3515,-3.6485000000000003
2023-24,Scoot Henderson,1630703,-16,34.0,12.5,6.5,0.4495,3.4495000000000005
2023-24,Scoot Henderson,1630703,-15,25.0,10.5,5.0,0.376,0.8759999999999994
2023-24,Scoot Henderson,1630703,-13,23.0,7.0,3.0,0.167,-2.833
2023-24,Scoot Henderson,1630703,-12,30.5,17.5,5.25,0.38725,11.137250000000002
2023-24,Scoot Henderson,1630703,-11,27.666666666666668,14.666666666666666,7.666666666666667,0.393,11.726333333333333
2023-24,Scoot Henderson,1630703,-10,34.0,13.0,9.0,0.375,12.375
2023-24,Scoot Henderson,1630703,-9,34.5,22.5,7.5,0.333,21.333
2023-24,Scoot Henderson,1630703,-8,23.5,8.5,2.0,0.3335,2.833500000000001
2023-24,Scoot Henderson,1630703,-7,34.0,16.0,7.0,0.29400000000000004,16.294
2023-24,Scoot Henderson,1630703,-6,32.666666666666664,23.666666666666668,6.666666666666667,0.414,24.747333333333337
2023-24,Scoot Henderson,1630703,-5,23.75,10.25,3.75,0.3915,9.3915
2023-24,Scoot Henderson,1630703,-3,27.5,13.0,4.5,0.4105,14.910499999999999
2023-24,Scoot Henderson,1630703,-2,36.0,22.0,11.0,0.429,31.429000000000002
2023-24,Scoot Henderson,1630703,0,31.0,19.666666666666668,7.333333333333333,0.47866666666666663,27.478666666666665
2023-24,Scoot Henderson,1630703,1,34.0,11.0,7.0,0.333,19.333
2023-24,Scoot Henderson,1630703,2,27.0,13.0,1.0,0.5,16.5
2023-24,Scoot Henderson,1630703,4,30.0,14.0,5.0,0.235,23.235
2023-24,Scoot Henderson,1630703,5,23.0,16.666666666666668,4.333333333333333,0.506,26.506
2023-24,Scoot Henderson,1630703,7,31.5,17.0,2.0,0.2665,26.2665
2023-24,Scoot Henderson,1630703,10,21.0,13.0,1.0,0.4,24.4
2023-24,Scoot Henderson,1630703,11,29.0,19.0,6.0,0.5,36.5
2023-24,Scoot Henderson,1630703,12,21.0,2.0,7.0,0.125,21.125
2023-24,Scoot Henderson,1630703,17,25.0,19.0,7.0,0.389,43.388999999999996
2023-24,Scoot Henderson,1630703,21,28.0,17.0,11.0,0.4,49.4
2023-24,Scottie Barnes,1630567,-28,28.0,10.0,4.0,0.267,-13.733
2023-24,Scottie Barnes,1630567,-25,33.0,12.0,5.0,0.294,-7.7059999999999995
2023-24,Scottie Barnes,1630567,-24,31.0,29.0,7.0,0.579,12.579
2023-24,Scottie Barnes,1630567,-23,35.0,20.0,6.0,0.533,3.5330000000000013
2023-24,Scottie Barnes,1630567,-22,30.333333333333332,16.0,4.666666666666667,0.37833333333333335,-0.9549999999999983
2023-24,Scottie Barnes,1630567,-21,28.0,19.0,3.0,0.462,1.4619999999999997
2023-24,Scottie Barnes,1630567,-20,33.0,15.0,3.0,0.357,-1.6430000000000007
2023-24,Scottie Barnes,1630567,-19,34.0,23.0,8.0,0.6,12.600000000000001
2023-24,Scottie Barnes,1630567,-15,32.0,9.0,7.0,0.286,1.2860000000000014
2023-24,Scottie Barnes,1630567,-13,34.0,23.0,4.0,0.429,14.428999999999998
2023-24,Scottie Barnes,1630567,-11,36.0,24.0,8.0,0.567,21.567
2023-24,Scottie Barnes,1630567,-10,36.333333333333336,22.666666666666668,4.333333333333333,0.5126666666666666,17.512666666666668
2023-24,Scottie Barnes,1630567,-9,34.0,12.0,6.0,0.5,9.5
2023-24,Scottie Barnes,1630567,-7,36.0,29.0,4.0,0.684,26.683999999999997
2023-24,Scottie Barnes,1630567,-6,34.333333333333336,21.0,7.0,0.47,22.47
2023-24,Scottie Barnes,1630567,-5,35.0,20.0,5.0,0.412,20.412
2023-24,Scottie Barnes,1630567,-4,35.0,25.5,8.5,0.5175,30.5175
2023-24,Scottie Barnes,1630567,-3,36.6,22.6,5.6,0.45859999999999995,25.658600000000003
2023-24,Scottie Barnes,1630567,-2,34.0,13.0,8.0,0.25,19.25
2023-24,Scottie Barnes,1630567,-1,37.0,11.0,4.5,0.345,14.845
2023-24,Scottie Barnes,1630567,0,40.0,26.0,6.0,0.55,32.55
2023-24,Scottie Barnes,1630567,1,36.0,24.25,6.0,0.522,31.772
2023-24,Scottie Barnes,1630567,2,37.75,22.0,7.25,0.46225,31.71225
2023-24,Scottie Barnes,1630567,3,23.0,6.0,3.0,0.273,12.273
2023-24,Scottie Barnes,1630567,4,41.5,18.5,7.0,0.481,29.981
2023-24,Scottie Barnes,1630567,5,33.0,20.0,8.0,0.563,33.563
2023-24,Scottie Barnes,1630567,6,36.0,20.0,10.0,0.615,36.614999999999995
2023-24,Scottie Barnes,1630567,7,34.0,27.0,6.0,0.786,40.786
2023-24,Scottie Barnes,1630567,9,39.0,14.0,7.0,0.267,30.267
2023-24,Scottie Barnes,1630567,10,34.5,16.5,7.5,0.393,34.393
2023-24,Scottie Barnes,1630567,14,35.666666666666664,24.666666666666668,5.0,0.4723333333333333,44.139
2023-24,Scottie Barnes,1630567,15,38.0,22.0,10.0,0.643,47.643
2023-24,Scottie Barnes,1630567,17,30.0,18.0,3.0,0.538,38.538
2023-24,Scottie Barnes,1630567,19,32.0,13.0,6.0,0.455,38.455
2023-24,Scottie Barnes,1630567,22,38.0,22.0,7.0,0.5,51.5
2023-24,Scottie Barnes,1630567,37,25.0,17.0,9.0,0.636,63.635999999999996
2023-24,Scotty Pippen Jr.,1630590,-26,25.0,11.0,2.0,0.444,-12.556
2023-24,Scotty Pippen Jr.,1630590,-17,26.0,17.0,4.0,0.556,4.556000000000001
2023-24,Scotty Pippen Jr.,1630590,-13,31.0,12.0,5.0,0.375,4.375
2023-24,Scotty Pippen Jr.,1630590,-12,25.5,17.5,3.5,0.4815,9.4815
2023-24,Scotty Pippen Jr.,1630590,-11,27.0,19.0,4.0,0.545,12.545000000000002
2023-24,Scotty Pippen Jr.,1630590,-6,24.0,6.0,6.0,0.286,6.286
2023-24,Scotty Pippen Jr.,1630590,-4,20.0,0.0,3.0,0.0,-1.0
2023-24,Scotty Pippen Jr.,1630590,-3,31.0,14.0,5.0,0.267,16.267
2023-24,Scotty Pippen Jr.,1630590,-2,25.0,12.5,5.0,0.522,16.022
2023-24,Scotty Pippen Jr.,1630590,-1,27.0,15.5,7.0,0.6679999999999999,22.168
2023-24,Scotty Pippen Jr.,1630590,4,31.0,13.5,8.0,0.48350000000000004,25.9835
2023-24,Scotty Pippen Jr.,1630590,9,30.0,28.0,6.0,0.545,43.545
2023-24,Scotty Pippen Jr.,1630590,11,23.0,18.0,2.0,0.667,31.667
2023-24,Scotty Pippen Jr.,1630590,12,24.0,15.0,6.0,0.714,33.714
2023-24,Seth Curry,203552,-9,22.0,5.0,2.0,0.25,-1.75
2023-24,Seth Curry,203552,-4,24.0,6.0,3.0,0.25,5.25
2023-24,Seth Curry,203552,0,27.0,19.0,1.0,0.545,20.545
2023-24,Seth Curry,203552,6,29.0,11.0,3.0,0.375,20.375
2023-24,Seth Curry,203552,8,20.0,6.0,2.0,0.4,16.4
2023-24,Seth Curry,203552,12,20.0,9.0,1.0,0.444,22.444000000000003
2023-24,Seth Curry,203552,14,36.0,12.0,3.0,0.267,29.267
2023-24,Shaedon Sharpe,1631101,-39,21.0,7.0,1.0,0.214,-30.786
2023-24,Shaedon Sharpe,1631101,-27,26.0,11.0,5.0,0.167,-10.832999999999998
2023-24,Shaedon Sharpe,1631101,-23,27.666666666666668,11.0,2.6666666666666665,0.37366666666666665,-8.959666666666667
2023-24,Shaedon Sharpe,1631101,-20,28.0,8.5,0.5,0.303,-10.697
2023-24,Shaedon Sharpe,1631101,-19,36.0,17.0,3.0,0.368,1.3679999999999986
2023-24,Shaedon Sharpe,1631101,-16,40.0,18.0,3.0,0.467,5.466999999999999
2023-24,Shaedon Sharpe,1631101,-15,40.0,27.0,6.0,0.471,18.470999999999997
2023-24,Shaedon Sharpe,1631101,-12,22.0,16.0,0.0,0.5,4.5
2023-24,Shaedon Sharpe,1631101,-11,23.0,15.0,2.0,0.333,6.332999999999998
2023-24,Shaedon Sharpe,1631101,-10,41.0,18.0,5.5,0.35850000000000004,13.8585
2023-24,Shaedon Sharpe,1631101,-7,41.0,26.0,5.0,0.556,24.556
2023-24,Shaedon Sharpe,1631101,-5,40.5,21.0,3.0,0.431,19.431
2023-24,Shaedon Sharpe,1631101,-4,41.0,24.0,2.0,0.391,22.391
2023-24,Shaedon Sharpe,1631101,-1,46.0,22.0,2.0,0.412,23.412
2023-24,Shaedon Sharpe,1631101,0,29.0,9.5,1.5,0.34299999999999997,11.343
2023-24,Shaedon Sharpe,1631101,1,31.0,24.0,5.0,0.467,30.467
2023-24,Shaedon Sharpe,1631101,2,39.0,18.0,3.0,0.357,23.357
2023-24,Shaedon Sharpe,1631101,3,38.5,20.0,5.5,0.415,28.915
2023-24,Shaedon Sharpe,1631101,4,38.0,14.0,3.0,0.4,21.4
2023-24,Shaedon Sharpe,1631101,10,32.333333333333336,19.0,4.0,0.5690000000000001,33.569
2023-24,Shaedon Sharpe,1631101,14,40.0,21.0,1.0,0.5,36.5
2023-24,Shai Gilgeous-Alexander,1628983,-31,28.0,25.0,5.0,0.563,-0.43700000000000117
2023-24,Shai Gilgeous-Alexander,1628983,-22,28.0,7.0,7.0,0.125,-7.875
2023-24,Shai Gilgeous-Alexander,1628983,-19,33.0,19.0,4.0,0.375,4.375
2023-24,Shai Gilgeous-Alexander,1628983,-17,29.0,12.0,2.0,0.417,-2.583
2023-24,Shai Gilgeous-Alexander,1628983,-15,34.0,19.0,3.0,0.438,7.437999999999999
2023-24,Shai Gilgeous-Alexander,1628983,-12,34.0,24.0,6.0,0.474,18.474
2023-24,Shai Gilgeous-Alexander,1628983,-10,35.0,34.0,6.0,0.579,30.579
2023-24,Shai Gilgeous-Alexander,1628983,-9,32.5,25.0,4.5,0.4145,20.9145
2023-24,Shai Gilgeous-Alexander,1628983,-7,34.0,31.0,3.0,0.545,27.545
2023-24,Shai Gilgeous-Alexander,1628983,-6,34.333333333333336,32.666666666666664,5.666666666666667,0.6476666666666667,32.980999999999995
2023-24,Shai Gilgeous-Alexander,1628983,-3,35.666666666666664,29.666666666666668,6.666666666666667,0.5690000000000001,33.90233333333334
2023-24,Shai Gilgeous-Alexander,1628983,-1,34.5,32.5,5.5,0.494,37.494
2023-24,Shai Gilgeous-Alexander,1628983,0,34.0,32.0,5.0,0.458,37.458
2023-24,Shai Gilgeous-Alexander,1628983,1,36.0,31.0,5.0,0.476,37.476
2023-24,Shai Gilgeous-Alexander,1628983,2,35.0,33.0,8.0,0.458,43.458
2023-24,Shai Gilgeous-Alexander,1628983,3,36.333333333333336,32.166666666666664,7.0,0.5298333333333334,42.6965
2023-24,Shai Gilgeous-Alexander,1628983,4,34.0,33.0,4.0,0.584,41.584
2023-24,Shai Gilgeous-Alexander,1628983,5,35.5,34.0,7.5,0.5505,47.0505
2023-24,Shai Gilgeous-Alexander,1628983,6,34.0,35.5,3.5,0.524,45.524
2023-24,Shai Gilgeous-Alexander,1628983,7,38.2,28.2,7.0,0.5382,42.738200000000006
2023-24,Shai Gilgeous-Alexander,1628983,8,38.0,17.0,9.0,0.462,34.462
2023-24,Shai Gilgeous-Alexander,1628983,9,33.0,27.5,5.0,0.4535,41.9535
2023-24,Shai Gilgeous-Alexander,1628983,10,32.5,33.0,4.5,0.5075000000000001,48.0075
2023-24,Shai Gilgeous-Alexander,1628983,11,42.0,38.0,5.0,0.5,54.5
2023-24,Shai Gilgeous-Alexander,1628983,12,32.0,30.333333333333332,6.666666666666667,0.4423333333333333,49.44233333333333
2023-24,Shai Gilgeous-Alexander,1628983,13,38.0,35.0,9.0,0.556,57.556
2023-24,Shai Gilgeous-Alexander,1628983,14,36.75,31.0,6.75,0.52625,52.27625
2023-24,Shai Gilgeous-Alexander,1628983,15,34.0,33.0,7.0,0.611,55.611
2023-24,Shai Gilgeous-Alexander,1628983,16,36.0,35.75,8.25,0.614,60.614
2023-24,Shai Gilgeous-Alexander,1628983,17,34.5,34.5,6.75,0.495,58.745
2023-24,Shai Gilgeous-Alexander,1628983,19,36.0,31.0,10.0,0.667,60.667
2023-24,Shai Gilgeous-Alexander,1628983,20,29.0,32.0,10.0,0.6,62.6
2023-24,Shai Gilgeous-Alexander,1628983,21,33.5,35.5,5.5,0.6659999999999999,62.666
2023-24,Shai Gilgeous-Alexander,1628983,25,28.0,28.0,5.0,0.625,58.625
2023-24,Shai Gilgeous-Alexander,1628983,26,24.0,27.0,4.5,0.6625000000000001,58.1625
2023-24,Shai Gilgeous-Alexander,1628983,29,27.0,23.0,6.0,0.571,58.571
2023-24,Shai Gilgeous-Alexander,1628983,30,28.0,30.0,5.0,0.444,65.444
2023-24,Shai Gilgeous-Alexander,1628983,34,29.0,31.0,9.0,0.733,74.733
2023-24,Shai Gilgeous-Alexander,1628983,35,27.0,30.0,7.0,0.706,72.706
2023-24,Shai Gilgeous-Alexander,1628983,38,29.0,30.0,9.0,0.588,77.588
2023-24,Shai Gilgeous-Alexander,1628983,41,21.0,31.0,4.0,0.733,76.733
2023-24,Shake Milton,1629003,-12,22.0,13.0,2.0,0.4,3.4000000000000004
2023-24,Shake Milton,1629003,-6,20.0,5.0,3.0,0.286,2.2859999999999996
2023-24,Shake Milton,1629003,-5,22.0,6.0,2.0,0.25,3.25
2023-24,Shake Milton,1629003,2,20.0,12.0,1.0,0.429,15.429
2023-24,Shake Milton,1629003,3,21.0,4.0,4.0,0.2,11.2
2023-24,Shake Milton,1629003,6,22.0,8.0,0.0,0.5,14.5
2023-24,Shake Milton,1629003,9,21.0,17.0,1.0,0.667,27.667
2023-24,Sidy Cissoko,1631321,-17,28.0,14.0,3.0,0.571,0.5710000000000015
2023-24,Sidy Cissoko,1631321,6,21.0,10.0,2.0,0.667,18.667
2023-24,Sidy Cissoko,1631321,15,31.0,7.0,5.0,0.375,27.375
2023-24,Simone Fontecchio,1631323,-40,24.0,7.0,3.0,0.4,-29.6
2023-24,Simone Fontecchio,1631323,-23,25.0,7.0,0.0,0.333,-15.667
2023-24,Simone Fontecchio,1631323,-19,26.666666666666668,11.333333333333334,2.0,0.514,-5.152666666666667
2023-24,Simone Fontecchio,1631323,-13,22.0,15.25,1.5,0.47225,4.222249999999999
2023-24,Simone Fontecchio,1631323,-11,27.5,10.5,2.5,0.361,2.3610000000000007
2023-24,Simone Fontecchio,1631323,-10,28.0,13.5,3.0,0.3205,6.820499999999999
2023-24,Simone Fontecchio,1631323,-9,34.0,24.0,0.0,0.563,15.562999999999999
2023-24,Simone Fontecchio,1631323,-6,27.0,11.0,0.0,0.667,5.667
2023-24,Simone Fontecchio,1631323,-5,33.0,16.5,1.5,0.419,13.419
2023-24,Simone Fontecchio,1631323,-4,29.5,7.0,3.0,0.25,6.25
2023-24,Simone Fontecchio,1631323,-3,31.0,18.0,1.0,0.469,16.469
2023-24,Simone Fontecchio,1631323,-2,28.0,11.5,1.0,0.6115,11.1115
2023-24,Simone Fontecchio,1631323,-1,25.5,9.0,1.5,0.365,9.865
2023-24,Simone Fontecchio,1631323,0,26.0,8.666666666666666,1.3333333333333333,0.375,10.375
2023-24,Simone Fontecchio,1631323,1,31.0,17.0,5.0,0.538,23.538
2023-24,Simone Fontecchio,1631323,2,29.5,16.25,1.75,0.55175,20.55175
2023-24,Simone Fontecchio,1631323,4,31.5,10.0,2.5,0.4165,16.9165
2023-24,Simone Fontecchio,1631323,5,26.0,7.0,2.0,0.333,14.333
2023-24,Simone Fontecchio,1631323,6,32.0,7.0,2.0,0.333,15.333
2023-24,Simone Fontecchio,1631323,7,31.0,12.0,2.0,0.444,21.444000000000003
2023-24,Simone Fontecchio,1631323,8,31.0,7.0,2.5,0.381,17.881
2023-24,Simone Fontecchio,1631323,9,24.0,2.0,3.0,0.143,14.143
2023-24,Simone Fontecchio,1631323,10,22.0,13.0,0.0,0.556,23.556
2023-24,Simone Fontecchio,1631323,11,21.0,10.0,2.0,0.571,23.570999999999998
2023-24,Simone Fontecchio,1631323,13,27.5,9.5,3.0,0.37250000000000005,25.872500000000002
2023-24,Simone Fontecchio,1631323,16,23.0,0.0,4.0,0.0,20.0
2023-24,Simone Fontecchio,1631323,17,37.5,14.5,1.5,0.4545,33.454499999999996
2023-24,Simone Fontecchio,1631323,22,24.0,8.0,2.0,0.6,32.6
2023-24,Simone Fontecchio,1631323,24,24.0,24.0,0.0,0.875,48.875
2023-24,Simone Fontecchio,1631323,25,22.0,8.0,0.0,0.6,33.6
2023-24,Simone Fontecchio,1631323,27,29.0,24.0,2.0,0.625,53.625
2023-24,Skylar Mays,1630219,-37,26.0,11.0,7.0,0.444,-18.556
2023-24,Skylar Mays,1630219,-13,25.5,9.5,3.5,0.354,0.3539999999999992
2023-24,Skylar Mays,1630219,-10,25.0,15.0,8.0,0.429,13.428999999999998
2023-24,Skylar Mays,1630219,-8,36.0,18.0,11.0,0.533,21.533
2023-24,Skylar Mays,1630219,-1,32.0,15.0,12.0,0.538,26.538
2023-24,Skylar Mays,1630219,1,31.0,6.0,10.0,0.375,17.375
2023-24,Spencer Dinwiddie,203915,-27,30.0,10.0,2.0,0.273,-14.727
2023-24,Spencer Dinwiddie,203915,-25,21.0,0.0,5.0,0.0,-20.0
2023-24,Spencer Dinwiddie,203915,-21,27.0,12.0,5.0,0.3,-3.6999999999999993
2023-24,Spencer Dinwiddie,203915,-19,34.0,16.0,8.0,0.357,5.356999999999999
2023-24,Spencer Dinwiddie,203915,-16,32.0,14.0,8.0,0.5335,6.5335
2023-24,Spencer Dinwiddie,203915,-14,39.0,9.0,5.0,0.25,0.25
2023-24,Spencer Dinwiddie,203915,-13,23.666666666666668,10.333333333333334,2.0,0.446,-0.22066666666666634
2023-24,Spencer Dinwiddie,203915,-12,36.0,13.0,5.0,0.308,6.308
2023-24,Spencer Dinwiddie,203915,-11,28.5,10.0,2.0,0.5355,1.5355000000000008
2023-24,Spencer Dinwiddie,203915,-10,27.333333333333332,12.666666666666666,6.0,0.4443333333333333,9.110999999999997
2023-24,Spencer Dinwiddie,203915,-9,24.0,8.0,1.0,0.667,0.6669999999999998
2023-24,Spencer Dinwiddie,203915,-8,32.0,16.0,7.0,0.667,15.667000000000002
2023-24,Spencer Dinwiddie,203915,-7,30.5,18.0,4.0,0.423,15.422999999999998
2023-24,Spencer Dinwiddie,203915,-6,31.333333333333332,13.333333333333334,6.666666666666667,0.39999999999999997,14.399999999999999
2023-24,Spencer Dinwiddie,203915,-5,28.0,4.0,2.5,0.2665,1.7664999999999997
2023-24,Spencer Dinwiddie,203915,-2,35.0,18.0,7.0,0.571,23.571
2023-24,Spencer Dinwiddie,203915,-1,26.0,7.0,4.0,0.25,10.25
2023-24,Spencer Dinwiddie,203915,0,35.0,26.0,5.0,0.727,31.727
2023-24,Spencer Dinwiddie,203915,1,30.5,8.25,4.75,0.23875000000000002,14.23875
2023-24,Spencer Dinwiddie,203915,2,30.0,5.5,8.0,0.1665,15.6665
2023-24,Spencer Dinwiddie,203915,3,27.0,5.0,5.0,0.167,13.167
2023-24,Spencer Dinwiddie,203915,4,32.5,13.0,5.75,0.44825,23.19825
2023-24,Spencer Dinwiddie,203915,5,31.0,6.0,7.0,0.333,18.333
2023-24,Spencer Dinwiddie,203915,8,35.333333333333336,14.666666666666666,6.0,0.297,28.963666666666665
2023-24,Spencer Dinwiddie,203915,9,32.5,17.0,5.5,0.5395,32.039500000000004
2023-24,Spencer Dinwiddie,203915,10,33.0,19.0,4.0,0.455,33.455
2023-24,Spencer Dinwiddie,203915,11,27.5,10.0,4.5,0.4085,25.9085
2023-24,Spencer Dinwiddie,203915,12,29.5,18.0,6.5,0.469,36.969
2023-24,Spencer Dinwiddie,203915,13,26.5,7.5,3.0,0.275,23.775
2023-24,Spencer Dinwiddie,203915,15,33.5,16.5,8.5,0.4325,40.432500000000005
2023-24,Spencer Dinwiddie,203915,16,25.0,3.0,6.0,0.2,25.2
2023-24,Spencer Dinwiddie,203915,17,36.0,14.0,11.0,0.444,42.444
2023-24,Spencer Dinwiddie,203915,19,33.0,14.0,9.0,0.4,42.4
2023-24,Spencer Dinwiddie,203915,20,24.0,9.0,1.0,0.5,30.5
2023-24,Spencer Dinwiddie,203915,21,29.5,11.0,2.0,0.2665,34.2665
2023-24,Spencer Dinwiddie,203915,23,21.0,3.0,3.0,0.25,29.25
2023-24,Spencer Dinwiddie,203915,25,37.0,29.0,9.0,0.556,63.556
2023-24,Spencer Dinwiddie,203915,35,24.0,2.0,3.0,0.25,40.25
2023-24,Stanley Umude,1630649,-27,21.0,8.0,0.0,0.5,-18.5
2023-24,Stanley Umude,1630649,-20,34.0,10.0,1.0,0.429,-8.571
2023-24,Stanley Umude,1630649,-12,25.0,19.0,3.0,0.833,10.832999999999998
2023-24,Stanley Umude,1630649,-3,28.0,14.0,0.0,0.625,11.625
2023-24,Stanley Umude,1630649,3,20.0,8.0,2.0,0.222,13.222
2023-24,Stephen Curry,201939,-26,34.0,18.0,4.0,0.333,-3.6670000000000016
2023-24,Stephen Curry,201939,-22,32.0,20.0,4.0,0.316,2.315999999999999
2023-24,Stephen Curry,201939,-17,28.0,12.5,6.0,0.2715,1.7714999999999996
2023-24,Stephen Curry,201939,-15,32.0,24.0,4.0,0.333,13.332999999999998
2023-24,Stephen Curry,201939,-14,31.0,13.0,5.0,0.2,4.199999999999999
2023-24,Stephen Curry,201939,-13,34.0,25.0,5.0,0.375,17.375
2023-24,Stephen Curry,201939,-10,34.0,23.0,4.0,0.353,17.353
2023-24,Stephen Curry,201939,-9,31.5,27.0,3.0,0.4,21.4
2023-24,Stephen Curry,201939,-8,33.333333333333336,32.0,3.0,0.4656666666666667,27.465666666666664
2023-24,Stephen Curry,201939,-6,32.5,28.75,4.75,0.45275,27.95275
2023-24,Stephen Curry,201939,-5,37.5,31.0,4.0,0.4455,30.445500000000003
2023-24,Stephen Curry,201939,-4,31.25,23.0,6.0,0.38975,25.38975
2023-24,Stephen Curry,201939,-3,34.0,24.5,2.5,0.4325,24.4325
2023-24,Stephen Curry,201939,-2,35.25,28.0,7.75,0.42425,34.17425
2023-24,Stephen Curry,201939,-1,33.666666666666664,40.0,5.666666666666667,0.519,45.18566666666666
2023-24,Stephen Curry,201939,0,35.0,25.5,3.5,0.3745,29.3745
2023-24,Stephen Curry,201939,1,29.0,18.0,6.0,0.286,25.286
2023-24,Stephen Curry,201939,2,36.0,22.0,11.0,0.389,35.389
2023-24,Stephen Curry,201939,4,32.75,31.0,3.5,0.52625,39.02625
2023-24,Stephen Curry,201939,5,33.0,28.5,8.0,0.4665,41.9665
2023-24,Stephen Curry,201939,6,31.5,30.0,3.0,0.4645,39.4645
2023-24,Stephen Curry,201939,7,36.0,29.333333333333332,5.0,0.4666666666666666,41.8
2023-24,Stephen Curry,201939,8,38.0,33.0,6.0,0.524,47.524
2023-24,Stephen Curry,201939,9,29.5,20.0,4.5,0.358,33.858000000000004
2023-24,Stephen Curry,201939,10,32.666666666666664,28.666666666666668,5.0,0.5163333333333333,44.18300000000001
2023-24,Stephen Curry,201939,12,32.25,28.5,6.5,0.4765,47.4765
2023-24,Stephen Curry,201939,13,29.6,27.8,4.0,0.5856,45.385600000000004
2023-24,Stephen Curry,201939,14,31.0,7.0,8.0,0.167,29.167
2023-24,Stephen Curry,201939,15,30.0,29.0,5.0,0.556,49.556
2023-24,Stephen Curry,201939,17,28.0,24.0,3.5,0.509,45.009
2023-24,Stephen Curry,201939,18,35.0,17.0,10.0,0.333,45.333
2023-24,Stephen Curry,201939,19,31.0,17.0,6.0,0.467,42.467
2023-24,Stephen Curry,201939,20,31.0,31.0,1.0,0.423,52.423
2023-24,Stephen Curry,201939,25,31.0,32.0,8.0,0.5,65.5
2023-24,Stephen Curry,201939,26,35.0,37.0,7.0,0.706,70.706
2023-24,Stephen Curry,201939,29,30.0,29.0,6.0,0.643,64.643
2023-24,Stephen Curry,201939,30,32.0,25.0,10.0,0.474,65.47399999999999
2023-24,Svi Mykhailiuk,1629004,7,22.0,9.0,2.0,0.429,18.429000000000002
2023-24,Svi Mykhailiuk,1629004,9,33.0,8.0,0.0,0.154,17.154
2023-24,Svi Mykhailiuk,1629004,13,23.0,6.0,2.0,0.25,21.25
2023-24,Svi Mykhailiuk,1629004,21,37.0,26.0,5.0,0.769,52.769
2023-24,T.J. McConnell,204456,-29,27.0,18.0,5.0,0.615,-5.385000000000002
2023-24,T.J. McConnell,204456,-17,25.0,10.0,6.0,0.417,-0.5829999999999984
2023-24,T.J. McConnell,204456,-15,32.0,20.0,10.0,0.643,15.643
2023-24,T.J. McConnell,204456,-13,22.0,6.0,8.0,0.429,1.4290000000000003
2023-24,T.J. McConnell,204456,-4,23.0,8.0,5.0,0.667,9.667
2023-24,T.J. McConnell,204456,-2,21.0,14.0,4.0,0.636,16.636
2023-24,T.J. McConnell,204456,-1,23.0,17.5,7.0,0.9335,24.4335
2023-24,T.J. McConnell,204456,0,21.0,4.0,7.0,0.4,11.4
2023-24,T.J. McConnell,204456,1,21.0,11.0,6.5,0.6335,19.1335
2023-24,T.J. McConnell,204456,2,20.0,14.0,6.0,0.5855,22.5855
2023-24,T.J. McConnell,204456,5,25.0,20.0,11.0,0.909,36.909
2023-24,T.J. McConnell,204456,7,23.5,18.0,6.5,0.743,32.242999999999995
2023-24,T.J. McConnell,204456,8,21.5,14.0,3.5,0.4645,25.9645
2023-24,T.J. McConnell,204456,10,23.25,14.0,7.5,0.659,32.159
2023-24,T.J. McConnell,204456,14,25.0,6.0,14.0,0.6,34.6
2023-24,T.J. McConnell,204456,16,20.0,10.0,8.0,0.5,34.5
2023-24,T.J. McConnell,204456,22,20.0,16.0,10.0,0.583,48.583
2023-24,T.J. McConnell,204456,31,21.0,16.0,9.0,0.556,56.556
2023-24,T.J. Warren,203933,4,22.0,4.0,2.0,0.286,10.286
2023-24,Taj Gibson,201959,8,22.0,0.0,1.0,0.0,9.0
2023-24,Talen Horton-Tucker,1629659,-16,24.5,11.5,4.0,0.22849999999999998,-0.27149999999999963
2023-24,Talen Horton-Tucker,1629659,-10,24.0,11.0,5.0,0.275,6.274999999999999
2023-24,Talen Horton-Tucker,1629659,-8,24.0,15.0,3.0,0.5,10.5
2023-24,Talen Horton-Tucker,1629659,-7,23.5,5.0,3.5,0.28350000000000003,1.7835
2023-24,Talen Horton-Tucker,1629659,-5,26.5,16.0,3.0,0.384,14.384
2023-24,Talen Horton-Tucker,1629659,-2,26.0,12.0,5.0,0.364,15.364
2023-24,Talen Horton-Tucker,1629659,1,28.5,18.5,3.5,0.4585,23.4585
2023-24,Talen Horton-Tucker,1629659,2,26.0,12.5,7.5,0.5415,22.5415
2023-24,Talen Horton-Tucker,1629659,3,31.0,15.0,8.0,0.5,26.5
2023-24,Talen Horton-Tucker,1629659,4,23.5,12.5,6.5,0.4225,23.4225
2023-24,Talen Horton-Tucker,1629659,5,24.5,16.5,7.5,0.5435,29.5435
2023-24,Talen Horton-Tucker,1629659,6,28.0,16.0,5.0,0.385,27.385
2023-24,Talen Horton-Tucker,1629659,8,20.0,4.0,3.0,0.4,15.4
2023-24,Talen Horton-Tucker,1629659,9,21.0,5.0,4.0,0.4,18.4
2023-24,Talen Horton-Tucker,1629659,18,31.0,27.0,6.0,0.579,51.579
2023-24,Talen Horton-Tucker,1629659,31,30.0,23.0,4.0,0.474,58.474000000000004
2023-24,Tari Eason,1631106,-20,25.0,6.0,2.0,0.333,-11.667
2023-24,Tari Eason,1631106,-8,27.0,10.0,2.0,0.385,4.385
2023-24,Tari Eason,1631106,-6,20.0,8.0,0.0,0.364,2.3640000000000008
2023-24,Tari Eason,1631106,-4,29.0,11.0,1.0,0.625,8.625
2023-24,Tari Eason,1631106,-1,33.0,14.0,2.0,0.385,15.385000000000002
2023-24,Tari Eason,1631106,8,22.0,9.0,4.0,0.333,21.333
2023-24,Tari Eason,1631106,9,23.0,13.5,0.5,0.5545,23.5545
2023-24,Tari Eason,1631106,11,22.0,11.0,1.0,0.5,23.5
2023-24,Tari Eason,1631106,12,26.0,18.0,1.0,0.5,31.5
2023-24,Tari Eason,1631106,16,23.0,17.0,1.0,0.533,34.533
2023-24,Tari Eason,1631106,19,26.0,25.0,1.0,0.625,45.625
2023-24,Taurean Prince,1627752,-30,28.0,11.0,2.0,0.4,-16.6
2023-24,Taurean Prince,1627752,-26,28.0,11.0,1.0,0.5,-13.5
2023-24,Taurean Prince,1627752,-24,25.0,7.0,0.0,0.429,-16.570999999999998
2023-24,Taurean Prince,1627752,-22,24.0,6.0,2.0,0.4,-13.6
2023-24,Taurean Prince,1627752,-21,24.0,0.0,1.0,0.0,-20.0
2023-24,Taurean Prince,1627752,-19,33.0,11.333333333333334,1.3333333333333333,0.486,-5.8473333333333315
2023-24,Taurean Prince,1627752,-18,24.5,6.0,0.5,0.381,-11.119
2023-24,Taurean Prince,1627752,-16,26.0,7.0,1.0,0.5,-7.5
2023-24,Taurean Prince,1627752,-14,28.5,9.0,1.5,0.375,-3.125
2023-24,Taurean Prince,1627752,-13,27.0,8.0,1.0,0.3,-3.6999999999999993
2023-24,Taurean Prince,1627752,-12,31.5,11.75,2.25,0.445,2.4450000000000003
2023-24,Taurean Prince,1627752,-10,36.0,13.0,2.0,0.349,5.349
2023-24,Taurean Prince,1627752,-9,37.0,11.0,2.0,0.5,4.5
2023-24,Taurean Prince,1627752,-7,31.5,11.75,2.25,0.46875,7.46875
2023-24,Taurean Prince,1627752,-6,23.0,2.0,2.0,0.091,-1.9089999999999998
2023-24,Taurean Prince,1627752,-5,29.0,7.5,1.5,0.325,4.324999999999999
2023-24,Taurean Prince,1627752,-3,23.0,15.0,1.0,0.8,13.8
2023-24,Taurean Prince,1627752,-2,30.0,13.5,2.0,0.5625,14.0625
2023-24,Taurean Prince,1627752,-1,34.0,6.0,3.0,0.199,8.199
2023-24,Taurean Prince,1627752,1,33.5,12.0,1.5,0.6115,15.1115
2023-24,Taurean Prince,1627752,2,22.0,3.0,3.0,0.143,8.143
2023-24,Taurean Prince,1627752,3,32.0,12.0,2.5,0.4375,17.9375
2023-24,Taurean Prince,1627752,5,36.0,15.0,4.0,0.833,24.833
2023-24,Taurean Prince,1627752,6,29.0,11.0,1.0,0.668,18.668
2023-24,Taurean Prince,1627752,7,32.0,16.0,2.0,0.6,25.6
2023-24,Taurean Prince,1627752,9,28.0,9.0,1.0,0.4645,19.4645
2023-24,Taurean Prince,1627752,10,28.0,7.333333333333333,1.6666666666666667,0.243,19.243000000000002
2023-24,Taurean Prince,1627752,11,28.0,8.5,1.0,0.5,21.0
2023-24,Taurean Prince,1627752,12,31.0,7.0,6.0,0.375,25.375
2023-24,Taurean Prince,1627752,13,24.5,8.75,2.0,0.4235,24.1735
2023-24,Taurean Prince,1627752,15,34.5,11.5,1.5,0.4665,28.4665
2023-24,Taurean Prince,1627752,17,24.0,9.0,1.0,0.375,27.375
2023-24,Taurean Prince,1627752,23,23.0,15.0,1.0,0.556,39.556
2023-24,Taurean Prince,1627752,26,24.0,10.333333333333334,1.0,0.551,37.88433333333333
2023-24,Taurean Prince,1627752,29,21.0,14.0,1.0,0.714,44.714
2023-24,Taylor Hendricks,1641707,-23,33.0,15.0,1.0,0.417,-6.582999999999998
2023-24,Taylor Hendricks,1641707,-22,25.5,15.0,1.0,0.5225,-5.477499999999999
2023-24,Taylor Hendricks,1641707,-21,25.0,10.0,0.0,0.444,-10.556
2023-24,Taylor Hendricks,1641707,-17,27.0,9.0,0.0,0.444,-7.555999999999999
2023-24,Taylor Hendricks,1641707,-16,28.0,8.0,1.0,0.571,-6.429
2023-24,Taylor Hendricks,1641707,-10,24.0,10.0,0.0,0.667,0.6669999999999998
2023-24,Taylor Hendricks,1641707,-9,28.0,8.0,1.0,0.375,0.375
2023-24,Taylor Hendricks,1641707,-8,28.0,8.0,1.0,0.375,1.375
2023-24,Taylor Hendricks,1641707,-7,25.333333333333332,8.666666666666666,0.6666666666666666,0.4126666666666667,2.7459999999999987
2023-24,Taylor Hendricks,1641707,-6,34.0,8.0,2.0,0.429,4.429
2023-24,Taylor Hendricks,1641707,-4,27.0,10.0,1.0,0.5,7.5
2023-24,Taylor Hendricks,1641707,-2,22.0,7.0,1.0,0.6,6.6
2023-24,Taylor Hendricks,1641707,1,27.0,8.0,1.0,0.5,10.5
2023-24,Taylor Hendricks,1641707,2,33.5,13.0,2.0,0.5145,17.514499999999998
2023-24,Taylor Hendricks,1641707,5,26.0,8.0,2.0,0.5,15.5
2023-24,Taylor Hendricks,1641707,6,33.0,8.0,1.0,0.375,15.375
2023-24,Taylor Hendricks,1641707,8,21.0,12.0,1.0,0.375,21.375
2023-24,Taylor Hendricks,1641707,10,25.0,12.0,1.0,0.556,23.556
2023-24,Taylor Hendricks,1641707,12,25.0,9.0,0.0,0.5,21.5
2023-24,Taylor Hendricks,1641707,25,20.0,5.0,1.0,0.286,31.286
2023-24,Taze Moore,1631386,-27,30.0,12.0,4.0,0.357,-10.643
2023-24,Terance Mann,1629611,-33,24.0,0.0,3.0,0.0,-30.0
2023-24,Terance Mann,1629611,-31,23.0,5.0,1.0,0.25,-24.75
2023-24,Terance Mann,1629611,-22,20.0,2.0,2.0,0.2,-17.8
2023-24,Terance Mann,1629611,-20,25.0,9.5,0.0,0.75,-9.75
2023-24,Terance Mann,1629611,-18,39.0,14.0,4.0,0.857,0.8569999999999993
2023-24,Terance Mann,1629611,-15,31.0,7.0,0.0,0.333,-7.667
2023-24,Terance Mann,1629611,-14,27.0,8.0,6.0,0.375,0.375
2023-24,Terance Mann,1629611,-11,29.0,5.0,0.0,0.667,-5.333
2023-24,Terance Mann,1629611,-10,28.5,12.5,3.0,0.8125,6.3125
2023-24,Terance Mann,1629611,-9,30.0,16.0,1.0,0.6,8.600000000000001
2023-24,Terance Mann,1629611,-5,24.666666666666668,7.333333333333333,1.0,0.35566666666666674,3.6889999999999983
2023-24,Terance Mann,1629611,-4,25.6,11.0,2.8,0.5678,10.3678
2023-24,Terance Mann,1629611,-3,27.0,3.5,3.0,0.3,3.8
2023-24,Terance Mann,1629611,-1,25.0,10.5,1.5,0.639,11.639
2023-24,Terance Mann,1629611,0,24.0,6.5,1.0,0.4145,7.9145
2023-24,Terance Mann,1629611,1,25.25,9.25,1.75,0.49375,12.49375
2023-24,Terance Mann,1629611,2,23.0,5.5,0.0,0.3125,7.8125
2023-24,Terance Mann,1629611,3,22.5,4.0,1.0,0.2,8.2
2023-24,Terance Mann,1629611,5,25.5,8.0,4.0,0.5,17.5
2023-24,Terance Mann,1629611,6,23.0,13.0,1.0,1.0,21.0
2023-24,Terance Mann,1629611,7,29.4,9.6,1.4,0.5266,18.526600000000002
2023-24,Terance Mann,1629611,8,21.0,9.0,2.0,1.0,20.0
2023-24,Terance Mann,1629611,10,28.75,11.75,2.25,0.39775,24.397750000000002
2023-24,Terance Mann,1629611,12,31.0,18.0,1.0,0.667,31.667
2023-24,Terance Mann,1629611,13,30.0,8.0,2.0,0.4145,23.4145
2023-24,Terance Mann,1629611,14,26.666666666666668,16.333333333333332,1.3333333333333333,0.6473333333333334,32.31399999999999
2023-24,Terance Mann,1629611,15,21.0,1.0,3.0,0.0,19.0
2023-24,Terance Mann,1629611,17,26.0,11.0,1.0,0.5345,29.5345
2023-24,Terance Mann,1629611,19,28.5,15.0,2.5,0.5,37.0
2023-24,Terance Mann,1629611,20,28.0,6.0,2.0,0.5,28.5
2023-24,Terance Mann,1629611,23,22.0,19.0,1.0,0.889,43.888999999999996
2023-24,Terance Mann,1629611,27,24.0,14.0,3.0,0.5,44.5
2023-24,Terry Rozier,1626179,-32,30.0,17.0,5.0,0.393,-9.607
2023-24,Terry Rozier,1626179,-31,31.0,22.0,2.0,0.429,-6.5710000000000015
2023-24,Terry Rozier,1626179,-28,28.0,7.0,3.0,0.3,-17.7
2023-24,Terry Rozier,1626179,-24,32.0,22.0,2.0,0.35,0.3500000000000014
2023-24,Terry Rozier,1626179,-21,30.5,23.0,5.0,0.478,7.4780000000000015
2023-24,Terry Rozier,1626179,-20,32.0,14.0,4.0,0.429,-1.5710000000000015
2023-24,Terry Rozier,1626179,-18,34.0,26.0,7.0,0.348,15.347999999999999
2023-24,Terry Rozier,1626179,-15,34.5,21.5,4.5,0.5515,11.5515
2023-24,Terry Rozier,1626179,-14,32.0,10.0,7.0,0.333,3.3329999999999984
2023-24,Terry Rozier,1626179,-13,34.333333333333336,14.333333333333334,6.0,0.4053333333333333,7.738666666666671
2023-24,Terry Rozier,1626179,-11,36.0,19.666666666666668,4.0,0.4263333333333333,13.093
2023-24,Terry Rozier,1626179,-10,35.6,19.4,6.6,0.42939999999999995,16.4294
2023-24,Terry Rozier,1626179,-9,36.666666666666664,26.666666666666668,5.333333333333333,0.552,23.552
2023-24,Terry Rozier,1626179,-7,32.0,19.0,4.0,0.4,16.4
2023-24,Terry Rozier,1626179,-6,34.0,23.5,4.5,0.45,22.45
2023-24,Terry Rozier,1626179,-4,30.5,15.0,5.5,0.39349999999999996,16.8935
2023-24,Terry Rozier,1626179,-3,27.666666666666668,13.0,4.333333333333333,0.36433333333333334,14.697666666666667
2023-24,Terry Rozier,1626179,-2,34.0,17.0,8.0,0.389,23.389
2023-24,Terry Rozier,1626179,-1,38.0,31.0,7.75,0.5605,38.3105
2023-24,Terry Rozier,1626179,0,34.0,18.0,6.0,0.46799999999999997,24.468
2023-24,Terry Rozier,1626179,1,31.0,10.5,5.5,0.229,17.229
2023-24,Terry Rozier,1626179,2,39.0,37.0,13.0,0.52,52.52
2023-24,Terry Rozier,1626179,4,36.0,27.0,7.0,0.4845,38.4845
2023-24,Terry Rozier,1626179,5,39.0,21.0,13.0,0.467,39.467
2023-24,Terry Rozier,1626179,6,28.0,15.0,5.0,0.406,26.406
2023-24,Terry Rozier,1626179,8,30.0,19.0,4.0,0.5,31.5
2023-24,Terry Rozier,1626179,10,34.0,34.0,3.0,0.667,47.667
2023-24,Terry Rozier,1626179,14,34.0,24.0,6.0,0.438,44.438
2023-24,Terry Rozier,1626179,15,30.0,15.0,5.0,0.154,35.153999999999996
2023-24,Terry Rozier,1626179,16,28.0,13.0,5.0,0.333,34.333
2023-24,Terry Rozier,1626179,20,35.0,22.0,5.5,0.4895,47.9895
2023-24,Terry Rozier,1626179,21,31.0,18.0,7.0,0.583,46.583
2023-24,Terry Rozier,1626179,26,30.0,14.0,5.0,0.429,45.429
2023-24,Terry Rozier,1626179,29,27.0,22.0,6.0,0.471,57.471000000000004
2023-24,Terry Taylor,1630678,0,20.0,3.0,2.0,0.25,5.25
2023-24,Thaddeus Young,201152,-18,22.0,4.0,1.0,0.667,-12.333
2023-24,Thaddeus Young,201152,-15,23.0,12.0,4.0,1.0,2.0
2023-24,Thaddeus Young,201152,-10,25.0,8.0,1.0,1.0,0.0
2023-24,Thaddeus Young,201152,-2,23.0,8.0,3.0,0.8,9.8
2023-24,Thaddeus Young,201152,0,26.0,12.0,4.0,0.625,16.625
2023-24,Thaddeus Young,201152,7,28.0,10.0,4.0,0.556,21.556
2023-24,Thaddeus Young,201152,15,31.0,16.0,6.0,0.615,37.614999999999995
2023-24,Thaddeus Young,201152,21,28.0,5.0,2.0,0.333,28.333
2023-24,Theo Maledon,1630177,-20,25.0,6.0,4.0,0.167,-9.833
2023-24,Theo Maledon,1630177,-7,20.0,9.0,4.0,0.444,6.444000000000001
2023-24,Theo Maledon,1630177,-3,20.0,9.0,2.0,0.222,8.222
2023-24,Theo Maledon,1630177,3,22.0,2.0,3.0,0.0,8.0
2023-24,Theo Maledon,1630177,4,20.0,5.0,2.0,0.286,11.286
2023-24,Thomas Bryant,1628418,-12,21.0,10.0,0.0,0.571,-1.4290000000000003
2023-24,Thomas Bryant,1628418,10,20.0,14.0,3.0,0.667,27.667
2023-24,Thomas Bryant,1628418,12,23.0,18.0,1.0,0.8,31.8
2023-24,Thomas Bryant,1628418,13,23.0,10.0,1.0,0.5,24.5
2023-24,Thomas Bryant,1628418,31,21.0,26.0,1.0,0.647,58.647
2023-24,Tim Hardaway Jr.,203501,-32,31.0,14.0,2.0,0.313,-15.687000000000001
2023-24,Tim Hardaway Jr.,203501,-30,31.0,10.0,0.0,0.267,-19.733
2023-24,Tim Hardaway Jr.,203501,-27,25.0,16.0,1.0,0.3,-9.7
2023-24,Tim Hardaway Jr.,203501,-26,25.0,13.0,1.5,0.47750000000000004,-11.0225
2023-24,Tim Hardaway Jr.,203501,-21,27.0,13.5,1.0,0.4375,-6.0625
2023-24,Tim Hardaway Jr.,203501,-19,25.0,17.0,1.0,0.545,-0.4549999999999983
2023-24,Tim Hardaway Jr.,203501,-16,22.0,6.0,0.0,0.333,-9.667
2023-24,Tim Hardaway Jr.,203501,-14,23.0,11.0,1.0,0.333,-1.6669999999999998
2023-24,Tim Hardaway Jr.,203501,-10,27.0,10.5,1.5,0.3345,2.3345000000000002
2023-24,Tim Hardaway Jr.,203501,-9,28.25,15.75,1.75,0.41325,8.913250000000001
2023-24,Tim Hardaway Jr.,203501,-7,21.0,8.0,1.0,0.25,2.25
2023-24,Tim Hardaway Jr.,203501,-6,37.666666666666664,24.666666666666668,1.6666666666666667,0.449,20.782333333333337
2023-24,Tim Hardaway Jr.,203501,-5,30.5,13.5,2.0,0.279,10.779
2023-24,Tim Hardaway Jr.,203501,-4,25.666666666666668,8.0,1.3333333333333333,0.3463333333333334,5.679666666666668
2023-24,Tim Hardaway Jr.,203501,-3,25.5,12.5,1.0,0.379,10.879
2023-24,Tim Hardaway Jr.,203501,-2,35.0,19.0,1.0,0.471,18.471
2023-24,Tim Hardaway Jr.,203501,-1,32.5,27.5,2.5,0.439,29.439
2023-24,Tim Hardaway Jr.,203501,0,22.333333333333332,8.333333333333334,1.6666666666666667,0.254,10.254
2023-24,Tim Hardaway Jr.,203501,1,27.75,15.75,1.25,0.402,18.402
2023-24,Tim Hardaway Jr.,203501,3,30.0,21.0,0.0,0.5,24.5
2023-24,Tim Hardaway Jr.,203501,5,32.0,32.0,3.0,0.579,40.579
2023-24,Tim Hardaway Jr.,203501,6,29.0,21.0,0.0,0.571,27.571
2023-24,Tim Hardaway Jr.,203501,7,22.0,10.0,0.5,0.324,17.823999999999998
2023-24,Tim Hardaway Jr.,203501,8,24.0,14.666666666666666,2.0,0.4046666666666667,25.07133333333333
2023-24,Tim Hardaway Jr.,203501,9,28.0,16.5,4.5,0.387,30.387
2023-24,Tim Hardaway Jr.,203501,10,32.0,11.0,1.5,0.4145,22.9145
2023-24,Tim Hardaway Jr.,203501,11,28.0,11.333333333333334,3.3333333333333335,0.37633333333333335,26.043
2023-24,Tim Hardaway Jr.,203501,12,36.5,28.5,2.5,0.4405,43.4405
2023-24,Tim Hardaway Jr.,203501,13,32.0,26.0,1.6666666666666667,0.5383333333333333,41.205
2023-24,Tim Hardaway Jr.,203501,14,28.0,14.333333333333334,2.3333333333333335,0.3263333333333333,30.993000000000002
2023-24,Tim Hardaway Jr.,203501,15,36.0,20.0,0.0,0.583,35.583
2023-24,Tim Hardaway Jr.,203501,17,26.0,31.0,3.0,0.55,51.55
2023-24,Tim Hardaway Jr.,203501,19,26.0,22.0,6.0,0.571,47.571
2023-24,Tim Hardaway Jr.,203501,20,26.0,17.0,3.0,0.462,40.462
2023-24,Tim Hardaway Jr.,203501,21,26.0,19.0,4.0,0.571,44.571
2023-24,Tim Hardaway Jr.,203501,28,27.5,16.5,2.0,0.447,46.947
2023-24,Timmy Allen,1641851,-18,26.0,2.0,0.0,0.167,-15.833
2023-24,Timmy Allen,1641851,-17,27.0,2.0,1.0,0.25,-13.75
2023-24,Timmy Allen,1641851,-11,31.0,6.0,2.0,0.333,-2.667
2023-24,Timmy Allen,1641851,-6,24.0,1.0,1.0,0.0,-4.0
2023-24,Tobias Harris,202699,-22,29.0,13.0,3.0,0.429,-5.5710000000000015
2023-24,Tobias Harris,202699,-20,29.666666666666668,10.0,1.6666666666666667,0.26833333333333337,-8.065000000000001
2023-24,Tobias Harris,202699,-18,34.0,17.0,6.0,0.727,5.727
2023-24,Tobias Harris,202699,-15,31.666666666666668,16.0,2.3333333333333335,0.4176666666666667,3.7509999999999977
2023-24,Tobias Harris,202699,-14,32.333333333333336,13.333333333333334,1.3333333333333333,0.5539999999999999,1.2206666666666681
2023-24,Tobias Harris,202699,-13,25.0,12.0,0.0,0.333,-0.6669999999999998
2023-24,Tobias Harris,202699,-12,23.5,12.0,2.0,0.394,2.394
2023-24,Tobias Harris,202699,-10,34.0,21.0,2.0,0.471,13.471
2023-24,Tobias Harris,202699,-9,40.0,16.0,4.0,0.333,11.332999999999998
2023-24,Tobias Harris,202699,-8,34.0,16.5,3.0,0.4665,11.9665
2023-24,Tobias Harris,202699,-6,42.0,23.0,2.0,0.538,19.538
2023-24,Tobias Harris,202699,-5,37.0,14.0,3.0,0.375,12.375
2023-24,Tobias Harris,202699,-4,37.666666666666664,22.666666666666668,5.0,0.5126666666666667,24.179333333333336
2023-24,Tobias Harris,202699,-3,37.0,10.0,2.5,0.3785,9.8785
2023-24,Tobias Harris,202699,-2,34.0,8.0,3.0,0.25,9.25
2023-24,Tobias Harris,202699,-1,30.333333333333332,10.333333333333334,3.0,0.4206666666666667,12.754000000000001
2023-24,Tobias Harris,202699,0,35.0,15.0,2.0,0.4,17.4
2023-24,Tobias Harris,202699,1,37.666666666666664,21.333333333333332,3.3333333333333335,0.47100000000000003,26.137666666666664
2023-24,Tobias Harris,202699,2,41.0,27.0,6.0,0.556,35.556
2023-24,Tobias Harris,202699,3,38.0,17.0,3.0,0.417,23.417
2023-24,Tobias Harris,202699,4,28.0,15.0,4.0,0.462,23.462
2023-24,Tobias Harris,202699,5,36.5,25.0,7.0,0.5875,37.5875
2023-24,Tobias Harris,202699,6,35.0,12.666666666666666,2.6666666666666665,0.39799999999999996,21.731333333333332
2023-24,Tobias Harris,202699,7,22.0,8.0,0.0,0.25,15.25
2023-24,Tobias Harris,202699,8,34.25,22.75,4.0,0.5680000000000001,35.318
2023-24,Tobias Harris,202699,9,32.0,16.5,4.5,0.487,30.487
2023-24,Tobias Harris,202699,10,36.0,19.75,1.75,0.47975,31.97975
2023-24,Tobias Harris,202699,12,35.0,18.0,4.0,0.45,34.45
2023-24,Tobias Harris,202699,13,37.0,24.0,4.0,0.8,41.8
2023-24,Tobias Harris,202699,14,31.0,10.0,1.0,0.385,25.384999999999998
2023-24,Tobias Harris,202699,16,40.0,31.0,4.0,0.684,51.684
2023-24,Tobias Harris,202699,18,35.0,21.0,6.0,0.467,45.467
2023-24,Tobias Harris,202699,19,33.0,29.0,2.5,0.5465,51.0465
2023-24,Tobias Harris,202699,20,30.75,19.25,2.75,0.5742499999999999,42.57425
2023-24,Tobias Harris,202699,21,31.5,12.0,6.0,0.4275,39.427499999999995
2023-24,Tobias Harris,202699,24,30.0,13.5,2.5,0.5,40.5
2023-24,Tobias Harris,202699,31,37.0,24.0,2.0,0.727,57.727000000000004
2023-24,Tobias Harris,202699,32,29.0,20.0,2.0,0.692,54.692
2023-24,Tobias Harris,202699,36,25.0,15.0,4.0,0.6,55.6
2023-24,Torrey Craig,1628470,-25,20.0,4.0,0.0,0.5,-20.5
2023-24,Torrey Craig,1628470,-19,27.0,7.0,3.0,0.5,-8.5
2023-24,Torrey Craig,1628470,-15,25.0,3.0,0.0,0.333,-11.667
2023-24,Torrey Craig,1628470,-12,22.0,8.75,1.0,0.49924999999999997,-1.75075
2023-24,Torrey Craig,1628470,-11,28.0,7.0,1.0,0.222,-2.7780000000000005
2023-24,Torrey Craig,1628470,-8,27.5,11.5,0.5,0.5355,4.535500000000001
2023-24,Torrey Craig,1628470,-6,22.0,5.0,0.3333333333333333,0.34933333333333333,-0.3173333333333339
2023-24,Torrey Craig,1628470,-2,21.0,7.5,0.5,0.45,6.449999999999999
2023-24,Torrey Craig,1628470,-1,33.0,11.0,3.0,0.571,13.571
2023-24,Torrey Craig,1628470,1,22.0,12.0,1.0,0.5,14.5
2023-24,Torrey Craig,1628470,3,23.0,6.0,2.0,0.286,11.286
2023-24,Torrey Craig,1628470,4,27.0,9.0,5.0,0.6,18.6
2023-24,Torrey Craig,1628470,6,23.0,3.0,4.0,0.25,13.25
2023-24,Torrey Craig,1628470,12,30.0,3.0,2.0,0.167,17.167
2023-24,Torrey Craig,1628470,14,26.0,10.0,2.0,0.4,26.4
2023-24,Tosan Evbuomwan,1641787,-26,30.0,14.0,1.0,0.444,-10.556
2023-24,Tosan Evbuomwan,1641787,-23,29.0,3.0,3.0,0.143,-16.857
2023-24,Tosan Evbuomwan,1641787,-19,31.0,9.0,1.0,0.6,-8.4
2023-24,Tosan Evbuomwan,1641787,-10,29.0,11.0,0.0,0.571,1.5709999999999997
2023-24,Tosan Evbuomwan,1641787,-9,29.0,3.0,0.0,0.333,-5.667
2023-24,Tosan Evbuomwan,1641787,-8,28.0,7.0,1.0,0.375,0.375
2023-24,Tosan Evbuomwan,1641787,-4,24.0,8.0,3.0,0.6,7.6
2023-24,Tosan Evbuomwan,1641787,6,35.0,10.0,2.0,0.8,18.8
2023-24,Tosan Evbuomwan,1641787,10,20.0,4.0,2.0,0.5,16.5
2023-24,Tosan Evbuomwan,1641787,12,33.0,8.0,2.0,0.667,22.667
2023-24,Toumani Camara,1641739,-38,31.0,6.0,1.0,0.222,-30.778
2023-24,Toumani Camara,1641739,-24,24.0,18.0,0.0,0.7,-5.300000000000001
2023-24,Toumani Camara,1641739,-23,32.0,14.0,0.0,0.3,-8.7
2023-24,Toumani Camara,1641739,-16,31.0,10.5,0.0,0.5625,-4.9375
2023-24,Toumani Camara,1641739,-14,24.0,8.0,2.0,0.6,-3.4000000000000004
2023-24,Toumani Camara,1641739,-13,27.0,12.0,2.0,0.313,1.3130000000000006
2023-24,Toumani Camara,1641739,-12,21.0,0.0,3.0,0.0,-9.0
2023-24,Toumani Camara,1641739,-11,22.0,7.75,0.25,0.31875,-2.6812500000000004
2023-24,Toumani Camara,1641739,-10,33.0,11.0,1.0,0.417,2.417
2023-24,Toumani Camara,1641739,-9,29.0,10.5,1.0,0.5075,3.0075000000000003
2023-24,Toumani Camara,1641739,-8,23.0,7.0,0.5,0.5,0.0
2023-24,Toumani Camara,1641739,-7,33.75,10.0,1.25,0.4435,4.6935
2023-24,Toumani Camara,1641739,-6,22.0,2.0,2.0,0.25,-1.75
2023-24,Toumani Camara,1641739,-5,29.333333333333332,8.666666666666666,1.3333333333333333,0.5833333333333334,5.583333333333334
2023-24,Toumani Camara,1641739,-4,24.0,8.0,2.0,0.6,6.6
2023-24,Toumani Camara,1641739,-3,27.0,6.666666666666667,1.3333333333333333,0.4046666666666667,5.404666666666667
2023-24,Toumani Camara,1641739,-2,24.0,7.5,0.5,0.667,6.667
2023-24,Toumani Camara,1641739,0,25.4,6.8,1.8,0.49139999999999995,9.0914
2023-24,Toumani Camara,1641739,2,26.5,3.5,2.0,0.125,7.625
2023-24,Toumani Camara,1641739,5,21.0,5.5,1.0,0.575,12.075
2023-24,Toumani Camara,1641739,6,22.5,5.5,0.5,0.5335000000000001,12.5335
2023-24,Toumani Camara,1641739,7,25.0,2.0,1.0,0.5,10.5
2023-24,Toumani Camara,1641739,8,35.0,15.5,5.0,0.5225,29.0225
2023-24,Toumani Camara,1641739,9,31.333333333333332,14.0,1.6666666666666667,0.5713333333333334,25.238
2023-24,Toumani Camara,1641739,10,22.0,10.0,0.0,0.667,20.667
2023-24,Toumani Camara,1641739,12,26.5,3.0,1.5,0.2915,16.7915
2023-24,Toumani Camara,1641739,13,32.0,17.0,3.0,0.5,33.5
2023-24,Toumani Camara,1641739,15,27.0,12.0,3.0,0.5,30.5
2023-24,Trae Young,1629027,-35,31.0,12.0,12.0,0.444,-10.556000000000001
2023-24,Trae Young,1629027,-28,28.0,13.0,6.0,0.222,-8.777999999999999
2023-24,Trae Young,1629027,-27,32.0,13.0,10.0,0.214,-3.7860000000000014
2023-24,Trae Young,1629027,-23,36.0,21.0,10.0,0.316,8.315999999999999
2023-24,Trae Young,1629027,-20,28.0,15.0,5.0,0.5,0.5
2023-24,Trae Young,1629027,-19,30.0,13.0,6.0,0.235,0.23499999999999943
2023-24,Trae Young,1629027,-18,36.0,22.0,11.0,0.278,15.277999999999999
2023-24,Trae Young,1629027,-15,34.0,12.0,12.0,0.333,9.332999999999998
2023-24,Trae Young,1629027,-14,35.0,19.0,14.0,0.214,19.214
2023-24,Trae Young,1629027,-13,39.0,40.0,13.0,0.579,40.579
2023-24,Trae Young,1629027,-11,37.8,30.6,9.4,0.37720000000000004,29.377200000000002
2023-24,Trae Young,1629027,-10,35.0,23.333333333333332,9.333333333333334,0.40499999999999997,23.071666666666665
2023-24,Trae Young,1629027,-9,35.5,29.5,10.5,0.493,31.493000000000002
2023-24,Trae Young,1629027,-8,36.0,32.0,12.0,0.464,36.464
2023-24,Trae Young,1629027,-6,35.0,18.0,9.5,0.4395,21.9395
2023-24,Trae Young,1629027,-5,35.0,18.0,12.0,0.25,25.25
2023-24,Trae Young,1629027,-3,39.0,21.0,13.0,0.353,31.353
2023-24,Trae Young,1629027,-2,38.0,38.0,8.0,0.765,44.765
2023-24,Trae Young,1629027,-1,37.666666666666664,31.666666666666668,12.333333333333334,0.5326666666666666,43.532666666666664
2023-24,Trae Young,1629027,0,39.0,35.0,17.0,0.481,52.481
2023-24,Trae Young,1629027,1,34.0,28.0,12.5,0.3885,41.8885
2023-24,Trae Young,1629027,2,39.0,24.0,12.5,0.4075,38.9075
2023-24,Trae Young,1629027,3,37.0,30.0,9.0,0.458,42.458
2023-24,Trae Young,1629027,4,36.0,24.666666666666668,9.666666666666666,0.38866666666666666,38.722
2023-24,Trae Young,1629027,5,38.333333333333336,32.666666666666664,10.333333333333334,0.49899999999999994,48.499
2023-24,Trae Young,1629027,7,43.0,28.0,11.0,0.318,46.318
2023-24,Trae Young,1629027,8,41.0,30.0,12.0,0.375,50.375
2023-24,Trae Young,1629027,9,33.0,30.0,11.0,0.5,50.5
2023-24,Trae Young,1629027,11,36.0,30.0,14.0,0.556,55.556
2023-24,Trae Young,1629027,12,36.0,22.0,13.0,0.357,47.357
2023-24,Trae Young,1629027,13,32.0,20.0,11.0,0.357,44.357
2023-24,Trae Young,1629027,14,35.0,38.0,11.0,0.517,63.517
2023-24,Trae Young,1629027,16,30.25,25.0,11.5,0.6072500000000001,53.10725
2023-24,Trae Young,1629027,18,38.0,22.0,12.0,0.467,52.467
2023-24,Trae Young,1629027,40,30.0,26.0,10.0,0.529,76.529
2023-24,Trayce Jackson-Davis,1631218,-19,21.0,8.0,2.0,0.667,-8.333
2023-24,Trayce Jackson-Davis,1631218,-16,21.0,19.0,1.0,0.818,4.818000000000001
2023-24,Trayce Jackson-Davis,1631218,-11,27.0,10.0,4.0,0.75,3.75
2023-24,Trayce Jackson-Davis,1631218,-9,26.5,7.5,1.0,0.5665,0.06649999999999956
2023-24,Trayce Jackson-Davis,1631218,-5,22.666666666666668,9.666666666666666,0.6666666666666666,0.852,6.1853333333333325
2023-24,Trayce Jackson-Davis,1631218,-4,24.5,13.5,3.0,0.7635000000000001,13.2635
2023-24,Trayce Jackson-Davis,1631218,-3,26.0,16.0,2.0,0.889,15.889
2023-24,Trayce Jackson-Davis,1631218,-2,22.0,13.5,0.0,0.9,12.4
2023-24,Trayce Jackson-Davis,1631218,-1,25.0,8.0,1.6666666666666667,0.5833333333333334,9.25
2023-24,Trayce Jackson-Davis,1631218,0,20.0,4.0,2.0,0.5,6.5
2023-24,Trayce Jackson-Davis,1631218,3,21.0,4.0,1.0,0.667,8.667
2023-24,Trayce Jackson-Davis,1631218,5,29.0,10.5,2.5,0.625,18.625
2023-24,Trayce Jackson-Davis,1631218,6,25.0,19.0,2.0,1.0,28.0
2023-24,Trayce Jackson-Davis,1631218,8,25.0,10.0,1.0,0.444,19.444000000000003
2023-24,Trayce Jackson-Davis,1631218,10,24.0,10.0,3.0,0.714,23.714
2023-24,Trayce Jackson-Davis,1631218,11,30.0,18.0,1.0,0.692,30.692
2023-24,Trayce Jackson-Davis,1631218,12,21.0,10.0,2.0,0.714,24.714
2023-24,Trayce Jackson-Davis,1631218,20,26.5,16.5,4.5,0.8285,41.8285
2023-24,Trayce Jackson-Davis,1631218,25,28.0,10.0,1.0,0.714,36.714
2023-24,Tre Jones,1630200,-23,27.0,13.0,7.0,0.429,-2.5710000000000015
2023-24,Tre Jones,1630200,-22,27.0,6.0,2.0,0.667,-13.333
2023-24,Tre Jones,1630200,-21,21.0,10.0,5.0,0.8,-5.199999999999999
2023-24,Tre Jones,1630200,-18,21.0,2.0,3.0,0.25,-12.75
2023-24,Tre Jones,1630200,-17,22.0,10.0,6.0,0.375,-0.625
2023-24,Tre Jones,1630200,-15,25.5,11.5,4.0,0.443,0.9429999999999996
2023-24,Tre Jones,1630200,-14,32.0,30.0,4.0,0.769,20.769
2023-24,Tre Jones,1630200,-13,30.0,7.0,5.0,0.482,-0.5180000000000007
2023-24,Tre Jones,1630200,-12,22.5,12.5,5.0,0.518,6.018000000000001
2023-24,Tre Jones,1630200,-11,25.571428571428573,8.857142857142858,4.857142857142857,0.5292857142857142,3.24357142857143
2023-24,Tre Jones,1630200,-10,22.0,10.0,3.0,0.444,3.444000000000001
2023-24,Tre Jones,1630200,-9,35.0,18.0,6.0,0.538,15.538
2023-24,Tre Jones,1630200,-7,29.0,6.0,6.5,0.3645,5.8645
2023-24,Tre Jones,1630200,-6,32.0,11.0,8.0,0.417,13.417000000000002
2023-24,Tre Jones,1630200,-5,34.0,10.5,7.0,0.37849999999999995,12.878499999999999
2023-24,Tre Jones,1630200,-4,33.5,14.0,8.0,0.43300000000000005,18.433
2023-24,Tre Jones,1630200,-2,28.5,9.75,6.0,0.4225,14.1725
2023-24,Tre Jones,1630200,-1,26.0,9.0,11.0,0.444,19.444
2023-24,Tre Jones,1630200,0,26.5,9.5,4.0,0.4585,13.9585
2023-24,Tre Jones,1630200,1,26.333333333333332,11.333333333333334,7.0,0.5573333333333333,19.890666666666668
2023-24,Tre Jones,1630200,2,28.0,11.0,6.0,1.0,20.0
2023-24,Tre Jones,1630200,3,31.0,15.5,8.0,0.4,26.9
2023-24,Tre Jones,1630200,4,31.0,3.0,10.0,0.0,17.0
2023-24,Tre Jones,1630200,5,31.0,9.333333333333334,8.0,0.5043333333333333,22.83766666666667
2023-24,Tre Jones,1630200,6,30.0,9.0,10.0,0.372,25.372
2023-24,Tre Jones,1630200,7,31.0,13.666666666666666,6.666666666666667,0.5993333333333334,27.932666666666666
2023-24,Tre Jones,1630200,9,24.0,2.0,8.0,0.5835,19.5835
2023-24,Tre Jones,1630200,11,34.0,18.0,4.0,0.875,33.875
2023-24,Tre Jones,1630200,12,28.0,18.0,8.0,0.857,38.857
2023-24,Tre Jones,1630200,13,30.0,11.0,6.0,0.5936666666666667,30.593666666666667
2023-24,Tre Jones,1630200,14,26.666666666666668,10.0,6.333333333333333,0.551,30.88433333333333
2023-24,Tre Jones,1630200,16,26.5,6.5,5.0,0.2085,27.7085
2023-24,Tre Jones,1630200,17,32.5,12.5,7.5,0.5505,37.5505
2023-24,Tre Jones,1630200,18,28.0,12.0,11.0,0.714,41.714
2023-24,Tre Jones,1630200,19,24.5,9.0,8.5,0.4375,36.9375
2023-24,Tre Jones,1630200,20,32.0,8.0,4.0,0.4,32.4
2023-24,Tre Jones,1630200,21,33.0,17.0,8.0,0.667,46.667
2023-24,Tre Jones,1630200,22,28.0,7.0,10.0,0.5,39.5
2023-24,Tre Jones,1630200,24,24.0,9.0,7.0,0.75,40.75
2023-24,Tre Mann,1630544,-22,25.0,4.0,4.0,0.286,-13.714
2023-24,Tre Mann,1630544,-19,30.0,13.5,7.5,0.6819999999999999,2.6819999999999986
2023-24,Tre Mann,1630544,-16,29.0,9.0,4.0,0.4,-2.5999999999999996
2023-24,Tre Mann,1630544,-15,32.0,7.0,4.0,0.333,-3.667
2023-24,Tre Mann,1630544,-13,33.0,12.0,5.0,0.455,4.454999999999998
2023-24,Tre Mann,1630544,-11,34.0,11.0,6.0,0.385,6.385000000000002
2023-24,Tre Mann,1630544,-10,29.0,6.0,4.0,0.375,0.375
2023-24,Tre Mann,1630544,-9,32.0,9.0,6.0,0.3,6.300000000000001
2023-24,Tre Mann,1630544,-8,32.0,16.0,3.0,0.5,11.5
2023-24,Tre Mann,1630544,-6,30.5,13.5,6.5,0.571,14.571000000000002
2023-24,Tre Mann,1630544,-4,30.0,10.0,1.0,0.4445,7.4445
2023-24,Tre Mann,1630544,-3,30.0,16.0,6.0,0.401,19.401
2023-24,Tre Mann,1630544,-2,28.0,11.0,5.0,0.625,14.625
2023-24,Tre Mann,1630544,-1,35.0,12.0,7.0,0.4,18.4
2023-24,Tre Mann,1630544,0,30.0,19.0,8.0,0.6,27.6
2023-24,Tre Mann,1630544,1,25.0,9.0,5.0,0.429,15.429
2023-24,Tre Mann,1630544,2,33.0,13.333333333333334,4.333333333333333,0.4163333333333334,20.083000000000002
2023-24,Tre Mann,1630544,4,29.0,21.0,6.0,0.538,31.538
2023-24,Tre Mann,1630544,7,24.0,10.0,4.0,0.5,21.5
2023-24,Tre Mann,1630544,8,24.0,6.0,3.0,0.286,17.286
2023-24,Tre Mann,1630544,9,31.0,7.0,5.0,0.4,21.4
2023-24,Tre Mann,1630544,10,33.0,11.0,7.0,0.455,28.455
2023-24,Tre Mann,1630544,11,28.0,17.0,8.0,0.6,36.6
2023-24,Tre Mann,1630544,17,23.0,7.0,2.0,0.429,26.429000000000002
2023-24,Trendon Watford,1630570,-36,32.0,16.0,2.0,0.389,-17.611
2023-24,Trendon Watford,1630570,-26,25.0,15.0,1.0,0.714,-9.286000000000001
2023-24,Trendon Watford,1630570,-15,27.0,17.0,4.0,0.667,6.667000000000002
2023-24,Trendon Watford,1630570,-12,33.0,21.0,0.0,0.727,9.727
2023-24,Trendon Watford,1630570,-9,37.0,14.0,5.0,0.385,10.385000000000002
2023-24,Trendon Watford,1630570,-7,22.0,8.0,6.0,0.4,7.4
2023-24,Trendon Watford,1630570,-3,23.0,11.0,4.0,0.429,12.429
2023-24,Trendon Watford,1630570,0,21.0,8.0,4.0,0.333,12.333
2023-24,Trendon Watford,1630570,1,30.333333333333332,15.333333333333334,2.6666666666666665,0.51,19.51
2023-24,Trendon Watford,1630570,2,20.0,19.0,0.0,0.7,21.7
2023-24,Trendon Watford,1630570,5,29.0,15.0,2.0,0.7,22.7
2023-24,Trendon Watford,1630570,9,20.0,11.0,1.0,0.5,21.5
2023-24,Trent Forrest,1630235,-14,22.0,2.0,6.0,0.5,-5.5
2023-24,Trevelin Queen,1630243,-10,28.0,11.0,3.0,0.333,4.333
2023-24,Trevelin Queen,1630243,1,38.0,5.0,6.0,0.286,12.286
2023-24,Trevelin Queen,1630243,10,30.0,5.0,2.0,0.5,17.5
2023-24,Trey Jemison,1641998,-24,23.0,6.0,0.0,0.4,-17.6
2023-24,Trey Jemison,1641998,-17,34.0,4.5,2.5,0.3095,-9.6905
2023-24,Trey Jemison,1641998,-16,32.0,12.0,2.0,0.6,-1.4000000000000004
2023-24,Trey Jemison,1641998,-13,38.0,6.0,3.0,0.5,-3.5
2023-24,Trey Jemison,1641998,-12,30.0,5.0,1.0,0.667,-5.333
2023-24,Trey Jemison,1641998,-10,23.0,10.0,2.0,0.364,2.3640000000000008
2023-24,Trey Jemison,1641998,-4,30.0,14.0,2.0,0.429,12.428999999999998
2023-24,Trey Jemison,1641998,-3,21.0,8.0,1.0,0.6,6.6
2023-24,Trey Jemison,1641998,-2,31.0,15.5,1.0,0.764,15.264
2023-24,Trey Jemison,1641998,-1,20.0,2.0,2.0,0.333,3.333
2023-24,Trey Jemison,1641998,4,25.0,4.0,2.0,0.4,10.4
2023-24,Trey Jemison,1641998,7,31.0,24.0,0.0,0.846,31.846
2023-24,Trey Jemison,1641998,8,35.0,6.0,0.0,0.75,14.75
2023-24,Trey Lyles,1626168,-19,23.0,7.0,3.0,0.4105,-8.5895
2023-24,Trey Lyles,1626168,-12,20.0,9.0,1.0,0.3,-1.6999999999999993
2023-24,Trey Lyles,1626168,-9,27.0,12.0,0.0,0.5,3.5
2023-24,Trey Lyles,1626168,-6,21.0,5.0,0.0,0.25,-0.75
2023-24,Trey Lyles,1626168,-4,20.0,5.0,0.0,0.333,1.3330000000000002
2023-24,Trey Lyles,1626168,-3,28.0,10.0,1.0,0.5,8.5
2023-24,Trey Lyles,1626168,-1,22.5,9.0,1.0,0.548,9.548
2023-24,Trey Lyles,1626168,0,23.0,16.0,3.0,0.625,19.625
2023-24,Trey Lyles,1626168,3,22.0,3.0,0.0,0.143,6.143
2023-24,Trey Lyles,1626168,4,24.5,15.0,0.5,0.45799999999999996,19.958
2023-24,Trey Lyles,1626168,5,22.0,19.0,1.0,0.462,25.462
2023-24,Trey Lyles,1626168,6,24.0,1.0,0.0,0.0,7.0
2023-24,Trey Lyles,1626168,7,27.0,10.0,3.0,0.5,20.5
2023-24,Trey Lyles,1626168,8,24.0,10.0,1.0,0.571,19.570999999999998
2023-24,Trey Lyles,1626168,9,21.5,11.0,0.5,0.762,21.262
2023-24,Trey Lyles,1626168,10,33.0,9.0,2.0,0.375,21.375
2023-24,Trey Lyles,1626168,14,28.0,11.0,3.0,0.5725,28.572499999999998
2023-24,Trey Lyles,1626168,19,20.0,15.0,0.0,0.833,34.833
2023-24,Trey Lyles,1626168,27,21.0,8.0,2.0,0.5,37.5
2023-24,Trey Lyles,1626168,31,31.0,6.0,3.0,0.25,40.25
2023-24,Trey Lyles,1626168,37,29.0,14.0,2.0,0.75,53.75
2023-24,Trey Murphy III,1630530,-25,22.0,14.0,1.0,0.385,-9.615
2023-24,Trey Murphy III,1630530,-24,27.0,11.0,3.0,0.4,-9.6
2023-24,Trey Murphy III,1630530,-21,29.0,21.0,0.0,0.6,0.6000000000000014
2023-24,Trey Murphy III,1630530,-18,28.333333333333332,12.0,2.6666666666666665,0.38866666666666666,-2.9446666666666665
2023-24,Trey Murphy III,1630530,-16,25.5,5.5,1.0,0.268,-9.232
2023-24,Trey Murphy III,1630530,-15,31.0,5.0,2.0,0.167,-7.833
2023-24,Trey Murphy III,1630530,-13,31.0,11.0,7.0,0.364,5.364000000000001
2023-24,Trey Murphy III,1630530,-10,22.0,14.0,0.0,0.4,4.4
2023-24,Trey Murphy III,1630530,-9,38.0,11.0,2.0,0.3,4.300000000000001
2023-24,Trey Murphy III,1630530,-8,38.0,16.0,2.0,0.6,10.600000000000001
2023-24,Trey Murphy III,1630530,-7,28.0,15.0,0.0,0.429,8.429
2023-24,Trey Murphy III,1630530,-6,20.0,7.0,0.0,0.333,1.3330000000000002
2023-24,Trey Murphy III,1630530,-4,30.5,12.0,1.5,0.4645,9.9645
2023-24,Trey Murphy III,1630530,-1,27.0,8.5,2.0,0.375,9.875
2023-24,Trey Murphy III,1630530,0,38.0,13.0,2.0,0.308,15.308
2023-24,Trey Murphy III,1630530,3,34.0,16.0,4.0,0.538,23.538
2023-24,Trey Murphy III,1630530,4,34.2,18.0,1.6,0.49119999999999997,24.0912
2023-24,Trey Murphy III,1630530,5,30.5,9.0,2.0,0.324,16.323999999999998
2023-24,Trey Murphy III,1630530,7,31.5,17.0,4.0,0.451,28.451
2023-24,Trey Murphy III,1630530,8,28.5,13.5,3.0,0.4645,24.9645
2023-24,Trey Murphy III,1630530,9,24.5,14.0,2.0,0.4565,25.4565
2023-24,Trey Murphy III,1630530,10,35.0,10.0,1.0,0.375,21.375
2023-24,Trey Murphy III,1630530,13,31.0,8.0,2.0,0.083,23.083
2023-24,Trey Murphy III,1630530,14,28.5,28.0,1.5,0.5635,44.063500000000005
2023-24,Trey Murphy III,1630530,15,32.0,16.666666666666668,3.0,0.421,35.087666666666664
2023-24,Trey Murphy III,1630530,17,36.0,26.0,4.0,0.643,47.643
2023-24,Trey Murphy III,1630530,18,26.5,15.5,2.0,0.3975,35.8975
2023-24,Trey Murphy III,1630530,19,24.0,11.0,5.0,0.571,35.571
2023-24,Trey Murphy III,1630530,20,31.0,20.5,2.0,0.479,42.979
2023-24,Trey Murphy III,1630530,22,37.0,31.0,3.0,0.529,56.529
2023-24,Trey Murphy III,1630530,23,24.0,12.0,1.0,0.4145,36.414500000000004
2023-24,Trey Murphy III,1630530,24,29.0,16.0,1.0,0.462,41.462
2023-24,Trey Murphy III,1630530,27,24.0,14.0,4.0,0.5,45.5
2023-24,Trey Murphy III,1630530,38,24.0,16.0,6.0,0.462,60.462
2023-24,Trey Murphy III,1630530,43,32.0,27.0,4.0,0.7,74.7
2023-24,Trey Murphy III,1630530,44,29.0,34.0,1.0,0.647,79.64699999999999
2023-24,Tristan Thompson,202684,-13,20.0,6.0,3.0,0.6,-3.4000000000000004
2023-24,Tristan Thompson,202684,5,20.0,4.0,1.0,0.333,10.333
2023-24,Tristan Thompson,202684,8,28.0,10.0,2.0,0.714,20.714
2023-24,Tristan Vukcevic,1641774,4,20.0,15.0,1.0,0.556,20.556
2023-24,Tristan Vukcevic,1641774,5,23.5,14.0,3.0,0.41900000000000004,22.419
2023-24,Tristan Vukcevic,1641774,6,31.0,14.0,3.0,0.455,23.455
2023-24,Tristan Vukcevic,1641774,10,22.0,19.0,1.0,0.455,30.455
2023-24,Troy Brown Jr.,1628972,-23,24.0,6.0,2.0,0.5,-14.5
2023-24,Troy Brown Jr.,1628972,-20,24.0,5.0,0.0,0.167,-14.833
2023-24,Troy Brown Jr.,1628972,-15,27.0,5.0,2.0,0.222,-7.778
2023-24,Troy Brown Jr.,1628972,-10,30.0,5.0,2.0,0.25,-2.75
2023-24,Troy Brown Jr.,1628972,-9,35.0,4.0,3.0,0.167,-1.8330000000000002
2023-24,Troy Brown Jr.,1628972,-8,27.0,11.5,1.0,0.423,4.923
2023-24,Troy Brown Jr.,1628972,-7,22.0,0.0,0.0,0.0,-7.0
2023-24,Troy Brown Jr.,1628972,-4,20.0,6.0,2.0,0.125,4.125
2023-24,Troy Brown Jr.,1628972,1,21.0,17.0,0.0,0.833,18.833
2023-24,Troy Brown Jr.,1628972,3,25.0,6.0,2.0,0.3,11.3
2023-24,Troy Brown Jr.,1628972,5,22.0,5.0,3.0,0.333,13.333
2023-24,Troy Brown Jr.,1628972,7,25.0,8.0,2.0,0.333,17.333
2023-24,Troy Brown Jr.,1628972,9,25.0,10.0,0.0,0.5,19.5
2023-24,Troy Brown Jr.,1628972,15,31.0,9.0,1.0,0.429,25.429000000000002
2023-24,Troy Brown Jr.,1628972,18,30.0,20.0,4.0,0.8,42.8
2023-24,Troy Brown Jr.,1628972,20,28.0,8.0,2.0,0.5,30.5
2023-24,Tyler Herro,1629639,-29,34.0,12.0,6.0,0.308,-10.692
2023-24,Tyler Herro,1629639,-25,35.0,9.0,6.0,0.235,-9.765
2023-24,Tyler Herro,1629639,-24,29.0,19.0,6.0,0.5,1.5
2023-24,Tyler Herro,1629639,-17,35.0,18.0,3.0,0.389,4.388999999999999
2023-24,Tyler Herro,1629639,-16,35.5,17.0,3.0,0.31699999999999995,4.317
2023-24,Tyler Herro,1629639,-9,35.5,20.0,4.0,0.4665,15.4665
2023-24,Tyler Herro,1629639,-8,32.0,16.0,3.0,0.35,11.350000000000001
2023-24,Tyler Herro,1629639,-5,36.0,21.5,5.5,0.36,22.36
2023-24,Tyler Herro,1629639,-4,38.0,24.0,4.0,0.476,24.476
2023-24,Tyler Herro,1629639,-3,36.5,25.0,4.0,0.4435,26.4435
2023-24,Tyler Herro,1629639,-1,35.833333333333336,24.166666666666668,5.666666666666667,0.4776666666666667,29.311000000000003
2023-24,Tyler Herro,1629639,0,32.5,23.0,1.5,0.513,25.013
2023-24,Tyler Herro,1629639,1,34.0,28.0,3.0,0.5,32.5
2023-24,Tyler Herro,1629639,2,30.0,15.0,3.0,0.429,20.429
2023-24,Tyler Herro,1629639,5,27.0,21.0,4.0,0.368,30.368
2023-24,Tyler Herro,1629639,6,34.0,16.5,3.5,0.28500000000000003,26.285
2023-24,Tyler Herro,1629639,7,35.0,27.0,5.5,0.5265,40.0265
2023-24,Tyler Herro,1629639,9,36.0,17.0,6.0,0.333,32.333
2023-24,Tyler Herro,1629639,10,35.0,28.0,7.0,0.588,45.588
2023-24,Tyler Herro,1629639,11,27.333333333333332,20.0,4.333333333333333,0.48533333333333334,35.818666666666665
2023-24,Tyler Herro,1629639,12,28.0,21.0,4.0,0.467,37.467
2023-24,Tyler Herro,1629639,15,38.5,26.0,4.5,0.479,45.979
2023-24,Tyler Herro,1629639,16,33.0,26.5,4.5,0.5835,47.5835
2023-24,Tyler Herro,1629639,22,27.5,15.5,6.0,0.4585,43.9585
2023-24,Tyrese Haliburton,1630169,-40,22.0,0.0,3.0,0.0,-37.0
2023-24,Tyrese Haliburton,1630169,-37,30.0,8.0,11.0,0.25,-17.75
2023-24,Tyrese Haliburton,1630169,-30,25.0,12.0,3.0,0.286,-14.714
2023-24,Tyrese Haliburton,1630169,-22,38.0,17.0,14.0,0.462,9.462
2023-24,Tyrese Haliburton,1630169,-18,27.0,19.0,11.0,0.412,12.411999999999999
2023-24,Tyrese Haliburton,1630169,-16,32.0,9.0,7.0,0.182,0.1819999999999986
2023-24,Tyrese Haliburton,1630169,-15,21.0,14.0,1.0,0.6,0.5999999999999996
2023-24,Tyrese Haliburton,1630169,-14,33.333333333333336,17.0,7.333333333333333,0.34800000000000003,10.681333333333331
2023-24,Tyrese Haliburton,1630169,-12,32.0,12.0,10.0,0.385,10.385000000000002
2023-24,Tyrese Haliburton,1630169,-11,35.0,19.0,12.0,0.538,20.538
2023-24,Tyrese Haliburton,1630169,-9,25.0,5.0,11.0,0.286,7.286000000000001
2023-24,Tyrese Haliburton,1630169,-7,31.5,13.5,8.5,0.27649999999999997,15.276499999999999
2023-24,Tyrese Haliburton,1630169,-6,39.0,44.0,10.0,0.536,48.536
2023-24,Tyrese Haliburton,1630169,-5,36.0,26.0,11.0,0.5,32.5
2023-24,Tyrese Haliburton,1630169,-4,22.0,13.0,10.0,0.313,19.313
2023-24,Tyrese Haliburton,1630169,-3,35.0,33.0,9.0,0.647,39.647
2023-24,Tyrese Haliburton,1630169,-1,32.0,19.5,11.5,0.51775,30.51775
2023-24,Tyrese Haliburton,1630169,0,35.5,17.5,13.0,0.477,30.977
2023-24,Tyrese Haliburton,1630169,1,37.0,17.0,14.0,0.368,32.367999999999995
2023-24,Tyrese Haliburton,1630169,2,35.0,20.0,12.5,0.4185,34.9185
2023-24,Tyrese Haliburton,1630169,3,33.0,18.75,9.5,0.41225,31.66225
2023-24,Tyrese Haliburton,1630169,4,35.0,29.0,16.5,0.5940000000000001,50.094
2023-24,Tyrese Haliburton,1630169,5,21.0,15.0,5.0,0.6,25.6
2023-24,Tyrese Haliburton,1630169,6,26.0,20.0,11.0,0.563,37.563
2023-24,Tyrese Haliburton,1630169,7,35.0,18.0,12.0,0.533,37.533
2023-24,Tyrese Haliburton,1630169,8,35.666666666666664,28.666666666666668,14.333333333333334,0.543,51.543
2023-24,Tyrese Haliburton,1630169,9,32.0,26.0,10.0,0.391,45.391
2023-24,Tyrese Haliburton,1630169,10,34.0,13.0,12.0,0.333,35.333
2023-24,Tyrese Haliburton,1630169,11,31.5,19.5,12.5,0.48350000000000004,43.4835
2023-24,Tyrese Haliburton,1630169,12,33.0,25.0,13.0,0.556,50.556
2023-24,Tyrese Haliburton,1630169,13,25.5,17.0,7.0,0.6415,37.6415
2023-24,Tyrese Haliburton,1630169,14,38.0,29.0,10.0,0.588,53.588
2023-24,Tyrese Haliburton,1630169,15,35.75,27.25,9.0,0.55,51.8
2023-24,Tyrese Haliburton,1630169,16,36.0,29.0,16.5,0.52,62.02
2023-24,Tyrese Haliburton,1630169,18,28.0,19.5,10.0,0.6125,48.1125
2023-24,Tyrese Haliburton,1630169,19,34.333333333333336,23.0,14.0,0.4716666666666667,56.471666666666664
2023-24,Tyrese Haliburton,1630169,21,33.0,31.0,12.0,0.5,64.5
2023-24,Tyrese Haliburton,1630169,24,25.0,10.0,18.0,0.667,52.667
2023-24,Tyrese Haliburton,1630169,25,37.0,26.0,11.0,0.5,62.5
2023-24,Tyrese Haliburton,1630169,26,26.0,27.0,13.0,0.6,66.6
2023-24,Tyrese Haliburton,1630169,27,28.333333333333332,18.666666666666668,9.666666666666666,0.48033333333333333,55.81366666666667
2023-24,Tyrese Haliburton,1630169,32,32.0,20.0,16.5,0.4205,68.9205
2023-24,Tyrese Maxey,1630178,-29,27.5,19.5,3.0,0.4205,-6.0794999999999995
2023-24,Tyrese Maxey,1630178,-28,36.0,27.0,9.0,0.45,8.450000000000003
2023-24,Tyrese Maxey,1630178,-27,29.0,12.0,3.0,0.357,-11.643
2023-24,Tyrese Maxey,1630178,-24,36.0,32.0,5.0,0.5,13.5
2023-24,Tyrese Maxey,1630178,-23,32.0,15.0,7.0,0.375,-0.625
2023-24,Tyrese Maxey,1630178,-18,33.0,16.0,8.0,0.368,6.3679999999999986
2023-24,Tyrese Maxey,1630178,-15,32.0,26.0,3.5,0.4865,14.9865
2023-24,Tyrese Maxey,1630178,-14,40.5,30.0,7.0,0.4165,23.4165
2023-24,Tyrese Maxey,1630178,-13,29.0,6.0,7.0,0.231,0.23099999999999987
2023-24,Tyrese Maxey,1630178,-12,35.0,20.0,7.0,0.364,15.364
2023-24,Tyrese Maxey,1630178,-11,38.0,28.5,5.0,0.47050000000000003,22.9705
2023-24,Tyrese Maxey,1630178,-10,35.0,28.0,7.0,0.44,25.439999999999998
2023-24,Tyrese Maxey,1630178,-8,41.5,30.0,5.0,0.4575,27.457500000000003
2023-24,Tyrese Maxey,1630178,-6,38.0,27.0,5.0,0.391,26.391
2023-24,Tyrese Maxey,1630178,-3,39.0,27.5,6.0,0.4645,30.9645
2023-24,Tyrese Maxey,1630178,-2,41.0,36.5,5.0,0.5295,40.0295
2023-24,Tyrese Maxey,1630178,-1,38.5,28.5,5.0,0.4145,32.9145
2023-24,Tyrese Maxey,1630178,0,40.5,36.5,6.0,0.47750000000000004,42.9775
2023-24,Tyrese Maxey,1630178,1,40.0,26.666666666666668,7.0,0.445,35.11166666666667
2023-24,Tyrese Maxey,1630178,2,42.0,35.0,9.0,0.414,46.414
2023-24,Tyrese Maxey,1630178,3,42.5,14.0,8.0,0.23450000000000001,25.2345
2023-24,Tyrese Maxey,1630178,4,38.0,24.0,5.0,0.409,33.409
2023-24,Tyrese Maxey,1630178,5,39.0,24.0,3.0,0.533,32.533
2023-24,Tyrese Maxey,1630178,6,40.0,23.0,3.5,0.4545,32.954499999999996
2023-24,Tyrese Maxey,1630178,8,32.0,17.5,4.0,0.4295,29.9295
2023-24,Tyrese Maxey,1630178,9,37.333333333333336,22.333333333333332,8.0,0.47100000000000003,39.80433333333333
2023-24,Tyrese Maxey,1630178,10,40.0,34.0,7.0,0.6,51.6
2023-24,Tyrese Maxey,1630178,11,39.0,29.0,8.0,0.391,48.391
2023-24,Tyrese Maxey,1630178,12,39.5,22.0,7.5,0.48350000000000004,41.9835
2023-24,Tyrese Maxey,1630178,14,53.0,52.0,7.0,0.463,73.463
2023-24,Tyrese Maxey,1630178,15,42.0,27.0,5.0,0.4645,47.4645
2023-24,Tyrese Maxey,1630178,17,37.5,31.333333333333332,6.166666666666667,0.5071666666666667,55.00716666666667
2023-24,Tyrese Maxey,1630178,18,35.5,21.0,5.5,0.40900000000000003,44.909
2023-24,Tyrese Maxey,1630178,19,36.0,28.666666666666668,5.333333333333333,0.41733333333333333,53.41733333333333
2023-24,Tyrese Maxey,1630178,21,36.0,25.0,10.0,0.4,56.4
2023-24,Tyrese Maxey,1630178,22,36.5,19.5,9.5,0.306,51.306
2023-24,Tyrese Maxey,1630178,24,29.0,21.0,5.0,0.5,50.5
2023-24,Tyrese Maxey,1630178,25,36.0,26.5,9.0,0.475,60.975
2023-24,Tyrese Maxey,1630178,26,32.5,30.5,8.5,0.596,65.596
2023-24,Tyrese Maxey,1630178,37,27.0,19.0,4.0,0.438,60.438
2023-24,Tyrese Maxey,1630178,43,32.0,21.0,7.0,0.615,71.615
2023-24,Tyus Jones,1626145,-31,26.0,11.0,7.0,0.556,-12.443999999999999
2023-24,Tyus Jones,1626145,-29,33.0,16.0,4.0,0.5,-8.5
2023-24,Tyus Jones,1626145,-28,23.0,5.0,6.0,0.25,-16.75
2023-24,Tyus Jones,1626145,-23,22.0,6.0,3.0,0.5,-13.5
2023-24,Tyus Jones,1626145,-20,26.2,13.4,5.4,0.6082,-0.5917999999999992
2023-24,Tyus Jones,1626145,-19,28.5,10.0,7.0,0.41500000000000004,-1.5850000000000009
2023-24,Tyus Jones,1626145,-18,27.0,8.0,5.5,0.38575,-4.11425
2023-24,Tyus Jones,1626145,-17,27.0,11.25,5.75,0.4345,0.4344999999999999
2023-24,Tyus Jones,1626145,-16,22.0,0.0,1.0,0.0,-15.0
2023-24,Tyus Jones,1626145,-15,28.0,14.0,6.5,0.38,5.879999999999999
2023-24,Tyus Jones,1626145,-14,26.333333333333332,7.666666666666667,10.0,0.40166666666666667,4.068333333333335
2023-24,Tyus Jones,1626145,-12,25.0,11.666666666666666,4.666666666666667,0.5936666666666667,4.927
2023-24,Tyus Jones,1626145,-11,32.0,10.333333333333334,12.666666666666666,0.4346666666666667,12.434666666666665
2023-24,Tyus Jones,1626145,-9,31.5,12.5,7.0,0.5065,11.006499999999999
2023-24,Tyus Jones,1626145,-8,27.0,9.5,9.0,0.3585,10.8585
2023-24,Tyus Jones,1626145,-6,30.0,21.0,6.0,0.727,21.727
2023-24,Tyus Jones,1626145,-5,30.333333333333332,17.0,7.0,0.5533333333333333,19.553333333333335
2023-24,Tyus Jones,1626145,-4,26.0,10.666666666666666,5.333333333333333,0.438,12.437999999999999
2023-24,Tyus Jones,1626145,-2,36.0,2.0,15.0,0.167,15.167000000000002
2023-24,Tyus Jones,1626145,-1,27.0,11.0,8.0,0.308,18.308
2023-24,Tyus Jones,1626145,0,34.0,18.0,10.0,0.6763333333333333,28.676333333333332
2023-24,Tyus Jones,1626145,1,26.0,6.0,4.0,0.333,11.333
2023-24,Tyus Jones,1626145,3,30.0,22.0,7.0,0.643,32.643
2023-24,Tyus Jones,1626145,5,30.5,14.25,10.25,0.46375,29.96375
2023-24,Tyus Jones,1626145,6,36.333333333333336,18.0,8.333333333333334,0.543,32.876333333333335
2023-24,Tyus Jones,1626145,7,30.0,14.0,8.0,0.6503333333333333,29.650333333333332
2023-24,Tyus Jones,1626145,9,31.0,13.0,9.0,0.50725,31.50725
2023-24,Tyus Jones,1626145,10,34.0,13.0,7.0,0.5,30.5
2023-24,Tyus Jones,1626145,18,26.0,8.0,7.0,0.444,33.444
2023-24,Udoka Azubuike,1628962,1,22.0,11.0,2.0,1.0,15.0
2023-24,Vasilije Micic,203995,-26,26.0,6.0,4.0,0.3,-15.7
2023-24,Vasilije Micic,203995,-23,26.0,20.0,1.0,0.8,-1.1999999999999993
2023-24,Vasilije Micic,203995,-18,29.0,8.0,6.0,0.3,-3.6999999999999993
2023-24,Vasilije Micic,203995,-17,30.0,2.0,4.0,0.25,-10.75
2023-24,Vasilije Micic,203995,-16,32.0,10.0,8.0,0.429,2.4289999999999985
2023-24,Vasilije Micic,203995,-14,27.0,6.5,4.5,0.2085,-2.791499999999999
2023-24,Vasilije Micic,203995,-13,32.0,14.0,3.0,0.429,4.4289999999999985
2023-24,Vasilije Micic,203995,-12,21.0,10.0,3.0,0.308,1.3079999999999998
2023-24,Vasilije Micic,203995,-10,30.0,21.0,3.0,0.583,14.582999999999998
2023-24,Vasilije Micic,203995,-8,32.0,11.0,7.0,0.429,10.428999999999998
2023-24,Vasilije Micic,203995,-7,28.0,13.0,7.0,0.444,13.443999999999999
2023-24,Vasilije Micic,203995,-6,35.0,11.0,9.5,0.3355,14.8355
2023-24,Vasilije Micic,203995,-4,24.0,11.0,7.0,0.833,14.832999999999998
2023-24,Vasilije Micic,203995,-3,31.0,17.0,10.0,0.5,24.5
2023-24,Vasilije Micic,203995,-2,28.0,21.0,4.0,0.533,23.533
2023-24,Vasilije Micic,203995,-1,36.0,13.0,9.0,0.385,21.385
2023-24,Vasilije Micic,203995,1,34.0,11.0,12.0,0.455,24.455
2023-24,Vasilije Micic,203995,2,31.0,12.0,10.0,0.385,24.385
2023-24,Vasilije Micic,203995,9,21.0,2.0,4.0,0.333,15.333
2023-24,Vasilije Micic,203995,14,26.0,18.0,9.0,0.615,41.614999999999995
2023-24,Vasilije Micic,203995,18,21.0,5.0,7.0,0.2,30.2
2023-24,Vasilije Micic,203995,20,34.0,14.0,9.0,0.444,43.444
2023-24,Vasilije Micic,203995,21,30.0,25.0,8.0,0.9,54.9
2023-24,Victor Wembanyama,1641705,-31,29.0,17.5,1.0,0.36450000000000005,-12.1355
2023-24,Victor Wembanyama,1641705,-25,30.0,14.0,2.0,0.286,-8.713999999999999
2023-24,Victor Wembanyama,1641705,-23,23.0,21.0,3.0,0.5,1.5
2023-24,Victor Wembanyama,1641705,-22,31.0,21.0,4.0,0.4,3.3999999999999986
2023-24,Victor Wembanyama,1641705,-20,29.0,21.0,3.0,0.438,4.437999999999999
2023-24,Victor Wembanyama,1641705,-17,26.0,9.0,4.0,0.333,-3.667
2023-24,Victor Wembanyama,1641705,-16,37.0,20.0,4.0,0.438,8.437999999999999
2023-24,Victor Wembanyama,1641705,-14,27.666666666666668,18.333333333333332,2.3333333333333335,0.4626666666666667,7.1293333333333315
2023-24,Victor Wembanyama,1641705,-13,23.0,16.5,2.5,0.607,6.606999999999999
2023-24,Victor Wembanyama,1641705,-12,30.0,16.25,3.25,0.46975,7.969750000000001
2023-24,Victor Wembanyama,1641705,-11,28.4,26.4,3.4,0.491,19.290999999999997
2023-24,Victor Wembanyama,1641705,-10,24.0,22.0,2.0,0.412,14.411999999999999
2023-24,Victor Wembanyama,1641705,-9,26.6,18.6,4.8,0.3872,14.787200000000002
2023-24,Victor Wembanyama,1641705,-8,30.0,21.0,3.0,0.467,16.467
2023-24,Victor Wembanyama,1641705,-7,22.0,7.0,5.0,0.375,5.375
2023-24,Victor Wembanyama,1641705,-6,31.0,19.0,4.0,0.353,17.353
2023-24,Victor Wembanyama,1641705,-5,32.0,30.0,2.0,0.524,27.524
2023-24,Victor Wembanyama,1641705,-3,31.0,19.0,2.0,0.457,18.457
2023-24,Victor Wembanyama,1641705,-2,26.5,24.0,2.0,0.5980000000000001,24.598
2023-24,Victor Wembanyama,1641705,-1,37.0,30.0,4.5,0.47500000000000003,33.975
2023-24,Victor Wembanyama,1641705,0,28.2,23.0,3.6,0.515,27.115000000000002
2023-24,Victor Wembanyama,1641705,1,37.0,40.0,7.0,0.591,48.591
2023-24,Victor Wembanyama,1641705,2,34.5,19.5,4.5,0.4145,26.4145
2023-24,Victor Wembanyama,1641705,3,34.0,29.0,4.0,0.571,36.571
2023-24,Victor Wembanyama,1641705,4,30.666666666666668,17.666666666666668,4.666666666666667,0.4003333333333334,26.733666666666668
2023-24,Victor Wembanyama,1641705,5,33.25,19.0,5.75,0.3875,30.1375
2023-24,Victor Wembanyama,1641705,9,30.0,21.0,1.0,0.368,31.368
2023-24,Victor Wembanyama,1641705,10,28.0,19.0,4.5,0.39,33.89
2023-24,Victor Wembanyama,1641705,15,28.0,21.666666666666668,7.0,0.43566666666666665,44.102333333333334
2023-24,Victor Wembanyama,1641705,17,28.0,26.0,5.0,0.49550000000000005,48.4955
2023-24,Victor Wembanyama,1641705,18,24.0,30.0,6.0,0.643,54.643
2023-24,Victor Wembanyama,1641705,19,30.0,22.333333333333332,5.666666666666667,0.5203333333333333,47.52033333333333
2023-24,Victor Wembanyama,1641705,20,28.0,27.0,5.0,0.714,52.714
2023-24,Victor Wembanyama,1641705,21,34.0,38.0,2.0,0.577,61.577
2023-24,Victor Wembanyama,1641705,23,28.0,23.0,4.0,0.389,50.388999999999996
2023-24,Vince Williams Jr.,1631246,-26,23.0,5.0,1.0,0.286,-19.714
2023-24,Vince Williams Jr.,1631246,-23,29.0,5.0,2.0,0.143,-15.857
2023-24,Vince Williams Jr.,1631246,-18,28.0,8.0,5.0,0.429,-4.571
2023-24,Vince Williams Jr.,1631246,-13,31.0,15.0,4.0,0.5,6.5
2023-24,Vince Williams Jr.,1631246,-12,38.0,21.0,2.0,0.5,11.5
2023-24,Vince Williams Jr.,1631246,-11,35.0,9.0,8.0,0.667,6.667000000000002
2023-24,Vince Williams Jr.,1631246,-10,30.0,17.0,2.0,0.5,9.5
2023-24,Vince Williams Jr.,1631246,-9,36.5,13.5,8.0,0.481,12.981000000000002
2023-24,Vince Williams Jr.,1631246,-8,31.333333333333332,8.333333333333334,3.0,0.4026666666666667,3.7360000000000007
2023-24,Vince Williams Jr.,1631246,-7,30.0,10.333333333333334,4.666666666666667,0.4666666666666666,8.466666666666667
2023-24,Vince Williams Jr.,1631246,-6,34.0,19.0,5.0,0.353,18.353
2023-24,Vince Williams Jr.,1631246,-5,29.0,14.0,2.0,0.556,11.556000000000001
2023-24,Vince Williams Jr.,1631246,-4,34.75,13.0,7.5,0.354,16.854
2023-24,Vince Williams Jr.,1631246,-3,27.0,10.0,1.0,0.4,8.4
2023-24,Vince Williams Jr.,1631246,-1,29.333333333333332,12.0,4.0,0.367,15.367
2023-24,Vince Williams Jr.,1631246,0,30.0,11.0,5.333333333333333,0.5556666666666666,16.889
2023-24,Vince Williams Jr.,1631246,1,27.0,6.0,3.0,0.25,10.25
2023-24,Vince Williams Jr.,1631246,2,33.666666666666664,15.666666666666666,3.3333333333333335,0.49266666666666664,21.49266666666667
2023-24,Vince Williams Jr.,1631246,5,35.0,18.0,1.0,0.636,24.636
2023-24,Vince Williams Jr.,1631246,10,33.0,21.5,5.5,0.718,37.718
2023-24,Vince Williams Jr.,1631246,11,26.0,15.0,3.0,0.667,29.667
2023-24,Vince Williams Jr.,1631246,13,28.0,6.5,1.5,0.4165,21.4165
2023-24,Vince Williams Jr.,1631246,14,34.0,2.0,3.0,0.2,19.2
2023-24,Vince Williams Jr.,1631246,17,24.0,3.0,1.0,0.5,21.5
2023-24,Vince Williams Jr.,1631246,23,36.0,19.0,1.0,0.545,43.545
2023-24,Vit Krejci,1630249,-24,25.0,3.0,2.0,0.333,-18.667
2023-24,Vit Krejci,1630249,-9,25.666666666666668,6.333333333333333,2.3333333333333335,0.4083333333333334,0.07499999999999929
2023-24,Vit Krejci,1630249,-8,22.0,3.0,3.0,0.333,-1.6669999999999998
2023-24,Vit Krejci,1630249,-6,31.0,7.0,2.0,0.5,3.5
2023-24,Vit Krejci,1630249,-5,32.5,17.5,2.0,0.558,15.058
2023-24,Vit Krejci,1630249,0,35.0,2.0,1.0,1.0,4.0
2023-24,Vit Krejci,1630249,1,24.0,18.0,3.0,1.0,23.0
2023-24,Vit Krejci,1630249,5,28.0,2.0,2.0,0.2,9.2
2023-24,Vit Krejci,1630249,7,26.0,2.6666666666666665,3.0,0.2333333333333333,12.899999999999999
2023-24,Vit Krejci,1630249,8,37.0,9.0,4.0,0.444,21.444000000000003
2023-24,Vit Krejci,1630249,11,33.0,7.0,3.0,0.429,21.429000000000002
2023-24,Vit Krejci,1630249,28,30.0,9.0,4.0,0.75,41.75
2023-24,Walker Kessler,1631117,-26,25.0,6.0,1.0,0.667,-18.333
2023-24,Walker Kessler,1631117,-20,27.0,12.0,1.0,0.462,-6.538
2023-24,Walker Kessler,1631117,-19,27.0,6.5,1.0,0.5415,-10.9585
2023-24,Walker Kessler,1631117,-17,23.0,2.0,1.0,0.25,-13.75
2023-24,Walker Kessler,1631117,-15,29.5,6.0,1.5,0.4645,-7.0355
2023-24,Walker Kessler,1631117,-14,25.25,8.25,0.5,0.63775,-4.6122499999999995
2023-24,Walker Kessler,1631117,-13,29.0,14.0,0.0,0.75,1.75
2023-24,Walker Kessler,1631117,-12,28.0,12.0,1.0,0.625,1.625
2023-24,Walker Kessler,1631117,-10,28.0,6.0,2.0,0.3885,-1.6114999999999995
2023-24,Walker Kessler,1631117,-7,28.333333333333332,9.333333333333334,2.3333333333333335,0.6666666666666666,5.333333333333334
2023-24,Walker Kessler,1631117,-5,25.0,8.666666666666666,1.0,0.8889999999999999,5.555666666666665
2023-24,Walker Kessler,1631117,-3,21.0,4.0,1.0,0.333,2.333
2023-24,Walker Kessler,1631117,-2,28.0,15.5,1.0,0.6365000000000001,15.136500000000002
2023-24,Walker Kessler,1631117,-1,21.0,11.0,0.0,0.5,10.5
2023-24,Walker Kessler,1631117,0,25.5,8.5,1.0,0.657,10.157
2023-24,Walker Kessler,1631117,1,25.0,4.0,2.0,0.5,7.5
2023-24,Walker Kessler,1631117,2,20.0,4.0,1.0,1.0,8.0
2023-24,Walker Kessler,1631117,3,23.5,11.5,2.0,0.6745,17.174500000000002
2023-24,Walker Kessler,1631117,5,30.0,10.0,0.0,0.625,15.625
2023-24,Walker Kessler,1631117,6,21.0,7.0,0.0,0.5,13.5
2023-24,Walker Kessler,1631117,7,22.0,8.0,1.0,1.0,17.0
2023-24,Walker Kessler,1631117,9,30.5,12.5,0.0,0.875,22.375
2023-24,Walker Kessler,1631117,10,22.0,9.0,0.0,0.875,19.875
2023-24,Walker Kessler,1631117,15,26.5,7.5,1.0,0.7085,24.2085
2023-24,Walker Kessler,1631117,17,22.5,7.0,1.0,0.75,25.75
2023-24,Walker Kessler,1631117,22,26.0,13.0,3.0,0.625,38.625
2023-24,Walker Kessler,1631117,23,26.0,10.0,4.0,0.833,37.833
2023-24,Walker Kessler,1631117,37,26.0,11.0,0.0,0.833,48.833
2023-24,Wendell Carter Jr.,1628976,-27,21.0,4.0,2.0,0.333,-20.667
2023-24,Wendell Carter Jr.,1628976,-22,25.666666666666668,10.666666666666666,2.0,0.45366666666666666,-8.879666666666667
2023-24,Wendell Carter Jr.,1628976,-20,22.0,3.0,1.0,0.167,-15.833
2023-24,Wendell Carter Jr.,1628976,-16,29.0,7.0,3.0,0.25,-5.75
2023-24,Wendell Carter Jr.,1628976,-15,37.0,13.0,1.0,0.5,-0.5
2023-24,Wendell Carter Jr.,1628976,-14,25.0,11.0,1.0,0.359,-1.641
2023-24,Wendell Carter Jr.,1628976,-11,25.333333333333332,12.333333333333334,1.3333333333333333,0.5753333333333334,3.242000000000001
2023-24,Wendell Carter Jr.,1628976,-8,22.0,4.0,1.0,0.25,-2.75
2023-24,Wendell Carter Jr.,1628976,-7,23.5,8.5,1.5,0.55,3.5500000000000007
2023-24,Wendell Carter Jr.,1628976,-6,23.0,9.0,1.0,0.5,4.5
2023-24,Wendell Carter Jr.,1628976,-5,35.0,20.0,2.0,0.889,17.889
2023-24,Wendell Carter Jr.,1628976,-3,23.5,8.0,2.5,0.5235,8.0235
2023-24,Wendell Carter Jr.,1628976,-2,29.5,13.0,2.5,0.5355,14.035499999999999
2023-24,Wendell Carter Jr.,1628976,-1,28.0,9.0,2.0,0.286,10.286
2023-24,Wendell Carter Jr.,1628976,0,26.0,15.0,1.5,0.7855,17.2855
2023-24,Wendell Carter Jr.,1628976,1,27.5,14.5,2.0,0.521,18.021
2023-24,Wendell Carter Jr.,1628976,2,30.333333333333332,19.0,0.6666666666666666,0.6116666666666667,22.278333333333336
2023-24,Wendell Carter Jr.,1628976,3,23.0,8.0,1.0,0.75,12.75
2023-24,Wendell Carter Jr.,1628976,4,26.0,14.0,2.0,0.429,20.429
2023-24,Wendell Carter Jr.,1628976,5,24.0,9.0,1.0,0.8,15.8
2023-24,Wendell Carter Jr.,1628976,6,26.0,8.0,1.0,0.286,15.286
2023-24,Wendell Carter Jr.,1628976,7,34.0,11.0,3.0,0.455,21.455
2023-24,Wendell Carter Jr.,1628976,8,26.5,11.5,2.0,0.5,22.0
2023-24,Wendell Carter Jr.,1628976,9,23.333333333333332,7.333333333333333,2.0,0.504,18.837333333333333
2023-24,Wendell Carter Jr.,1628976,12,21.0,6.0,2.0,0.667,20.667
2023-24,Wendell Carter Jr.,1628976,13,31.0,17.0,5.0,0.6,35.6
2023-24,Wendell Carter Jr.,1628976,14,23.0,17.0,2.0,0.857,33.857
2023-24,Wendell Carter Jr.,1628976,17,23.0,8.0,3.0,0.5,28.5
2023-24,Wendell Carter Jr.,1628976,19,25.0,10.0,1.0,0.429,30.429000000000002
2023-24,Wendell Carter Jr.,1628976,20,22.0,10.0,2.0,0.556,32.556
2023-24,Wendell Carter Jr.,1628976,21,34.0,17.0,2.0,0.636,40.635999999999996
2023-24,Wendell Carter Jr.,1628976,27,27.0,9.0,3.0,0.5,39.5
2023-24,Wendell Carter Jr.,1628976,31,31.0,19.0,3.0,0.714,53.714
2023-24,Wendell Carter Jr.,1628976,39,28.0,15.0,2.0,0.4,56.4
2023-24,Wenyen Gabriel,1629117,-5,21.0,6.0,0.0,0.6,1.5999999999999996
2023-24,Wesley Matthews,202083,-1,23.0,3.0,3.0,0.167,5.167
2023-24,Wesley Matthews,202083,8,20.0,2.0,1.0,0.5,11.5
2023-24,Xavier Moon,1629875,-7,46.0,14.0,6.0,0.273,13.273
2023-24,Xavier Tillman,1630214,-18,21.0,6.0,4.0,0.286,-7.714
2023-24,Xavier Tillman,1630214,-15,23.5,2.0,2.0,0.3335,-10.6665
2023-24,Xavier Tillman,1630214,-14,23.0,8.0,3.0,0.429,-2.5709999999999997
2023-24,Xavier Tillman,1630214,-11,24.0,6.0,5.0,0.375,0.375
2023-24,Xavier Tillman,1630214,-8,36.0,10.0,3.0,0.625,5.625
2023-24,Xavier Tillman,1630214,-6,36.0,12.0,5.0,0.4,11.399999999999999
2023-24,Xavier Tillman,1630214,-5,32.0,16.5,2.0,0.678,14.178
2023-24,Xavier Tillman,1630214,-4,22.0,15.0,2.0,0.857,13.857
2023-24,Xavier Tillman,1630214,-2,35.0,10.0,6.0,0.455,14.454999999999998
2023-24,Xavier Tillman,1630214,1,27.0,2.0,0.0,0.333,3.333
2023-24,Xavier Tillman,1630214,3,33.0,17.0,4.0,0.438,24.438
2023-24,Xavier Tillman,1630214,4,28.0,6.0,1.0,0.214,11.214
2023-24,Xavier Tillman,1630214,9,21.0,4.0,2.0,0.333,15.333
2023-24,Xavier Tillman,1630214,10,20.0,5.0,2.0,0.667,17.667
2023-24,Xavier Tillman,1630214,13,30.0,2.0,3.0,0.167,18.167
2023-24,Xavier Tillman,1630214,14,26.0,7.0,1.0,0.6,22.6
2023-24,Xavier Tillman,1630214,17,27.0,14.0,2.0,0.667,33.667
2023-24,Yuta Watanabe,1629139,-13,22.5,7.0,0.5,0.3125,-5.1875
2023-24,Yuta Watanabe,1629139,-6,21.0,2.0,1.0,0.333,-2.667
2023-24,Yuta Watanabe,1629139,-1,23.0,7.0,2.0,0.292,8.292
2023-24,Yuta Watanabe,1629139,0,26.0,3.0,1.0,0.2,4.2
2023-24,Yuta Watanabe,1629139,2,20.0,7.0,0.0,0.286,9.286
2023-24,Yuta Watanabe,1629139,13,20.0,6.0,0.0,0.5,19.5
2023-24,Zach Collins,1628380,-36,24.0,9.0,4.0,0.364,-22.636
2023-24,Zach Collins,1628380,-33,31.0,13.0,1.0,0.545,-18.455
2023-24,Zach Collins,1628380,-30,26.0,20.0,2.0,0.471,-7.529
2023-24,Zach Collins,1628380,-28,20.0,10.0,1.0,0.417,-16.583
2023-24,Zach Collins,1628380,-27,28.0,14.0,4.0,0.6,-8.399999999999999
2023-24,Zach Collins,1628380,-25,27.0,12.0,0.0,0.364,-12.636
2023-24,Zach Collins,1628380,-20,27.0,14.0,2.0,0.5,-3.5
2023-24,Zach Collins,1628380,-18,24.0,12.0,3.0,0.273,-2.7270000000000003
2023-24,Zach Collins,1628380,-17,21.0,17.0,3.0,0.412,3.411999999999999
2023-24,Zach Collins,1628380,-14,20.0,7.5,3.5,0.3885,-2.6114999999999995
2023-24,Zach Collins,1628380,-13,28.0,12.0,4.0,0.3,3.3000000000000007
2023-24,Zach Collins,1628380,-12,24.0,11.0,3.0,0.667,2.667
2023-24,Zach Collins,1628380,-9,28.0,22.0,2.0,0.563,15.562999999999999
2023-24,Zach Collins,1628380,-7,30.0,6.0,6.0,0.167,5.167
2023-24,Zach Collins,1628380,-6,38.0,21.0,5.0,0.471,20.471
2023-24,Zach Collins,1628380,-5,25.0,12.0,3.0,0.833,10.833
2023-24,Zach Collins,1628380,-4,30.0,14.0,4.25,0.49725,14.747250000000001
2023-24,Zach Collins,1628380,-2,24.0,11.0,5.0,0.833,14.832999999999998
2023-24,Zach Collins,1628380,0,26.5,9.5,5.0,0.522,15.022
2023-24,Zach Collins,1628380,1,26.0,16.0,6.0,0.5,23.5
2023-24,Zach Collins,1628380,3,26.0,15.5,3.5,0.618,22.618
2023-24,Zach Collins,1628380,4,30.0,22.0,4.0,0.471,30.471
2023-24,Zach Collins,1628380,5,30.5,17.0,2.5,0.4455,24.9455
2023-24,Zach Collins,1628380,8,27.666666666666668,14.0,2.6666666666666665,0.5816666666666667,25.248333333333335
2023-24,Zach Collins,1628380,13,23.0,12.0,5.0,0.8,30.8
2023-24,Zach Collins,1628380,19,33.0,28.0,5.0,0.714,52.714
2023-24,Zach LaVine,203897,-27,30.0,12.0,4.0,0.333,-10.667000000000002
2023-24,Zach LaVine,203897,-24,34.0,13.0,5.0,0.556,-5.443999999999999
2023-24,Zach LaVine,203897,-23,38.0,8.0,1.0,0.214,-13.786
2023-24,Zach LaVine,203897,-22,24.0,2.0,4.0,0.111,-15.889
2023-24,Zach LaVine,203897,-18,34.0,17.0,4.0,0.5,3.5
2023-24,Zach LaVine,203897,-14,40.0,22.0,8.0,0.538,16.538
2023-24,Zach LaVine,203897,-8,37.0,51.0,0.0,0.576,43.576
2023-24,Zach LaVine,203897,-6,37.0,21.0,3.0,0.3375,18.3375
2023-24,Zach LaVine,203897,-5,35.0,9.0,5.0,0.25,9.25
2023-24,Zach LaVine,203897,-4,24.0,8.0,3.0,0.429,7.429
2023-24,Zach LaVine,203897,-2,36.5,24.5,4.5,0.598,27.598
2023-24,Zach LaVine,203897,1,32.333333333333336,18.333333333333332,3.0,0.37433333333333335,22.707666666666665
2023-24,Zach LaVine,203897,2,36.666666666666664,27.333333333333332,3.6666666666666665,0.5176666666666666,33.51766666666667
2023-24,Zach LaVine,203897,3,36.0,19.0,3.0,0.375,25.375
2023-24,Zach LaVine,203897,4,29.0,15.0,4.0,0.545,23.545
2023-24,Zach LaVine,203897,8,38.0,24.0,5.0,0.476,37.476
2023-24,Zach LaVine,203897,12,35.0,10.0,7.0,0.375,29.375
2023-24,Zach LaVine,203897,15,41.0,25.0,7.0,0.533,47.533
2023-24,Zach LaVine,203897,18,30.0,24.0,3.0,0.471,45.471000000000004
2023-24,Zavier Simpson,1630285,-15,30.0,14.0,4.0,0.333,3.3329999999999984
2023-24,Zavier Simpson,1630285,-10,30.0,12.0,5.0,0.333,7.332999999999998
2023-24,Zavier Simpson,1630285,-7,24.0,4.0,4.0,0.4,1.4000000000000004
2023-24,Zavier Simpson,1630285,-3,22.0,8.0,3.0,0.5,8.5
2023-24,Zavier Simpson,1630285,15,32.0,2.0,3.0,0.111,20.111
2023-24,Zeke Nnaji,1630192,-9,20.0,2.0,1.0,0.2,-5.8
2023-24,Zeke Nnaji,1630192,10,20.0,14.0,2.0,0.625,26.625
2023-24,Ziaire Williams,1630533,-29,22.0,8.0,1.0,0.222,-19.778
2023-24,Ziaire Williams,1630533,-27,20.0,13.0,0.0,0.4,-13.6
2023-24,Ziaire Williams,1630533,-21,33.0,8.0,2.0,0.375,-10.625
2023-24,Ziaire Williams,1630533,-17,27.0,6.0,1.0,0.5,-9.5
2023-24,Ziaire Williams,1630533,-16,25.333333333333332,8.666666666666666,1.3333333333333333,0.3826666666666667,-5.617333333333333
2023-24,Ziaire Williams,1630533,-15,25.0,10.0,0.0,0.25,-4.75
2023-24,Ziaire Williams,1630533,-10,25.0,6.0,0.5,0.2775,-3.2225
2023-24,Ziaire Williams,1630533,-9,25.0,9.0,2.0,0.4,2.4000000000000004
2023-24,Ziaire Williams,1630533,-8,29.0,9.0,0.0,0.571,1.5709999999999997
2023-24,Ziaire Williams,1630533,-5,29.5,11.0,3.0,0.351,9.350999999999999
2023-24,Ziaire Williams,1630533,-4,25.0,5.0,3.0,0.125,4.125
2023-24,Ziaire Williams,1630533,-2,36.0,27.0,4.0,0.692,29.692
2023-24,Ziaire Williams,1630533,-1,31.0,16.5,3.0,0.5645,19.0645
2023-24,Ziaire Williams,1630533,0,31.0,11.0,3.0,0.3,14.3
2023-24,Ziaire Williams,1630533,4,33.0,9.0,0.0,0.286,13.286
2023-24,Ziaire Williams,1630533,5,27.0,9.0,3.0,0.4,17.4
2023-24,Ziaire Williams,1630533,6,22.0,13.5,4.0,0.4375,23.9375
2023-24,Ziaire Williams,1630533,8,24.0,15.0,0.0,0.75,23.75
2023-24,Ziaire Williams,1630533,10,20.0,15.0,1.0,0.545,26.545
2023-24,Ziaire Williams,1630533,12,23.5,9.5,1.0,0.5,23.0
2023-24,Ziaire Williams,1630533,27,24.0,17.0,5.0,0.5,49.5
2023-24,Zion Williamson,1629627,-33,25.0,13.0,3.0,0.75,-16.25
2023-24,Zion Williamson,1629627,-23,33.5,23.5,4.0,0.528,5.027999999999999
2023-24,Zion Williamson,1629627,-22,34.0,33.0,1.0,0.619,12.619
2023-24,Zion Williamson,1629627,-21,30.0,15.0,6.0,0.472,0.4720000000000013
2023-24,Zion Williamson,1629627,-20,32.5,26.5,3.5,0.5355,10.535499999999999
2023-24,Zion Williamson,1629627,-17,30.0,24.5,4.0,0.5495,12.049499999999998
2023-24,Zion Williamson,1629627,-13,27.5,18.0,4.0,0.4585,9.4585
2023-24,Zion Williamson,1629627,-12,29.0,27.0,3.0,0.667,18.667
2023-24,Zion Williamson,1629627,-11,36.0,20.0,9.0,0.455,18.455
2023-24,Zion Williamson,1629627,-8,35.5,24.0,3.5,0.529,20.029
2023-24,Zion Williamson,1629627,-7,32.333333333333336,25.333333333333332,5.333333333333333,0.5173333333333333,24.183999999999997
2023-24,Zion Williamson,1629627,-6,35.0,21.0,10.0,0.438,25.438
2023-24,Zion Williamson,1629627,-4,32.0,25.0,3.0,0.563,24.563
2023-24,Zion Williamson,1629627,-3,24.0,4.0,4.0,0.286,5.286
2023-24,Zion Williamson,1629627,-2,35.5,28.5,6.0,0.594,33.094
2023-24,Zion Williamson,1629627,-1,31.75,23.25,5.0,0.5365,27.7865
2023-24,Zion Williamson,1629627,0,28.0,20.0,2.0,0.533,22.533
2023-24,Zion Williamson,1629627,2,33.666666666666664,29.333333333333332,4.333333333333333,0.634,36.300666666666665
2023-24,Zion Williamson,1629627,3,34.0,26.0,7.0,0.563,36.563
2023-24,Zion Williamson,1629627,4,31.0,16.5,3.5,0.5185,24.5185
2023-24,Zion Williamson,1629627,5,25.0,15.0,3.0,0.583,23.583
2023-24,Zion Williamson,1629627,6,30.6,21.2,8.2,0.6284,36.0284
2023-24,Zion Williamson,1629627,7,34.0,25.0,7.5,0.619,40.119
2023-24,Zion Williamson,1629627,8,34.0,14.0,4.0,0.308,26.308
2023-24,Zion Williamson,1629627,9,29.0,21.0,4.0,0.467,34.467
2023-24,Zion Williamson,1629627,10,24.0,13.5,6.0,0.5165,30.0165
2023-24,Zion Williamson,1629627,11,32.0,27.0,3.25,0.6125,41.8625
2023-24,Zion Williamson,1629627,12,28.5,19.0,6.5,0.5555,38.055499999999995
2023-24,Zion Williamson,1629627,13,34.0,23.0,4.0,0.5,40.5
2023-24,Zion Williamson,1629627,15,35.5,29.5,3.5,0.497,48.497
2023-24,Zion Williamson,1629627,16,27.25,22.5,5.5,0.67925,44.679249999999996
2023-24,Zion Williamson,1629627,17,34.0,27.0,9.0,0.571,53.571
2023-24,Zion Williamson,1629627,18,36.0,36.0,6.0,0.929,60.929
2023-24,Zion Williamson,1629627,20,28.0,27.0,6.0,0.733,53.733
2023-24,Zion Williamson,1629627,21,32.5,26.0,4.5,0.6174999999999999,52.1175
2023-24,Zion Williamson,1629627,23,29.0,19.0,7.0,0.667,49.667
2023-24,Zion Williamson,1629627,26,32.0,36.0,2.0,0.765,64.765
2023-24,Zion Williamson,1629627,28,25.0,16.0,9.0,0.636,53.635999999999996
2023-24,Zion Williamson,1629627,32,29.0,26.0,5.0,0.75,63.75
