season_year,personName,personId,plusMinusPoints,minutes,points,assists,fieldGoalsPercentage
2022-23,A.J. Lawson,1630639,-19,22.0,12.0,0.0,0.556
2022-23,A.J. Lawson,1630639,-13,23.0,10.0,1.0,0.444
2022-23,AJ Green,1631260,-2,23.0,15.0,1.0,0.625
2022-23,AJ Green,1631260,9,21.0,7.0,1.0,0.333
2022-23,AJ Griffin,1631100,-21,20.0,6.0,1.0,0.333
2022-23,AJ Griffin,1631100,-19,24.0,13.0,1.0,0.417
2022-23,AJ Griffin,1631100,-16,24.0,4.0,2.0,0.2
2022-23,AJ Griffin,1631100,-13,20.0,10.0,2.0,0.364
2022-23,AJ Griffin,1631100,-10,28.0,9.0,2.0,0.231
2022-23,AJ Griffin,1631100,-8,32.5,14.0,1.5,0.6034999999999999
2022-23,AJ Griffin,1631100,-6,28.0,13.666666666666666,0.6666666666666666,0.5333333333333333
2022-23,AJ Griffin,1631100,-5,34.0,24.0,1.0,0.688
2022-23,AJ Griffin,1631100,-3,25.333333333333332,12.0,2.0,0.387
2022-23,AJ Griffin,1631100,-2,22.0,12.0,0.5,0.522
2022-23,AJ Griffin,1631100,-1,21.0,14.0,0.0,0.714
2022-23,AJ Griffin,1631100,0,23.0,13.0,3.0,0.714
2022-23,AJ Griffin,1631100,1,23.333333333333332,11.0,1.0,0.5
2022-23,AJ Griffin,1631100,3,24.0,12.0,2.0,0.5
2022-23,AJ Griffin,1631100,5,22.0,16.0,1.0,0.667
2022-23,AJ Griffin,1631100,6,40.0,17.0,2.0,0.412
2022-23,AJ Griffin,1631100,7,21.5,13.5,0.5,0.432
2022-23,AJ Griffin,1631100,9,20.0,12.0,2.0,0.833
2022-23,AJ Griffin,1631100,10,22.0,10.0,0.0,0.75
2022-23,AJ Griffin,1631100,12,25.0,9.5,2.0,0.3835
2022-23,AJ Griffin,1631100,15,25.0,19.0,2.0,0.615
2022-23,AJ Griffin,1631100,17,27.0,13.0,2.0,0.625
2022-23,AJ Griffin,1631100,22,23.0,9.0,3.0,0.5
2022-23,AJ Griffin,1631100,25,23.0,11.0,3.0,0.444
2022-23,AJ Griffin,1631100,28,31.0,24.0,1.0,0.667
2022-23,Aaron Gordon,203932,-22,31.0,11.0,4.0,0.5
2022-23,Aaron Gordon,203932,-18,32.0,13.0,4.0,0.545
2022-23,Aaron Gordon,203932,-16,27.0,26.0,1.0,0.75
2022-23,Aaron Gordon,203932,-13,30.0,20.0,0.0,0.667
2022-23,Aaron Gordon,203932,-10,31.75,14.25,3.25,0.448
2022-23,Aaron Gordon,203932,-7,34.5,20.5,1.0,0.6439999999999999
2022-23,Aaron Gordon,203932,-6,31.0,27.0,2.0,0.769
2022-23,Aaron Gordon,203932,-4,29.0,17.0,2.0,0.5145
2022-23,Aaron Gordon,203932,-3,36.0,26.0,6.0,0.435
2022-23,Aaron Gordon,203932,-2,38.0,15.0,1.0,0.267
2022-23,Aaron Gordon,203932,-1,32.5,20.5,3.0,0.6759999999999999
2022-23,Aaron Gordon,203932,0,27.5,9.75,2.25,0.4865
2022-23,Aaron Gordon,203932,1,28.0,15.0,2.0,0.6
2022-23,Aaron Gordon,203932,2,31.0,14.0,7.0,0.5
2022-23,Aaron Gordon,203932,4,34.0,18.0,6.0,0.625
2022-23,Aaron Gordon,203932,5,33.6,23.6,4.0,0.5778000000000001
2022-23,Aaron Gordon,203932,6,26.0,12.0,0.5,0.519
2022-23,Aaron Gordon,203932,8,28.0,15.0,1.0,0.667
2022-23,Aaron Gordon,203932,9,31.666666666666668,12.0,3.0,0.4256666666666667
2022-23,Aaron Gordon,203932,10,29.666666666666668,11.333333333333334,2.3333333333333335,0.6076666666666667
2022-23,Aaron Gordon,203932,11,32.0,25.0,5.0,0.692
2022-23,Aaron Gordon,203932,12,28.0,14.5,1.5,0.5135
2022-23,Aaron Gordon,203932,13,28.333333333333332,20.333333333333332,3.3333333333333335,0.6296666666666667
2022-23,Aaron Gordon,203932,15,25.0,13.5,1.5,0.667
2022-23,Aaron Gordon,203932,16,30.0,14.5,3.0,0.625
2022-23,Aaron Gordon,203932,17,30.0,18.0,0.0,0.636
2022-23,Aaron Gordon,203932,18,32.0,20.0,2.0,0.8055
2022-23,Aaron Gordon,203932,19,26.5,10.75,4.0,0.49924999999999997
2022-23,Aaron Gordon,203932,20,27.5,11.5,5.0,0.402
2022-23,Aaron Gordon,203932,21,29.5,19.5,2.0,0.6355
2022-23,Aaron Gordon,203932,22,27.666666666666668,17.333333333333332,4.333333333333333,0.5923333333333333
2022-23,Aaron Gordon,203932,23,36.0,18.0,7.0,0.462
2022-23,Aaron Gordon,203932,24,25.0,13.0,2.0,0.667
2022-23,Aaron Gordon,203932,26,30.0,28.0,6.0,0.733
2022-23,Aaron Gordon,203932,28,30.0,12.0,1.0,0.667
2022-23,Aaron Gordon,203932,32,25.0,24.0,8.0,0.727
2022-23,Aaron Holiday,1628988,-14,24.0,8.0,3.0,0.429
2022-23,Aaron Holiday,1628988,-9,29.0,7.0,4.0,0.286
2022-23,Aaron Holiday,1628988,-7,26.0,6.0,4.0,0.375
2022-23,Aaron Holiday,1628988,-5,24.0,3.0,2.0,0.5
2022-23,Aaron Holiday,1628988,0,29.0,15.0,6.0,0.385
2022-23,Aaron Holiday,1628988,3,32.0,10.0,3.0,0.571
2022-23,Aaron Holiday,1628988,11,21.0,8.0,4.0,0.667
2022-23,Aaron Holiday,1628988,14,24.0,4.0,5.0,0.333
2022-23,Aaron Holiday,1628988,15,23.0,4.0,1.0,0.4
2022-23,Aaron Holiday,1628988,17,27.0,14.0,3.0,0.833
2022-23,Aaron Holiday,1628988,18,20.0,4.0,2.0,0.4
2022-23,Aaron Nesmith,1630174,-35,34.0,4.0,3.0,0.1
2022-23,Aaron Nesmith,1630174,-27,26.0,12.0,0.0,0.4
2022-23,Aaron Nesmith,1630174,-25,23.0,5.0,1.0,0.2
2022-23,Aaron Nesmith,1630174,-20,32.0,25.0,2.0,0.563
2022-23,Aaron Nesmith,1630174,-19,24.0,12.0,1.0,0.5445
2022-23,Aaron Nesmith,1630174,-17,28.0,9.0,1.0,0.373
2022-23,Aaron Nesmith,1630174,-15,24.0,6.0,1.0,0.154
2022-23,Aaron Nesmith,1630174,-14,23.0,13.0,1.0,0.444
2022-23,Aaron Nesmith,1630174,-13,27.0,11.666666666666666,1.3333333333333333,0.463
2022-23,Aaron Nesmith,1630174,-12,27.0,12.0,1.0,0.48333333333333334
2022-23,Aaron Nesmith,1630174,-10,23.0,16.0,0.0,0.5
2022-23,Aaron Nesmith,1630174,-8,27.333333333333332,10.0,0.6666666666666666,0.3223333333333333
2022-23,Aaron Nesmith,1630174,-6,23.0,5.5,2.0,0.20800000000000002
2022-23,Aaron Nesmith,1630174,-4,29.0,7.0,1.0,0.333
2022-23,Aaron Nesmith,1630174,-3,23.0,7.0,0.0,0.4
2022-23,Aaron Nesmith,1630174,-1,30.5,19.0,2.0,0.6025
2022-23,Aaron Nesmith,1630174,0,27.75,12.5,1.25,0.50725
2022-23,Aaron Nesmith,1630174,1,28.0,3.0,2.0,0.0
2022-23,Aaron Nesmith,1630174,3,22.0,5.0,2.5,0.2085
2022-23,Aaron Nesmith,1630174,4,27.0,14.0,3.5,0.4185
2022-23,Aaron Nesmith,1630174,5,23.5,6.0,1.5,0.277
2022-23,Aaron Nesmith,1630174,6,35.0,24.0,2.0,0.75
2022-23,Aaron Nesmith,1630174,7,34.0,16.0,4.0,0.667
2022-23,Aaron Nesmith,1630174,8,22.0,11.0,2.0,0.5
2022-23,Aaron Nesmith,1630174,9,29.0,15.0,3.0,0.667
2022-23,Aaron Nesmith,1630174,10,27.0,4.5,1.5,0.1
2022-23,Aaron Nesmith,1630174,12,32.0,18.0,2.5,0.6485
2022-23,Aaron Nesmith,1630174,13,29.0,19.0,0.0,0.778
2022-23,Aaron Nesmith,1630174,14,29.0,9.333333333333334,0.6666666666666666,0.46799999999999997
2022-23,Aaron Nesmith,1630174,16,27.0,15.0,3.0,0.462
2022-23,Aaron Nesmith,1630174,17,25.0,19.0,0.0,0.5
2022-23,Aaron Nesmith,1630174,18,27.0,22.0,1.0,0.7
2022-23,Aaron Nesmith,1630174,20,37.0,10.0,2.0,0.4
2022-23,Aaron Wiggins,1630598,-21,25.0,12.0,1.0,0.444
2022-23,Aaron Wiggins,1630598,-17,24.0,8.0,1.0,1.0
2022-23,Aaron Wiggins,1630598,-14,33.0,13.0,0.0,0.417
2022-23,Aaron Wiggins,1630598,-12,25.0,19.0,1.0,0.8
2022-23,Aaron Wiggins,1630598,-11,25.0,10.0,4.0,0.5
2022-23,Aaron Wiggins,1630598,-10,22.0,4.5,2.0,0.35
2022-23,Aaron Wiggins,1630598,-8,22.0,8.5,0.0,0.5625
2022-23,Aaron Wiggins,1630598,-7,25.0,5.0,1.0,0.333
2022-23,Aaron Wiggins,1630598,-6,27.0,11.0,0.0,0.5
2022-23,Aaron Wiggins,1630598,-5,27.0,9.5,1.0,0.7915
2022-23,Aaron Wiggins,1630598,-2,22.0,15.0,0.0,0.5
2022-23,Aaron Wiggins,1630598,-1,20.0,10.0,5.0,0.571
2022-23,Aaron Wiggins,1630598,1,23.0,8.0,0.0,0.571
2022-23,Aaron Wiggins,1630598,2,25.5,11.0,2.0,0.53
2022-23,Aaron Wiggins,1630598,4,24.5,7.5,1.5,0.4
2022-23,Aaron Wiggins,1630598,7,23.5,8.0,1.0,0.43900000000000006
2022-23,Aaron Wiggins,1630598,8,30.0,10.0,2.0,0.667
2022-23,Aaron Wiggins,1630598,11,21.0,14.0,4.0,0.5
2022-23,Aaron Wiggins,1630598,13,28.5,14.5,3.5,0.528
2022-23,Aaron Wiggins,1630598,16,34.0,11.0,3.0,0.571
2022-23,Aaron Wiggins,1630598,18,27.5,8.0,2.0,0.3785
2022-23,Aaron Wiggins,1630598,19,27.0,21.0,1.5,0.653
2022-23,Aaron Wiggins,1630598,22,32.0,17.0,3.0,0.875
2022-23,Aaron Wiggins,1630598,34,22.0,9.0,1.0,0.444
2022-23,Admiral Schofield,1629678,-17,24.0,8.0,4.0,0.3
2022-23,Admiral Schofield,1629678,-13,21.0,6.0,0.0,0.667
2022-23,Admiral Schofield,1629678,-7,21.0,10.0,1.0,0.364
2022-23,Admiral Schofield,1629678,-1,27.0,7.0,4.0,0.286
2022-23,Al Horford,201143,-20,31.5,7.0,2.5,0.5235
2022-23,Al Horford,201143,-14,26.0,5.0,2.5,0.2
2022-23,Al Horford,201143,-13,33.0,11.0,5.0,0.5
2022-23,Al Horford,201143,-12,32.0,15.0,2.0,0.556
2022-23,Al Horford,201143,-11,34.0,0.0,2.0,0.0
2022-23,Al Horford,201143,-9,31.5,6.0,3.0,0.375
2022-23,Al Horford,201143,-8,34.0,11.0,6.0,0.333
2022-23,Al Horford,201143,-7,29.0,7.0,3.5,0.3165
2022-23,Al Horford,201143,-5,34.0,11.0,2.5,0.595
2022-23,Al Horford,201143,-3,33.0,8.0,3.0,0.541
2022-23,Al Horford,201143,-2,32.0,16.5,0.5,0.5855
2022-23,Al Horford,201143,-1,28.5,10.0,3.0,0.423
2022-23,Al Horford,201143,0,28.5,7.5,4.0,0.479
2022-23,Al Horford,201143,2,30.0,4.333333333333333,2.3333333333333335,0.29533333333333334
2022-23,Al Horford,201143,3,32.0,17.0,4.0,0.65
2022-23,Al Horford,201143,4,32.0,9.0,3.0,0.429
2022-23,Al Horford,201143,5,30.25,10.25,5.0,0.53075
2022-23,Al Horford,201143,6,27.0,10.0,3.0,0.4015
2022-23,Al Horford,201143,7,37.0,15.5,3.5,0.519
2022-23,Al Horford,201143,8,23.0,7.0,2.0,0.393
2022-23,Al Horford,201143,9,23.0,5.0,1.0,0.286
2022-23,Al Horford,201143,10,28.5,9.5,1.5,0.4095
2022-23,Al Horford,201143,11,35.0,16.333333333333332,3.0,0.5459999999999999
2022-23,Al Horford,201143,14,33.0,3.0,2.0,0.2
2022-23,Al Horford,201143,15,29.5,10.0,4.0,0.4555
2022-23,Al Horford,201143,16,30.0,8.5,4.0,0.5
2022-23,Al Horford,201143,17,30.6,13.4,3.2,0.825
2022-23,Al Horford,201143,18,32.0,3.0,3.0,0.167
2022-23,Al Horford,201143,19,36.0,17.0,2.0,0.429
2022-23,Al Horford,201143,20,22.0,6.0,4.0,0.333
2022-23,Al Horford,201143,23,27.0,7.0,4.0,0.5
2022-23,Al Horford,201143,25,27.0,11.0,0.0,0.667
2022-23,Al Horford,201143,30,22.0,14.0,3.0,0.625
2022-23,Al Horford,201143,37,24.0,9.0,3.0,0.5
2022-23,Alec Burks,202692,-15,20.0,7.0,1.0,0.333
2022-23,Alec Burks,202692,-14,22.0,12.0,4.0,0.667
2022-23,Alec Burks,202692,-13,23.0,10.0,1.5,0.3875
2022-23,Alec Burks,202692,-11,23.0,14.5,2.5,0.2905
2022-23,Alec Burks,202692,-10,20.0,6.0,3.0,0.125
2022-23,Alec Burks,202692,-9,20.0,16.0,0.0,0.385
2022-23,Alec Burks,202692,-8,24.5,18.0,1.5,0.49650000000000005
2022-23,Alec Burks,202692,-7,21.0,14.0,2.0,0.625
2022-23,Alec Burks,202692,-5,27.0,21.0,2.0,0.5
2022-23,Alec Burks,202692,-3,25.5,15.5,1.5,0.4
2022-23,Alec Burks,202692,-1,25.0,13.0,3.5,0.5765
2022-23,Alec Burks,202692,0,26.5,15.25,2.75,0.47100000000000003
2022-23,Alec Burks,202692,2,23.0,11.0,3.0,0.5
2022-23,Alec Burks,202692,7,24.0,7.0,0.0,0.5
2022-23,Alec Burks,202692,8,22.0,22.0,2.5,0.569
2022-23,Alec Burks,202692,9,28.0,14.0,5.0,0.273
2022-23,Alec Burks,202692,12,30.0,32.0,4.0,0.909
2022-23,Alec Burks,202692,13,26.666666666666668,21.333333333333332,2.3333333333333335,0.5836666666666667
2022-23,Alec Burks,202692,14,21.0,18.0,2.0,0.462
2022-23,Alec Burks,202692,15,20.0,13.0,5.0,0.571
2022-23,Alec Burks,202692,23,28.0,13.0,2.0,0.308
2022-23,Aleksej Pokusevski,1630197,-21,24.0,4.0,3.0,0.333
2022-23,Aleksej Pokusevski,1630197,-15,24.0,9.0,3.0,0.375
2022-23,Aleksej Pokusevski,1630197,-14,23.0,8.0,3.0,0.333
2022-23,Aleksej Pokusevski,1630197,-13,31.0,15.0,2.0,0.462
2022-23,Aleksej Pokusevski,1630197,-12,21.0,10.0,4.0,0.571
2022-23,Aleksej Pokusevski,1630197,-11,33.0,11.5,1.5,0.43900000000000006
2022-23,Aleksej Pokusevski,1630197,-9,21.0,0.0,2.0,0.0
2022-23,Aleksej Pokusevski,1630197,-6,29.0,14.0,2.5,0.518
2022-23,Aleksej Pokusevski,1630197,-4,23.0,10.333333333333334,2.0,0.4703333333333333
2022-23,Aleksej Pokusevski,1630197,2,26.0,15.0,3.0,0.545
2022-23,Aleksej Pokusevski,1630197,3,22.0,9.0,4.0,0.3
2022-23,Aleksej Pokusevski,1630197,5,31.666666666666668,14.333333333333334,3.6666666666666665,0.43733333333333335
2022-23,Aleksej Pokusevski,1630197,10,22.0,14.0,0.0,0.6
2022-23,Aleksej Pokusevski,1630197,22,31.0,16.0,1.0,0.538
2022-23,Alex Caruso,1627936,-23,25.0,9.0,4.0,0.429
2022-23,Alex Caruso,1627936,-17,27.0,2.0,6.0,0.25
2022-23,Alex Caruso,1627936,-16,27.0,6.0,2.0,0.273
2022-23,Alex Caruso,1627936,-15,32.0,4.0,5.0,1.0
2022-23,Alex Caruso,1627936,-14,22.0,5.0,3.0,0.667
2022-23,Alex Caruso,1627936,-13,26.5,4.5,1.5,0.2
2022-23,Alex Caruso,1627936,-12,21.0,7.0,1.5,0.2855
2022-23,Alex Caruso,1627936,-11,23.0,3.0,4.0,0.2
2022-23,Alex Caruso,1627936,-8,26.0,4.0,3.6666666666666665,0.35000000000000003
2022-23,Alex Caruso,1627936,-6,32.0,11.0,5.0,0.667
2022-23,Alex Caruso,1627936,-4,27.0,6.666666666666667,2.3333333333333335,0.3713333333333333
2022-23,Alex Caruso,1627936,-2,26.5,3.5,2.5,0.3
2022-23,Alex Caruso,1627936,-1,22.0,4.0,1.0,0.286
2022-23,Alex Caruso,1627936,1,25.5,7.0,2.75,0.48750000000000004
2022-23,Alex Caruso,1627936,4,29.0,5.0,3.0,0.4
2022-23,Alex Caruso,1627936,5,22.0,10.0,3.0,1.0
2022-23,Alex Caruso,1627936,6,24.0,9.0,3.0,0.4855
2022-23,Alex Caruso,1627936,7,25.666666666666668,8.0,3.6666666666666665,0.7166666666666667
2022-23,Alex Caruso,1627936,9,26.0,4.0,2.25,0.32075
2022-23,Alex Caruso,1627936,10,28.0,8.5,1.0,0.47800000000000004
2022-23,Alex Caruso,1627936,11,25.25,4.75,3.0,0.354
2022-23,Alex Caruso,1627936,12,24.0,6.0,3.0,0.667
2022-23,Alex Caruso,1627936,14,27.0,0.0,3.0,0.0
2022-23,Alex Caruso,1627936,15,32.0,4.0,11.0,0.091
2022-23,Alex Caruso,1627936,16,23.5,7.0,4.0,0.5355
2022-23,Alex Caruso,1627936,17,32.0,5.0,9.0,0.5
2022-23,Alex Caruso,1627936,18,23.0,8.0,3.0,0.75
2022-23,Alex Caruso,1627936,19,20.0,7.0,3.0,1.0
2022-23,Alex Caruso,1627936,20,24.0,5.0,2.0,0.667
2022-23,Alex Caruso,1627936,24,30.0,12.0,7.0,0.4
2022-23,Alperen Sengun,1630578,-36,29.0,7.0,8.0,0.333
2022-23,Alperen Sengun,1630578,-24,24.0,11.5,1.0,0.6115
2022-23,Alperen Sengun,1630578,-20,21.0,8.0,2.0,0.333
2022-23,Alperen Sengun,1630578,-19,23.0,13.0,2.0,0.714
2022-23,Alperen Sengun,1630578,-18,25.0,7.0,2.0,0.5
2022-23,Alperen Sengun,1630578,-16,23.0,22.0,3.0,0.8
2022-23,Alperen Sengun,1630578,-15,33.0,21.0,2.0,0.625
2022-23,Alperen Sengun,1630578,-14,24.0,17.0,5.0,0.5
2022-23,Alperen Sengun,1630578,-13,31.5,21.5,1.5,0.62
2022-23,Alperen Sengun,1630578,-12,27.0,13.333333333333334,2.0,0.445
2022-23,Alperen Sengun,1630578,-11,29.75,15.5,3.25,0.5785
2022-23,Alperen Sengun,1630578,-10,24.5,5.0,6.0,0.278
2022-23,Alperen Sengun,1630578,-9,36.0,15.0,7.0,0.4
2022-23,Alperen Sengun,1630578,-8,25.333333333333332,12.333333333333334,2.0,0.48133333333333334
2022-23,Alperen Sengun,1630578,-7,28.5,12.5,3.0,0.6665
2022-23,Alperen Sengun,1630578,-6,29.333333333333332,21.0,4.0,0.6543333333333333
2022-23,Alperen Sengun,1630578,-5,35.666666666666664,16.333333333333332,4.333333333333333,0.621
2022-23,Alperen Sengun,1630578,-4,25.0,14.0,3.0,0.5703333333333334
2022-23,Alperen Sengun,1630578,-3,29.142857142857142,12.857142857142858,5.857142857142857,0.4764285714285714
2022-23,Alperen Sengun,1630578,-2,29.666666666666668,11.666666666666666,5.333333333333333,0.4583333333333333
2022-23,Alperen Sengun,1630578,-1,30.5,18.0,2.5,0.55
2022-23,Alperen Sengun,1630578,0,26.75,12.5,4.0,0.58675
2022-23,Alperen Sengun,1630578,2,31.25,16.75,3.25,0.499
2022-23,Alperen Sengun,1630578,3,36.0,21.0,10.0,0.625
2022-23,Alperen Sengun,1630578,4,28.0,11.0,4.0,0.308
2022-23,Alperen Sengun,1630578,5,29.333333333333332,18.333333333333332,4.0,0.6303333333333333
2022-23,Alperen Sengun,1630578,6,29.0,20.0,4.0,0.429
2022-23,Alperen Sengun,1630578,8,34.0,14.5,4.0,0.5555
2022-23,Alperen Sengun,1630578,10,27.0,16.0,4.0,0.667
2022-23,Alperen Sengun,1630578,12,26.0,19.0,7.0,0.667
2022-23,Alperen Sengun,1630578,13,30.5,19.0,4.0,0.703
2022-23,Alperen Sengun,1630578,15,34.5,15.0,5.5,0.45
2022-23,Alperen Sengun,1630578,17,34.0,21.0,7.0,0.588
2022-23,Alperen Sengun,1630578,22,26.0,15.0,3.0,0.667
2022-23,Alperen Sengun,1630578,24,32.0,25.0,6.0,0.833
2022-23,Amir Coffey,1629599,-21,37.0,18.0,2.0,0.385
2022-23,Amir Coffey,1629599,-20,33.0,3.0,1.0,0.2
2022-23,Amir Coffey,1629599,-17,24.0,8.0,3.0,0.429
2022-23,Amir Coffey,1629599,-13,24.0,7.0,2.0,0.286
2022-23,Amir Coffey,1629599,-11,38.0,11.0,1.0,0.444
2022-23,Amir Coffey,1629599,-7,24.0,9.0,3.0,0.5
2022-23,Amir Coffey,1629599,-5,35.0,13.0,7.0,0.714
2022-23,Amir Coffey,1629599,-2,29.0,10.0,1.0,0.625
2022-23,Amir Coffey,1629599,3,20.0,10.0,1.0,0.5
2022-23,Amir Coffey,1629599,7,28.0,8.0,5.0,0.375
2022-23,Amir Coffey,1629599,13,26.0,8.0,2.0,0.2
2022-23,Amir Coffey,1629599,14,21.0,8.0,0.0,0.429
2022-23,Andre Drummond,203083,-10,20.0,6.0,0.0,0.429
2022-23,Andre Drummond,203083,-8,21.0,13.0,1.0,0.625
2022-23,Andre Drummond,203083,13,22.0,17.0,2.0,0.667
2022-23,Andre Drummond,203083,30,20.0,21.0,1.0,1.0
2022-23,Andrew Nembhard,1629614,-28,31.0,12.0,9.0,0.385
2022-23,Andrew Nembhard,1629614,-24,23.0,7.0,7.0,0.222
2022-23,Andrew Nembhard,1629614,-23,25.5,4.0,4.5,0.3835
2022-23,Andrew Nembhard,1629614,-21,36.0,22.0,2.0,0.643
2022-23,Andrew Nembhard,1629614,-19,31.0,7.0,3.0,0.3
2022-23,Andrew Nembhard,1629614,-18,26.0,6.0,4.0,0.429
2022-23,Andrew Nembhard,1629614,-16,29.0,15.5,7.5,0.4335
2022-23,Andrew Nembhard,1629614,-15,30.666666666666668,11.666666666666666,5.666666666666667,0.3373333333333333
2022-23,Andrew Nembhard,1629614,-13,24.0,5.0,6.0,0.2
2022-23,Andrew Nembhard,1629614,-12,28.0,8.0,4.0,0.5
2022-23,Andrew Nembhard,1629614,-11,33.5,10.0,9.5,0.36650000000000005
2022-23,Andrew Nembhard,1629614,-10,27.5,12.5,8.0,0.42200000000000004
2022-23,Andrew Nembhard,1629614,-9,27.0,6.0,7.0,0.5
2022-23,Andrew Nembhard,1629614,-8,24.5,14.5,3.5,0.488
2022-23,Andrew Nembhard,1629614,-7,28.0,5.0,2.6666666666666665,0.6890000000000001
2022-23,Andrew Nembhard,1629614,-5,29.0,6.25,5.0,0.3045
2022-23,Andrew Nembhard,1629614,-4,26.0,0.0,10.0,0.0
2022-23,Andrew Nembhard,1629614,-3,30.0,10.5,6.0,0.519
2022-23,Andrew Nembhard,1629614,-2,29.0,11.666666666666666,5.333333333333333,0.37766666666666665
2022-23,Andrew Nembhard,1629614,-1,34.0,10.0,3.0,0.364
2022-23,Andrew Nembhard,1629614,0,27.333333333333332,8.666666666666666,3.3333333333333335,0.375
2022-23,Andrew Nembhard,1629614,1,29.0,15.5,2.5,0.47750000000000004
2022-23,Andrew Nembhard,1629614,2,31.0,11.333333333333334,4.0,0.37166666666666665
2022-23,Andrew Nembhard,1629614,3,35.0,9.0,1.0,0.571
2022-23,Andrew Nembhard,1629614,4,34.0,8.0,5.0,0.444
2022-23,Andrew Nembhard,1629614,5,29.4,9.6,3.6,0.545
2022-23,Andrew Nembhard,1629614,6,29.0,14.5,3.0,0.7010000000000001
2022-23,Andrew Nembhard,1629614,7,25.666666666666668,5.333333333333333,4.0,0.4426666666666667
2022-23,Andrew Nembhard,1629614,8,35.0,25.0,10.0,0.647
2022-23,Andrew Nembhard,1629614,10,29.5,7.5,6.0,0.479
2022-23,Andrew Nembhard,1629614,11,30.0,14.0,3.0,0.417
2022-23,Andrew Nembhard,1629614,13,27.0,4.0,6.0,0.25
2022-23,Andrew Nembhard,1629614,14,34.0,9.0,5.0,0.4
2022-23,Andrew Nembhard,1629614,16,41.0,31.0,13.0,0.619
2022-23,Andrew Nembhard,1629614,20,21.0,13.0,0.0,0.833
2022-23,Andrew Nembhard,1629614,25,31.0,19.0,4.0,0.636
2022-23,Andrew Wiggins,203952,-25,28.0,13.0,2.0,0.3395
2022-23,Andrew Wiggins,203952,-23,27.0,10.0,2.0,0.364
2022-23,Andrew Wiggins,203952,-15,31.0,18.0,2.0,0.4345
2022-23,Andrew Wiggins,203952,-13,31.0,11.5,1.5,0.3345
2022-23,Andrew Wiggins,203952,-12,31.0,14.0,4.0,0.4
2022-23,Andrew Wiggins,203952,-8,35.0,16.0,3.0,0.538
2022-23,Andrew Wiggins,203952,-7,39.0,20.0,3.0,0.333
2022-23,Andrew Wiggins,203952,-4,27.0,7.5,2.0,0.265
2022-23,Andrew Wiggins,203952,-3,38.0,15.0,2.0,0.4615
2022-23,Andrew Wiggins,203952,-2,36.0,18.0,4.0,0.5
2022-23,Andrew Wiggins,203952,3,31.0,13.5,2.0,0.4425
2022-23,Andrew Wiggins,203952,6,28.0,9.0,1.0,0.667
2022-23,Andrew Wiggins,203952,7,37.0,23.0,3.0,0.471
2022-23,Andrew Wiggins,203952,8,35.0,21.5,2.5,0.5835
2022-23,Andrew Wiggins,203952,10,32.0,15.0,1.0,0.538
2022-23,Andrew Wiggins,203952,11,32.0,16.0,3.0,0.45
2022-23,Andrew Wiggins,203952,13,23.0,10.0,1.0,0.4
2022-23,Andrew Wiggins,203952,14,31.0,20.5,1.5,0.5545
2022-23,Andrew Wiggins,203952,16,40.0,25.0,2.0,0.588
2022-23,Andrew Wiggins,203952,17,36.0,18.0,2.0,0.5
2022-23,Andrew Wiggins,203952,18,27.0,16.0,2.0,0.412
2022-23,Andrew Wiggins,203952,20,30.0,20.0,2.0,0.533
2022-23,Andrew Wiggins,203952,21,38.0,29.0,4.0,0.545
2022-23,Andrew Wiggins,203952,25,30.0,19.0,4.0,0.552
2022-23,Andrew Wiggins,203952,28,32.0,31.0,2.0,0.667
2022-23,Andrew Wiggins,203952,34,33.0,36.0,2.0,0.737
2022-23,Anfernee Simons,1629014,-21,23.0,7.0,3.0,0.3
2022-23,Anfernee Simons,1629014,-19,29.0,24.0,2.0,0.4
2022-23,Anfernee Simons,1629014,-17,24.0,17.0,4.0,0.467
2022-23,Anfernee Simons,1629014,-16,36.5,18.0,5.5,0.393
2022-23,Anfernee Simons,1629014,-15,32.666666666666664,14.666666666666666,2.3333333333333335,0.5
2022-23,Anfernee Simons,1629014,-14,31.0,14.0,4.5,0.307
2022-23,Anfernee Simons,1629014,-13,42.0,22.0,2.0,0.429
2022-23,Anfernee Simons,1629014,-11,37.666666666666664,16.666666666666668,3.3333333333333335,0.341
2022-23,Anfernee Simons,1629014,-10,34.8,22.6,5.0,0.5044000000000001
2022-23,Anfernee Simons,1629014,-9,35.0,22.0,2.0,0.381
2022-23,Anfernee Simons,1629014,-8,35.0,16.5,6.0,0.45199999999999996
2022-23,Anfernee Simons,1629014,-7,33.0,19.0,6.0,0.389
2022-23,Anfernee Simons,1629014,-6,37.0,19.333333333333332,3.6666666666666665,0.4073333333333333
2022-23,Anfernee Simons,1629014,-4,31.5,20.5,2.5,0.382
2022-23,Anfernee Simons,1629014,-3,29.0,34.0,2.0,0.591
2022-23,Anfernee Simons,1629014,-2,32.0,21.0,7.0,0.667
2022-23,Anfernee Simons,1629014,-1,35.5,20.333333333333332,3.6666666666666665,0.4203333333333334
2022-23,Anfernee Simons,1629014,1,38.0,20.0,6.0,0.333
2022-23,Anfernee Simons,1629014,2,35.333333333333336,13.333333333333334,3.0,0.3173333333333333
2022-23,Anfernee Simons,1629014,4,36.0,20.0,1.5,0.375
2022-23,Anfernee Simons,1629014,5,39.666666666666664,33.333333333333336,4.666666666666667,0.5086666666666667
2022-23,Anfernee Simons,1629014,7,35.0,23.0,7.0,0.368
2022-23,Anfernee Simons,1629014,8,33.0,18.0,5.333333333333333,0.43933333333333335
2022-23,Anfernee Simons,1629014,11,32.25,23.0,4.25,0.49324999999999997
2022-23,Anfernee Simons,1629014,12,33.0,32.0,2.0,0.524
2022-23,Anfernee Simons,1629014,13,36.0,23.0,6.0,0.278
2022-23,Anfernee Simons,1629014,14,35.0,29.0,5.0,0.647
2022-23,Anfernee Simons,1629014,16,46.0,38.0,5.0,0.52
2022-23,Anfernee Simons,1629014,17,33.0,26.5,3.5,0.6054999999999999
2022-23,Anfernee Simons,1629014,18,33.0,25.5,6.0,0.5
2022-23,Anfernee Simons,1629014,22,33.0,20.0,4.0,0.438
2022-23,Anthony Davis,203076,-22,36.0,22.0,5.0,0.579
2022-23,Anthony Davis,203076,-21,35.0,27.0,0.0,0.455
2022-23,Anthony Davis,203076,-16,33.0,16.0,4.0,0.4
2022-23,Anthony Davis,203076,-11,32.0,8.0,3.0,0.571
2022-23,Anthony Davis,203076,-10,33.0,20.0,2.0,0.5035
2022-23,Anthony Davis,203076,-9,32.0,28.5,1.0,0.5425
2022-23,Anthony Davis,203076,-8,37.333333333333336,32.333333333333336,2.3333333333333335,0.5386666666666667
2022-23,Anthony Davis,203076,-7,33.666666666666664,22.0,3.0,0.48766666666666664
2022-23,Anthony Davis,203076,-6,34.0,31.0,2.0,0.481
2022-23,Anthony Davis,203076,-4,30.0,13.0,2.0,0.667
2022-23,Anthony Davis,203076,-3,36.0,26.0,1.5,0.5235000000000001
2022-23,Anthony Davis,203076,-1,36.0,25.0,6.0,0.6
2022-23,Anthony Davis,203076,0,38.0,34.0,3.0,0.52
2022-23,Anthony Davis,203076,1,36.0,26.0,3.0,0.643
2022-23,Anthony Davis,203076,2,30.0,40.0,1.0,0.75
2022-23,Anthony Davis,203076,3,36.0,22.0,3.0,0.529
2022-23,Anthony Davis,203076,4,38.0,29.5,4.0,0.5315
2022-23,Anthony Davis,203076,5,32.75,29.75,1.25,0.60175
2022-23,Anthony Davis,203076,7,35.0,24.5,6.0,0.7085
2022-23,Anthony Davis,203076,8,31.5,24.5,1.0,0.49325
2022-23,Anthony Davis,203076,9,35.333333333333336,18.0,3.6666666666666665,0.4716666666666667
2022-23,Anthony Davis,203076,10,33.0,16.0,3.0,0.467
2022-23,Anthony Davis,203076,13,38.0,27.0,5.0,0.556
2022-23,Anthony Davis,203076,15,34.5,30.0,2.0,0.5780000000000001
2022-23,Anthony Davis,203076,16,36.2,30.2,2.6,0.6548
2022-23,Anthony Davis,203076,17,35.666666666666664,36.0,3.6666666666666665,0.542
2022-23,Anthony Davis,203076,18,31.5,31.5,3.0,0.688
2022-23,Anthony Davis,203076,24,35.0,30.0,3.0,0.647
2022-23,Anthony Davis,203076,34,27.0,30.0,2.0,0.632
2022-23,Anthony Edwards,1630162,-29,35.0,26.0,4.0,0.412
2022-23,Anthony Edwards,1630162,-25,34.5,23.0,2.5,0.4245
2022-23,Anthony Edwards,1630162,-22,39.0,30.0,4.0,0.52
2022-23,Anthony Edwards,1630162,-18,38.0,17.0,5.0,0.421
2022-23,Anthony Edwards,1630162,-16,37.0,24.0,3.0,0.526
2022-23,Anthony Edwards,1630162,-15,35.0,31.5,3.0,0.475
2022-23,Anthony Edwards,1630162,-14,35.0,9.0,2.0,0.2
2022-23,Anthony Edwards,1630162,-12,32.0,19.666666666666668,2.3333333333333335,0.47633333333333333
2022-23,Anthony Edwards,1630162,-11,35.666666666666664,20.666666666666668,3.0,0.4443333333333333
2022-23,Anthony Edwards,1630162,-10,37.0,19.0,5.0,0.333
2022-23,Anthony Edwards,1630162,-9,39.0,27.0,5.0,0.385
2022-23,Anthony Edwards,1630162,-8,39.0,31.0,6.0,0.591
2022-23,Anthony Edwards,1630162,-7,38.0,11.0,3.0,0.25
2022-23,Anthony Edwards,1630162,-6,38.0,26.666666666666668,2.0,0.434
2022-23,Anthony Edwards,1630162,-5,37.0,28.0,5.0,0.4703333333333333
2022-23,Anthony Edwards,1630162,-4,39.25,28.5,3.75,0.44675
2022-23,Anthony Edwards,1630162,-3,37.666666666666664,23.333333333333332,5.333333333333333,0.44533333333333336
2022-23,Anthony Edwards,1630162,-2,35.0,20.0,5.5,0.36650000000000005
2022-23,Anthony Edwards,1630162,-1,30.5,28.5,6.0,0.472
2022-23,Anthony Edwards,1630162,0,39.0,25.666666666666668,6.0,0.539
2022-23,Anthony Edwards,1630162,1,38.0,12.0,7.0,0.263
2022-23,Anthony Edwards,1630162,2,36.25,26.25,4.25,0.4435
2022-23,Anthony Edwards,1630162,4,36.5,24.0,2.0,0.469
2022-23,Anthony Edwards,1630162,5,37.5,27.0,5.5,0.47750000000000004
2022-23,Anthony Edwards,1630162,6,38.0,17.0,7.0,0.4
2022-23,Anthony Edwards,1630162,7,35.5,25.5,5.5,0.516
2022-23,Anthony Edwards,1630162,8,34.0,20.333333333333332,4.333333333333333,0.3303333333333333
2022-23,Anthony Edwards,1630162,9,35.0,32.0,1.0,0.545
2022-23,Anthony Edwards,1630162,10,35.5,22.0,4.5,0.5
2022-23,Anthony Edwards,1630162,11,34.0,14.0,2.0,0.214
2022-23,Anthony Edwards,1630162,12,37.0,21.0,5.5,0.4315
2022-23,Anthony Edwards,1630162,13,33.5,27.25,4.0,0.43925
2022-23,Anthony Edwards,1630162,14,40.0,44.0,4.0,0.586
2022-23,Anthony Edwards,1630162,15,30.5,35.0,7.0,0.531
2022-23,Anthony Edwards,1630162,16,37.5,34.0,7.5,0.619
2022-23,Anthony Edwards,1630162,18,22.0,5.0,5.0,0.286
2022-23,Anthony Edwards,1630162,19,33.0,31.0,8.0,0.481
2022-23,Anthony Edwards,1630162,20,34.5,23.0,6.0,0.4355
2022-23,Anthony Edwards,1630162,22,33.0,30.0,3.0,0.684
2022-23,Anthony Edwards,1630162,23,35.0,32.0,5.0,0.48
2022-23,Anthony Edwards,1630162,29,38.0,35.0,6.0,0.6
2022-23,Anthony Gill,1630264,-17,21.0,8.0,1.0,0.5
2022-23,Anthony Gill,1630264,-16,28.0,8.0,0.0,0.667
2022-23,Anthony Gill,1630264,-3,22.0,18.0,1.0,0.636
2022-23,Anthony Gill,1630264,-1,20.0,8.0,2.0,0.375
2022-23,Anthony Gill,1630264,0,20.0,6.0,1.0,0.5
2022-23,Anthony Gill,1630264,7,25.0,11.0,2.0,0.5
2022-23,Anthony Lamb,1630237,-31,34.0,2.0,5.0,0.2
2022-23,Anthony Lamb,1630237,-18,29.0,6.0,4.0,0.4
2022-23,Anthony Lamb,1630237,-11,21.0,8.0,1.0,0.571
2022-23,Anthony Lamb,1630237,-9,21.0,9.0,1.0,0.429
2022-23,Anthony Lamb,1630237,-7,23.0,14.0,2.0,0.8
2022-23,Anthony Lamb,1630237,-4,28.5,13.0,4.0,0.225
2022-23,Anthony Lamb,1630237,-3,24.0,7.0,1.0,0.429
2022-23,Anthony Lamb,1630237,-1,25.0,10.0,3.0,0.375
2022-23,Anthony Lamb,1630237,0,24.0,12.0,0.0,0.5
2022-23,Anthony Lamb,1630237,1,32.0,17.0,4.0,0.583
2022-23,Anthony Lamb,1630237,2,27.0,17.0,2.0,0.667
2022-23,Anthony Lamb,1630237,3,25.0,8.0,3.0,0.6
2022-23,Anthony Lamb,1630237,5,36.0,16.0,2.0,0.667
2022-23,Anthony Lamb,1630237,6,23.5,8.5,1.5,0.5854999999999999
2022-23,Anthony Lamb,1630237,9,23.0,6.5,0.5,0.2715
2022-23,Anthony Lamb,1630237,12,28.0,4.0,4.0,0.333
2022-23,Anthony Lamb,1630237,14,22.5,6.5,2.5,0.5415
2022-23,Anthony Lamb,1630237,17,24.5,4.0,1.5,0.30000000000000004
2022-23,Anthony Lamb,1630237,18,24.0,13.0,2.0,0.714
2022-23,Anthony Lamb,1630237,26,24.0,17.0,4.0,0.857
2022-23,Anthony Lamb,1630237,36,24.0,10.0,1.0,0.8
2022-23,Austin Reaves,1630559,-25,25.0,10.0,2.0,0.6
2022-23,Austin Reaves,1630559,-23,26.0,8.0,1.0,0.6
2022-23,Austin Reaves,1630559,-20,25.0,8.0,0.0,0.333
2022-23,Austin Reaves,1630559,-17,27.0,17.0,7.0,0.625
2022-23,Austin Reaves,1630559,-15,28.0,16.0,0.0,0.714
2022-23,Austin Reaves,1630559,-14,29.0,11.0,1.0,0.333
2022-23,Austin Reaves,1630559,-12,25.0,1.0,0.0,0.0
2022-23,Austin Reaves,1630559,-11,33.0,10.0,4.0,0.422
2022-23,Austin Reaves,1630559,-10,24.0,7.5,3.0,0.361
2022-23,Austin Reaves,1630559,-6,25.0,5.0,1.0,0.077
2022-23,Austin Reaves,1630559,-4,28.333333333333332,11.666666666666666,2.6666666666666665,0.7000000000000001
2022-23,Austin Reaves,1630559,-3,24.5,16.0,4.0,0.8335
2022-23,Austin Reaves,1630559,-2,31.5,12.5,4.5,0.7
2022-23,Austin Reaves,1630559,-1,23.0,11.5,2.5,0.5680000000000001
2022-23,Austin Reaves,1630559,0,21.0,4.0,2.0,0.5
2022-23,Austin Reaves,1630559,1,30.5,16.0,4.0,0.3645
2022-23,Austin Reaves,1630559,2,33.0,19.0,1.0,0.583
2022-23,Austin Reaves,1630559,3,28.0,13.25,1.75,0.58925
2022-23,Austin Reaves,1630559,4,38.0,11.0,9.0,0.25
2022-23,Austin Reaves,1630559,6,26.5,14.0,4.0,0.607
2022-23,Austin Reaves,1630559,8,30.5,8.0,4.0,0.5665
2022-23,Austin Reaves,1630559,9,30.0,20.0,2.0,0.545
2022-23,Austin Reaves,1630559,10,35.666666666666664,22.0,3.6666666666666665,0.6466666666666666
2022-23,Austin Reaves,1630559,11,29.5,16.5,7.5,0.509
2022-23,Austin Reaves,1630559,12,26.0,8.0,5.0,0.429
2022-23,Austin Reaves,1630559,14,33.0,15.5,4.0,0.5345
2022-23,Austin Reaves,1630559,15,30.6,11.8,3.4,0.5038
2022-23,Austin Reaves,1630559,17,32.0,7.0,2.0,0.5
2022-23,Austin Reaves,1630559,18,34.5,23.5,8.0,0.6459999999999999
2022-23,Austin Reaves,1630559,19,27.0,21.0,3.0,0.636
2022-23,Austin Reaves,1630559,20,32.5,13.5,4.5,0.6125
2022-23,Austin Reaves,1630559,25,30.0,35.0,6.0,0.643
2022-23,Austin Reaves,1630559,26,30.5,17.0,2.5,0.5780000000000001
2022-23,Austin Reaves,1630559,28,28.0,19.0,5.0,0.875
2022-23,Austin Rivers,203085,-25,24.0,4.0,2.0,0.4
2022-23,Austin Rivers,203085,-24,28.0,5.0,1.0,0.25
2022-23,Austin Rivers,203085,-23,25.0,2.0,0.0,0.333
2022-23,Austin Rivers,203085,-14,21.0,6.0,0.0,0.25
2022-23,Austin Rivers,203085,-13,21.0,4.5,0.5,0.3335
2022-23,Austin Rivers,203085,-11,23.0,2.0,1.0,0.333
2022-23,Austin Rivers,203085,-10,26.5,5.5,2.0,0.5
2022-23,Austin Rivers,203085,-8,28.0,5.0,2.0,0.143
2022-23,Austin Rivers,203085,-5,20.0,4.0,2.0,0.4
2022-23,Austin Rivers,203085,-4,30.666666666666668,13.0,2.0,0.5619999999999999
2022-23,Austin Rivers,203085,-2,23.0,2.0,0.0,0.167
2022-23,Austin Rivers,203085,-1,25.0,14.0,1.0,0.714
2022-23,Austin Rivers,203085,0,22.0,4.0,0.0,0.5
2022-23,Austin Rivers,203085,2,20.0,2.0,0.0,0.25
2022-23,Austin Rivers,203085,3,25.0,7.0,3.0,0.5
2022-23,Austin Rivers,203085,5,26.0,10.0,3.0,0.5
2022-23,Austin Rivers,203085,6,31.0,14.0,3.0,0.6285000000000001
2022-23,Austin Rivers,203085,8,32.0,10.0,4.0,0.5
2022-23,Austin Rivers,203085,9,20.0,2.0,3.0,0.5
2022-23,Austin Rivers,203085,15,31.5,13.0,3.5,0.6785
2022-23,Austin Rivers,203085,17,27.0,7.0,5.0,0.667
2022-23,Ayo Dosunmu,1630245,-30,38.0,15.0,3.0,0.4
2022-23,Ayo Dosunmu,1630245,-27,29.0,7.0,4.0,0.333
2022-23,Ayo Dosunmu,1630245,-24,27.0,12.0,2.0,0.714
2022-23,Ayo Dosunmu,1630245,-22,23.5,9.0,1.0,0.4165
2022-23,Ayo Dosunmu,1630245,-19,31.0,7.0,2.0,0.333
2022-23,Ayo Dosunmu,1630245,-18,23.0,2.0,2.0,0.0
2022-23,Ayo Dosunmu,1630245,-17,35.0,7.0,1.0,0.273
2022-23,Ayo Dosunmu,1630245,-15,24.0,8.0,2.5,0.548
2022-23,Ayo Dosunmu,1630245,-11,42.0,15.0,5.0,0.5
2022-23,Ayo Dosunmu,1630245,-9,32.0,11.0,5.0,0.5
2022-23,Ayo Dosunmu,1630245,-8,27.0,4.0,1.0,0.4
2022-23,Ayo Dosunmu,1630245,-7,29.5,13.0,3.0,0.5885
2022-23,Ayo Dosunmu,1630245,-6,28.0,6.0,1.0,0.5
2022-23,Ayo Dosunmu,1630245,-5,24.666666666666668,8.0,2.6666666666666665,0.4406666666666667
2022-23,Ayo Dosunmu,1630245,-4,30.5,6.75,3.5,0.39175000000000004
2022-23,Ayo Dosunmu,1630245,-3,27.0,10.0,3.0,0.589
2022-23,Ayo Dosunmu,1630245,-2,25.0,7.0,4.0,0.429
2022-23,Ayo Dosunmu,1630245,-1,25.666666666666668,9.333333333333334,4.0,0.648
2022-23,Ayo Dosunmu,1630245,2,29.5,14.0,5.0,0.7
2022-23,Ayo Dosunmu,1630245,4,26.666666666666668,8.666666666666666,3.3333333333333335,0.4333333333333333
2022-23,Ayo Dosunmu,1630245,5,28.333333333333332,12.0,1.3333333333333333,0.5916666666666667
2022-23,Ayo Dosunmu,1630245,7,28.0,2.0,5.0,0.25
2022-23,Ayo Dosunmu,1630245,8,35.5,14.5,3.0,0.4645
2022-23,Ayo Dosunmu,1630245,9,28.0,11.0,4.0,0.6665
2022-23,Ayo Dosunmu,1630245,10,28.0,14.0,2.0,0.561
2022-23,Ayo Dosunmu,1630245,11,30.5,6.0,3.5,0.278
2022-23,Ayo Dosunmu,1630245,12,33.0,17.0,4.0,0.636
2022-23,Ayo Dosunmu,1630245,13,34.0,9.0,2.0,0.667
2022-23,Ayo Dosunmu,1630245,14,37.0,6.0,2.0,0.286
2022-23,Ayo Dosunmu,1630245,15,34.0,12.5,2.5,0.472
2022-23,Ayo Dosunmu,1630245,16,32.5,11.5,3.5,0.625
2022-23,Ayo Dosunmu,1630245,17,25.0,13.0,1.0,0.75
2022-23,Ayo Dosunmu,1630245,18,23.0,2.0,4.0,0.25
2022-23,Ayo Dosunmu,1630245,20,24.5,8.0,2.5,0.3875
2022-23,Bam Adebayo,1628389,-25,28.0,10.0,2.0,0.333
2022-23,Bam Adebayo,1628389,-24,34.0,16.0,2.0,0.571
2022-23,Bam Adebayo,1628389,-20,26.0,21.0,3.0,0.5
2022-23,Bam Adebayo,1628389,-18,31.666666666666668,21.0,3.6666666666666665,0.5903333333333333
2022-23,Bam Adebayo,1628389,-17,33.0,22.0,4.0,0.5705
2022-23,Bam Adebayo,1628389,-15,32.0,13.0,3.0,0.381
2022-23,Bam Adebayo,1628389,-14,33.0,15.0,3.0,0.385
2022-23,Bam Adebayo,1628389,-12,35.5,23.5,1.5,0.6659999999999999
2022-23,Bam Adebayo,1628389,-11,34.0,17.0,5.0,0.389
2022-23,Bam Adebayo,1628389,-10,42.0,14.0,3.0,0.412
2022-23,Bam Adebayo,1628389,-7,32.0,13.0,2.0,0.286
2022-23,Bam Adebayo,1628389,-6,36.0,18.0,3.2,0.45640000000000003
2022-23,Bam Adebayo,1628389,-4,29.0,19.5,1.5,0.578
2022-23,Bam Adebayo,1628389,-2,34.0,18.0,2.0,0.583
2022-23,Bam Adebayo,1628389,-1,36.0,16.0,5.0,0.556
2022-23,Bam Adebayo,1628389,0,37.0,16.666666666666668,5.666666666666667,0.48500000000000004
2022-23,Bam Adebayo,1628389,1,35.0,27.5,2.5,0.54925
2022-23,Bam Adebayo,1628389,2,34.5,26.0,3.75,0.61225
2022-23,Bam Adebayo,1628389,3,34.666666666666664,23.666666666666668,3.0,0.5246666666666667
2022-23,Bam Adebayo,1628389,4,35.75,17.25,4.75,0.515
2022-23,Bam Adebayo,1628389,5,36.0,17.8,3.2,0.5347999999999999
2022-23,Bam Adebayo,1628389,6,35.0,21.6,3.6,0.5234
2022-23,Bam Adebayo,1628389,7,30.5,21.0,2.0,0.5960000000000001
2022-23,Bam Adebayo,1628389,8,34.0,24.0,1.0,0.579
2022-23,Bam Adebayo,1628389,9,38.0,16.5,4.0,0.3925
2022-23,Bam Adebayo,1628389,11,36.0,31.0,1.0,0.632
2022-23,Bam Adebayo,1628389,12,37.5,26.0,3.0,0.5415
2022-23,Bam Adebayo,1628389,13,39.5,22.0,5.0,0.5835
2022-23,Bam Adebayo,1628389,16,32.5,28.0,3.0,0.7829999999999999
2022-23,Bam Adebayo,1628389,17,33.0,19.5,2.5,0.6060000000000001
2022-23,Bam Adebayo,1628389,18,30.0,20.0,2.0,0.474
2022-23,Bam Adebayo,1628389,19,33.0,24.0,4.0,0.611
2022-23,Bam Adebayo,1628389,20,33.5,22.5,4.0,0.6970000000000001
2022-23,Bam Adebayo,1628389,21,33.0,20.0,3.0,0.636
2022-23,Bam Adebayo,1628389,24,39.0,23.0,0.0,0.625
2022-23,Bam Adebayo,1628389,29,35.0,22.0,3.0,0.611
2022-23,Ben Simmons,1627732,-26,23.0,4.0,5.0,0.667
2022-23,Ben Simmons,1627732,-16,28.0,9.5,6.5,0.5569999999999999
2022-23,Ben Simmons,1627732,-11,35.0,9.0,9.0,0.429
2022-23,Ben Simmons,1627732,-9,32.0,11.0,11.0,0.571
2022-23,Ben Simmons,1627732,-6,33.0,6.0,9.0,0.5
2022-23,Ben Simmons,1627732,-5,29.5,13.5,2.5,0.8
2022-23,Ben Simmons,1627732,-4,24.0,10.0,2.0,0.5
2022-23,Ben Simmons,1627732,-3,24.0,7.666666666666667,6.0,0.6880000000000001
2022-23,Ben Simmons,1627732,-2,29.0,7.0,11.0,0.5
2022-23,Ben Simmons,1627732,-1,29.5,2.0,7.0,0.4165
2022-23,Ben Simmons,1627732,0,36.0,6.0,5.0,0.429
2022-23,Ben Simmons,1627732,1,37.0,7.0,5.0,0.429
2022-23,Ben Simmons,1627732,2,34.0,4.0,9.0,0.286
2022-23,Ben Simmons,1627732,3,34.0,10.0,11.0,0.4
2022-23,Ben Simmons,1627732,4,20.0,2.0,4.0,0.5
2022-23,Ben Simmons,1627732,7,26.333333333333332,8.0,6.0,0.5566666666666666
2022-23,Ben Simmons,1627732,8,29.0,4.0,7.0,0.5
2022-23,Ben Simmons,1627732,10,26.0,0.0,13.0,0.0
2022-23,Ben Simmons,1627732,13,32.0,15.0,7.0,1.0
2022-23,Ben Simmons,1627732,15,32.0,14.0,6.0,0.778
2022-23,Ben Simmons,1627732,18,23.0,6.0,4.0,0.5
2022-23,Ben Simmons,1627732,19,34.0,22.0,5.0,0.846
2022-23,Ben Simmons,1627732,21,34.0,4.0,8.0,0.4
2022-23,Ben Simmons,1627732,22,23.0,4.0,9.0,0.4
2022-23,Ben Simmons,1627732,26,28.0,12.0,8.0,0.667
2022-23,Bennedict Mathurin,1631097,-31,32.0,17.0,4.0,0.353
2022-23,Bennedict Mathurin,1631097,-25,25.0,2.0,2.0,0.25
2022-23,Bennedict Mathurin,1631097,-23,25.0,12.0,3.0,0.3
2022-23,Bennedict Mathurin,1631097,-22,31.0,19.0,1.0,0.5
2022-23,Bennedict Mathurin,1631097,-21,28.5,13.5,1.0,0.532
2022-23,Bennedict Mathurin,1631097,-20,23.0,16.0,0.0,0.385
2022-23,Bennedict Mathurin,1631097,-19,26.0,14.5,2.0,0.3945
2022-23,Bennedict Mathurin,1631097,-18,25.0,16.0,3.0,0.324
2022-23,Bennedict Mathurin,1631097,-14,25.0,9.0,0.0,0.364
2022-23,Bennedict Mathurin,1631097,-13,21.5,17.5,1.0,0.451
2022-23,Bennedict Mathurin,1631097,-12,31.0,21.0,0.0,0.5
2022-23,Bennedict Mathurin,1631097,-11,30.333333333333332,18.333333333333332,1.6666666666666667,0.3293333333333333
2022-23,Bennedict Mathurin,1631097,-10,29.0,11.666666666666666,1.3333333333333333,0.48266666666666663
2022-23,Bennedict Mathurin,1631097,-9,33.0,17.333333333333332,0.0,0.474
2022-23,Bennedict Mathurin,1631097,-8,28.5,17.0,1.5,0.4065
2022-23,Bennedict Mathurin,1631097,-7,30.75,17.75,1.75,0.39075
2022-23,Bennedict Mathurin,1631097,-6,23.0,13.5,1.0,0.3885
2022-23,Bennedict Mathurin,1631097,-5,26.5,21.5,2.0,0.475
2022-23,Bennedict Mathurin,1631097,-4,27.333333333333332,11.666666666666666,2.0,0.37233333333333335
2022-23,Bennedict Mathurin,1631097,-3,28.0,17.5,1.0,0.47750000000000004
2022-23,Bennedict Mathurin,1631097,0,30.0,27.0,2.0,0.556
2022-23,Bennedict Mathurin,1631097,1,22.0,13.0,0.0,0.4665
2022-23,Bennedict Mathurin,1631097,2,38.0,26.0,2.0,0.474
2022-23,Bennedict Mathurin,1631097,3,31.333333333333332,16.333333333333332,2.0,0.401
2022-23,Bennedict Mathurin,1631097,4,33.25,21.25,2.5,0.4455
2022-23,Bennedict Mathurin,1631097,5,25.333333333333332,20.333333333333332,0.6666666666666666,0.4506666666666666
2022-23,Bennedict Mathurin,1631097,6,28.5,15.0,0.0,0.425
2022-23,Bennedict Mathurin,1631097,7,31.333333333333332,18.333333333333332,2.3333333333333335,0.424
2022-23,Bennedict Mathurin,1631097,9,30.714285714285715,20.285714285714285,1.5714285714285714,0.42042857142857143
2022-23,Bennedict Mathurin,1631097,11,25.0,18.0,3.0,0.6
2022-23,Bennedict Mathurin,1631097,12,28.5,18.0,2.0,0.472
2022-23,Bennedict Mathurin,1631097,13,32.5,24.0,2.0,0.481
2022-23,Bennedict Mathurin,1631097,18,32.0,18.0,1.0,0.533
2022-23,Bennedict Mathurin,1631097,21,28.0,18.0,1.0,0.47650000000000003
2022-23,Bennedict Mathurin,1631097,34,36.0,24.0,3.0,0.571
2022-23,Bismack Biyombo,202687,-17,21.0,6.0,2.0,1.0
2022-23,Bismack Biyombo,202687,-13,25.0,6.0,2.0,0.75
2022-23,Bismack Biyombo,202687,-5,30.0,12.0,2.0,0.5
2022-23,Bismack Biyombo,202687,-4,21.0,7.0,2.0,1.0
2022-23,Bismack Biyombo,202687,0,23.0,11.0,2.0,0.714
2022-23,Bismack Biyombo,202687,2,24.5,12.0,1.0,0.5835
2022-23,Bismack Biyombo,202687,6,31.0,11.0,0.0,0.833
2022-23,Bismack Biyombo,202687,11,29.0,8.0,1.0,0.8
2022-23,Bismack Biyombo,202687,12,21.0,5.0,0.0,1.0
2022-23,Bismack Biyombo,202687,13,31.0,6.0,4.0,0.5
2022-23,Bismack Biyombo,202687,15,21.0,5.0,3.0,0.333
2022-23,Blake Griffin,201933,-20,20.0,5.0,5.0,0.333
2022-23,Blake Griffin,201933,-3,20.0,13.0,1.0,0.8
2022-23,Blake Griffin,201933,1,21.0,7.0,0.0,0.5
2022-23,Blake Griffin,201933,3,28.0,9.5,3.5,0.5165
2022-23,Blake Griffin,201933,4,23.0,6.0,3.0,0.273
2022-23,Blake Griffin,201933,14,28.0,9.0,1.0,0.4
2022-23,Blake Griffin,201933,15,24.0,15.0,6.0,0.667
2022-23,Blake Griffin,201933,19,21.0,9.0,0.0,0.8
2022-23,Blake Griffin,201933,32,21.0,9.0,1.0,0.5
2022-23,Blake Wesley,1631104,-23,24.0,0.0,2.0,0.0
2022-23,Blake Wesley,1631104,-20,21.5,5.5,1.5,0.36650000000000005
2022-23,Blake Wesley,1631104,-19,21.0,7.0,4.0,0.5
2022-23,Blake Wesley,1631104,-12,30.0,2.0,6.0,0.083
2022-23,Blake Wesley,1631104,-8,27.0,6.0,6.0,0.167
2022-23,Blake Wesley,1631104,-2,22.0,2.0,1.0,0.0
2022-23,Blake Wesley,1631104,1,21.0,7.0,4.666666666666667,0.3333333333333333
2022-23,Blake Wesley,1631104,4,24.0,3.0,2.0,0.2
2022-23,Blake Wesley,1631104,5,27.5,11.5,3.0,0.6335
2022-23,Blake Wesley,1631104,8,32.0,10.0,9.0,0.364
2022-23,Blake Wesley,1631104,9,23.0,11.0,4.0,0.4
2022-23,Bobby Portis,1626171,-30,22.0,19.0,0.0,0.571
2022-23,Bobby Portis,1626171,-25,20.0,12.0,0.0,0.357
2022-23,Bobby Portis,1626171,-23,27.0,15.0,2.0,0.4
2022-23,Bobby Portis,1626171,-16,22.0,19.0,3.0,0.7
2022-23,Bobby Portis,1626171,-15,31.0,18.5,0.5,0.5005
2022-23,Bobby Portis,1626171,-14,27.5,12.0,1.5,0.4275
2022-23,Bobby Portis,1626171,-12,33.0,21.0,3.0,0.692
2022-23,Bobby Portis,1626171,-10,30.0,19.0,2.0,0.375
2022-23,Bobby Portis,1626171,-8,27.5,15.0,2.0,0.34850000000000003
2022-23,Bobby Portis,1626171,-7,31.0,16.0,2.0,0.4
2022-23,Bobby Portis,1626171,-6,23.0,4.0,1.0,0.5
2022-23,Bobby Portis,1626171,-5,28.0,17.0,2.0,0.467
2022-23,Bobby Portis,1626171,-4,24.666666666666668,14.333333333333334,1.0,0.45966666666666667
2022-23,Bobby Portis,1626171,-2,23.0,12.0,0.5,0.5225
2022-23,Bobby Portis,1626171,-1,25.0,15.25,1.5,0.503
2022-23,Bobby Portis,1626171,0,22.5,13.0,1.0,0.5569999999999999
2022-23,Bobby Portis,1626171,2,32.0,25.0,0.0,0.733
2022-23,Bobby Portis,1626171,3,26.5,8.5,1.5,0.3195
2022-23,Bobby Portis,1626171,4,25.0,14.0,4.0,0.6
2022-23,Bobby Portis,1626171,5,28.5,18.75,1.75,0.6225
2022-23,Bobby Portis,1626171,6,28.75,15.25,3.0,0.529
2022-23,Bobby Portis,1626171,7,30.0,22.0,1.0,0.529
2022-23,Bobby Portis,1626171,8,26.0,13.666666666666666,2.0,0.5183333333333333
2022-23,Bobby Portis,1626171,9,26.5,13.5,3.5,0.46900000000000003
2022-23,Bobby Portis,1626171,10,31.25,19.5,1.0,0.5217499999999999
2022-23,Bobby Portis,1626171,11,28.0,8.0,1.0,0.4085
2022-23,Bobby Portis,1626171,12,25.0,15.0,1.5,0.48450000000000004
2022-23,Bobby Portis,1626171,13,24.0,14.0,1.0,0.462
2022-23,Bobby Portis,1626171,15,27.0,15.5,2.5,0.44799999999999995
2022-23,Bobby Portis,1626171,16,27.0,19.333333333333332,2.3333333333333335,0.535
2022-23,Bobby Portis,1626171,18,29.0,10.0,2.0,0.5
2022-23,Bogdan Bogdanovic,203992,-24,29.0,10.0,2.0,0.429
2022-23,Bogdan Bogdanovic,203992,-20,32.0,11.0,4.0,0.333
2022-23,Bogdan Bogdanovic,203992,-19,32.0,18.0,3.0,0.583
2022-23,Bogdan Bogdanovic,203992,-17,30.0,8.0,3.0,0.4
2022-23,Bogdan Bogdanovic,203992,-15,34.0,10.0,2.0,0.333
2022-23,Bogdan Bogdanovic,203992,-14,33.0,17.0,3.0,0.368
2022-23,Bogdan Bogdanovic,203992,-13,22.0,17.0,1.0,0.462
2022-23,Bogdan Bogdanovic,203992,-12,26.0,4.0,2.0,0.222
2022-23,Bogdan Bogdanovic,203992,-9,26.5,13.5,2.5,0.4365
2022-23,Bogdan Bogdanovic,203992,-8,21.5,5.0,2.5,0.3625
2022-23,Bogdan Bogdanovic,203992,-6,25.0,16.0,2.0,0.429
2022-23,Bogdan Bogdanovic,203992,-5,31.0,9.0,1.0,0.5
2022-23,Bogdan Bogdanovic,203992,-3,26.333333333333332,10.666666666666666,1.6666666666666667,0.3506666666666667
2022-23,Bogdan Bogdanovic,203992,-2,27.0,14.0,4.0,0.33
2022-23,Bogdan Bogdanovic,203992,-1,28.25,15.0,3.25,0.41500000000000004
2022-23,Bogdan Bogdanovic,203992,0,28.666666666666668,15.333333333333334,2.6666666666666665,0.5453333333333333
2022-23,Bogdan Bogdanovic,203992,1,27.0,12.333333333333334,2.0,0.42933333333333334
2022-23,Bogdan Bogdanovic,203992,2,30.0,22.0,2.0,0.538
2022-23,Bogdan Bogdanovic,203992,4,28.0,14.0,3.0,0.455
2022-23,Bogdan Bogdanovic,203992,5,25.0,4.0,5.0,0.154
2022-23,Bogdan Bogdanovic,203992,6,37.5,16.5,4.0,0.474
2022-23,Bogdan Bogdanovic,203992,7,31.5,18.0,5.0,0.607
2022-23,Bogdan Bogdanovic,203992,8,25.166666666666668,14.833333333333334,3.0,0.5543333333333333
2022-23,Bogdan Bogdanovic,203992,10,24.666666666666668,11.666666666666666,3.3333333333333335,0.379
2022-23,Bogdan Bogdanovic,203992,13,23.0,7.0,2.0,0.333
2022-23,Bogdan Bogdanovic,203992,16,33.0,26.0,5.0,0.6
2022-23,Bogdan Bogdanovic,203992,17,27.0,18.0,3.0,0.455
2022-23,Bogdan Bogdanovic,203992,18,33.0,19.0,2.0,0.389
2022-23,Bogdan Bogdanovic,203992,21,24.0,18.0,3.0,0.6
2022-23,Bogdan Bogdanovic,203992,22,29.0,28.0,0.0,0.643
2022-23,Bogdan Bogdanovic,203992,28,28.0,22.0,3.0,0.636
2022-23,Bojan Bogdanovic,202711,-29,24.0,18.0,1.0,0.5
2022-23,Bojan Bogdanovic,202711,-24,27.0,14.0,2.0,0.417
2022-23,Bojan Bogdanovic,202711,-23,30.0,27.0,1.0,0.7
2022-23,Bojan Bogdanovic,202711,-21,30.0,18.5,1.5,0.401
2022-23,Bojan Bogdanovic,202711,-19,24.0,18.0,0.5,0.47250000000000003
2022-23,Bojan Bogdanovic,202711,-17,30.0,22.0,2.0,0.375
2022-23,Bojan Bogdanovic,202711,-16,31.0,20.5,4.5,0.4355
2022-23,Bojan Bogdanovic,202711,-15,35.0,20.333333333333332,2.6666666666666665,0.37633333333333335
2022-23,Bojan Bogdanovic,202711,-14,30.5,14.0,2.5,0.3975
2022-23,Bojan Bogdanovic,202711,-13,27.0,15.0,1.5,0.2875
2022-23,Bojan Bogdanovic,202711,-12,27.5,22.0,2.0,0.4665
2022-23,Bojan Bogdanovic,202711,-11,31.5,25.0,2.0,0.6074999999999999
2022-23,Bojan Bogdanovic,202711,-10,34.0,25.0,2.0,0.59
2022-23,Bojan Bogdanovic,202711,-9,28.0,11.0,1.0,0.417
2022-23,Bojan Bogdanovic,202711,-8,35.0,20.0,5.0,0.412
2022-23,Bojan Bogdanovic,202711,-7,35.0,21.0,4.5,0.469
2022-23,Bojan Bogdanovic,202711,-6,29.5,18.5,2.0,0.6035
2022-23,Bojan Bogdanovic,202711,-5,36.0,20.5,2.5,0.45799999999999996
2022-23,Bojan Bogdanovic,202711,-4,29.0,11.0,2.5,0.2675
2022-23,Bojan Bogdanovic,202711,-3,33.0,33.0,3.0,0.571
2022-23,Bojan Bogdanovic,202711,-2,30.666666666666668,23.666666666666668,2.3333333333333335,0.49633333333333335
2022-23,Bojan Bogdanovic,202711,-1,34.0,23.5,3.5,0.542
2022-23,Bojan Bogdanovic,202711,1,32.5,25.5,4.0,0.5515
2022-23,Bojan Bogdanovic,202711,4,36.333333333333336,26.333333333333332,2.3333333333333335,0.5463333333333333
2022-23,Bojan Bogdanovic,202711,5,33.0,29.0,5.0,0.667
2022-23,Bojan Bogdanovic,202711,6,34.5,22.5,2.0,0.5355
2022-23,Bojan Bogdanovic,202711,8,35.5,31.0,3.0,0.483
2022-23,Bojan Bogdanovic,202711,9,30.0,26.0,4.0,0.438
2022-23,Bojan Bogdanovic,202711,11,34.0,24.0,2.6666666666666665,0.46366666666666667
2022-23,Bojan Bogdanovic,202711,13,30.0,31.0,5.0,0.75
2022-23,Bojan Bogdanovic,202711,14,41.0,30.0,4.0,0.714
2022-23,Bojan Bogdanovic,202711,15,30.0,12.0,0.0,0.273
2022-23,Bojan Bogdanovic,202711,25,35.0,14.0,5.0,0.286
2022-23,Bol Bol,1629626,-22,34.0,26.0,1.0,0.571
2022-23,Bol Bol,1629626,-20,30.0,10.0,0.0,0.455
2022-23,Bol Bol,1629626,-19,32.0,6.0,3.0,0.5
2022-23,Bol Bol,1629626,-17,27.0,18.0,1.0,0.875
2022-23,Bol Bol,1629626,-14,28.5,11.5,2.0,0.3745
2022-23,Bol Bol,1629626,-13,23.5,7.0,0.5,0.4445
2022-23,Bol Bol,1629626,-10,29.0,18.0,3.0,0.4
2022-23,Bol Bol,1629626,-9,25.0,8.0,0.0,0.5
2022-23,Bol Bol,1629626,-8,26.5,7.0,3.5,0.4665
2022-23,Bol Bol,1629626,-7,35.0,18.0,2.0,0.571
2022-23,Bol Bol,1629626,-6,22.0,6.0,2.0,0.75
2022-23,Bol Bol,1629626,-5,29.0,16.0,0.0,0.7
2022-23,Bol Bol,1629626,-3,25.333333333333332,11.333333333333334,0.3333333333333333,0.635
2022-23,Bol Bol,1629626,-2,24.25,11.5,1.0,0.5675
2022-23,Bol Bol,1629626,-1,20.5,6.5,0.0,0.5335000000000001
2022-23,Bol Bol,1629626,0,21.5,11.5,1.0,0.7335
2022-23,Bol Bol,1629626,1,34.5,19.5,1.0,0.6335
2022-23,Bol Bol,1629626,3,33.0,22.0,0.0,0.6
2022-23,Bol Bol,1629626,4,23.0,14.0,0.0,0.75
2022-23,Bol Bol,1629626,5,29.0,10.0,2.0,0.667
2022-23,Bol Bol,1629626,10,32.0,22.0,2.0,0.7235
2022-23,Bol Bol,1629626,15,30.0,13.0,1.0,0.625
2022-23,Bol Bol,1629626,18,26.0,11.0,1.0,0.667
2022-23,Bol Bol,1629626,21,20.0,12.0,1.0,0.714
2022-23,Bones Hyland,1630538,-24,26.0,17.0,6.0,0.313
2022-23,Bones Hyland,1630538,-20,23.0,10.0,1.0,0.286
2022-23,Bones Hyland,1630538,-15,22.0,18.0,2.0,0.583
2022-23,Bones Hyland,1630538,-12,29.0,23.5,6.5,0.5295
2022-23,Bones Hyland,1630538,-11,21.0,11.0,2.0,0.4
2022-23,Bones Hyland,1630538,-9,23.0,14.0,1.0,0.5
2022-23,Bones Hyland,1630538,-6,22.0,21.0,2.0,0.467
2022-23,Bones Hyland,1630538,-5,27.0,15.5,6.0,0.393
2022-23,Bones Hyland,1630538,-4,27.0,17.5,3.0,0.41200000000000003
2022-23,Bones Hyland,1630538,-2,29.0,16.0,3.0,0.308
2022-23,Bones Hyland,1630538,-1,25.0,19.5,4.0,0.636
2022-23,Bones Hyland,1630538,1,20.0,7.0,3.0,0.25
2022-23,Bones Hyland,1630538,2,23.0,13.0,8.0,0.455
2022-23,Bones Hyland,1630538,6,20.5,11.5,3.5,0.422
2022-23,Bones Hyland,1630538,7,23.0,21.0,4.0,0.583
2022-23,Bones Hyland,1630538,8,24.0,24.0,7.0,0.529
2022-23,Bones Hyland,1630538,9,23.0,16.0,4.0,0.556
2022-23,Bones Hyland,1630538,11,21.0,20.0,6.0,0.571
2022-23,Bones Hyland,1630538,18,24.0,26.0,3.0,0.444
2022-23,Bones Hyland,1630538,19,25.0,13.0,4.0,0.444
2022-23,Bones Hyland,1630538,32,25.0,16.0,7.0,0.462
2022-23,Bradley Beal,203078,-28,34.0,30.0,4.0,0.579
2022-23,Bradley Beal,203078,-19,30.5,20.0,2.5,0.4575
2022-23,Bradley Beal,203078,-16,34.0,33.0,4.0,0.565
2022-23,Bradley Beal,203078,-13,33.666666666666664,19.333333333333332,4.666666666666667,0.37866666666666665
2022-23,Bradley Beal,203078,-10,35.666666666666664,26.666666666666668,6.0,0.45933333333333337
2022-23,Bradley Beal,203078,-8,35.0,15.0,5.0,0.357
2022-23,Bradley Beal,203078,-7,32.0,22.0,5.0,0.444
2022-23,Bradley Beal,203078,-5,35.0,22.0,4.5,0.5499999999999999
2022-23,Bradley Beal,203078,-4,37.0,28.0,5.0,0.55
2022-23,Bradley Beal,203078,-2,34.0,23.5,5.0,0.431
2022-23,Bradley Beal,203078,-1,33.0,20.0,7.0,0.4623333333333333
2022-23,Bradley Beal,203078,0,35.0,24.0,5.0,0.45366666666666666
2022-23,Bradley Beal,203078,1,30.0,24.0,4.0,0.531
2022-23,Bradley Beal,203078,2,35.5,33.5,6.0,0.5835
2022-23,Bradley Beal,203078,3,35.5,30.5,7.5,0.494
2022-23,Bradley Beal,203078,4,37.0,24.0,7.0,0.5337500000000001
2022-23,Bradley Beal,203078,5,27.5,18.5,5.0,0.5345
2022-23,Bradley Beal,203078,6,36.0,29.0,5.0,0.647
2022-23,Bradley Beal,203078,8,34.5,21.0,5.0,0.498
2022-23,Bradley Beal,203078,10,42.5,26.0,7.0,0.487
2022-23,Bradley Beal,203078,11,28.0,18.0,4.0,0.636
2022-23,Bradley Beal,203078,12,32.0,17.0,10.0,0.467
2022-23,Bradley Beal,203078,13,30.0,26.5,6.5,0.6465
2022-23,Bradley Beal,203078,14,32.0,16.0,5.0,0.294
2022-23,Bradley Beal,203078,20,34.0,22.0,5.0,0.643
2022-23,Bradley Beal,203078,25,35.0,27.0,6.0,0.4
2022-23,Bradley Beal,203078,38,32.0,36.0,7.0,0.867
2022-23,Brandon Boston Jr.,1630527,-15,22.0,7.0,3.0,0.333
2022-23,Brandon Boston Jr.,1630527,-14,26.0,20.0,0.0,0.692
2022-23,Brandon Boston Jr.,1630527,-10,25.666666666666668,19.333333333333332,2.6666666666666665,0.4146666666666667
2022-23,Brandon Boston Jr.,1630527,10,22.0,10.0,1.0,0.333
2022-23,Brandon Clarke,1629634,-28,20.0,10.0,0.0,0.714
2022-23,Brandon Clarke,1629634,-16,26.0,9.0,1.0,0.8
2022-23,Brandon Clarke,1629634,-12,28.0,14.5,1.5,0.6875
2022-23,Brandon Clarke,1629634,-6,30.0,10.0,1.0,0.625
2022-23,Brandon Clarke,1629634,-5,31.5,13.5,2.5,0.65
2022-23,Brandon Clarke,1629634,-4,22.5,9.5,1.0,0.6875
2022-23,Brandon Clarke,1629634,-3,27.0,15.0,3.0,0.556
2022-23,Brandon Clarke,1629634,3,22.0,20.0,0.0,1.0
2022-23,Brandon Clarke,1629634,5,25.0,15.0,1.5,0.771
2022-23,Brandon Clarke,1629634,9,21.0,12.0,1.0,0.714
2022-23,Brandon Clarke,1629634,10,20.0,11.0,0.0,0.714
2022-23,Brandon Clarke,1629634,11,23.0,16.5,2.0,0.775
2022-23,Brandon Clarke,1629634,12,21.0,24.0,0.0,0.7
2022-23,Brandon Clarke,1629634,16,24.0,13.0,0.0,0.556
2022-23,Brandon Clarke,1629634,25,23.0,11.0,2.0,1.0
2022-23,Brandon Ingram,1627742,-25,37.0,22.0,6.0,0.529
2022-23,Brandon Ingram,1627742,-23,36.0,19.0,3.0,0.318
2022-23,Brandon Ingram,1627742,-21,32.0,16.0,9.0,0.294
2022-23,Brandon Ingram,1627742,-19,25.0,13.0,5.0,0.222
2022-23,Brandon Ingram,1627742,-18,37.0,22.0,6.0,0.467
2022-23,Brandon Ingram,1627742,-17,31.0,14.0,2.0,0.5
2022-23,Brandon Ingram,1627742,-15,34.0,25.0,1.0,0.476
2022-23,Brandon Ingram,1627742,-14,35.0,26.0,7.0,0.5
2022-23,Brandon Ingram,1627742,-13,37.0,25.0,5.0,0.421
2022-23,Brandon Ingram,1627742,-12,38.0,25.0,7.0,0.45
2022-23,Brandon Ingram,1627742,-11,32.0,34.0,1.0,0.583
2022-23,Brandon Ingram,1627742,-9,35.5,25.5,7.5,0.471
2022-23,Brandon Ingram,1627742,-8,37.0,17.0,4.0,0.375
2022-23,Brandon Ingram,1627742,-5,36.0,29.0,2.0,0.5
2022-23,Brandon Ingram,1627742,-3,38.0,16.0,7.0,0.304
2022-23,Brandon Ingram,1627742,-2,39.0,18.0,7.0,0.4
2022-23,Brandon Ingram,1627742,-1,37.5,21.5,4.5,0.515
2022-23,Brandon Ingram,1627742,0,32.0,29.0,3.5,0.404
2022-23,Brandon Ingram,1627742,1,38.0,33.5,7.0,0.5075
2022-23,Brandon Ingram,1627742,3,32.0,35.0,4.0,0.536
2022-23,Brandon Ingram,1627742,5,38.0,40.0,5.0,0.621
2022-23,Brandon Ingram,1627742,7,42.0,42.0,7.0,0.571
2022-23,Brandon Ingram,1627742,8,37.0,26.0,7.0,0.4855
2022-23,Brandon Ingram,1627742,13,33.0,23.5,9.0,0.5275
2022-23,Brandon Ingram,1627742,17,33.5,31.0,11.5,0.49
2022-23,Brandon Ingram,1627742,18,36.0,31.0,10.0,0.591
2022-23,Brandon Ingram,1627742,19,32.0,19.0,6.0,0.419
2022-23,Brandon Ingram,1627742,21,37.0,20.0,5.0,0.421
2022-23,Brandon Ingram,1627742,22,46.0,24.0,13.0,0.389
2022-23,Brandon Ingram,1627742,23,37.0,28.0,7.0,0.5
2022-23,Brandon Ingram,1627742,24,31.0,28.0,5.0,0.588
2022-23,Brandon Ingram,1627742,25,31.0,32.0,7.0,0.625
2022-23,Brandon Ingram,1627742,33,30.0,34.0,3.0,0.632
2022-23,Brandon Ingram,1627742,34,31.0,29.0,4.0,0.632
2022-23,Brook Lopez,201572,-32,23.0,6.0,0.0,0.6
2022-23,Brook Lopez,201572,-27,30.0,23.0,0.0,0.625
2022-23,Brook Lopez,201572,-21,23.0,8.0,0.0,0.3
2022-23,Brook Lopez,201572,-18,27.0,11.0,0.0,0.444
2022-23,Brook Lopez,201572,-17,29.0,19.0,2.0,0.429
2022-23,Brook Lopez,201572,-13,30.0,13.5,1.5,0.607
2022-23,Brook Lopez,201572,-12,38.0,19.0,1.0,0.5
2022-23,Brook Lopez,201572,-9,32.0,14.5,1.0,0.423
2022-23,Brook Lopez,201572,-7,29.0,13.5,2.5,0.468
2022-23,Brook Lopez,201572,-6,29.75,12.5,0.5,0.44575
2022-23,Brook Lopez,201572,-5,29.0,9.5,1.5,0.2085
2022-23,Brook Lopez,201572,-3,32.0,15.0,1.3333333333333333,0.5626666666666666
2022-23,Brook Lopez,201572,-2,31.0,10.5,1.0,0.4165
2022-23,Brook Lopez,201572,-1,29.0,18.5,2.5,0.607
2022-23,Brook Lopez,201572,0,30.0,17.0,1.0,0.375
2022-23,Brook Lopez,201572,1,33.5,11.5,1.5,0.3175
2022-23,Brook Lopez,201572,4,31.333333333333332,13.0,1.0,0.467
2022-23,Brook Lopez,201572,5,32.0,7.0,0.0,0.25
2022-23,Brook Lopez,201572,6,30.333333333333332,12.0,1.0,0.39433333333333337
2022-23,Brook Lopez,201572,7,27.0,8.0,2.0,0.3
2022-23,Brook Lopez,201572,8,35.0,26.0,1.5,0.6174999999999999
2022-23,Brook Lopez,201572,9,29.0,19.0,1.0,0.583
2022-23,Brook Lopez,201572,10,45.0,24.0,1.0,0.478
2022-23,Brook Lopez,201572,11,29.666666666666668,23.333333333333332,2.3333333333333335,0.586
2022-23,Brook Lopez,201572,12,31.666666666666668,20.666666666666668,1.0,0.6849999999999999
2022-23,Brook Lopez,201572,13,27.5,17.0,2.0,0.5
2022-23,Brook Lopez,201572,14,31.0,5.0,2.0,0.182
2022-23,Brook Lopez,201572,15,29.0,23.5,1.0,0.655
2022-23,Brook Lopez,201572,16,34.0,19.0,1.5,0.5335000000000001
2022-23,Brook Lopez,201572,17,31.0,15.666666666666666,0.6666666666666666,0.5379999999999999
2022-23,Brook Lopez,201572,18,30.0,20.0,1.0,0.727
2022-23,Brook Lopez,201572,19,28.0,7.0,2.0,0.6
2022-23,Brook Lopez,201572,20,27.0,12.5,0.5,0.7915
2022-23,Brook Lopez,201572,21,31.5,15.0,2.5,0.47150000000000003
2022-23,Brook Lopez,201572,22,31.0,24.0,1.0,0.7013333333333334
2022-23,Brook Lopez,201572,23,36.0,26.0,1.0,0.526
2022-23,Brook Lopez,201572,25,27.0,18.0,2.0,0.667
2022-23,Brook Lopez,201572,26,31.0,15.0,3.0,0.5
2022-23,Brook Lopez,201572,28,33.0,33.0,2.0,0.722
2022-23,Brook Lopez,201572,29,27.0,11.0,2.0,0.625
2022-23,Brook Lopez,201572,36,26.0,17.0,2.0,0.533
2022-23,Bruce Brown,1628971,-28,27.0,10.0,4.0,0.4
2022-23,Bruce Brown,1628971,-24,22.0,9.0,2.0,0.8
2022-23,Bruce Brown,1628971,-19,27.666666666666668,10.0,4.0,0.48666666666666664
2022-23,Bruce Brown,1628971,-17,27.0,10.0,0.0,0.625
2022-23,Bruce Brown,1628971,-16,26.0,9.0,4.333333333333333,0.48133333333333334
2022-23,Bruce Brown,1628971,-14,31.5,6.5,2.5,0.354
2022-23,Bruce Brown,1628971,-13,29.0,18.0,7.0,0.583
2022-23,Bruce Brown,1628971,-12,20.0,7.0,2.0,0.333
2022-23,Bruce Brown,1628971,-11,37.0,16.0,3.0,0.389
2022-23,Bruce Brown,1628971,-10,30.333333333333332,10.666666666666666,1.3333333333333333,0.49866666666666665
2022-23,Bruce Brown,1628971,-9,21.0,7.0,3.0,0.375
2022-23,Bruce Brown,1628971,-8,28.666666666666668,15.0,4.0,0.437
2022-23,Bruce Brown,1628971,-7,26.666666666666668,12.666666666666666,4.333333333333333,0.47633333333333333
2022-23,Bruce Brown,1628971,-6,27.0,5.5,3.0,0.25
2022-23,Bruce Brown,1628971,-5,26.666666666666668,11.666666666666666,4.333333333333333,0.42933333333333334
2022-23,Bruce Brown,1628971,-4,25.0,8.0,1.0,0.375
2022-23,Bruce Brown,1628971,-3,24.333333333333332,7.0,2.0,0.44766666666666666
2022-23,Bruce Brown,1628971,-2,35.0,12.0,8.0,0.385
2022-23,Bruce Brown,1628971,-1,25.0,4.0,1.0,0.4
2022-23,Bruce Brown,1628971,0,26.0,13.0,3.0,0.47750000000000004
2022-23,Bruce Brown,1628971,1,36.0,12.0,4.0,0.357
2022-23,Bruce Brown,1628971,2,34.0,12.0,3.0,0.4
2022-23,Bruce Brown,1628971,3,28.333333333333332,15.333333333333334,1.6666666666666667,0.53
2022-23,Bruce Brown,1628971,4,35.0,14.0,2.0,0.462
2022-23,Bruce Brown,1628971,5,28.333333333333332,14.666666666666666,2.8333333333333335,0.43966666666666665
2022-23,Bruce Brown,1628971,6,32.666666666666664,14.333333333333334,4.333333333333333,0.5416666666666666
2022-23,Bruce Brown,1628971,7,28.5,8.0,3.5,0.3575
2022-23,Bruce Brown,1628971,8,29.0,12.0,6.5,0.6060000000000001
2022-23,Bruce Brown,1628971,9,26.0,5.0,4.0,0.286
2022-23,Bruce Brown,1628971,10,26.5,14.333333333333334,3.5,0.5785
2022-23,Bruce Brown,1628971,11,27.5,10.5,1.5,0.5
2022-23,Bruce Brown,1628971,12,30.75,10.5,4.0,0.49725
2022-23,Bruce Brown,1628971,13,28.0,11.5,5.0,0.6665
2022-23,Bruce Brown,1628971,15,28.0,11.0,1.0,0.667
2022-23,Bruce Brown,1628971,16,26.0,17.0,5.0,0.636
2022-23,Bruce Brown,1628971,17,31.0,14.0,5.0,0.667
2022-23,Bruce Brown,1628971,18,36.0,16.0,4.0,0.636
2022-23,Bruce Brown,1628971,21,22.0,9.0,3.0,0.5
2022-23,Bruce Brown,1628971,22,35.0,16.0,4.0,0.4
2022-23,Bruce Brown,1628971,24,33.0,18.0,4.0,0.583
2022-23,Bruno Fernando,1628981,-16,21.0,1.0,0.0,0.0
2022-23,Bruno Fernando,1628981,-1,25.0,7.0,7.0,1.0
2022-23,Bruno Fernando,1628981,1,21.0,19.0,0.0,0.727
2022-23,Bryce McGowens,1631121,-21,30.0,10.0,1.0,0.333
2022-23,Bryce McGowens,1631121,-20,27.5,14.5,2.5,0.5415
2022-23,Bryce McGowens,1631121,-13,26.5,9.5,2.0,0.4645
2022-23,Bryce McGowens,1631121,-12,20.0,5.0,0.0,0.4
2022-23,Bryce McGowens,1631121,-10,23.333333333333332,9.0,1.0,0.537
2022-23,Bryce McGowens,1631121,-6,22.0,3.5,2.5,0.2915
2022-23,Bryce McGowens,1631121,-3,27.0,2.0,1.0,0.0
2022-23,Bryce McGowens,1631121,0,20.0,9.0,4.0,0.375
2022-23,Bryce McGowens,1631121,4,30.0,12.0,4.0,0.4
2022-23,Bryce McGowens,1631121,6,23.0,8.333333333333334,3.3333333333333335,0.3373333333333333
2022-23,Bryce McGowens,1631121,7,22.0,3.0,0.0,0.167
2022-23,Bryce McGowens,1631121,13,21.0,10.0,3.0,0.75
2022-23,Bryce McGowens,1631121,14,32.0,22.0,4.0,0.545
2022-23,Buddy Boeheim,1631205,-1,22.0,8.0,2.0,0.286
2022-23,Buddy Boeheim,1631205,13,22.0,3.0,1.0,0.143
2022-23,Buddy Hield,1627741,-29,25.0,5.0,1.0,0.25
2022-23,Buddy Hield,1627741,-21,34.0,17.0,1.0,0.5
2022-23,Buddy Hield,1627741,-20,28.0,16.0,5.0,0.313
2022-23,Buddy Hield,1627741,-19,37.0,18.0,5.0,0.4
2022-23,Buddy Hield,1627741,-18,23.0,14.0,1.5,0.375
2022-23,Buddy Hield,1627741,-17,31.0,10.0,3.0,0.214
2022-23,Buddy Hield,1627741,-16,22.0,7.0,4.0,0.25
2022-23,Buddy Hield,1627741,-14,31.5,15.0,1.5,0.469
2022-23,Buddy Hield,1627741,-13,33.0,17.0,2.0,0.545
2022-23,Buddy Hield,1627741,-12,24.0,9.0,3.0,0.5
2022-23,Buddy Hield,1627741,-11,26.0,14.0,2.0,0.417
2022-23,Buddy Hield,1627741,-10,28.5,7.5,2.5,0.325
2022-23,Buddy Hield,1627741,-9,27.5,12.5,2.5,0.3975
2022-23,Buddy Hield,1627741,-8,25.5,13.5,3.5,0.556
2022-23,Buddy Hield,1627741,-7,31.333333333333332,17.0,2.0,0.408
2022-23,Buddy Hield,1627741,-6,26.0,12.5,3.0,0.34450000000000003
2022-23,Buddy Hield,1627741,-5,28.0,8.0,4.0,0.231
2022-23,Buddy Hield,1627741,-4,31.5,18.0,5.0,0.475
2022-23,Buddy Hield,1627741,-3,32.666666666666664,23.0,2.0,0.4543333333333333
2022-23,Buddy Hield,1627741,-2,32.0,20.0,2.6666666666666665,0.4896666666666667
2022-23,Buddy Hield,1627741,-1,35.0,22.5,3.0,0.603
2022-23,Buddy Hield,1627741,0,30.5,17.5,3.5,0.5055000000000001
2022-23,Buddy Hield,1627741,1,34.6,18.8,2.6,0.4492
2022-23,Buddy Hield,1627741,2,32.0,18.0,3.6666666666666665,0.47866666666666663
2022-23,Buddy Hield,1627741,3,32.0,13.75,2.0,0.34675
2022-23,Buddy Hield,1627741,4,29.5,17.75,3.5,0.61775
2022-23,Buddy Hield,1627741,5,39.0,22.0,2.0,0.4565
2022-23,Buddy Hield,1627741,6,33.333333333333336,16.333333333333332,1.0,0.35800000000000004
2022-23,Buddy Hield,1627741,7,34.0,16.0,5.0,0.423
2022-23,Buddy Hield,1627741,8,36.0,26.0,1.0,0.6
2022-23,Buddy Hield,1627741,9,33.0,15.5,1.5,0.354
2022-23,Buddy Hield,1627741,10,30.5,23.5,2.0,0.5605
2022-23,Buddy Hield,1627741,11,29.0,22.25,3.5,0.57625
2022-23,Buddy Hield,1627741,13,31.0,21.0,2.0,0.333
2022-23,Buddy Hield,1627741,14,32.0,25.0,3.0,0.714
2022-23,Buddy Hield,1627741,17,34.0,21.0,2.0,0.467
2022-23,Buddy Hield,1627741,18,24.666666666666668,15.666666666666666,4.666666666666667,0.644
2022-23,Buddy Hield,1627741,21,38.0,26.0,3.0,0.6
2022-23,CJ McCollum,203468,-32,33.0,13.0,4.0,0.316
2022-23,CJ McCollum,203468,-27,30.0,12.0,3.0,0.3395
2022-23,CJ McCollum,203468,-24,32.0,12.0,5.0,0.286
2022-23,CJ McCollum,203468,-22,32.5,13.0,1.5,0.3345
2022-23,CJ McCollum,203468,-20,37.0,15.0,3.0,0.353
2022-23,CJ McCollum,203468,-18,31.0,21.0,4.0,0.471
2022-23,CJ McCollum,203468,-17,33.0,22.0,9.0,0.5
2022-23,CJ McCollum,203468,-16,36.0,22.0,6.333333333333333,0.41966666666666663
2022-23,CJ McCollum,203468,-15,38.0,23.0,3.0,0.375
2022-23,CJ McCollum,203468,-14,33.0,38.0,4.0,0.625
2022-23,CJ McCollum,203468,-13,37.0,19.5,8.5,0.347
2022-23,CJ McCollum,203468,-11,35.0,9.0,7.0,0.273
2022-23,CJ McCollum,203468,-8,37.25,24.75,5.0,0.46099999999999997
2022-23,CJ McCollum,203468,-7,35.0,24.0,5.0,0.474
2022-23,CJ McCollum,203468,-5,35.333333333333336,16.0,5.666666666666667,0.337
2022-23,CJ McCollum,203468,-3,36.166666666666664,23.0,6.333333333333333,0.3941666666666667
2022-23,CJ McCollum,203468,-2,36.0,18.0,6.0,0.444
2022-23,CJ McCollum,203468,-1,36.0,21.5,5.5,0.44675
2022-23,CJ McCollum,203468,0,36.0,17.666666666666668,5.0,0.3703333333333334
2022-23,CJ McCollum,203468,1,32.5,23.0,7.0,0.46799999999999997
2022-23,CJ McCollum,203468,3,36.0,18.5,8.5,0.358
2022-23,CJ McCollum,203468,4,39.0,24.0,5.666666666666667,0.48666666666666664
2022-23,CJ McCollum,203468,6,35.5,26.0,6.0,0.497
2022-23,CJ McCollum,203468,7,36.0,30.0,9.0,0.478
2022-23,CJ McCollum,203468,8,33.0,18.0,5.0,0.438
2022-23,CJ McCollum,203468,9,35.0,31.0,6.5,0.5255
2022-23,CJ McCollum,203468,10,37.0,21.0,8.0,0.43333333333333335
2022-23,CJ McCollum,203468,11,40.5,25.0,7.5,0.523
2022-23,CJ McCollum,203468,13,31.0,22.0,3.0,0.474
2022-23,CJ McCollum,203468,14,30.5,10.0,4.0,0.3055
2022-23,CJ McCollum,203468,15,31.0,21.0,2.0,0.529
2022-23,CJ McCollum,203468,18,39.0,14.0,6.0,0.417
2022-23,CJ McCollum,203468,20,36.5,14.5,5.0,0.3175
2022-23,CJ McCollum,203468,21,28.0,18.0,5.0,0.5665
2022-23,CJ McCollum,203468,23,31.0,26.0,7.666666666666667,0.4746666666666666
2022-23,CJ McCollum,203468,25,25.5,23.0,7.5,0.6445
2022-23,CJ McCollum,203468,27,37.0,23.0,3.0,0.533
2022-23,CJ McCollum,203468,29,38.0,23.0,4.0,0.533
2022-23,Cade Cunningham,1630595,-24,31.0,10.0,4.0,0.385
2022-23,Cade Cunningham,1630595,-18,32.0,19.0,3.0,0.368
2022-23,Cade Cunningham,1630595,-17,23.0,4.0,2.0,0.091
2022-23,Cade Cunningham,1630595,-13,33.0,35.0,8.0,0.609
2022-23,Cade Cunningham,1630595,-8,33.5,22.5,5.5,0.4145
2022-23,Cade Cunningham,1630595,-7,36.0,27.0,7.0,0.478
2022-23,Cade Cunningham,1630595,0,32.0,15.0,7.0,0.375
2022-23,Cade Cunningham,1630595,3,35.0,18.0,10.0,0.375
2022-23,Cade Cunningham,1630595,4,33.0,22.0,4.0,0.421
2022-23,Cade Cunningham,1630595,12,35.0,21.0,7.0,0.381
2022-23,Cade Cunningham,1630595,16,39.0,23.0,9.0,0.45
2022-23,Caleb Houstan,1631216,-24,26.0,12.0,3.0,0.5
2022-23,Caleb Houstan,1631216,-17,21.0,7.0,0.0,0.5
2022-23,Caleb Houstan,1631216,-16,30.0,8.0,2.0,0.333
2022-23,Caleb Houstan,1631216,-15,24.0,3.0,0.5,0.25
2022-23,Caleb Houstan,1631216,-14,21.0,0.0,0.0,0.0
2022-23,Caleb Houstan,1631216,-9,33.0,21.0,1.0,0.4
2022-23,Caleb Houstan,1631216,-7,30.0,3.0,1.0,0.25
2022-23,Caleb Houstan,1631216,-2,22.0,0.0,1.0,0.0
2022-23,Caleb Houstan,1631216,2,26.0,7.0,1.5,0.3055
2022-23,Caleb Houstan,1631216,3,22.0,3.0,0.0,0.333
2022-23,Caleb Houstan,1631216,5,25.0,5.5,0.0,0.425
2022-23,Caleb Houstan,1631216,9,24.0,8.0,1.0,0.429
2022-23,Caleb Houstan,1631216,10,26.0,8.0,1.0,0.6
2022-23,Caleb Houstan,1631216,11,24.0,8.0,2.0,0.333
2022-23,Caleb Martin,1628997,-26,29.0,4.0,3.0,0.2
2022-23,Caleb Martin,1628997,-23,24.0,6.0,1.0,0.286
2022-23,Caleb Martin,1628997,-22,32.0,7.0,1.0,0.333
2022-23,Caleb Martin,1628997,-20,26.0,17.0,1.0,0.5
2022-23,Caleb Martin,1628997,-15,23.0,5.0,1.0,0.286
2022-23,Caleb Martin,1628997,-14,30.0,17.0,1.0,0.462
2022-23,Caleb Martin,1628997,-13,25.5,12.0,0.5,0.6385
2022-23,Caleb Martin,1628997,-12,33.5,10.0,3.5,0.375
2022-23,Caleb Martin,1628997,-10,26.0,9.5,1.0,0.43900000000000006
2022-23,Caleb Martin,1628997,-9,32.0,3.0,1.0,0.143
2022-23,Caleb Martin,1628997,-8,25.0,6.0,0.0,0.4
2022-23,Caleb Martin,1628997,-7,28.25,10.75,2.0,0.6005
2022-23,Caleb Martin,1628997,-6,26.0,7.0,2.0,0.357
2022-23,Caleb Martin,1628997,-5,28.0,5.5,0.0,0.243
2022-23,Caleb Martin,1628997,-4,31.8,10.4,0.6,0.4526
2022-23,Caleb Martin,1628997,-3,29.0,7.75,1.0,0.507
2022-23,Caleb Martin,1628997,-2,38.5,18.0,3.5,0.476
2022-23,Caleb Martin,1628997,-1,35.666666666666664,10.0,2.3333333333333335,0.443
2022-23,Caleb Martin,1628997,0,26.5,6.0,0.5,0.3095
2022-23,Caleb Martin,1628997,1,40.0,10.0,2.0,0.625
2022-23,Caleb Martin,1628997,2,30.0,6.0,3.0,0.5
2022-23,Caleb Martin,1628997,3,25.0,7.0,1.0,0.6
2022-23,Caleb Martin,1628997,4,30.0,9.0,2.0,0.375
2022-23,Caleb Martin,1628997,5,25.0,8.0,1.5,0.402
2022-23,Caleb Martin,1628997,6,29.0,15.0,1.0,0.6
2022-23,Caleb Martin,1628997,8,27.0,13.5,2.0,0.6335
2022-23,Caleb Martin,1628997,9,40.0,20.0,4.0,0.667
2022-23,Caleb Martin,1628997,10,36.0,15.0,3.0,0.625
2022-23,Caleb Martin,1628997,11,30.0,13.0,0.0,0.556
2022-23,Caleb Martin,1628997,13,32.5,16.5,1.5,0.6515
2022-23,Caleb Martin,1628997,16,29.0,8.5,2.0,0.6000000000000001
2022-23,Caleb Martin,1628997,17,24.5,7.5,2.0,0.4375
2022-23,Caleb Martin,1628997,18,40.0,17.0,2.0,0.462
2022-23,Caleb Martin,1628997,19,29.0,16.0,3.0,0.875
2022-23,Caleb Martin,1628997,22,35.0,13.0,5.0,0.5
2022-23,Caleb Martin,1628997,23,35.0,10.0,0.0,0.429
2022-23,Caleb Martin,1628997,25,30.0,13.0,3.0,0.6665
2022-23,Caleb Martin,1628997,27,33.0,7.0,4.0,0.375
2022-23,Cam Reddish,1629629,-24,25.0,11.0,0.0,0.556
2022-23,Cam Reddish,1629629,-21,24.0,13.0,2.0,0.5
2022-23,Cam Reddish,1629629,-18,34.0,24.0,4.0,0.389
2022-23,Cam Reddish,1629629,-16,30.0,10.5,2.5,0.4375
2022-23,Cam Reddish,1629629,-14,32.0,21.5,1.5,0.556
2022-23,Cam Reddish,1629629,-12,25.0,11.0,1.0,0.375
2022-23,Cam Reddish,1629629,-9,21.0,11.0,0.0,0.5
2022-23,Cam Reddish,1629629,-8,29.0,10.0,0.0,0.5
2022-23,Cam Reddish,1629629,-7,33.0,19.0,1.0,0.538
2022-23,Cam Reddish,1629629,-6,25.5,7.0,1.5,0.28350000000000003
2022-23,Cam Reddish,1629629,-5,37.0,16.0,3.0,0.538
2022-23,Cam Reddish,1629629,-2,32.0,11.0,0.5,0.4155
2022-23,Cam Reddish,1629629,-1,28.0,22.0,0.0,0.6
2022-23,Cam Reddish,1629629,1,32.0,9.0,4.0,0.3165
2022-23,Cam Reddish,1629629,2,32.0,26.0,2.0,0.588
2022-23,Cam Reddish,1629629,4,30.0,7.5,2.0,0.41700000000000004
2022-23,Cam Reddish,1629629,13,37.0,10.0,0.0,0.6
2022-23,Cam Reddish,1629629,30,31.0,7.0,4.0,0.667
2022-23,Cam Thomas,1630560,-20,31.666666666666668,29.0,1.6666666666666667,0.4633333333333334
2022-23,Cam Thomas,1630560,-10,20.0,7.0,0.0,0.25
2022-23,Cam Thomas,1630560,-9,24.5,18.0,0.5,0.5
2022-23,Cam Thomas,1630560,-8,25.5,19.5,1.0,0.5125
2022-23,Cam Thomas,1630560,-7,29.0,19.0,2.0,0.385
2022-23,Cam Thomas,1630560,-5,29.0,22.0,3.0,0.429
2022-23,Cam Thomas,1630560,-4,39.0,43.0,3.0,0.478
2022-23,Cam Thomas,1630560,-2,27.0,18.0,2.0,0.438
2022-23,Cam Thomas,1630560,0,21.5,10.5,3.0,0.2725
2022-23,Cam Thomas,1630560,2,25.0,4.0,3.0,0.167
2022-23,Cam Thomas,1630560,3,38.0,47.0,3.0,0.517
2022-23,Cam Thomas,1630560,6,29.0,44.0,5.0,0.696
2022-23,Cam Thomas,1630560,8,22.0,15.0,2.0,0.444
2022-23,Cam Thomas,1630560,12,29.0,15.0,1.0,0.5
2022-23,Cam Thomas,1630560,13,28.0,21.0,4.0,0.455
2022-23,Cam Thomas,1630560,14,20.0,12.0,3.0,0.5
2022-23,Cam Thomas,1630560,16,21.0,7.0,2.0,0.333
2022-23,Cam Thomas,1630560,18,33.0,20.0,4.0,0.188
2022-23,Cam Thomas,1630560,25,23.0,21.0,1.0,0.615
2022-23,Cam Thomas,1630560,36,31.0,17.0,6.0,0.462
2022-23,Cameron Johnson,1629661,-14,26.0,10.0,1.0,0.4
2022-23,Cameron Johnson,1629661,-13,39.0,23.0,3.0,0.538
2022-23,Cameron Johnson,1629661,-10,34.0,16.0,4.0,0.364
2022-23,Cameron Johnson,1629661,-9,31.5,30.0,0.5,0.6945
2022-23,Cameron Johnson,1629661,-5,25.0,10.0,2.0,0.486
2022-23,Cameron Johnson,1629661,-4,34.0,15.0,0.0,0.375
2022-23,Cameron Johnson,1629661,-3,24.5,10.0,0.5,0.3145
2022-23,Cameron Johnson,1629661,-2,30.333333333333332,11.333333333333334,2.0,0.399
2022-23,Cameron Johnson,1629661,-1,28.5,16.0,1.5,0.528
2022-23,Cameron Johnson,1629661,0,33.0,14.0,2.0,0.385
2022-23,Cameron Johnson,1629661,1,29.0,19.0,1.0,0.5
2022-23,Cameron Johnson,1629661,5,29.666666666666668,13.666666666666666,2.3333333333333335,0.42333333333333334
2022-23,Cameron Johnson,1629661,6,28.5,13.0,0.0,0.389
2022-23,Cameron Johnson,1629661,7,32.0,17.0,3.0,0.4345
2022-23,Cameron Johnson,1629661,8,21.0,19.0,2.0,0.4
2022-23,Cameron Johnson,1629661,9,34.0,18.0,3.0,0.429
2022-23,Cameron Johnson,1629661,12,32.0,18.0,1.0,0.467
2022-23,Cameron Johnson,1629661,13,25.0,12.5,2.0,0.561
2022-23,Cameron Johnson,1629661,17,34.0,23.666666666666668,3.3333333333333335,0.4766666666666666
2022-23,Cameron Johnson,1629661,18,24.0,8.0,3.0,0.222
2022-23,Cameron Johnson,1629661,19,31.0,19.0,1.0,0.467
2022-23,Cameron Johnson,1629661,20,35.0,16.0,3.0,0.538
2022-23,Cameron Johnson,1629661,25,23.5,21.5,3.0,0.735
2022-23,Cameron Johnson,1629661,26,33.0,9.0,2.0,0.273
2022-23,Cameron Payne,1626166,-17,35.0,22.0,4.0,0.533
2022-23,Cameron Payne,1626166,-13,30.0,9.0,5.0,0.235
2022-23,Cameron Payne,1626166,-11,25.0,15.5,4.0,0.429
2022-23,Cameron Payne,1626166,-10,23.0,5.0,7.0,0.2
2022-23,Cameron Payne,1626166,-7,33.0,14.0,10.0,0.25
2022-23,Cameron Payne,1626166,-3,20.0,18.0,5.0,0.583
2022-23,Cameron Payne,1626166,-1,30.0,11.0,6.0,0.308
2022-23,Cameron Payne,1626166,3,33.0,17.0,5.0,0.5
2022-23,Cameron Payne,1626166,6,36.0,20.0,12.0,0.667
2022-23,Cameron Payne,1626166,8,31.0,16.0,10.0,0.583
2022-23,Cameron Payne,1626166,10,35.0,23.0,8.0,0.471
2022-23,Cameron Payne,1626166,11,33.0,29.0,7.0,0.529
2022-23,Cameron Payne,1626166,12,28.0,11.0,7.0,0.333
2022-23,Cameron Payne,1626166,13,32.0,8.0,6.0,0.3
2022-23,Cameron Payne,1626166,15,26.5,16.5,7.0,0.472
2022-23,Cameron Payne,1626166,21,24.0,5.0,6.0,0.25
2022-23,Cameron Payne,1626166,22,22.0,14.0,7.0,0.667
2022-23,Caris LeVert,1627747,-21,36.0,22.0,6.0,0.429
2022-23,Caris LeVert,1627747,-19,24.0,11.5,3.0,0.4585
2022-23,Caris LeVert,1627747,-13,27.0,13.0,5.0,0.5
2022-23,Caris LeVert,1627747,-12,32.8,9.6,6.0,0.26739999999999997
2022-23,Caris LeVert,1627747,-10,38.0,21.0,6.0,0.5
2022-23,Caris LeVert,1627747,-9,31.0,18.0,4.0,0.556
2022-23,Caris LeVert,1627747,-8,35.5,20.0,2.0,0.524
2022-23,Caris LeVert,1627747,-6,32.0,6.0,1.0,0.3
2022-23,Caris LeVert,1627747,-5,34.666666666666664,19.0,2.0,0.5333333333333333
2022-23,Caris LeVert,1627747,-4,25.0,9.5,3.5,0.3875
2022-23,Caris LeVert,1627747,-3,31.0,6.0,9.0,0.6
2022-23,Caris LeVert,1627747,-2,32.5,12.0,2.5,0.47750000000000004
2022-23,Caris LeVert,1627747,-1,28.5,9.0,0.5,0.432
2022-23,Caris LeVert,1627747,0,35.666666666666664,17.0,5.0,0.44366666666666665
2022-23,Caris LeVert,1627747,1,32.833333333333336,12.333333333333334,3.3333333333333335,0.43966666666666665
2022-23,Caris LeVert,1627747,2,33.0,9.0,3.0,0.667
2022-23,Caris LeVert,1627747,4,26.333333333333332,9.0,3.6666666666666665,0.4666666666666666
2022-23,Caris LeVert,1627747,5,34.0,10.0,7.0,0.286
2022-23,Caris LeVert,1627747,6,33.0,17.5,5.5,0.40449999999999997
2022-23,Caris LeVert,1627747,7,39.0,10.0,3.0,0.154
2022-23,Caris LeVert,1627747,8,32.0,9.5,3.0,0.271
2022-23,Caris LeVert,1627747,9,32.5,9.25,3.75,0.384
2022-23,Caris LeVert,1627747,11,33.0,10.0,3.0,0.455
2022-23,Caris LeVert,1627747,12,29.0,15.0,5.0,0.313
2022-23,Caris LeVert,1627747,13,25.5,10.25,3.75,0.3755
2022-23,Caris LeVert,1627747,14,30.0,14.333333333333334,4.0,0.6196666666666667
2022-23,Caris LeVert,1627747,15,35.0,10.0,4.0,0.286
2022-23,Caris LeVert,1627747,17,27.25,11.5,4.25,0.4125
2022-23,Caris LeVert,1627747,20,32.0,12.0,5.5,0.325
2022-23,Caris LeVert,1627747,21,42.0,41.0,7.0,0.571
2022-23,Caris LeVert,1627747,25,27.0,22.0,7.0,0.615
2022-23,Caris LeVert,1627747,27,30.0,15.0,6.0,0.6
2022-23,Caris LeVert,1627747,28,28.0,13.0,7.0,0.6
2022-23,Carlik Jones,1630637,4,21.0,1.0,2.0,0.0
2022-23,Cedi Osman,1626224,-13,32.0,8.0,2.0,0.375
2022-23,Cedi Osman,1626224,-10,22.0,4.0,1.0,0.167
2022-23,Cedi Osman,1626224,-9,20.0,0.0,1.0,0.0
2022-23,Cedi Osman,1626224,-8,21.0,29.0,2.0,0.846
2022-23,Cedi Osman,1626224,-7,28.0,15.0,2.0,0.6
2022-23,Cedi Osman,1626224,-4,30.0,12.5,1.0,0.4
2022-23,Cedi Osman,1626224,-3,21.5,8.5,2.0,0.403
2022-23,Cedi Osman,1626224,-2,30.0,15.0,0.0,0.364
2022-23,Cedi Osman,1626224,-1,23.5,9.5,1.0,0.38225
2022-23,Cedi Osman,1626224,0,20.0,14.0,2.0,0.571
2022-23,Cedi Osman,1626224,1,26.0,5.0,3.0,0.25
2022-23,Cedi Osman,1626224,2,22.5,13.5,2.0,0.5
2022-23,Cedi Osman,1626224,3,28.0,12.5,2.5,0.425
2022-23,Cedi Osman,1626224,5,27.333333333333332,12.333333333333334,3.3333333333333335,0.496
2022-23,Cedi Osman,1626224,6,28.0,9.0,0.0,0.333
2022-23,Cedi Osman,1626224,7,27.0,17.0,1.0,0.5
2022-23,Cedi Osman,1626224,8,25.5,7.5,1.5,0.33
2022-23,Cedi Osman,1626224,9,26.0,17.5,1.0,0.6855
2022-23,Cedi Osman,1626224,10,29.0,11.0,2.0,0.5
2022-23,Cedi Osman,1626224,11,31.5,18.0,2.0,0.45199999999999996
2022-23,Cedi Osman,1626224,12,22.666666666666668,9.0,1.6666666666666667,0.5666666666666668
2022-23,Cedi Osman,1626224,15,27.333333333333332,20.0,3.0,0.6326666666666667
2022-23,Cedi Osman,1626224,17,27.0,3.0,3.0,0.167
2022-23,Cedi Osman,1626224,20,31.0,21.0,4.0,0.636
2022-23,Cedi Osman,1626224,24,25.0,15.0,6.0,0.556
2022-23,Cedi Osman,1626224,39,37.0,20.0,3.0,0.471
2022-23,Cedi Osman,1626224,41,25.0,15.0,4.0,0.625
2022-23,Chance Comanche,1628435,-29,20.0,7.0,0.0,0.6
2022-23,Charles Bassey,1629646,-27,23.0,6.0,3.0,0.6
2022-23,Charles Bassey,1629646,-15,20.0,8.0,5.0,0.8
2022-23,Charles Bassey,1629646,-6,22.0,6.0,0.0,0.333
2022-23,Charles Bassey,1629646,-5,24.0,14.0,2.0,0.7
2022-23,Charles Bassey,1629646,10,20.0,8.0,2.0,0.8
2022-23,Charles Bassey,1629646,12,20.0,11.0,0.0,1.0
2022-23,Charles Bassey,1629646,19,21.0,7.0,1.0,0.429
2022-23,Chimezie Metu,1629002,12,21.0,8.0,0.0,1.0
2022-23,Chris Boucher,1628449,-20,20.0,7.0,0.0,0.6
2022-23,Chris Boucher,1628449,-11,24.0,5.5,0.0,0.268
2022-23,Chris Boucher,1628449,-8,24.5,10.0,0.5,0.4375
2022-23,Chris Boucher,1628449,-7,27.5,12.5,1.0,0.5
2022-23,Chris Boucher,1628449,-6,22.0,8.0,1.0,0.4
2022-23,Chris Boucher,1628449,-5,24.0,11.0,0.0,0.4
2022-23,Chris Boucher,1628449,-3,25.25,17.75,0.25,0.5875
2022-23,Chris Boucher,1628449,-1,23.0,13.0,0.0,0.75
2022-23,Chris Boucher,1628449,0,25.333333333333332,9.333333333333334,0.0,0.261
2022-23,Chris Boucher,1628449,1,22.0,9.0,1.0,0.5
2022-23,Chris Boucher,1628449,3,28.5,10.5,1.0,0.5
2022-23,Chris Boucher,1628449,4,29.0,19.0,1.0,0.5
2022-23,Chris Boucher,1628449,5,23.0,11.5,0.0,0.48450000000000004
2022-23,Chris Boucher,1628449,6,36.0,22.0,0.0,0.526
2022-23,Chris Boucher,1628449,7,25.0,15.0,1.0,0.571
2022-23,Chris Boucher,1628449,8,24.5,12.0,0.5,0.55
2022-23,Chris Boucher,1628449,9,21.0,10.5,0.5,0.48350000000000004
2022-23,Chris Boucher,1628449,10,22.0,9.5,0.0,0.657
2022-23,Chris Boucher,1628449,12,24.5,14.0,0.5,0.5775
2022-23,Chris Boucher,1628449,14,23.0,14.0,0.0,0.667
2022-23,Chris Boucher,1628449,20,27.5,19.0,0.5,0.606
2022-23,Chris Boucher,1628449,22,25.0,17.0,2.0,0.7
2022-23,Chris Duarte,1630537,-24,25.0,7.0,1.0,0.222
2022-23,Chris Duarte,1630537,-17,21.0,4.0,3.0,0.222
2022-23,Chris Duarte,1630537,-10,32.0,6.0,0.0,0.182
2022-23,Chris Duarte,1630537,-6,24.0,12.0,0.0,0.5
2022-23,Chris Duarte,1630537,-5,25.0,9.0,2.0,0.571
2022-23,Chris Duarte,1630537,-4,22.333333333333332,6.666666666666667,2.6666666666666665,0.39999999999999997
2022-23,Chris Duarte,1630537,-3,24.0,11.0,3.0,0.273
2022-23,Chris Duarte,1630537,-2,25.0,12.0,1.0,0.364
2022-23,Chris Duarte,1630537,0,33.0,18.0,2.0,0.571
2022-23,Chris Duarte,1630537,2,24.5,19.5,1.5,0.461
2022-23,Chris Duarte,1630537,3,30.0,15.5,2.5,0.472
2022-23,Chris Duarte,1630537,4,37.0,30.0,1.0,0.667
2022-23,Chris Duarte,1630537,5,28.0,7.0,1.0,0.222
2022-23,Chris Duarte,1630537,9,22.0,9.0,0.0,0.375
2022-23,Chris Duarte,1630537,10,34.0,17.0,6.0,0.636
2022-23,Chris Duarte,1630537,13,21.0,9.0,2.0,0.214
2022-23,Chris Paul,101108,-38,30.0,11.0,2.0,0.364
2022-23,Chris Paul,101108,-28,24.0,4.0,4.0,0.333
2022-23,Chris Paul,101108,-26,26.0,3.0,3.0,0.167
2022-23,Chris Paul,101108,-20,24.0,10.0,3.0,0.625
2022-23,Chris Paul,101108,-17,32.0,15.0,8.0,0.385
2022-23,Chris Paul,101108,-16,30.0,18.0,4.0,0.471
2022-23,Chris Paul,101108,-14,31.0,20.0,6.0,0.533
2022-23,Chris Paul,101108,-11,33.0,11.0,8.0,0.455
2022-23,Chris Paul,101108,-10,36.0,14.0,9.0,0.2835
2022-23,Chris Paul,101108,-9,32.0,13.666666666666666,11.333333333333334,0.36133333333333334
2022-23,Chris Paul,101108,-8,37.0,25.0,2.0,0.6
2022-23,Chris Paul,101108,-7,33.0,5.0,11.0,0.25
2022-23,Chris Paul,101108,-6,33.0,14.0,13.0,0.333
2022-23,Chris Paul,101108,-5,33.0,6.0,11.0,0.3
2022-23,Chris Paul,101108,-4,35.0,15.0,8.0,0.4
2022-23,Chris Paul,101108,-3,30.0,7.0,9.0,0.143
2022-23,Chris Paul,101108,-2,25.0,13.0,7.0,0.571
2022-23,Chris Paul,101108,-1,32.0,14.0,11.0,0.4406666666666667
2022-23,Chris Paul,101108,0,33.0,10.5,11.5,0.42000000000000004
2022-23,Chris Paul,101108,2,38.0,16.0,16.0,0.462
2022-23,Chris Paul,101108,3,35.666666666666664,20.333333333333332,7.666666666666667,0.448
2022-23,Chris Paul,101108,4,29.666666666666668,10.0,9.666666666666666,0.3686666666666667
2022-23,Chris Paul,101108,5,35.0,19.0,9.5,0.5
2022-23,Chris Paul,101108,6,31.0,16.0,9.5,0.6060000000000001
2022-23,Chris Paul,101108,7,38.0,20.666666666666668,10.333333333333334,0.5179999999999999
2022-23,Chris Paul,101108,8,31.0,16.0,6.0,0.6
2022-23,Chris Paul,101108,9,32.75,9.25,9.25,0.3145
2022-23,Chris Paul,101108,13,29.0,11.0,10.0,0.5
2022-23,Chris Paul,101108,14,38.0,24.0,15.0,0.5335
2022-23,Chris Paul,101108,15,32.0,7.0,11.0,0.273
2022-23,Chris Paul,101108,16,24.0,15.0,4.0,0.429
2022-23,Chris Paul,101108,18,32.0,21.5,10.0,0.4585
2022-23,Chris Paul,101108,19,31.0,10.0,15.0,0.429
2022-23,Chris Paul,101108,21,35.0,16.0,9.0,0.5
2022-23,Chris Paul,101108,22,29.0,19.0,9.0,0.389
2022-23,Chris Paul,101108,24,32.0,12.0,8.5,0.3215
2022-23,Chris Paul,101108,27,24.0,18.0,9.0,0.75
2022-23,Christian Braun,1631128,-13,33.0,19.0,1.0,0.7
2022-23,Christian Braun,1631128,-12,24.0,5.0,0.0,0.667
2022-23,Christian Braun,1631128,-11,20.0,2.0,0.0,0.333
2022-23,Christian Braun,1631128,-10,23.0,8.0,0.0,0.5
2022-23,Christian Braun,1631128,-9,33.0,15.0,3.0,0.545
2022-23,Christian Braun,1631128,-7,22.5,9.5,0.0,0.622
2022-23,Christian Braun,1631128,-6,29.0,11.0,1.0,0.667
2022-23,Christian Braun,1631128,-3,25.0,8.0,1.0,0.5
2022-23,Christian Braun,1631128,-2,21.0,10.0,3.0,0.571
2022-23,Christian Braun,1631128,-1,24.0,11.0,0.0,0.5905
2022-23,Christian Braun,1631128,1,22.0,4.0,1.0,0.333
2022-23,Christian Braun,1631128,2,22.0,6.666666666666667,0.6666666666666666,0.4446666666666667
2022-23,Christian Braun,1631128,4,24.6,9.2,2.2,0.6118
2022-23,Christian Braun,1631128,7,25.0,2.0,0.0,1.0
2022-23,Christian Braun,1631128,9,24.0,11.0,0.5,0.47750000000000004
2022-23,Christian Braun,1631128,10,20.0,6.0,0.0,0.75
2022-23,Christian Braun,1631128,14,22.0,4.0,3.0,0.4
2022-23,Christian Braun,1631128,16,32.0,10.0,1.0,0.571
2022-23,Christian Braun,1631128,20,32.0,10.0,2.0,0.364
2022-23,Christian Koloko,1631132,-8,22.0,5.0,0.0,0.25
2022-23,Christian Koloko,1631132,-7,22.0,5.0,2.0,1.0
2022-23,Christian Koloko,1631132,-2,20.0,3.0,0.0,1.0
2022-23,Christian Koloko,1631132,0,23.0,2.0,1.0,0.25
2022-23,Christian Koloko,1631132,4,21.0,5.0,1.0,0.25
2022-23,Christian Koloko,1631132,5,30.0,7.0,1.0,0.5
2022-23,Christian Koloko,1631132,6,20.0,4.0,2.0,0.25
2022-23,Christian Koloko,1631132,9,21.0,1.0,0.0,0.0
2022-23,Christian Koloko,1631132,10,24.0,7.0,3.0,0.75
2022-23,Christian Koloko,1631132,11,21.0,6.0,2.0,0.429
2022-23,Christian Koloko,1631132,19,31.0,11.0,2.0,0.5
2022-23,Christian Koloko,1631132,22,21.0,8.0,0.0,1.0
2022-23,Christian Koloko,1631132,23,21.0,9.0,0.0,0.571
2022-23,Christian Koloko,1631132,30,23.0,2.0,0.0,0.25
2022-23,Christian Wood,1626174,-24,35.0,23.0,2.0,0.364
2022-23,Christian Wood,1626174,-23,27.0,21.0,2.0,0.533
2022-23,Christian Wood,1626174,-18,28.0,12.0,1.0,0.417
2022-23,Christian Wood,1626174,-16,29.5,8.0,0.5,0.22649999999999998
2022-23,Christian Wood,1626174,-15,34.0,15.0,1.0,0.364
2022-23,Christian Wood,1626174,-13,22.0,10.0,0.0,0.375
2022-23,Christian Wood,1626174,-11,20.0,8.0,1.0,0.333
2022-23,Christian Wood,1626174,-9,34.0,25.0,3.0,0.769
2022-23,Christian Wood,1626174,-8,34.0,26.0,2.0,0.714
2022-23,Christian Wood,1626174,-7,25.5,16.0,0.0,0.5835
2022-23,Christian Wood,1626174,-6,25.0,19.0,1.5,0.646
2022-23,Christian Wood,1626174,-5,24.0,14.0,0.0,0.333
2022-23,Christian Wood,1626174,-4,26.0,16.666666666666668,2.3333333333333335,0.604
2022-23,Christian Wood,1626174,-3,28.0,8.0,0.0,0.333
2022-23,Christian Wood,1626174,-2,24.0,19.0,4.0,0.5
2022-23,Christian Wood,1626174,-1,22.333333333333332,12.333333333333334,1.0,0.5156666666666666
2022-23,Christian Wood,1626174,0,26.0,25.0,2.5,0.496
2022-23,Christian Wood,1626174,1,28.5,18.25,2.0,0.49525
2022-23,Christian Wood,1626174,2,24.25,16.25,1.0,0.52225
2022-23,Christian Wood,1626174,4,31.5,16.5,6.0,0.45199999999999996
2022-23,Christian Wood,1626174,5,27.333333333333332,21.666666666666668,2.0,0.44733333333333336
2022-23,Christian Wood,1626174,6,30.0,16.5,2.0,0.4645
2022-23,Christian Wood,1626174,7,23.0,5.0,0.0,0.333
2022-23,Christian Wood,1626174,8,29.0,23.0,0.0,0.8
2022-23,Christian Wood,1626174,9,28.333333333333332,19.666666666666668,1.6666666666666667,0.6523333333333333
2022-23,Christian Wood,1626174,10,25.0,19.5,2.0,0.5165
2022-23,Christian Wood,1626174,11,43.0,26.0,2.0,0.5
2022-23,Christian Wood,1626174,13,27.0,18.0,5.0,0.5
2022-23,Christian Wood,1626174,14,25.0,19.0,1.0,0.636
2022-23,Christian Wood,1626174,16,42.0,27.0,6.5,0.647
2022-23,Christian Wood,1626174,19,29.0,32.0,0.0,0.647
2022-23,Christian Wood,1626174,21,26.0,28.0,1.0,0.688
2022-23,Christian Wood,1626174,22,25.0,25.0,3.0,0.5
2022-23,Chuma Okeke,1629643,-15,25.0,5.0,3.0,0.222
2022-23,Chuma Okeke,1629643,-14,28.0,9.5,4.0,0.4275
2022-23,Chuma Okeke,1629643,-13,33.0,10.0,0.0,0.4
2022-23,Chuma Okeke,1629643,-12,25.5,4.0,1.0,0.2665
2022-23,Chuma Okeke,1629643,-11,31.0,5.0,1.0,0.25
2022-23,Chuma Okeke,1629643,-10,31.0,2.0,3.0,0.167
2022-23,Chuma Okeke,1629643,-7,24.0,4.0,1.0,0.333
2022-23,Chuma Okeke,1629643,0,28.0,10.0,2.0,0.429
2022-23,Chuma Okeke,1629643,4,31.0,8.0,2.0,0.4
2022-23,Chuma Okeke,1629643,13,28.5,13.5,3.0,0.5335000000000001
2022-23,Clint Capela,203991,-25,21.0,13.0,0.0,0.857
2022-23,Clint Capela,203991,-24,25.0,13.0,0.0,0.857
2022-23,Clint Capela,203991,-20,27.0,13.0,0.0,0.889
2022-23,Clint Capela,203991,-19,22.5,13.5,0.5,0.732
2022-23,Clint Capela,203991,-18,26.5,15.0,0.0,0.75
2022-23,Clint Capela,203991,-15,25.0,10.0,1.0,0.625
2022-23,Clint Capela,203991,-14,26.5,10.75,1.5,0.60625
2022-23,Clint Capela,203991,-13,32.0,12.0,1.0,0.833
2022-23,Clint Capela,203991,-11,21.0,10.0,0.0,0.714
2022-23,Clint Capela,203991,-9,36.0,16.0,1.0,0.583
2022-23,Clint Capela,203991,-7,28.0,15.0,1.0,0.545
2022-23,Clint Capela,203991,-6,29.666666666666668,12.666666666666666,1.6666666666666667,0.8703333333333333
2022-23,Clint Capela,203991,-5,25.5,12.0,1.0,0.6000000000000001
2022-23,Clint Capela,203991,-4,33.0,10.0,0.0,0.444
2022-23,Clint Capela,203991,-3,22.5,11.5,1.5,0.7855
2022-23,Clint Capela,203991,-2,29.0,13.5,1.1666666666666667,0.6521666666666667
2022-23,Clint Capela,203991,-1,26.0,2.0,0.0,0.333
2022-23,Clint Capela,203991,0,29.5,13.0,1.5,0.6335
2022-23,Clint Capela,203991,1,22.0,5.0,0.0,0.286
2022-23,Clint Capela,203991,2,32.0,17.5,3.0,0.6985
2022-23,Clint Capela,203991,3,26.5,13.5,1.0,0.649
2022-23,Clint Capela,203991,6,29.5,9.5,0.5,0.5835
2022-23,Clint Capela,203991,7,26.0,15.0,1.0,0.538
2022-23,Clint Capela,203991,8,26.0,14.333333333333334,1.0,0.7936666666666667
2022-23,Clint Capela,203991,10,28.0,17.0,0.5,0.696
2022-23,Clint Capela,203991,11,23.5,6.5,1.5,0.5625
2022-23,Clint Capela,203991,13,24.0,10.0,0.0,0.8
2022-23,Clint Capela,203991,14,26.0,12.0,1.5,0.5755
2022-23,Clint Capela,203991,15,25.0,10.5,0.5,0.604
2022-23,Clint Capela,203991,17,22.0,9.0,1.0,0.444
2022-23,Clint Capela,203991,21,29.0,20.0,1.0,0.9
2022-23,Clint Capela,203991,22,26.0,6.0,2.0,0.375
2022-23,Clint Capela,203991,23,25.0,12.0,0.0,0.857
2022-23,Clint Capela,203991,24,26.0,18.0,0.0,0.7
2022-23,Clint Capela,203991,27,29.0,14.0,1.0,0.583
2022-23,Coby White,1629632,-30,23.0,5.0,1.0,0.25
2022-23,Coby White,1629632,-14,37.0,8.0,3.0,0.286
2022-23,Coby White,1629632,-13,25.0,4.0,2.0,0.125
2022-23,Coby White,1629632,-10,22.0,14.0,5.0,0.455
2022-23,Coby White,1629632,-9,24.5,7.5,3.75,0.295
2022-23,Coby White,1629632,-8,22.0,8.0,3.0,0.273
2022-23,Coby White,1629632,-7,25.0,15.0,1.0,0.857
2022-23,Coby White,1629632,-6,22.0,7.0,5.0,0.286
2022-23,Coby White,1629632,-5,27.0,15.0,2.5,0.5415
2022-23,Coby White,1629632,-4,23.5,6.0,5.0,0.47150000000000003
2022-23,Coby White,1629632,-3,25.0,11.0,1.0,0.5625
2022-23,Coby White,1629632,-2,25.666666666666668,13.333333333333334,2.0,0.516
2022-23,Coby White,1629632,-1,21.0,10.0,3.0,0.333
2022-23,Coby White,1629632,0,24.75,9.0,1.25,0.43424999999999997
2022-23,Coby White,1629632,1,20.0,7.0,2.0,0.429
2022-23,Coby White,1629632,3,25.25,11.5,1.5,0.48125
2022-23,Coby White,1629632,4,29.0,15.0,4.5,0.4155
2022-23,Coby White,1629632,5,25.0,9.5,4.0,0.4355
2022-23,Coby White,1629632,6,26.5,11.0,2.0,0.442
2022-23,Coby White,1629632,7,25.0,10.0,2.0,0.361
2022-23,Coby White,1629632,8,28.0,14.5,3.5,0.5415
2022-23,Coby White,1629632,12,27.0,18.0,6.0,0.583
2022-23,Coby White,1629632,13,26.0,11.0,7.0,0.571
2022-23,Coby White,1629632,16,42.0,24.0,11.0,0.588
2022-23,Coby White,1629632,17,29.5,12.0,2.5,0.528
2022-23,Coby White,1629632,18,28.333333333333332,18.333333333333332,5.666666666666667,0.5533333333333333
2022-23,Coby White,1629632,19,25.666666666666668,12.666666666666666,3.6666666666666665,0.38833333333333336
2022-23,Coby White,1629632,20,33.0,12.0,4.0,0.5
2022-23,Coby White,1629632,22,25.0,7.0,4.0,0.3
2022-23,Coby White,1629632,24,31.0,19.0,9.0,0.778
2022-23,Cody Martin,1628998,-12,21.0,9.0,3.0,0.75
2022-23,Cody Martin,1628998,-11,21.0,4.0,2.0,0.286
2022-23,Cody Martin,1628998,-7,20.0,8.0,0.0,0.6
2022-23,Cody Martin,1628998,-2,21.0,7.0,2.0,0.429
2022-23,Cody Martin,1628998,2,25.0,3.0,1.0,0.167
2022-23,Cody Martin,1628998,10,21.0,4.0,3.0,0.286
2022-23,Cody Zeller,203469,-24,21.0,17.0,1.0,0.8
2022-23,Cody Zeller,203469,-1,28.0,20.0,0.0,0.692
2022-23,Cole Anthony,1630175,-34,28.0,8.0,3.0,0.231
2022-23,Cole Anthony,1630175,-18,32.0,9.0,5.0,0.2
2022-23,Cole Anthony,1630175,-17,21.0,6.0,1.0,0.429
2022-23,Cole Anthony,1630175,-16,22.0,4.0,2.0,0.0
2022-23,Cole Anthony,1630175,-15,22.75,8.75,2.5,0.3655
2022-23,Cole Anthony,1630175,-14,27.0,17.0,3.0,0.333
2022-23,Cole Anthony,1630175,-13,25.0,8.0,4.0,0.308
2022-23,Cole Anthony,1630175,-11,32.0,28.0,4.0,0.625
2022-23,Cole Anthony,1630175,-9,20.0,8.0,4.0,0.2
2022-23,Cole Anthony,1630175,-7,29.0,14.0,4.0,0.333
2022-23,Cole Anthony,1630175,-6,27.333333333333332,15.0,5.0,0.5479999999999999
2022-23,Cole Anthony,1630175,-5,28.5,16.5,3.5,0.5105
2022-23,Cole Anthony,1630175,-3,28.0,8.0,6.0,0.333
2022-23,Cole Anthony,1630175,-2,26.5,16.0,4.0,0.5145
2022-23,Cole Anthony,1630175,-1,25.666666666666668,15.666666666666666,3.6666666666666665,0.4816666666666667
2022-23,Cole Anthony,1630175,0,26.8,15.6,3.6,0.5346
2022-23,Cole Anthony,1630175,1,24.5,13.5,6.0,0.402
2022-23,Cole Anthony,1630175,2,27.0,10.0,5.0,0.455
2022-23,Cole Anthony,1630175,3,24.5,4.5,4.0,0.155
2022-23,Cole Anthony,1630175,4,21.0,6.0,0.0,0.25
2022-23,Cole Anthony,1630175,5,23.0,12.0,5.0,0.4
2022-23,Cole Anthony,1630175,6,28.5,16.5,4.0,0.5225
2022-23,Cole Anthony,1630175,7,28.666666666666668,16.333333333333332,3.0,0.5870000000000001
2022-23,Cole Anthony,1630175,8,25.0,7.5,3.5,0.381
2022-23,Cole Anthony,1630175,10,26.0,17.5,5.5,0.7085
2022-23,Cole Anthony,1630175,11,29.0,14.0,6.0,0.556
2022-23,Cole Anthony,1630175,12,33.0,16.0,3.0,0.556
2022-23,Cole Anthony,1630175,15,25.0,16.333333333333332,3.6666666666666665,0.49433333333333335
2022-23,Cole Anthony,1630175,19,25.0,19.5,5.5,0.619
2022-23,Cole Anthony,1630175,21,27.0,13.0,4.0,0.385
2022-23,Cole Anthony,1630175,22,30.0,23.0,9.0,0.8
2022-23,Cole Swider,1631306,-2,25.0,6.0,3.0,0.333
2022-23,Collin Sexton,1629012,-23,31.0,22.0,5.0,0.6
2022-23,Collin Sexton,1629012,-20,21.0,13.0,0.0,0.5
2022-23,Collin Sexton,1629012,-13,30.0,15.0,5.0,0.5
2022-23,Collin Sexton,1629012,-12,21.0,19.0,2.0,0.727
2022-23,Collin Sexton,1629012,-11,35.0,17.0,12.0,0.583
2022-23,Collin Sexton,1629012,-9,24.0,9.5,2.5,0.3925
2022-23,Collin Sexton,1629012,-5,25.0,10.0,1.0,0.667
2022-23,Collin Sexton,1629012,-4,23.666666666666668,16.0,1.6666666666666667,0.5906666666666667
2022-23,Collin Sexton,1629012,-3,25.5,16.5,3.0,0.48350000000000004
2022-23,Collin Sexton,1629012,-2,21.0,11.0,1.0,0.333
2022-23,Collin Sexton,1629012,-1,25.0,16.5,3.5,0.532
2022-23,Collin Sexton,1629012,1,32.5,21.0,5.5,0.6034999999999999
2022-23,Collin Sexton,1629012,2,26.5,15.0,4.0,0.5415
2022-23,Collin Sexton,1629012,3,23.5,16.5,2.5,0.4185
2022-23,Collin Sexton,1629012,4,28.0,9.0,1.0,0.333
2022-23,Collin Sexton,1629012,5,36.0,17.0,6.0,0.636
2022-23,Collin Sexton,1629012,6,26.0,17.0,3.0,0.444
2022-23,Collin Sexton,1629012,7,27.0,16.333333333333332,3.6666666666666665,0.5126666666666667
2022-23,Collin Sexton,1629012,8,25.5,19.5,1.0,0.5225
2022-23,Collin Sexton,1629012,10,29.0,18.0,6.0,0.5
2022-23,Collin Sexton,1629012,17,23.0,18.0,3.0,0.583
2022-23,Collin Sexton,1629012,19,27.0,17.666666666666668,3.0,0.5196666666666666
2022-23,Corey Kispert,1630557,-26,35.0,9.0,1.0,0.273
2022-23,Corey Kispert,1630557,-23,34.5,16.0,1.5,0.4275
2022-23,Corey Kispert,1630557,-18,21.0,8.0,0.0,0.375
2022-23,Corey Kispert,1630557,-17,34.0,29.0,0.0,0.526
2022-23,Corey Kispert,1630557,-16,22.0,7.0,1.0,0.429
2022-23,Corey Kispert,1630557,-15,23.0,6.0,3.0,0.5
2022-23,Corey Kispert,1630557,-14,34.0,12.0,1.0,0.4
2022-23,Corey Kispert,1630557,-13,27.5,6.0,1.0,0.3215
2022-23,Corey Kispert,1630557,-12,32.666666666666664,11.666666666666666,2.0,0.387
2022-23,Corey Kispert,1630557,-11,25.5,14.0,1.0,0.6875
2022-23,Corey Kispert,1630557,-9,32.6,8.6,1.4,0.42400000000000004
2022-23,Corey Kispert,1630557,-8,33.0,14.0,1.0,0.4
2022-23,Corey Kispert,1630557,-6,30.333333333333332,9.333333333333334,1.3333333333333333,0.5
2022-23,Corey Kispert,1630557,-5,32.666666666666664,11.0,1.3333333333333333,0.5326666666666667
2022-23,Corey Kispert,1630557,-4,27.666666666666668,13.0,0.0,0.581
2022-23,Corey Kispert,1630557,-3,37.0,12.0,2.0,0.5
2022-23,Corey Kispert,1630557,-2,34.0,18.5,1.0,0.846
2022-23,Corey Kispert,1630557,-1,31.333333333333332,13.333333333333334,0.6666666666666666,0.5513333333333333
2022-23,Corey Kispert,1630557,0,27.25,11.75,1.25,0.369
2022-23,Corey Kispert,1630557,1,32.0,8.0,2.0,0.429
2022-23,Corey Kispert,1630557,2,25.0,12.0,2.0,0.667
2022-23,Corey Kispert,1630557,4,33.0,17.5,1.0,0.637
2022-23,Corey Kispert,1630557,5,23.0,7.0,1.0,0.5
2022-23,Corey Kispert,1630557,7,27.0,14.0,2.0,0.455
2022-23,Corey Kispert,1630557,8,38.0,17.0,3.0,0.667
2022-23,Corey Kispert,1630557,9,28.333333333333332,11.333333333333334,1.0,0.5566666666666666
2022-23,Corey Kispert,1630557,11,30.0,10.5,0.5,0.4145
2022-23,Corey Kispert,1630557,13,32.0,12.0,1.0,0.625
2022-23,Corey Kispert,1630557,14,30.5,16.5,2.0,0.7275
2022-23,Corey Kispert,1630557,16,27.5,10.5,1.0,0.7855
2022-23,Corey Kispert,1630557,17,31.0,14.0,1.0,0.625
2022-23,Corey Kispert,1630557,19,27.5,12.0,2.0,0.619
2022-23,Corey Kispert,1630557,25,37.0,11.0,1.0,0.429
2022-23,Cory Joseph,202709,-19,20.0,8.0,5.0,0.5
2022-23,Cory Joseph,202709,-18,28.5,9.5,1.5,0.3575
2022-23,Cory Joseph,202709,-15,28.0,16.0,2.0,0.455
2022-23,Cory Joseph,202709,-14,28.5,7.5,4.5,0.3635
2022-23,Cory Joseph,202709,-13,27.0,12.0,6.0,0.625
2022-23,Cory Joseph,202709,-11,30.0,12.0,4.0,0.571
2022-23,Cory Joseph,202709,-8,21.0,11.0,3.0,0.625
2022-23,Cory Joseph,202709,-6,25.0,12.0,4.0,0.375
2022-23,Cory Joseph,202709,-4,25.0,17.0,5.0,0.636
2022-23,Cory Joseph,202709,-3,20.0,0.0,3.0,0.0
2022-23,Cory Joseph,202709,-1,21.0,10.0,8.0,0.286
2022-23,Cory Joseph,202709,1,28.0,4.0,1.0,0.143
2022-23,Cory Joseph,202709,2,26.0,3.0,4.5,0.1665
2022-23,Cory Joseph,202709,3,25.0,9.0,6.5,0.5854999999999999
2022-23,Cory Joseph,202709,5,22.0,6.0,6.0,0.375
2022-23,Cory Joseph,202709,7,25.0,3.0,5.0,0.333
2022-23,Cory Joseph,202709,9,33.0,13.0,5.0,0.5
2022-23,Cory Joseph,202709,10,27.5,15.5,3.5,0.5225
2022-23,Cory Joseph,202709,13,20.0,8.0,3.0,0.75
2022-23,Cory Joseph,202709,14,32.0,18.0,5.0,0.5
2022-23,Cory Joseph,202709,23,28.0,16.5,5.0,0.5355
2022-23,Cory Joseph,202709,26,28.0,11.0,5.0,0.444
2022-23,D'Angelo Russell,1626156,-32,31.0,15.0,6.0,0.357
2022-23,D'Angelo Russell,1626156,-20,22.0,5.0,4.0,0.25
2022-23,D'Angelo Russell,1626156,-18,29.5,13.0,4.5,0.30000000000000004
2022-23,D'Angelo Russell,1626156,-16,36.0,27.0,6.0,0.625
2022-23,D'Angelo Russell,1626156,-13,29.0,23.0,8.0,0.474
2022-23,D'Angelo Russell,1626156,-12,31.0,25.0,7.0,0.5
2022-23,D'Angelo Russell,1626156,-11,37.5,12.5,7.0,0.275
2022-23,D'Angelo Russell,1626156,-9,36.0,19.0,5.5,0.379
2022-23,D'Angelo Russell,1626156,-8,31.0,14.0,5.333333333333333,0.39599999999999996
2022-23,D'Angelo Russell,1626156,-7,31.0,22.333333333333332,5.0,0.4696666666666667
2022-23,D'Angelo Russell,1626156,-6,20.0,9.0,1.0,0.5
2022-23,D'Angelo Russell,1626156,-5,34.333333333333336,15.666666666666666,7.0,0.42500000000000004
2022-23,D'Angelo Russell,1626156,-4,31.0,13.0,7.0,0.5
2022-23,D'Angelo Russell,1626156,-3,34.666666666666664,19.333333333333332,6.333333333333333,0.38166666666666665
2022-23,D'Angelo Russell,1626156,-2,32.0,9.333333333333334,7.666666666666667,0.35733333333333334
2022-23,D'Angelo Russell,1626156,-1,33.333333333333336,20.0,7.666666666666667,0.4296666666666667
2022-23,D'Angelo Russell,1626156,0,26.666666666666668,9.333333333333334,6.333333333333333,0.39799999999999996
2022-23,D'Angelo Russell,1626156,1,34.0,17.5,9.0,0.3975
2022-23,D'Angelo Russell,1626156,2,30.0,20.333333333333332,6.0,0.5446666666666667
2022-23,D'Angelo Russell,1626156,3,32.333333333333336,25.0,4.666666666666667,0.5076666666666667
2022-23,D'Angelo Russell,1626156,4,33.5,29.0,5.5,0.669
2022-23,D'Angelo Russell,1626156,5,38.0,27.0,4.0,0.471
2022-23,D'Angelo Russell,1626156,6,37.0,20.0,6.666666666666667,0.476
2022-23,D'Angelo Russell,1626156,8,35.5,20.0,5.5,0.5225
2022-23,D'Angelo Russell,1626156,9,33.5,20.5,3.5,0.536
2022-23,D'Angelo Russell,1626156,10,33.0,17.0,5.0,0.462
2022-23,D'Angelo Russell,1626156,11,29.0,18.0,10.0,0.667
2022-23,D'Angelo Russell,1626156,12,35.0,16.0,6.25,0.4125
2022-23,D'Angelo Russell,1626156,13,34.0,26.0,6.0,0.692
2022-23,D'Angelo Russell,1626156,14,35.0,33.0,8.0,0.684
2022-23,D'Angelo Russell,1626156,15,32.0,11.0,6.0,0.417
2022-23,D'Angelo Russell,1626156,18,32.0,18.0,8.5,0.396
2022-23,D'Angelo Russell,1626156,19,35.0,30.0,11.0,0.846
2022-23,D'Angelo Russell,1626156,21,35.0,15.0,12.0,0.7
2022-23,D'Angelo Russell,1626156,26,32.0,17.0,3.0,0.333
2022-23,D'Angelo Russell,1626156,33,36.0,28.0,8.0,0.714
2022-23,D'Angelo Russell,1626156,35,35.0,17.0,4.0,0.583
2022-23,Daishen Nix,1630227,-27,25.0,14.0,5.0,0.6
2022-23,Daishen Nix,1630227,-17,20.0,9.0,1.0,0.375
2022-23,Daishen Nix,1630227,-16,24.0,3.0,1.0,0.2
2022-23,Daishen Nix,1630227,-15,23.0,9.0,1.0,0.375
2022-23,Daishen Nix,1630227,-14,35.0,1.0,2.0,0.0
2022-23,Daishen Nix,1630227,-9,30.0,16.0,3.0,0.368
2022-23,Daishen Nix,1630227,-7,32.0,7.0,5.0,0.231
2022-23,Daishen Nix,1630227,-2,27.5,9.0,1.5,0.375
2022-23,Daishen Nix,1630227,0,21.0,3.0,3.0,0.25
2022-23,Daishen Nix,1630227,2,26.0,9.0,4.0,0.333
2022-23,Daishen Nix,1630227,5,21.0,7.0,2.0,0.667
2022-23,Daishen Nix,1630227,11,27.5,6.0,6.0,0.3095
2022-23,Dalano Banton,1630625,-14,20.0,5.0,1.0,0.2
2022-23,Dalano Banton,1630625,0,24.0,27.0,4.0,0.563
2022-23,Dalen Terry,1631207,1,27.0,13.0,6.0,0.5
2022-23,Damian Jones,1627745,-19,23.0,3.0,1.0,0.25
2022-23,Damian Jones,1627745,-11,21.0,3.0,0.0,0.333
2022-23,Damian Jones,1627745,-8,20.0,7.0,0.0,1.0
2022-23,Damian Jones,1627745,-4,21.0,4.0,0.0,0.667
2022-23,Damian Jones,1627745,-3,23.0,7.0,1.0,1.0
2022-23,Damian Jones,1627745,0,25.0,10.0,1.0,0.8
2022-23,Damian Jones,1627745,3,22.0,7.0,1.0,0.75
2022-23,Damian Jones,1627745,4,32.0,16.0,1.0,1.0
2022-23,Damian Jones,1627745,9,21.0,8.0,1.0,0.8
2022-23,Damian Lillard,203081,-24,36.0,30.0,3.0,0.5
2022-23,Damian Lillard,203081,-21,35.0,38.0,9.0,0.556
2022-23,Damian Lillard,203081,-20,36.0,32.5,8.5,0.4175
2022-23,Damian Lillard,203081,-17,26.0,13.0,7.0,0.143
2022-23,Damian Lillard,203081,-16,29.0,27.0,8.0,0.438
2022-23,Damian Lillard,203081,-14,30.0,32.5,4.0,0.47550000000000003
2022-23,Damian Lillard,203081,-13,37.75,31.5,7.25,0.42925
2022-23,Damian Lillard,203081,-10,28.5,25.0,3.5,0.4255
2022-23,Damian Lillard,203081,-5,40.5,36.0,6.0,0.4185
2022-23,Damian Lillard,203081,-4,39.0,25.0,11.0,0.286
2022-23,Damian Lillard,203081,-3,36.5,26.5,8.0,0.3735
2022-23,Damian Lillard,203081,-2,38.4,32.2,7.4,0.41500000000000004
2022-23,Damian Lillard,203081,-1,36.0,20.0,8.0,0.278
2022-23,Damian Lillard,203081,0,38.0,26.666666666666668,6.333333333333333,0.449
2022-23,Damian Lillard,203081,1,36.0,26.0,7.0,0.5
2022-23,Damian Lillard,203081,2,38.0,38.75,4.5,0.52425
2022-23,Damian Lillard,203081,3,38.0,22.0,11.0,0.4
2022-23,Damian Lillard,203081,4,40.5,35.0,8.0,0.4435
2022-23,Damian Lillard,203081,5,39.0,29.0,6.0,0.45
2022-23,Damian Lillard,203081,6,35.25,35.0,8.5,0.48524999999999996
2022-23,Damian Lillard,203081,7,36.0,37.0,8.0,0.609
2022-23,Damian Lillard,203081,8,38.0,31.0,12.0,0.357
2022-23,Damian Lillard,203081,10,36.0,41.0,6.0,0.4
2022-23,Damian Lillard,203081,11,36.333333333333336,46.666666666666664,8.333333333333334,0.6113333333333334
2022-23,Damian Lillard,203081,12,29.0,36.0,10.0,0.55
2022-23,Damian Lillard,203081,15,39.0,22.0,11.0,0.4
2022-23,Damian Lillard,203081,18,33.0,30.0,12.0,0.421
2022-23,Damian Lillard,203081,21,38.0,44.0,7.5,0.4285
2022-23,Damian Lillard,203081,24,31.5,34.5,5.5,0.622
2022-23,Damian Lillard,203081,25,36.0,40.0,6.0,0.588
2022-23,Damian Lillard,203081,28,28.0,19.0,10.0,0.5
2022-23,Damian Lillard,203081,29,32.0,25.0,10.0,0.35
2022-23,Damian Lillard,203081,30,32.0,21.0,6.0,0.438
2022-23,Damion Lee,1627814,-22,24.0,10.0,2.0,0.286
2022-23,Damion Lee,1627814,-19,20.0,10.0,0.0,0.273
2022-23,Damion Lee,1627814,-17,25.0,8.5,0.5,0.347
2022-23,Damion Lee,1627814,-15,31.0,8.0,1.0,0.429
2022-23,Damion Lee,1627814,-12,22.0,13.0,3.0,0.556
2022-23,Damion Lee,1627814,-10,25.0,8.0,4.0,0.333
2022-23,Damion Lee,1627814,-9,23.0,5.0,1.0,0.5
2022-23,Damion Lee,1627814,-8,22.0,5.0,2.0,0.333
2022-23,Damion Lee,1627814,-7,23.5,7.5,1.5,0.361
2022-23,Damion Lee,1627814,-6,20.5,11.5,1.0,0.5
2022-23,Damion Lee,1627814,-5,26.0,16.0,1.0,0.462
2022-23,Damion Lee,1627814,-3,30.0,22.0,4.0,0.375
2022-23,Damion Lee,1627814,-2,25.0,9.5,6.5,0.345
2022-23,Damion Lee,1627814,-1,27.0,9.0,1.0,0.6
2022-23,Damion Lee,1627814,2,21.0,4.0,2.0,0.167
2022-23,Damion Lee,1627814,3,30.666666666666668,11.0,2.6666666666666665,0.4123333333333334
2022-23,Damion Lee,1627814,5,26.333333333333332,9.666666666666666,2.0,0.5103333333333334
2022-23,Damion Lee,1627814,6,22.0,8.0,1.0,0.5
2022-23,Damion Lee,1627814,7,20.0,10.0,1.3333333333333333,0.47700000000000004
2022-23,Damion Lee,1627814,8,26.333333333333332,9.666666666666666,1.0,0.4526666666666667
2022-23,Damion Lee,1627814,9,25.0,15.0,1.0,0.545
2022-23,Damion Lee,1627814,11,27.0,9.0,0.0,0.75
2022-23,Damion Lee,1627814,12,31.0,31.0,2.0,0.588
2022-23,Damion Lee,1627814,14,22.0,15.0,4.0,0.5
2022-23,Damion Lee,1627814,16,26.0,12.0,2.0,0.5
2022-23,Damion Lee,1627814,17,20.0,6.0,0.0,0.667
2022-23,Damion Lee,1627814,23,37.0,15.0,2.0,0.417
2022-23,Damion Lee,1627814,30,26.0,11.0,4.0,0.375
2022-23,Daniel Gafford,1629655,-20,21.0,7.0,0.0,0.667
2022-23,Daniel Gafford,1629655,-19,21.0,10.5,2.0,0.6
2022-23,Daniel Gafford,1629655,-16,24.0,12.0,0.0,0.857
2022-23,Daniel Gafford,1629655,-15,26.0,8.5,2.5,0.6605
2022-23,Daniel Gafford,1629655,-14,28.0,6.0,0.0,0.5
2022-23,Daniel Gafford,1629655,-13,26.666666666666668,10.0,0.6666666666666666,0.8703333333333333
2022-23,Daniel Gafford,1629655,-11,23.5,20.0,1.5,0.8375
2022-23,Daniel Gafford,1629655,-10,27.333333333333332,9.666666666666666,1.3333333333333333,0.568
2022-23,Daniel Gafford,1629655,-9,26.0,9.0,3.0,0.8
2022-23,Daniel Gafford,1629655,-5,23.0,13.0,2.0,0.833
2022-23,Daniel Gafford,1629655,-4,30.0,13.666666666666666,1.3333333333333333,0.6583333333333333
2022-23,Daniel Gafford,1629655,-1,25.0,11.0,3.0,0.5
2022-23,Daniel Gafford,1629655,0,22.0,4.0,2.0,0.667
2022-23,Daniel Gafford,1629655,1,20.0,19.0,1.0,0.9
2022-23,Daniel Gafford,1629655,2,27.666666666666668,10.0,1.3333333333333333,0.819
2022-23,Daniel Gafford,1629655,4,31.5,13.0,2.0,0.9165
2022-23,Daniel Gafford,1629655,5,26.0,11.0,0.0,0.714
2022-23,Daniel Gafford,1629655,6,24.5,13.5,2.0,0.8634999999999999
2022-23,Daniel Gafford,1629655,7,24.0,14.0,1.0,0.857
2022-23,Daniel Gafford,1629655,9,23.5,11.5,0.5,0.8
2022-23,Daniel Gafford,1629655,11,22.0,11.5,0.0,1.0
2022-23,Daniel Gafford,1629655,12,31.0,18.0,2.0,0.8
2022-23,Daniel Gafford,1629655,15,27.0,17.0,4.0,0.727
2022-23,Daniel Gafford,1629655,16,23.0,10.0,1.0,0.375
2022-23,Daniel Gafford,1629655,17,27.0,11.5,1.0,0.625
2022-23,Daniel Gafford,1629655,18,24.0,14.0,2.0,0.75
2022-23,Daniel Gafford,1629655,24,23.0,13.0,4.0,0.7
2022-23,Daniel Theis,1628464,-5,21.0,11.0,3.0,0.385
2022-23,Danny Green,201980,-12,24.0,13.0,1.0,0.417
2022-23,Danny Green,201980,19,26.0,21.0,3.0,0.571
2022-23,Danuel House Jr.,1627863,-13,20.0,4.0,1.0,0.4
2022-23,Danuel House Jr.,1627863,-12,29.5,8.0,1.0,0.3885
2022-23,Danuel House Jr.,1627863,-11,28.0,8.0,3.0,0.375
2022-23,Danuel House Jr.,1627863,-10,21.5,8.0,1.5,0.48350000000000004
2022-23,Danuel House Jr.,1627863,0,23.0,7.0,1.0,0.75
2022-23,Danuel House Jr.,1627863,3,29.0,11.666666666666666,2.0,0.515
2022-23,Danuel House Jr.,1627863,5,23.0,9.0,3.0,0.273
2022-23,Danuel House Jr.,1627863,7,23.0,4.0,3.0,0.5
2022-23,Danuel House Jr.,1627863,15,20.0,6.0,2.0,0.5
2022-23,Danuel House Jr.,1627863,16,25.0,19.0,2.0,0.625
2022-23,Dario Saric,203967,-31,25.0,11.0,2.0,0.5
2022-23,Dario Saric,203967,-17,23.0,12.0,5.0,0.444
2022-23,Dario Saric,203967,-7,21.0,5.0,3.0,0.25
2022-23,Dario Saric,203967,-5,26.0,3.0,2.0,0.333
2022-23,Dario Saric,203967,-2,22.0,6.0,3.0,0.375
2022-23,Dario Saric,203967,2,21.333333333333332,8.333333333333334,2.0,0.4563333333333333
2022-23,Dario Saric,203967,4,21.0,11.0,3.0,0.571
2022-23,Dario Saric,203967,8,29.5,16.5,5.0,0.5105
2022-23,Dario Saric,203967,10,20.5,6.0,2.5,0.243
2022-23,Dario Saric,203967,14,27.0,21.0,2.0,0.636
2022-23,Dario Saric,203967,16,21.0,17.0,2.0,0.75
2022-23,Dario Saric,203967,20,23.5,16.5,2.0,0.5835
2022-23,Darius Bazley,1629647,-12,26.0,16.0,2.0,0.538
2022-23,Darius Bazley,1629647,-8,21.0,7.0,0.0,0.5
2022-23,Darius Bazley,1629647,-2,22.0,9.0,1.0,0.444
2022-23,Darius Bazley,1629647,0,21.0,6.0,3.0,0.5
2022-23,Darius Bazley,1629647,1,25.0,8.0,0.0,0.429
2022-23,Darius Bazley,1629647,13,30.0,12.0,2.0,0.571
2022-23,Darius Bazley,1629647,18,22.0,14.0,1.0,0.5
2022-23,Darius Bazley,1629647,19,26.0,15.0,0.0,0.636
2022-23,Darius Garland,1629636,-26,38.0,20.0,3.0,0.389
2022-23,Darius Garland,1629636,-17,38.0,17.0,3.0,0.263
2022-23,Darius Garland,1629636,-15,33.0,21.0,8.0,0.4
2022-23,Darius Garland,1629636,-13,34.0,18.0,6.0,0.412
2022-23,Darius Garland,1629636,-12,33.666666666666664,19.0,7.0,0.513
2022-23,Darius Garland,1629636,-11,36.0,15.0,5.0,0.353
2022-23,Darius Garland,1629636,-10,36.5,27.75,7.5,0.53725
2022-23,Darius Garland,1629636,-8,31.0,17.0,8.5,0.587
2022-23,Darius Garland,1629636,-6,33.0,6.0,8.0,0.111
2022-23,Darius Garland,1629636,-5,33.5,17.5,6.0,0.46900000000000003
2022-23,Darius Garland,1629636,-4,34.0,15.0,4.0,0.545
2022-23,Darius Garland,1629636,-3,35.0,15.0,8.0,0.263
2022-23,Darius Garland,1629636,-2,37.0,19.0,12.0,0.471
2022-23,Darius Garland,1629636,-1,34.0,23.0,8.0,0.4
2022-23,Darius Garland,1629636,0,40.0,31.0,9.0,0.4
2022-23,Darius Garland,1629636,1,39.0,22.333333333333332,8.666666666666666,0.4036666666666666
2022-23,Darius Garland,1629636,3,39.0,20.0,6.0,0.4
2022-23,Darius Garland,1629636,4,36.0,23.0,2.0,0.474
2022-23,Darius Garland,1629636,5,36.0,16.5,6.0,0.404
2022-23,Darius Garland,1629636,6,36.75,34.25,6.5,0.53575
2022-23,Darius Garland,1629636,7,33.0,20.0,10.0,0.417
2022-23,Darius Garland,1629636,8,39.0,26.0,7.0,0.5326666666666667
2022-23,Darius Garland,1629636,9,33.0,13.0,8.0,0.333
2022-23,Darius Garland,1629636,10,39.666666666666664,23.666666666666668,11.666666666666666,0.3933333333333333
2022-23,Darius Garland,1629636,11,35.0,20.0,10.0,0.455
2022-23,Darius Garland,1629636,12,27.0,25.0,7.0,0.583
2022-23,Darius Garland,1629636,14,36.0,17.666666666666668,9.666666666666666,0.4286666666666667
2022-23,Darius Garland,1629636,15,31.333333333333332,18.666666666666668,8.666666666666666,0.49866666666666665
2022-23,Darius Garland,1629636,16,40.0,30.0,11.0,0.409
2022-23,Darius Garland,1629636,17,37.0,21.5,10.5,0.44799999999999995
2022-23,Darius Garland,1629636,18,28.0,23.0,5.0,0.6
2022-23,Darius Garland,1629636,19,35.0,21.0,10.0,0.563
2022-23,Darius Garland,1629636,20,28.5,21.5,6.5,0.54
2022-23,Darius Garland,1629636,21,37.0,20.5,8.5,0.477
2022-23,Darius Garland,1629636,22,36.333333333333336,23.666666666666668,8.0,0.4383333333333333
2022-23,Darius Garland,1629636,23,48.0,41.0,6.0,0.615
2022-23,Darius Garland,1629636,24,32.0,21.0,9.0,0.563
2022-23,Darius Garland,1629636,25,32.0,20.5,7.0,0.6255
2022-23,Darius Garland,1629636,26,35.0,24.0,12.0,0.474
2022-23,Darius Garland,1629636,27,22.0,16.0,10.0,0.714
2022-23,Darius Garland,1629636,39,34.0,18.0,11.0,0.5
2022-23,David Duke Jr.,1630561,-25,44.0,15.0,4.0,0.385
2022-23,David Duke Jr.,1630561,-23,20.0,10.0,1.0,0.667
2022-23,David Duke Jr.,1630561,2,25.0,7.0,3.0,0.375
2022-23,David Duke Jr.,1630561,15,27.0,13.0,2.0,0.545
2022-23,David Roddy,1631223,-36,23.0,12.0,1.0,0.417
2022-23,David Roddy,1631223,-24,27.0,11.0,0.0,0.455
2022-23,David Roddy,1631223,-20,28.0,2.0,0.0,0.0
2022-23,David Roddy,1631223,-12,24.0,9.0,1.0,0.375
2022-23,David Roddy,1631223,-11,27.5,6.0,1.0,0.2875
2022-23,David Roddy,1631223,-8,42.0,14.0,5.0,0.316
2022-23,David Roddy,1631223,-7,28.0,2.0,0.0,0.2
2022-23,David Roddy,1631223,-4,24.0,13.5,0.5,0.6115
2022-23,David Roddy,1631223,-3,24.0,13.0,1.0,0.444
2022-23,David Roddy,1631223,-2,22.0,8.0,1.0,0.375
2022-23,David Roddy,1631223,0,23.666666666666668,9.0,1.0,0.47833333333333333
2022-23,David Roddy,1631223,3,38.0,7.0,2.0,0.429
2022-23,David Roddy,1631223,6,33.0,6.0,2.0,0.25
2022-23,David Roddy,1631223,7,27.0,10.0,2.0,0.8
2022-23,David Roddy,1631223,8,20.0,4.0,1.0,0.222
2022-23,David Roddy,1631223,9,26.0,19.0,1.0,0.727
2022-23,David Roddy,1631223,11,22.0,24.0,0.0,0.769
2022-23,David Roddy,1631223,12,27.0,11.0,0.0,0.5
2022-23,David Roddy,1631223,13,25.0,13.0,0.0,0.625
2022-23,David Roddy,1631223,14,20.0,11.0,1.0,0.6
2022-23,David Roddy,1631223,16,24.0,7.0,1.0,0.6
2022-23,David Roddy,1631223,18,21.5,9.5,2.0,0.46900000000000003
2022-23,David Roddy,1631223,22,24.0,4.0,2.0,0.4
2022-23,Davion Mitchell,1630558,-32,27.0,5.0,5.0,0.154
2022-23,Davion Mitchell,1630558,-28,29.0,10.0,2.0,0.364
2022-23,Davion Mitchell,1630558,-19,21.0,3.0,1.0,0.2
2022-23,Davion Mitchell,1630558,-11,29.0,9.0,4.0,0.444
2022-23,Davion Mitchell,1630558,-10,20.0,4.0,1.0,0.4
2022-23,Davion Mitchell,1630558,-7,25.0,2.0,4.0,0.125
2022-23,Davion Mitchell,1630558,-4,24.0,5.0,0.0,0.5
2022-23,Davion Mitchell,1630558,-2,21.5,9.0,2.0,0.5275
2022-23,Davion Mitchell,1630558,0,21.0,5.0,2.0,0.5
2022-23,Davion Mitchell,1630558,1,22.5,7.0,3.5,0.675
2022-23,Davion Mitchell,1630558,5,29.0,12.5,3.0,0.534
2022-23,Davion Mitchell,1630558,6,25.0,7.0,2.0,0.286
2022-23,Davion Mitchell,1630558,7,29.0,11.0,6.0,0.455
2022-23,Davion Mitchell,1630558,8,24.0,9.0,5.0,0.333
2022-23,Davion Mitchell,1630558,9,27.0,6.0,4.0,0.5
2022-23,Davion Mitchell,1630558,11,21.5,5.5,3.0,0.4165
2022-23,Davion Mitchell,1630558,15,32.0,8.0,6.0,0.6
2022-23,Davion Mitchell,1630558,17,32.0,15.0,4.0,0.6
2022-23,Davion Mitchell,1630558,18,32.0,15.0,6.0,0.75
2022-23,Davis Bertans,202722,-8,28.0,11.0,0.0,0.571
2022-23,Davis Bertans,202722,-7,28.0,19.0,1.0,0.538
2022-23,Davon Reed,1628432,-5,24.0,0.0,2.0,0.0
2022-23,Davon Reed,1628432,9,20.0,7.0,0.0,0.333
2022-23,Davon Reed,1628432,20,25.0,9.0,1.0,0.5
2022-23,Day'Ron Sharpe,1630549,-26,26.0,9.0,0.0,0.571
2022-23,Day'Ron Sharpe,1630549,-23,25.0,5.0,4.0,0.333
2022-23,Day'Ron Sharpe,1630549,-10,22.0,4.0,1.0,0.125
2022-23,Day'Ron Sharpe,1630549,-9,29.0,11.0,2.0,0.385
2022-23,Day'Ron Sharpe,1630549,-4,21.0,5.0,2.0,0.333
2022-23,Day'Ron Sharpe,1630549,4,32.0,20.0,1.0,0.615
2022-23,Day'Ron Sharpe,1630549,9,20.0,8.0,3.0,0.5
2022-23,Day'Ron Sharpe,1630549,10,20.0,9.0,3.0,0.444
2022-23,Day'Ron Sharpe,1630549,23,28.0,8.0,1.0,0.444
2022-23,De'Aaron Fox,1628368,-34,28.0,18.0,3.0,0.545
2022-23,De'Aaron Fox,1628368,-30,30.0,16.0,8.0,0.583
2022-23,De'Aaron Fox,1628368,-26,30.0,20.0,2.0,0.353
2022-23,De'Aaron Fox,1628368,-20,33.0,37.0,2.0,0.56
2022-23,De'Aaron Fox,1628368,-16,28.0,11.0,5.0,0.333
2022-23,De'Aaron Fox,1628368,-14,29.0,13.0,1.0,0.333
2022-23,De'Aaron Fox,1628368,-13,34.0,33.0,7.0,0.545
2022-23,De'Aaron Fox,1628368,-12,40.0,37.0,3.0,0.583
2022-23,De'Aaron Fox,1628368,-11,29.0,15.0,6.0,0.425
2022-23,De'Aaron Fox,1628368,-10,34.0,26.0,3.0,0.563
2022-23,De'Aaron Fox,1628368,-8,30.0,26.0,4.0,0.625
2022-23,De'Aaron Fox,1628368,-7,35.333333333333336,26.666666666666668,7.0,0.4723333333333333
2022-23,De'Aaron Fox,1628368,-6,37.0,37.0,6.0,0.682
2022-23,De'Aaron Fox,1628368,-4,36.0,31.5,8.5,0.501
2022-23,De'Aaron Fox,1628368,-3,34.0,29.0,5.666666666666667,0.5466666666666667
2022-23,De'Aaron Fox,1628368,-2,38.0,30.5,7.25,0.5305
2022-23,De'Aaron Fox,1628368,-1,33.5,22.0,4.0,0.4065
2022-23,De'Aaron Fox,1628368,0,36.0,28.0,6.0,0.471
2022-23,De'Aaron Fox,1628368,1,35.0,33.0,7.0,0.571
2022-23,De'Aaron Fox,1628368,2,36.333333333333336,22.666666666666668,5.0,0.38599999999999995
2022-23,De'Aaron Fox,1628368,3,32.5,27.666666666666668,4.5,0.5356666666666666
2022-23,De'Aaron Fox,1628368,4,36.2,27.8,4.8,0.46980000000000005
2022-23,De'Aaron Fox,1628368,5,33.333333333333336,33.0,6.0,0.6429999999999999
2022-23,De'Aaron Fox,1628368,6,41.0,27.0,10.0,0.391
2022-23,De'Aaron Fox,1628368,7,34.0,28.0,6.0,0.594
2022-23,De'Aaron Fox,1628368,8,35.0,20.0,7.0,0.387
2022-23,De'Aaron Fox,1628368,9,28.0,15.0,8.0,0.429
2022-23,De'Aaron Fox,1628368,10,31.5,26.5,9.5,0.653
2022-23,De'Aaron Fox,1628368,11,27.5,19.0,9.0,0.4585
2022-23,De'Aaron Fox,1628368,12,35.0,33.0,7.0,0.611
2022-23,De'Aaron Fox,1628368,13,32.0,24.0,10.0,0.5505
2022-23,De'Aaron Fox,1628368,14,32.0,17.0,10.0,0.5
2022-23,De'Aaron Fox,1628368,15,34.0,22.0,8.0,0.526
2022-23,De'Aaron Fox,1628368,17,32.5,22.5,7.0,0.491
2022-23,De'Aaron Fox,1628368,18,29.0,23.0,9.0,0.435
2022-23,De'Aaron Fox,1628368,19,34.75,22.5,7.25,0.5097499999999999
2022-23,De'Aaron Fox,1628368,20,27.0,19.0,6.0,0.636
2022-23,De'Aaron Fox,1628368,28,27.0,18.0,6.0,0.5
2022-23,De'Aaron Fox,1628368,36,31.0,28.0,8.0,0.733
2022-23,De'Andre Hunter,1629631,-27,36.0,15.0,2.0,0.353
2022-23,De'Andre Hunter,1629631,-23,28.0,20.0,3.0,0.6
2022-23,De'Andre Hunter,1629631,-21,28.0,12.0,0.5,0.354
2022-23,De'Andre Hunter,1629631,-20,20.0,19.0,0.0,0.438
2022-23,De'Andre Hunter,1629631,-19,33.0,12.0,2.0,0.417
2022-23,De'Andre Hunter,1629631,-17,29.5,12.5,2.5,0.47650000000000003
2022-23,De'Andre Hunter,1629631,-15,31.0,20.0,4.0,0.467
2022-23,De'Andre Hunter,1629631,-12,31.5,15.5,0.0,0.359
2022-23,De'Andre Hunter,1629631,-9,32.666666666666664,15.333333333333334,2.3333333333333335,0.47866666666666663
2022-23,De'Andre Hunter,1629631,-7,32.75,12.5,0.75,0.34375
2022-23,De'Andre Hunter,1629631,-5,31.0,14.0,0.0,0.4
2022-23,De'Andre Hunter,1629631,-4,33.5,13.75,1.0,0.396
2022-23,De'Andre Hunter,1629631,-3,38.0,17.0,2.0,0.462
2022-23,De'Andre Hunter,1629631,-2,33.666666666666664,15.333333333333334,2.6666666666666665,0.508
2022-23,De'Andre Hunter,1629631,-1,34.0,12.666666666666666,0.3333333333333333,0.45933333333333337
2022-23,De'Andre Hunter,1629631,0,33.0,15.0,4.0,0.6
2022-23,De'Andre Hunter,1629631,1,32.4,14.8,1.4,0.4666
2022-23,De'Andre Hunter,1629631,2,33.5,19.5,1.5,0.4645
2022-23,De'Andre Hunter,1629631,3,35.666666666666664,16.0,1.3333333333333333,0.4633333333333333
2022-23,De'Andre Hunter,1629631,4,32.333333333333336,19.333333333333332,2.3333333333333335,0.5733333333333334
2022-23,De'Andre Hunter,1629631,5,33.5,22.5,2.5,0.5325
2022-23,De'Andre Hunter,1629631,6,30.0,10.5,0.5,0.396
2022-23,De'Andre Hunter,1629631,7,25.0,11.0,2.0,0.444
2022-23,De'Andre Hunter,1629631,8,34.0,25.0,1.0,0.5
2022-23,De'Andre Hunter,1629631,9,30.0,18.5,1.5,0.5045
2022-23,De'Andre Hunter,1629631,10,31.4,15.2,1.2,0.43499999999999994
2022-23,De'Andre Hunter,1629631,12,35.5,18.5,1.0,0.5645
2022-23,De'Andre Hunter,1629631,16,36.0,11.0,0.0,0.4
2022-23,De'Andre Hunter,1629631,19,28.0,12.0,2.0,0.364
2022-23,De'Andre Hunter,1629631,21,32.0,24.0,1.0,0.615
2022-23,De'Andre Hunter,1629631,22,35.0,21.0,1.0,0.429
2022-23,De'Andre Hunter,1629631,23,25.0,15.0,1.0,0.667
2022-23,De'Anthony Melton,1629001,-25,27.0,9.0,2.0,0.364
2022-23,De'Anthony Melton,1629001,-19,24.0,5.0,1.0,0.4
2022-23,De'Anthony Melton,1629001,-17,25.0,7.0,2.0,0.25
2022-23,De'Anthony Melton,1629001,-16,21.0,3.0,0.0,0.2
2022-23,De'Anthony Melton,1629001,-15,21.5,7.0,2.5,0.55
2022-23,De'Anthony Melton,1629001,-13,20.5,8.5,2.5,0.607
2022-23,De'Anthony Melton,1629001,-12,26.5,11.0,3.5,0.375
2022-23,De'Anthony Melton,1629001,-11,36.0,8.0,2.0,0.333
2022-23,De'Anthony Melton,1629001,-8,39.0,19.0,1.0,0.467
2022-23,De'Anthony Melton,1629001,-7,28.0,5.0,1.0,0.286
2022-23,De'Anthony Melton,1629001,-6,21.0,3.0,2.0,0.2
2022-23,De'Anthony Melton,1629001,-4,32.75,15.75,2.75,0.54175
2022-23,De'Anthony Melton,1629001,-3,29.8,10.0,2.6,0.4298
2022-23,De'Anthony Melton,1629001,-2,26.8,11.0,2.8,0.4426
2022-23,De'Anthony Melton,1629001,-1,35.5,13.0,2.5,0.361
2022-23,De'Anthony Melton,1629001,0,30.0,11.5,5.5,0.361
2022-23,De'Anthony Melton,1629001,1,34.0,9.5,3.5,0.3215
2022-23,De'Anthony Melton,1629001,2,30.333333333333332,13.0,3.6666666666666665,0.35566666666666663
2022-23,De'Anthony Melton,1629001,3,33.5,20.0,2.0,0.594
2022-23,De'Anthony Melton,1629001,4,21.5,6.5,2.0,0.2855
2022-23,De'Anthony Melton,1629001,6,31.666666666666668,10.333333333333334,3.6666666666666665,0.47633333333333333
2022-23,De'Anthony Melton,1629001,8,37.5,12.5,2.5,0.357
2022-23,De'Anthony Melton,1629001,9,28.0,9.5,4.5,0.3915
2022-23,De'Anthony Melton,1629001,10,20.0,8.0,2.0,0.333
2022-23,De'Anthony Melton,1629001,11,25.666666666666668,12.0,4.333333333333333,0.606
2022-23,De'Anthony Melton,1629001,12,30.333333333333332,6.666666666666667,1.6666666666666667,0.3333333333333333
2022-23,De'Anthony Melton,1629001,14,27.666666666666668,11.333333333333334,2.0,0.39366666666666666
2022-23,De'Anthony Melton,1629001,15,28.0,12.0,2.0,0.5
2022-23,De'Anthony Melton,1629001,16,32.0,17.0,1.0,0.556
2022-23,De'Anthony Melton,1629001,17,34.0,13.0,3.0,0.5
2022-23,De'Anthony Melton,1629001,18,32.0,8.0,2.0,0.4
2022-23,De'Anthony Melton,1629001,21,34.0,14.0,5.0,0.6
2022-23,De'Anthony Melton,1629001,27,30.0,17.0,3.0,0.538
2022-23,De'Anthony Melton,1629001,29,33.0,25.0,4.0,0.5
2022-23,DeAndre Jordan,201599,-11,24.0,6.0,0.0,0.6
2022-23,DeAndre Jordan,201599,-8,21.0,5.0,0.0,0.4
2022-23,DeAndre Jordan,201599,-7,30.0,12.0,1.0,1.0
2022-23,DeAndre Jordan,201599,-6,20.0,6.0,2.0,1.0
2022-23,DeAndre Jordan,201599,2,26.0,6.0,2.0,0.667
2022-23,DeAndre Jordan,201599,4,33.0,8.0,1.0,0.8
2022-23,DeAndre Jordan,201599,8,26.0,8.0,3.0,1.0
2022-23,DeAndre Jordan,201599,10,26.0,4.0,2.0,0.5
2022-23,DeAndre Jordan,201599,11,20.0,12.0,1.0,0.667
2022-23,DeMar DeRozan,201942,-30,20.0,4.0,1.0,0.0
2022-23,DeMar DeRozan,201942,-26,25.0,16.0,4.0,0.545
2022-23,DeMar DeRozan,201942,-23,32.5,14.0,5.0,0.40700000000000003
2022-23,DeMar DeRozan,201942,-22,35.0,31.0,6.0,0.722
2022-23,DeMar DeRozan,201942,-21,36.0,8.0,6.0,0.25
2022-23,DeMar DeRozan,201942,-20,38.0,22.0,5.0,0.6
2022-23,DeMar DeRozan,201942,-17,40.0,31.0,9.0,0.611
2022-23,DeMar DeRozan,201942,-15,34.5,23.0,1.5,0.5025000000000001
2022-23,DeMar DeRozan,201942,-14,33.0,24.5,4.5,0.5725
2022-23,DeMar DeRozan,201942,-12,29.0,14.5,5.0,0.467
2022-23,DeMar DeRozan,201942,-11,39.0,33.0,3.0,0.5
2022-23,DeMar DeRozan,201942,-10,35.0,19.0,6.0,0.4
2022-23,DeMar DeRozan,201942,-9,36.833333333333336,27.0,4.0,0.476
2022-23,DeMar DeRozan,201942,-8,34.333333333333336,22.333333333333332,3.3333333333333335,0.586
2022-23,DeMar DeRozan,201942,-6,35.5,14.5,3.5,0.4665
2022-23,DeMar DeRozan,201942,-5,36.5,28.5,5.5,0.47750000000000004
2022-23,DeMar DeRozan,201942,-4,31.0,21.5,6.0,0.546
2022-23,DeMar DeRozan,201942,-3,34.0,25.0,4.5,0.48350000000000004
2022-23,DeMar DeRozan,201942,-1,32.0,20.0,1.0,0.381
2022-23,DeMar DeRozan,201942,1,35.333333333333336,26.0,4.666666666666667,0.49266666666666664
2022-23,DeMar DeRozan,201942,2,36.8,27.4,6.0,0.49660000000000004
2022-23,DeMar DeRozan,201942,3,45.0,34.0,8.0,0.476
2022-23,DeMar DeRozan,201942,4,46.0,25.0,2.0,0.455
2022-23,DeMar DeRozan,201942,5,36.0,25.666666666666668,4.666666666666667,0.5066666666666667
2022-23,DeMar DeRozan,201942,6,39.0,23.5,8.0,0.491
2022-23,DeMar DeRozan,201942,7,36.5,12.0,7.0,0.333
2022-23,DeMar DeRozan,201942,9,37.0,12.0,6.0,0.308
2022-23,DeMar DeRozan,201942,10,36.333333333333336,31.333333333333332,5.666666666666667,0.47733333333333333
2022-23,DeMar DeRozan,201942,11,45.0,36.5,4.5,0.6214999999999999
2022-23,DeMar DeRozan,201942,13,38.0,33.333333333333336,4.666666666666667,0.523
2022-23,DeMar DeRozan,201942,14,39.5,20.5,9.0,0.521
2022-23,DeMar DeRozan,201942,15,37.0,31.0,6.5,0.5415
2022-23,DeMar DeRozan,201942,16,39.0,35.0,7.0,0.591
2022-23,DeMar DeRozan,201942,17,35.5,31.5,7.5,0.6045
2022-23,DeMar DeRozan,201942,20,36.0,27.0,5.0,0.491
2022-23,DeMar DeRozan,201942,24,32.0,23.0,4.0,0.533
2022-23,DeMar DeRozan,201942,29,35.0,29.0,6.0,0.733
2022-23,DeMar DeRozan,201942,32,33.0,19.0,5.0,0.471
2022-23,DeMar DeRozan,201942,35,27.0,17.0,4.0,0.471
2022-23,DeMar DeRozan,201942,38,31.0,28.0,5.0,0.692
2022-23,Dean Wade,1629731,-22,36.0,7.0,2.0,0.286
2022-23,Dean Wade,1629731,-12,25.0,5.0,2.0,0.4
2022-23,Dean Wade,1629731,-11,21.0,8.0,2.0,0.75
2022-23,Dean Wade,1629731,-9,28.0,8.0,1.0,0.3
2022-23,Dean Wade,1629731,-8,29.0,3.0,1.0,0.2
2022-23,Dean Wade,1629731,-6,34.0,3.0,1.0,0.2
2022-23,Dean Wade,1629731,-5,23.0,9.0,1.0,0.5
2022-23,Dean Wade,1629731,0,23.5,5.0,1.0,0.36650000000000005
2022-23,Dean Wade,1629731,1,25.0,0.0,1.0,0.0
2022-23,Dean Wade,1629731,2,23.5,3.0,0.5,0.143
2022-23,Dean Wade,1629731,9,29.0,12.0,0.0,0.571
2022-23,Dean Wade,1629731,10,23.5,9.0,1.5,0.384
2022-23,Dean Wade,1629731,11,22.0,7.0,2.0,0.429
2022-23,Dean Wade,1629731,13,24.0,2.0,1.0,0.333
2022-23,Dean Wade,1629731,14,27.0,8.0,1.0,0.4
2022-23,Dean Wade,1629731,15,26.0,5.5,2.0,0.5835
2022-23,Dean Wade,1629731,18,30.0,10.0,0.0,0.75
2022-23,Dean Wade,1629731,19,21.0,12.0,2.0,0.75
2022-23,Dean Wade,1629731,20,33.666666666666664,10.666666666666666,2.0,0.4963333333333333
2022-23,Deandre Ayton,1629028,-28,24.0,8.0,2.0,0.571
2022-23,Deandre Ayton,1629028,-26,26.0,20.0,0.0,0.75
2022-23,Deandre Ayton,1629028,-24,29.0,12.0,2.0,0.462
2022-23,Deandre Ayton,1629028,-23,26.0,14.0,1.0,0.583
2022-23,Deandre Ayton,1629028,-18,30.0,4.0,3.0,0.2
2022-23,Deandre Ayton,1629028,-17,32.0,28.0,5.0,0.722
2022-23,Deandre Ayton,1629028,-16,32.0,30.0,0.0,0.6
2022-23,Deandre Ayton,1629028,-15,25.5,18.0,0.5,0.6194999999999999
2022-23,Deandre Ayton,1629028,-14,30.0,18.0,1.0,0.727
2022-23,Deandre Ayton,1629028,-13,33.5,18.0,1.0,0.5225
2022-23,Deandre Ayton,1629028,-11,30.25,18.0,1.5,0.594
2022-23,Deandre Ayton,1629028,-9,29.0,23.0,2.0,0.667
2022-23,Deandre Ayton,1629028,-8,34.5,21.5,1.5,0.742
2022-23,Deandre Ayton,1629028,-6,34.0,14.0,5.0,0.538
2022-23,Deandre Ayton,1629028,-5,33.666666666666664,20.0,3.3333333333333335,0.5313333333333333
2022-23,Deandre Ayton,1629028,-4,34.0,29.0,3.0,0.579
2022-23,Deandre Ayton,1629028,-3,32.5,18.5,1.0,0.5
2022-23,Deandre Ayton,1629028,-2,30.0,14.0,0.0,0.545
2022-23,Deandre Ayton,1629028,-1,31.333333333333332,17.0,0.6666666666666666,0.46
2022-23,Deandre Ayton,1629028,0,36.5,19.5,4.0,0.5914999999999999
2022-23,Deandre Ayton,1629028,1,32.8,21.4,1.8,0.5582
2022-23,Deandre Ayton,1629028,2,29.666666666666668,19.333333333333332,2.6666666666666665,0.5486666666666667
2022-23,Deandre Ayton,1629028,3,29.666666666666668,16.0,1.6666666666666667,0.6876666666666665
2022-23,Deandre Ayton,1629028,4,33.0,9.0,0.0,0.667
2022-23,Deandre Ayton,1629028,6,26.0,13.0,4.0,0.667
2022-23,Deandre Ayton,1629028,7,31.0,15.0,1.0,0.6725000000000001
2022-23,Deandre Ayton,1629028,9,32.0,15.0,3.0,0.6679999999999999
2022-23,Deandre Ayton,1629028,11,26.0,14.0,0.0,0.659
2022-23,Deandre Ayton,1629028,12,34.0,35.0,0.0,0.778
2022-23,Deandre Ayton,1629028,13,29.0,28.0,1.0,0.846
2022-23,Deandre Ayton,1629028,15,30.0,18.0,2.0,0.727
2022-23,Deandre Ayton,1629028,16,31.5,11.5,2.0,0.45
2022-23,Deandre Ayton,1629028,17,29.0,22.5,1.5,0.5735
2022-23,Deandre Ayton,1629028,20,31.0,31.0,2.0,0.867
2022-23,Deandre Ayton,1629028,21,36.0,29.0,2.0,0.765
2022-23,Deandre Ayton,1629028,23,29.0,22.0,2.0,0.643
2022-23,Deandre Ayton,1629028,28,28.0,8.0,1.0,0.364
2022-23,Deandre Ayton,1629028,29,24.0,12.0,2.0,0.556
2022-23,Deandre Ayton,1629028,30,25.0,25.0,3.0,0.714
2022-23,Dejounte Murray,1627749,-29,32.0,11.0,2.0,0.333
2022-23,Dejounte Murray,1627749,-24,33.0,19.0,5.0,0.529
2022-23,Dejounte Murray,1627749,-23,40.0,19.0,4.0,0.563
2022-23,Dejounte Murray,1627749,-21,37.0,21.5,5.5,0.4325
2022-23,Dejounte Murray,1627749,-20,33.5,10.0,3.0,0.2915
2022-23,Dejounte Murray,1627749,-18,36.0,21.0,5.0,0.6
2022-23,Dejounte Murray,1627749,-17,36.0,10.0,3.0,0.214
2022-23,Dejounte Murray,1627749,-15,35.0,28.0,10.0,0.476
2022-23,Dejounte Murray,1627749,-14,35.5,9.5,6.5,0.3175
2022-23,Dejounte Murray,1627749,-13,38.666666666666664,16.333333333333332,4.666666666666667,0.36733333333333335
2022-23,Dejounte Murray,1627749,-12,30.0,20.0,9.0,0.467
2022-23,Dejounte Murray,1627749,-11,37.0,16.666666666666668,6.333333333333333,0.4226666666666667
2022-23,Dejounte Murray,1627749,-10,37.0,26.0,3.0,0.55
2022-23,Dejounte Murray,1627749,-9,39.0,19.0,7.0,0.471
2022-23,Dejounte Murray,1627749,-8,39.0,20.0,9.0,0.471
2022-23,Dejounte Murray,1627749,-7,37.0,26.0,5.0,0.55
2022-23,Dejounte Murray,1627749,-6,35.0,22.0,5.5,0.41874999999999996
2022-23,Dejounte Murray,1627749,-5,35.0,29.0,5.0,0.5
2022-23,Dejounte Murray,1627749,-4,38.0,40.0,7.0,0.52
2022-23,Dejounte Murray,1627749,-2,38.5,18.25,5.5,0.43474999999999997
2022-23,Dejounte Murray,1627749,-1,37.75,20.25,5.5,0.45125
2022-23,Dejounte Murray,1627749,0,40.333333333333336,20.666666666666668,5.0,0.4716666666666667
2022-23,Dejounte Murray,1627749,1,36.333333333333336,20.333333333333332,6.666666666666667,0.43766666666666665
2022-23,Dejounte Murray,1627749,2,38.333333333333336,19.0,6.0,0.45599999999999996
2022-23,Dejounte Murray,1627749,3,35.333333333333336,20.666666666666668,7.0,0.431
2022-23,Dejounte Murray,1627749,4,35.333333333333336,22.333333333333332,8.666666666666666,0.461
2022-23,Dejounte Murray,1627749,6,36.0,19.0,5.0,0.429
2022-23,Dejounte Murray,1627749,7,35.666666666666664,21.0,4.666666666666667,0.4563333333333333
2022-23,Dejounte Murray,1627749,8,36.333333333333336,22.333333333333332,9.666666666666666,0.433
2022-23,Dejounte Murray,1627749,9,36.0,29.0,12.0,0.56
2022-23,Dejounte Murray,1627749,11,33.0,41.0,6.0,0.773
2022-23,Dejounte Murray,1627749,12,33.0,18.0,3.0,0.444
2022-23,Dejounte Murray,1627749,13,39.0,22.0,5.0,0.4885
2022-23,Dejounte Murray,1627749,17,39.0,20.0,9.0,0.5
2022-23,Dejounte Murray,1627749,18,34.0,25.0,8.0,0.579
2022-23,Dejounte Murray,1627749,19,33.0,22.5,3.5,0.5855
2022-23,Dejounte Murray,1627749,21,35.666666666666664,21.666666666666668,8.333333333333334,0.5
2022-23,Dejounte Murray,1627749,26,38.0,36.0,9.0,0.519
2022-23,Dejounte Murray,1627749,40,29.0,21.0,8.0,0.615
2022-23,Delon Wright,1626153,-19,27.0,9.0,7.0,0.6
2022-23,Delon Wright,1626153,-18,31.0,8.0,7.0,0.333
2022-23,Delon Wright,1626153,-16,26.0,7.0,5.0,0.4
2022-23,Delon Wright,1626153,-11,20.0,4.0,2.0,0.5
2022-23,Delon Wright,1626153,-10,27.333333333333332,6.666666666666667,2.6666666666666665,0.532
2022-23,Delon Wright,1626153,-9,27.0,4.0,2.0,0.4
2022-23,Delon Wright,1626153,-4,23.0,5.333333333333333,3.0,0.4443333333333333
2022-23,Delon Wright,1626153,-3,24.75,10.0,3.75,0.57575
2022-23,Delon Wright,1626153,-2,39.0,18.0,7.0,0.6
2022-23,Delon Wright,1626153,-1,32.0,21.0,4.0,0.533
2022-23,Delon Wright,1626153,0,30.0,9.0,4.0,0.75
2022-23,Delon Wright,1626153,1,28.5,6.5,4.0,0.3255
2022-23,Delon Wright,1626153,2,21.0,11.0,4.0,0.375
2022-23,Delon Wright,1626153,4,31.0,7.0,5.0,0.75
2022-23,Delon Wright,1626153,5,33.0,7.0,11.0,0.429
2022-23,Delon Wright,1626153,6,31.0,2.0,10.0,0.167
2022-23,Delon Wright,1626153,7,20.0,15.0,2.0,0.625
2022-23,Delon Wright,1626153,8,32.0,3.0,6.0,0.25
2022-23,Delon Wright,1626153,10,24.333333333333332,3.3333333333333335,3.6666666666666665,0.389
2022-23,Delon Wright,1626153,14,24.0,6.0,1.0,0.286
2022-23,Delon Wright,1626153,16,22.0,9.0,5.0,0.5
2022-23,Delon Wright,1626153,18,20.0,11.0,4.0,0.571
2022-23,Delon Wright,1626153,20,23.0,15.0,8.0,1.0
2022-23,Delon Wright,1626153,21,30.0,8.0,2.0,0.6
2022-23,Delon Wright,1626153,25,29.0,10.0,3.0,0.556
2022-23,Delon Wright,1626153,26,28.0,24.0,3.0,0.643
2022-23,Deni Avdija,1630166,-23,30.5,14.0,4.5,0.539
2022-23,Deni Avdija,1630166,-21,21.0,4.0,1.0,0.4
2022-23,Deni Avdija,1630166,-17,32.5,10.0,5.0,0.473
2022-23,Deni Avdija,1630166,-16,26.5,6.0,2.0,0.28350000000000003
2022-23,Deni Avdija,1630166,-14,27.0,8.0,2.3333333333333335,0.4243333333333334
2022-23,Deni Avdija,1630166,-13,31.0,17.0,2.0,0.5
2022-23,Deni Avdija,1630166,-11,27.666666666666668,12.0,2.3333333333333335,0.5386666666666667
2022-23,Deni Avdija,1630166,-9,29.5,7.0,4.5,0.4165
2022-23,Deni Avdija,1630166,-6,26.0,7.0,3.0,0.429
2022-23,Deni Avdija,1630166,-5,29.5,10.5,2.0,0.5225
2022-23,Deni Avdija,1630166,-3,31.0,9.6,5.0,0.4572
2022-23,Deni Avdija,1630166,-2,28.75,6.5,4.25,0.21725
2022-23,Deni Avdija,1630166,0,32.0,13.5,5.0,0.393
2022-23,Deni Avdija,1630166,1,31.5,10.5,2.5,0.45
2022-23,Deni Avdija,1630166,2,26.0,6.0,0.5,0.3255
2022-23,Deni Avdija,1630166,3,28.333333333333332,10.666666666666666,4.0,0.44566666666666666
2022-23,Deni Avdija,1630166,4,31.75,11.75,3.5,0.375
2022-23,Deni Avdija,1630166,6,28.0,13.5,1.0,0.8075
2022-23,Deni Avdija,1630166,7,30.0,11.0,2.0,0.4265
2022-23,Deni Avdija,1630166,8,34.0,23.0,3.0,0.429
2022-23,Deni Avdija,1630166,9,26.0,11.0,5.0,0.714
2022-23,Deni Avdija,1630166,11,36.0,16.0,4.0,0.5
2022-23,Deni Avdija,1630166,12,28.666666666666668,14.666666666666666,3.6666666666666665,0.5
2022-23,Deni Avdija,1630166,13,27.5,9.0,3.0,0.3585
2022-23,Deni Avdija,1630166,14,27.0,15.0,1.0,0.625
2022-23,Deni Avdija,1630166,16,26.333333333333332,10.0,3.0,0.6583333333333333
2022-23,Deni Avdija,1630166,17,28.0,5.0,1.0,0.333
2022-23,Deni Avdija,1630166,22,34.0,13.0,3.0,0.667
2022-23,Deni Avdija,1630166,25,33.0,25.0,1.0,0.833
2022-23,Dennis Schroder,203471,-18,29.0,30.0,4.0,0.632
2022-23,Dennis Schroder,203471,-17,21.0,4.0,4.0,0.4
2022-23,Dennis Schroder,203471,-16,32.0,11.0,4.0,0.28200000000000003
2022-23,Dennis Schroder,203471,-14,20.0,8.0,1.0,0.286
2022-23,Dennis Schroder,203471,-13,26.0,16.0,0.0,0.462
2022-23,Dennis Schroder,203471,-12,34.0,15.0,2.0,0.5
2022-23,Dennis Schroder,203471,-11,31.5,8.5,1.5,0.3885
2022-23,Dennis Schroder,203471,-9,38.0,7.0,6.0,0.231
2022-23,Dennis Schroder,203471,-8,25.5,11.25,3.0,0.3405
2022-23,Dennis Schroder,203471,-7,34.0,25.0,12.0,0.588
2022-23,Dennis Schroder,203471,-6,28.666666666666668,9.666666666666666,4.0,0.25033333333333335
2022-23,Dennis Schroder,203471,-5,28.5,6.5,2.5,0.333
2022-23,Dennis Schroder,203471,-4,27.0,7.0,4.0,0.5
2022-23,Dennis Schroder,203471,-3,31.0,13.0,3.0,0.5225
2022-23,Dennis Schroder,203471,-1,32.5,8.0,11.0,0.2975
2022-23,Dennis Schroder,203471,1,37.0,13.0,3.0,0.5
2022-23,Dennis Schroder,203471,2,32.0,12.0,9.0,0.417
2022-23,Dennis Schroder,203471,4,33.6,16.6,4.6,0.429
2022-23,Dennis Schroder,203471,5,32.5,6.5,7.5,0.298
2022-23,Dennis Schroder,203471,6,35.5,21.5,5.0,0.47425
2022-23,Dennis Schroder,203471,7,29.333333333333332,15.666666666666666,5.0,0.4483333333333333
2022-23,Dennis Schroder,203471,8,22.0,13.0,2.0,0.571
2022-23,Dennis Schroder,203471,9,30.5,13.0,5.0,0.5155000000000001
2022-23,Dennis Schroder,203471,10,33.5,15.0,2.0,0.4165
2022-23,Dennis Schroder,203471,12,27.0,13.0,6.0,0.571
2022-23,Dennis Schroder,203471,13,35.5,22.0,3.5,0.5635
2022-23,Dennis Schroder,203471,14,30.0,4.0,8.0,0.4
2022-23,Dennis Schroder,203471,15,30.25,10.0,4.75,0.4375
2022-23,Dennis Schroder,203471,16,35.5,21.5,7.5,0.40049999999999997
2022-23,Dennis Schroder,203471,17,34.0,16.0,8.0,0.417
2022-23,Dennis Schroder,203471,20,32.0,12.0,6.0,0.571
2022-23,Dennis Schroder,203471,22,24.0,12.0,5.0,0.333
2022-23,Dennis Schroder,203471,32,33.0,23.0,7.0,0.471
2022-23,Dennis Smith Jr.,1628372,-28,28.0,8.0,5.0,0.429
2022-23,Dennis Smith Jr.,1628372,-26,27.0,8.0,3.0,0.308
2022-23,Dennis Smith Jr.,1628372,-22,31.0,5.0,8.0,0.182
2022-23,Dennis Smith Jr.,1628372,-20,25.0,2.0,6.0,0.1
2022-23,Dennis Smith Jr.,1628372,-19,24.0,9.0,3.0,0.667
2022-23,Dennis Smith Jr.,1628372,-15,25.0,11.0,6.0,0.46
2022-23,Dennis Smith Jr.,1628372,-14,27.5,6.5,5.5,0.268
2022-23,Dennis Smith Jr.,1628372,-13,27.0,15.0,6.0,0.429
2022-23,Dennis Smith Jr.,1628372,-11,26.0,8.0,6.0,0.286
2022-23,Dennis Smith Jr.,1628372,-9,23.0,2.0,6.0,0.143
2022-23,Dennis Smith Jr.,1628372,-7,22.5,8.0,2.5,0.4
2022-23,Dennis Smith Jr.,1628372,-6,20.0,4.0,1.0,0.4
2022-23,Dennis Smith Jr.,1628372,-5,33.666666666666664,7.666666666666667,9.666666666666666,0.34299999999999997
2022-23,Dennis Smith Jr.,1628372,-3,22.666666666666668,10.666666666666666,3.3333333333333335,0.4916666666666667
2022-23,Dennis Smith Jr.,1628372,-2,25.0,5.5,7.0,0.22649999999999998
2022-23,Dennis Smith Jr.,1628372,-1,36.0,15.0,8.0,0.538
2022-23,Dennis Smith Jr.,1628372,0,32.0,10.0,6.0,0.556
2022-23,Dennis Smith Jr.,1628372,1,31.333333333333332,11.333333333333334,5.0,0.4106666666666667
2022-23,Dennis Smith Jr.,1628372,2,22.0,10.0,4.0,0.571
2022-23,Dennis Smith Jr.,1628372,3,22.666666666666668,12.0,3.6666666666666665,0.4406666666666667
2022-23,Dennis Smith Jr.,1628372,4,28.0,14.0,6.0,0.455
2022-23,Dennis Smith Jr.,1628372,5,23.0,12.0,2.0,0.625
2022-23,Dennis Smith Jr.,1628372,9,29.333333333333332,10.666666666666666,5.666666666666667,0.3416666666666666
2022-23,Dennis Smith Jr.,1628372,10,33.0,12.0,8.0,0.667
2022-23,Dennis Smith Jr.,1628372,11,23.0,14.0,3.0,0.7
2022-23,Dennis Smith Jr.,1628372,12,31.333333333333332,13.666666666666666,6.333333333333333,0.5193333333333333
2022-23,Dennis Smith Jr.,1628372,14,31.0,10.0,9.0,0.375
2022-23,Dennis Smith Jr.,1628372,15,24.0,6.0,3.0,0.5
2022-23,Dennis Smith Jr.,1628372,19,20.0,6.0,1.0,0.667
2022-23,Dennis Smith Jr.,1628372,28,21.0,12.0,4.0,0.714
2022-23,Derrick Jones Jr.,1627884,-9,23.0,3.0,3.0,1.0
2022-23,Derrick Jones Jr.,1627884,-6,21.0,6.0,0.0,0.75
2022-23,Derrick Jones Jr.,1627884,-2,30.0,7.0,1.0,0.429
2022-23,Derrick Jones Jr.,1627884,2,22.5,12.0,1.0,0.7065
2022-23,Derrick Jones Jr.,1627884,4,20.0,6.0,0.0,0.333
2022-23,Derrick Jones Jr.,1627884,7,20.0,16.0,1.0,0.6
2022-23,Derrick Jones Jr.,1627884,18,21.0,7.0,3.0,0.333
2022-23,Derrick Jones Jr.,1627884,19,26.0,6.5,1.5,0.5355
2022-23,Derrick Rose,201565,17,24.0,5.0,2.0,0.286
2022-23,Derrick White,1628401,-20,23.0,7.0,1.0,0.4
2022-23,Derrick White,1628401,-19,26.0,11.0,4.0,0.5
2022-23,Derrick White,1628401,-14,22.5,9.5,1.5,0.34950000000000003
2022-23,Derrick White,1628401,-10,26.5,11.0,3.0,0.45
2022-23,Derrick White,1628401,-9,35.0,12.0,2.0,0.357
2022-23,Derrick White,1628401,-7,34.0,18.5,4.0,0.5185
2022-23,Derrick White,1628401,-6,34.0,19.0,1.0,0.5
2022-23,Derrick White,1628401,-5,32.5,17.0,6.5,0.5085
2022-23,Derrick White,1628401,-4,28.0,7.333333333333333,2.6666666666666665,0.19566666666666666
2022-23,Derrick White,1628401,-3,21.0,8.0,6.0,0.25
2022-23,Derrick White,1628401,-2,30.5,12.5,4.5,0.4685
2022-23,Derrick White,1628401,-1,24.0,6.5,2.75,0.44275
2022-23,Derrick White,1628401,0,31.0,13.0,4.0,0.364
2022-23,Derrick White,1628401,1,24.0,10.0,1.0,0.4
2022-23,Derrick White,1628401,2,28.5,9.25,2.75,0.4155
2022-23,Derrick White,1628401,3,32.0,12.0,4.0,0.333
2022-23,Derrick White,1628401,4,31.25,17.25,3.75,0.525
2022-23,Derrick White,1628401,5,26.5,6.5,3.5,0.2915
2022-23,Derrick White,1628401,6,24.0,10.0,4.0,0.333
2022-23,Derrick White,1628401,7,32.5,16.0,5.0,0.47
2022-23,Derrick White,1628401,8,32.5,20.0,6.0,0.45
2022-23,Derrick White,1628401,9,28.4,12.6,5.8,0.48419999999999996
2022-23,Derrick White,1628401,11,25.5,10.5,7.0,0.473
2022-23,Derrick White,1628401,12,31.0,13.0,3.5,0.3865
2022-23,Derrick White,1628401,14,28.0,11.5,1.5,0.4855
2022-23,Derrick White,1628401,15,23.0,5.0,2.0,0.333
2022-23,Derrick White,1628401,16,28.0,17.0,2.0,0.4
2022-23,Derrick White,1628401,17,28.0,12.0,5.0,0.43900000000000006
2022-23,Derrick White,1628401,18,37.0,21.5,9.5,0.508
2022-23,Derrick White,1628401,20,32.333333333333336,16.333333333333332,5.666666666666667,0.5499999999999999
2022-23,Derrick White,1628401,21,33.5,20.75,5.0,0.56775
2022-23,Derrick White,1628401,22,29.0,6.0,3.0,0.333
2022-23,Derrick White,1628401,23,32.0,18.0,3.0,0.615
2022-23,Derrick White,1628401,25,25.0,16.5,4.0,0.7015
2022-23,Derrick White,1628401,34,31.0,14.0,5.0,0.545
2022-23,Derrick White,1628401,41,32.0,19.0,2.0,0.636
2022-23,Desmond Bane,1630217,-14,26.0,15.0,2.5,0.423
2022-23,Desmond Bane,1630217,-11,33.0,21.0,4.0,0.667
2022-23,Desmond Bane,1630217,-10,25.0,17.0,3.0,0.438
2022-23,Desmond Bane,1630217,-8,32.8,20.0,3.8,0.40259999999999996
2022-23,Desmond Bane,1630217,-7,27.333333333333332,18.333333333333332,1.3333333333333333,0.42733333333333334
2022-23,Desmond Bane,1630217,-6,34.0,18.333333333333332,5.333333333333333,0.4323333333333334
2022-23,Desmond Bane,1630217,-3,30.0,24.0,9.0,0.444
2022-23,Desmond Bane,1630217,-2,42.0,24.0,5.0,0.429
2022-23,Desmond Bane,1630217,-1,35.0,28.0,4.0,0.563
2022-23,Desmond Bane,1630217,0,29.5,19.5,1.0,0.4165
2022-23,Desmond Bane,1630217,2,32.666666666666664,18.666666666666668,5.666666666666667,0.39199999999999996
2022-23,Desmond Bane,1630217,5,32.333333333333336,21.333333333333332,5.333333333333333,0.5023333333333334
2022-23,Desmond Bane,1630217,6,35.5,27.75,6.0,0.5037499999999999
2022-23,Desmond Bane,1630217,7,32.666666666666664,23.0,5.0,0.461
2022-23,Desmond Bane,1630217,8,25.333333333333332,15.0,2.0,0.328
2022-23,Desmond Bane,1630217,9,34.0,20.0,4.0,0.412
2022-23,Desmond Bane,1630217,10,29.0,18.0,3.0,0.5
2022-23,Desmond Bane,1630217,11,31.666666666666668,18.666666666666668,5.0,0.504
2022-23,Desmond Bane,1630217,12,33.5,20.5,5.0,0.469
2022-23,Desmond Bane,1630217,13,35.0,23.5,5.0,0.442
2022-23,Desmond Bane,1630217,14,36.0,31.0,5.0,0.421
2022-23,Desmond Bane,1630217,18,32.0,38.0,7.0,0.667
2022-23,Desmond Bane,1630217,19,31.0,21.0,6.0,0.563
2022-23,Desmond Bane,1630217,21,33.5,22.5,8.0,0.519
2022-23,Desmond Bane,1630217,23,32.0,20.0,5.0,0.5
2022-23,Desmond Bane,1630217,24,25.0,23.0,2.6666666666666665,0.5983333333333333
2022-23,Desmond Bane,1630217,25,30.0,27.0,4.0,0.7104999999999999
2022-23,Desmond Bane,1630217,29,24.0,19.0,2.0,0.5
2022-23,Desmond Bane,1630217,31,29.0,30.0,6.0,0.706
2022-23,Devin Booker,1626164,-40,24.0,17.0,3.0,0.353
2022-23,Devin Booker,1626164,-27,34.0,17.0,6.0,0.316
2022-23,Devin Booker,1626164,-18,33.0,12.5,6.0,0.301
2022-23,Devin Booker,1626164,-14,35.0,32.0,1.0,0.6
2022-23,Devin Booker,1626164,-13,33.0,32.0,5.0,0.625
2022-23,Devin Booker,1626164,-9,43.0,28.0,5.0,0.5
2022-23,Devin Booker,1626164,-7,42.0,27.5,4.0,0.4905
2022-23,Devin Booker,1626164,-6,36.0,25.0,8.0,0.429
2022-23,Devin Booker,1626164,-5,37.0,37.0,4.5,0.611
2022-23,Devin Booker,1626164,-4,40.0,38.0,8.5,0.406
2022-23,Devin Booker,1626164,-3,29.5,19.0,7.5,0.3875
2022-23,Devin Booker,1626164,-2,43.0,33.0,3.0,0.478
2022-23,Devin Booker,1626164,-1,38.0,24.0,8.0,0.429
2022-23,Devin Booker,1626164,0,40.0,33.0,5.0,0.688
2022-23,Devin Booker,1626164,3,38.0,25.0,5.0,0.381
2022-23,Devin Booker,1626164,4,33.666666666666664,18.333333333333332,4.333333333333333,0.373
2022-23,Devin Booker,1626164,5,34.0,24.5,6.5,0.5
2022-23,Devin Booker,1626164,6,36.0,23.0,5.5,0.4415
2022-23,Devin Booker,1626164,8,32.0,35.0,6.5,0.55
2022-23,Devin Booker,1626164,9,33.0,37.0,7.0,0.577
2022-23,Devin Booker,1626164,10,35.0,20.0,6.0,0.363
2022-23,Devin Booker,1626164,11,33.25,31.75,5.25,0.47625
2022-23,Devin Booker,1626164,12,36.0,29.0,5.0,0.444
2022-23,Devin Booker,1626164,13,32.666666666666664,27.333333333333332,4.333333333333333,0.49366666666666664
2022-23,Devin Booker,1626164,14,40.0,44.0,4.0,0.607
2022-23,Devin Booker,1626164,17,39.0,36.0,10.0,0.6
2022-23,Devin Booker,1626164,19,29.0,24.0,3.0,0.45
2022-23,Devin Booker,1626164,20,40.0,28.0,9.0,0.5
2022-23,Devin Booker,1626164,22,29.0,32.0,2.0,0.65
2022-23,Devin Booker,1626164,23,32.5,43.0,6.0,0.65
2022-23,Devin Booker,1626164,26,32.5,26.0,9.0,0.48
2022-23,Devin Booker,1626164,32,35.0,34.0,7.0,0.526
2022-23,Devin Booker,1626164,33,27.0,44.0,4.0,0.739
2022-23,Devin Vassell,1630170,-33,30.0,14.0,4.0,0.417
2022-23,Devin Vassell,1630170,-32,27.0,11.0,2.5,0.29300000000000004
2022-23,Devin Vassell,1630170,-28,25.0,14.0,3.0,0.385
2022-23,Devin Vassell,1630170,-27,28.5,13.5,3.0,0.345
2022-23,Devin Vassell,1630170,-22,28.0,11.0,4.0,0.2
2022-23,Devin Vassell,1630170,-21,24.0,20.0,4.0,0.583
2022-23,Devin Vassell,1630170,-20,35.0,25.0,3.0,0.391
2022-23,Devin Vassell,1630170,-18,31.333333333333332,14.0,4.666666666666667,0.36533333333333334
2022-23,Devin Vassell,1630170,-16,29.0,20.0,2.0,0.533
2022-23,Devin Vassell,1630170,-14,32.5,23.0,3.5,0.5395
2022-23,Devin Vassell,1630170,-12,27.0,14.0,2.0,0.4
2022-23,Devin Vassell,1630170,-10,26.5,13.0,4.5,0.2915
2022-23,Devin Vassell,1630170,-9,33.0,23.0,4.0,0.467
2022-23,Devin Vassell,1630170,-8,35.0,18.0,3.0,0.318
2022-23,Devin Vassell,1630170,-7,32.5,19.5,4.5,0.4145
2022-23,Devin Vassell,1630170,-5,35.0,21.0,2.0,0.467
2022-23,Devin Vassell,1630170,-4,34.0,17.0,4.0,0.353
2022-23,Devin Vassell,1630170,-3,36.0,25.0,3.0,0.538
2022-23,Devin Vassell,1630170,0,33.333333333333336,20.0,4.0,0.524
2022-23,Devin Vassell,1630170,2,25.0,29.0,2.0,0.75
2022-23,Devin Vassell,1630170,5,24.0,18.0,2.0,0.5355000000000001
2022-23,Devin Vassell,1630170,11,32.0,29.0,3.0,0.706
2022-23,Devin Vassell,1630170,13,37.0,20.0,3.0,0.375
2022-23,Devin Vassell,1630170,14,33.0,17.0,6.0,0.364
2022-23,Devin Vassell,1630170,16,33.0,23.0,7.0,0.364
2022-23,Devin Vassell,1630170,18,28.0,26.0,5.0,0.588
2022-23,Devin Vassell,1630170,22,31.0,22.0,0.0,0.529
2022-23,Devonte' Graham,1628984,-30,28.0,10.0,5.0,0.333
2022-23,Devonte' Graham,1628984,-28,24.0,15.0,1.0,0.333
2022-23,Devonte' Graham,1628984,-25,23.0,14.0,4.0,0.4
2022-23,Devonte' Graham,1628984,-24,21.0,10.0,4.0,0.25
2022-23,Devonte' Graham,1628984,-21,28.5,10.5,3.0,0.351
2022-23,Devonte' Graham,1628984,-16,22.0,2.0,2.0,0.0
2022-23,Devonte' Graham,1628984,-14,27.0,9.0,2.0,0.375
2022-23,Devonte' Graham,1628984,-12,23.0,9.0,4.0,0.375
2022-23,Devonte' Graham,1628984,-11,25.5,11.0,3.0,0.4165
2022-23,Devonte' Graham,1628984,-10,32.0,13.0,5.0,0.5
2022-23,Devonte' Graham,1628984,-9,28.0,28.0,4.0,0.467
2022-23,Devonte' Graham,1628984,-7,21.0,5.0,5.0,0.25
2022-23,Devonte' Graham,1628984,-6,36.0,31.0,3.0,0.409
2022-23,Devonte' Graham,1628984,-3,24.0,17.0,6.0,0.5
2022-23,Devonte' Graham,1628984,-1,24.666666666666668,10.666666666666666,3.0,0.3416666666666666
2022-23,Devonte' Graham,1628984,0,20.0,11.0,4.0,0.333
2022-23,Devonte' Graham,1628984,2,20.0,2.0,2.0,0.0
2022-23,Devonte' Graham,1628984,4,24.0,10.0,5.5,0.3785
2022-23,Devonte' Graham,1628984,9,27.0,21.0,0.0,0.538
2022-23,Devonte' Graham,1628984,10,32.0,18.0,4.0,0.5
2022-23,Devonte' Graham,1628984,14,23.0,9.0,6.0,0.5
2022-23,Devonte' Graham,1628984,17,24.0,15.0,9.0,0.571
2022-23,Devonte' Graham,1628984,27,22.0,19.0,4.0,0.545
2022-23,Dillon Brooks,1628415,-26,32.0,14.0,4.0,0.333
2022-23,Dillon Brooks,1628415,-24,37.0,25.0,2.0,0.6
2022-23,Dillon Brooks,1628415,-21,29.0,11.0,1.0,0.357
2022-23,Dillon Brooks,1628415,-20,33.0,8.0,2.0,0.3
2022-23,Dillon Brooks,1628415,-18,26.0,10.0,0.5,0.3615
2022-23,Dillon Brooks,1628415,-15,30.0,13.0,6.0,0.4
2022-23,Dillon Brooks,1628415,-14,29.5,9.5,2.5,0.3095
2022-23,Dillon Brooks,1628415,-13,31.0,11.0,2.0,0.333
2022-23,Dillon Brooks,1628415,-11,30.0,9.0,3.0,0.235
2022-23,Dillon Brooks,1628415,-10,28.0,13.0,1.5,0.359
2022-23,Dillon Brooks,1628415,-8,34.5,24.0,2.5,0.4225
2022-23,Dillon Brooks,1628415,-7,26.0,9.0,1.5,0.2915
2022-23,Dillon Brooks,1628415,-6,33.333333333333336,14.0,3.0,0.436
2022-23,Dillon Brooks,1628415,-5,31.0,13.0,3.0,0.357
2022-23,Dillon Brooks,1628415,-4,30.666666666666668,17.333333333333332,0.6666666666666666,0.3713333333333333
2022-23,Dillon Brooks,1628415,-3,29.5,11.0,3.0,0.333
2022-23,Dillon Brooks,1628415,-2,31.0,13.0,1.3333333333333333,0.379
2022-23,Dillon Brooks,1628415,0,22.0,6.0,5.0,0.5
2022-23,Dillon Brooks,1628415,1,31.0,16.625,2.5,0.34087500000000004
2022-23,Dillon Brooks,1628415,3,32.666666666666664,11.666666666666666,0.6666666666666666,0.357
2022-23,Dillon Brooks,1628415,5,32.0,15.0,2.0,0.333
2022-23,Dillon Brooks,1628415,6,32.5,9.5,4.5,0.3055
2022-23,Dillon Brooks,1628415,7,24.0,4.0,1.0,0.154
2022-23,Dillon Brooks,1628415,8,35.0,17.0,4.0,0.438
2022-23,Dillon Brooks,1628415,9,30.0,23.333333333333332,3.3333333333333335,0.501
2022-23,Dillon Brooks,1628415,10,34.0,5.0,4.0,0.167
2022-23,Dillon Brooks,1628415,11,36.0,13.0,3.0,0.385
2022-23,Dillon Brooks,1628415,12,29.0,18.0,3.0,0.7
2022-23,Dillon Brooks,1628415,13,31.0,13.5,5.0,0.364
2022-23,Dillon Brooks,1628415,15,27.0,11.5,2.0,0.4375
2022-23,Dillon Brooks,1628415,16,31.5,17.0,4.0,0.3765
2022-23,Dillon Brooks,1628415,17,32.5,17.0,0.5,0.5275
2022-23,Dillon Brooks,1628415,19,30.0,13.0,3.0,0.38800000000000007
2022-23,Dillon Brooks,1628415,20,28.5,17.0,3.5,0.5
2022-23,Dillon Brooks,1628415,22,34.0,14.0,6.0,0.4
2022-23,Dillon Brooks,1628415,25,23.0,17.0,3.0,0.639
2022-23,Dillon Brooks,1628415,31,25.5,24.0,4.0,0.6000000000000001
2022-23,Dillon Brooks,1628415,35,29.0,18.0,4.0,0.545
2022-23,Domantas Sabonis,1627734,-32,27.0,12.0,3.0,0.5
2022-23,Domantas Sabonis,1627734,-25,22.0,19.0,4.0,0.6
2022-23,Domantas Sabonis,1627734,-19,38.0,23.5,11.0,0.5305
2022-23,Domantas Sabonis,1627734,-18,39.0,26.0,6.0,0.75
2022-23,Domantas Sabonis,1627734,-16,34.5,21.0,6.5,0.609
2022-23,Domantas Sabonis,1627734,-15,36.5,17.0,9.5,0.5415
2022-23,Domantas Sabonis,1627734,-14,33.5,18.5,8.5,0.6325000000000001
2022-23,Domantas Sabonis,1627734,-13,29.0,22.0,5.0,0.8
2022-23,Domantas Sabonis,1627734,-11,34.0,9.0,4.0,0.444
2022-23,Domantas Sabonis,1627734,-9,32.0,24.0,5.0,0.556
2022-23,Domantas Sabonis,1627734,-7,38.5,17.5,6.5,0.575
2022-23,Domantas Sabonis,1627734,-6,35.666666666666664,21.0,7.0,0.6086666666666667
2022-23,Domantas Sabonis,1627734,-5,37.75,20.5,7.75,0.64075
2022-23,Domantas Sabonis,1627734,-4,36.0,23.0,6.0,0.6060000000000001
2022-23,Domantas Sabonis,1627734,-3,37.0,15.0,6.0,0.462
2022-23,Domantas Sabonis,1627734,-2,34.666666666666664,20.0,8.0,0.6236666666666667
2022-23,Domantas Sabonis,1627734,-1,32.0,17.0,2.5,0.6855
2022-23,Domantas Sabonis,1627734,0,33.0,19.0,11.0,0.615
2022-23,Domantas Sabonis,1627734,1,39.0,15.5,5.0,0.604
2022-23,Domantas Sabonis,1627734,2,31.0,18.0,10.0,0.6
2022-23,Domantas Sabonis,1627734,3,36.0,20.666666666666668,4.333333333333333,0.7333333333333334
2022-23,Domantas Sabonis,1627734,4,35.4,24.8,7.2,0.6282
2022-23,Domantas Sabonis,1627734,5,32.5,21.5,9.0,0.6439999999999999
2022-23,Domantas Sabonis,1627734,6,32.333333333333336,18.666666666666668,6.666666666666667,0.6481666666666667
2022-23,Domantas Sabonis,1627734,7,32.333333333333336,11.666666666666666,7.0,0.5
2022-23,Domantas Sabonis,1627734,10,35.333333333333336,17.666666666666668,8.0,0.5666666666666667
2022-23,Domantas Sabonis,1627734,11,34.25,19.75,7.25,0.6145
2022-23,Domantas Sabonis,1627734,12,33.0,12.666666666666666,7.333333333333333,0.6276666666666667
2022-23,Domantas Sabonis,1627734,13,38.333333333333336,20.666666666666668,7.666666666666667,0.673
2022-23,Domantas Sabonis,1627734,14,31.0,12.0,8.0,0.417
2022-23,Domantas Sabonis,1627734,15,35.0,21.0,6.0,0.625
2022-23,Domantas Sabonis,1627734,20,37.0,13.0,12.0,0.5
2022-23,Domantas Sabonis,1627734,21,35.5,20.5,8.0,0.629
2022-23,Domantas Sabonis,1627734,22,31.5,18.0,10.0,0.669
2022-23,Domantas Sabonis,1627734,26,37.0,19.0,16.0,0.429
2022-23,Domantas Sabonis,1627734,27,33.0,30.0,10.0,0.833
2022-23,Domantas Sabonis,1627734,32,26.0,24.0,6.0,0.909
2022-23,Domantas Sabonis,1627734,44,27.0,17.0,7.0,1.0
2022-23,Dominick Barlow,1631230,-22,23.0,7.0,1.0,0.429
2022-23,Dominick Barlow,1631230,-3,27.0,4.0,3.0,0.333
2022-23,Dominick Barlow,1631230,6,34.0,21.0,1.0,0.727
2022-23,Dominick Barlow,1631230,8,29.0,12.0,5.0,0.625
2022-23,Dominick Barlow,1631230,10,21.0,6.0,1.0,0.6
2022-23,Dominick Barlow,1631230,19,20.0,2.0,2.0,0.5
2022-23,Donovan Mitchell,1628378,-21,25.0,8.0,2.0,0.273
2022-23,Donovan Mitchell,1628378,-20,32.0,29.0,1.0,0.458
2022-23,Donovan Mitchell,1628378,-17,34.0,23.0,3.0,0.368
2022-23,Donovan Mitchell,1628378,-15,31.0,19.0,3.0,0.353
2022-23,Donovan Mitchell,1628378,-14,36.0,28.0,6.0,0.4
2022-23,Donovan Mitchell,1628378,-13,35.333333333333336,19.666666666666668,3.6666666666666665,0.43766666666666665
2022-23,Donovan Mitchell,1628378,-12,34.0,12.0,4.0,0.25
2022-23,Donovan Mitchell,1628378,-9,36.0,21.5,3.5,0.4065
2022-23,Donovan Mitchell,1628378,-8,38.5,40.0,4.5,0.6335
2022-23,Donovan Mitchell,1628378,-5,36.666666666666664,30.666666666666668,4.0,0.48500000000000004
2022-23,Donovan Mitchell,1628378,-4,39.0,35.5,4.5,0.474
2022-23,Donovan Mitchell,1628378,-3,32.5,15.5,4.5,0.2945
2022-23,Donovan Mitchell,1628378,-2,38.0,30.0,2.0,0.667
2022-23,Donovan Mitchell,1628378,-1,38.0,27.5,4.0,0.4335
2022-23,Donovan Mitchell,1628378,0,33.0,31.0,1.0,0.458
2022-23,Donovan Mitchell,1628378,1,42.0,42.0,4.0,0.5
2022-23,Donovan Mitchell,1628378,2,32.333333333333336,16.666666666666668,4.666666666666667,0.35000000000000003
2022-23,Donovan Mitchell,1628378,3,38.0,31.0,3.0,0.49749999999999994
2022-23,Donovan Mitchell,1628378,4,42.0,40.5,4.5,0.4345
2022-23,Donovan Mitchell,1628378,6,37.0,33.0,2.0,0.588
2022-23,Donovan Mitchell,1628378,7,36.666666666666664,34.666666666666664,4.333333333333333,0.5513333333333333
2022-23,Donovan Mitchell,1628378,8,27.0,20.333333333333332,2.0,0.48933333333333334
2022-23,Donovan Mitchell,1628378,9,37.0,21.0,7.666666666666667,0.373
2022-23,Donovan Mitchell,1628378,10,38.0,33.5,6.0,0.55025
2022-23,Donovan Mitchell,1628378,11,38.0,32.0,1.0,0.391
2022-23,Donovan Mitchell,1628378,12,34.5,29.5,6.0,0.497
2022-23,Donovan Mitchell,1628378,14,36.0,24.0,7.5,0.4165
2022-23,Donovan Mitchell,1628378,15,31.0,24.5,5.5,0.423
2022-23,Donovan Mitchell,1628378,16,36.0,35.0,2.0,0.5655
2022-23,Donovan Mitchell,1628378,17,36.0,41.0,5.0,0.615
2022-23,Donovan Mitchell,1628378,18,41.0,39.5,7.5,0.6
2022-23,Donovan Mitchell,1628378,19,41.5,51.5,9.5,0.5865
2022-23,Donovan Mitchell,1628378,20,32.666666666666664,27.666666666666668,4.333333333333333,0.5536666666666666
2022-23,Donovan Mitchell,1628378,21,39.0,43.0,5.0,0.63
2022-23,Donovan Mitchell,1628378,22,24.0,20.0,4.0,0.471
2022-23,Donovan Mitchell,1628378,24,36.0,22.0,1.0,0.5
2022-23,Donovan Mitchell,1628378,25,28.0,21.0,5.0,0.5
2022-23,Donovan Mitchell,1628378,36,20.0,11.0,3.0,0.556
2022-23,Donte DiVincenzo,1628978,-25,21.0,2.0,1.0,0.2
2022-23,Donte DiVincenzo,1628978,-18,29.0,10.0,4.0,0.5
2022-23,Donte DiVincenzo,1628978,-14,27.0,9.5,2.0,0.607
2022-23,Donte DiVincenzo,1628978,-12,32.0,10.0,3.0,0.4
2022-23,Donte DiVincenzo,1628978,-10,27.0,6.0,5.666666666666667,0.3193333333333333
2022-23,Donte DiVincenzo,1628978,-9,27.5,12.0,2.0,0.4345
2022-23,Donte DiVincenzo,1628978,-7,25.666666666666668,10.333333333333334,5.0,0.532
2022-23,Donte DiVincenzo,1628978,-6,35.0,18.0,6.0,0.462
2022-23,Donte DiVincenzo,1628978,-5,22.75,10.75,2.75,0.53575
2022-23,Donte DiVincenzo,1628978,-4,30.4,14.4,2.6,0.409
2022-23,Donte DiVincenzo,1628978,-2,23.0,7.5,1.5,0.4105
2022-23,Donte DiVincenzo,1628978,-1,20.0,2.0,2.0,1.0
2022-23,Donte DiVincenzo,1628978,0,24.0,5.0,2.0,0.333
2022-23,Donte DiVincenzo,1628978,1,25.5,2.0,5.5,0.1665
2022-23,Donte DiVincenzo,1628978,2,28.5,5.5,5.5,0.125
2022-23,Donte DiVincenzo,1628978,3,31.0,10.0,3.0,0.444
2022-23,Donte DiVincenzo,1628978,4,29.0,0.0,7.0,0.0
2022-23,Donte DiVincenzo,1628978,5,38.0,19.0,2.0,0.455
2022-23,Donte DiVincenzo,1628978,7,32.25,11.0,3.75,0.4155
2022-23,Donte DiVincenzo,1628978,9,32.0,17.0,6.5,0.6025
2022-23,Donte DiVincenzo,1628978,12,32.666666666666664,13.333333333333334,4.666666666666667,0.484
2022-23,Donte DiVincenzo,1628978,14,35.0,15.0,4.0,0.556
2022-23,Donte DiVincenzo,1628978,15,29.0,16.0,3.0,0.6415
2022-23,Donte DiVincenzo,1628978,16,34.0,9.0,4.0,0.364
2022-23,Donte DiVincenzo,1628978,19,37.0,17.5,3.0,0.41900000000000004
2022-23,Donte DiVincenzo,1628978,20,25.0,22.0,5.0,0.412
2022-23,Donte DiVincenzo,1628978,21,21.0,10.0,8.0,0.429
2022-23,Donte DiVincenzo,1628978,22,31.0,5.0,0.0,0.2
2022-23,Donte DiVincenzo,1628978,24,33.0,12.0,11.0,0.5
2022-23,Donte DiVincenzo,1628978,28,31.0,16.0,5.0,0.6
2022-23,Donte DiVincenzo,1628978,33,29.0,18.0,9.0,0.7
2022-23,Dorian Finney-Smith,1627827,-35,25.0,2.0,1.0,0.167
2022-23,Dorian Finney-Smith,1627827,-21,38.0,8.0,0.0,0.375
2022-23,Dorian Finney-Smith,1627827,-20,26.0,2.0,2.0,0.2
2022-23,Dorian Finney-Smith,1627827,-18,27.0,9.0,1.0,0.5
2022-23,Dorian Finney-Smith,1627827,-17,29.333333333333332,5.666666666666667,1.3333333333333333,0.262
2022-23,Dorian Finney-Smith,1627827,-15,35.25,11.75,1.25,0.55625
2022-23,Dorian Finney-Smith,1627827,-13,23.0,1.0,1.0,0.0715
2022-23,Dorian Finney-Smith,1627827,-11,30.0,12.0,2.0,0.571
2022-23,Dorian Finney-Smith,1627827,-10,34.5,5.5,1.0,0.45
2022-23,Dorian Finney-Smith,1627827,-7,35.0,15.5,1.0,0.4445
2022-23,Dorian Finney-Smith,1627827,-6,23.0,5.0,3.0,0.25
2022-23,Dorian Finney-Smith,1627827,-5,33.0,13.0,4.0,0.625
2022-23,Dorian Finney-Smith,1627827,-4,34.0,8.8,1.4,0.39940000000000003
2022-23,Dorian Finney-Smith,1627827,-3,36.0,7.0,1.5,0.2665
2022-23,Dorian Finney-Smith,1627827,-2,30.0,11.0,0.0,0.571
2022-23,Dorian Finney-Smith,1627827,-1,27.666666666666668,8.0,1.3333333333333333,0.349
2022-23,Dorian Finney-Smith,1627827,0,32.2,6.8,1.0,0.39039999999999997
2022-23,Dorian Finney-Smith,1627827,1,41.0,11.0,4.0,0.444
2022-23,Dorian Finney-Smith,1627827,2,34.0,9.5,2.5,0.375
2022-23,Dorian Finney-Smith,1627827,3,24.0,5.0,1.5,0.125
2022-23,Dorian Finney-Smith,1627827,4,29.0,10.333333333333334,0.3333333333333333,0.4000000000000001
2022-23,Dorian Finney-Smith,1627827,5,26.0,2.0,3.0,0.167
2022-23,Dorian Finney-Smith,1627827,7,28.5,4.5,1.0,0.36650000000000005
2022-23,Dorian Finney-Smith,1627827,8,31.0,16.0,2.0,0.417
2022-23,Dorian Finney-Smith,1627827,10,28.0,13.5,2.5,0.394
2022-23,Dorian Finney-Smith,1627827,12,29.0,6.0,2.0,0.333
2022-23,Dorian Finney-Smith,1627827,14,37.0,17.0,3.0,0.4
2022-23,Dorian Finney-Smith,1627827,15,30.0,9.0,2.5,0.4165
2022-23,Dorian Finney-Smith,1627827,16,32.0,12.0,2.5,0.3855
2022-23,Dorian Finney-Smith,1627827,21,24.0,12.0,1.0,0.417
2022-23,Dorian Finney-Smith,1627827,23,28.5,7.5,2.5,0.425
2022-23,Dorian Finney-Smith,1627827,28,27.0,7.0,1.0,0.5
2022-23,Dorian Finney-Smith,1627827,31,30.0,3.0,1.0,0.125
2022-23,Dorian Finney-Smith,1627827,32,29.0,14.0,1.5,0.55
2022-23,Doug McDermott,203926,-25,24.0,6.0,3.0,0.5
2022-23,Doug McDermott,203926,-24,22.0,14.0,1.0,0.714
2022-23,Doug McDermott,203926,-22,22.0,7.0,0.0,0.333
2022-23,Doug McDermott,203926,-21,20.0,7.0,1.0,0.2
2022-23,Doug McDermott,203926,-20,21.0,14.0,0.0,0.556
2022-23,Doug McDermott,203926,-16,21.0,6.0,0.0,0.222
2022-23,Doug McDermott,203926,-15,22.0,11.0,2.0,0.375
2022-23,Doug McDermott,203926,-14,20.0,5.0,1.0,0.4
2022-23,Doug McDermott,203926,-13,22.0,21.0,2.0,0.75
2022-23,Doug McDermott,203926,-11,23.0,9.0,0.0,0.3
2022-23,Doug McDermott,203926,-10,24.0,19.0,3.0,0.429
2022-23,Doug McDermott,203926,-9,21.0,7.666666666666667,2.3333333333333335,0.37666666666666665
2022-23,Doug McDermott,203926,-5,24.5,13.0,3.0,0.526
2022-23,Doug McDermott,203926,-4,23.5,16.0,1.5,0.548
2022-23,Doug McDermott,203926,-3,22.75,16.0,1.5,0.5295
2022-23,Doug McDermott,203926,-2,24.0,15.0,2.0,0.625
2022-23,Doug McDermott,203926,2,23.0,13.0,3.0,0.4
2022-23,Doug McDermott,203926,3,24.5,16.0,1.0,0.5
2022-23,Doug McDermott,203926,4,22.5,7.5,2.0,0.5835
2022-23,Doug McDermott,203926,5,26.0,9.0,2.0,0.333
2022-23,Doug McDermott,203926,6,23.0,10.0,1.0,0.571
2022-23,Doug McDermott,203926,7,21.0,9.0,1.0,0.429
2022-23,Doug McDermott,203926,9,21.0,8.0,1.0,0.375
2022-23,Doug McDermott,203926,10,23.0,9.0,1.0,0.444
2022-23,Doug McDermott,203926,15,23.0,15.0,0.0,0.714
2022-23,Doug McDermott,203926,16,22.0,16.0,2.0,0.545
2022-23,Doug McDermott,203926,17,28.0,20.0,1.0,0.875
2022-23,Doug McDermott,203926,19,26.0,16.5,0.5,0.528
2022-23,Doug McDermott,203926,22,24.0,13.0,5.0,0.625
2022-23,Draymond Green,203110,-28,30.0,8.0,7.0,0.333
2022-23,Draymond Green,203110,-27,23.0,2.0,6.0,0.5
2022-23,Draymond Green,203110,-19,29.0,9.0,8.0,1.0
2022-23,Draymond Green,203110,-18,32.0,9.0,7.0,0.571
2022-23,Draymond Green,203110,-17,29.0,14.0,5.0,0.7
2022-23,Draymond Green,203110,-14,26.0,7.0,6.0,0.6
2022-23,Draymond Green,203110,-13,34.0,12.0,6.0,0.667
2022-23,Draymond Green,203110,-11,25.0,7.0,7.0,0.4
2022-23,Draymond Green,203110,-9,28.0,8.5,7.0,0.6665
2022-23,Draymond Green,203110,-7,29.5,9.0,5.0,0.42800000000000005
2022-23,Draymond Green,203110,-6,39.0,10.0,4.0,0.5
2022-23,Draymond Green,203110,-5,32.333333333333336,8.0,4.333333333333333,0.5653333333333334
2022-23,Draymond Green,203110,-4,36.0,14.0,9.5,0.657
2022-23,Draymond Green,203110,-3,32.0,7.333333333333333,7.333333333333333,0.43933333333333335
2022-23,Draymond Green,203110,-2,34.0,5.0,6.0,0.2
2022-23,Draymond Green,203110,-1,30.0,16.0,7.0,0.556
2022-23,Draymond Green,203110,0,30.0,4.0,7.0,0.5
2022-23,Draymond Green,203110,1,36.0,4.0,7.0,0.286
2022-23,Draymond Green,203110,2,31.75,8.5,10.25,0.603
2022-23,Draymond Green,203110,3,27.333333333333332,11.666666666666666,6.333333333333333,0.6446666666666667
2022-23,Draymond Green,203110,4,30.25,6.0,6.5,0.5
2022-23,Draymond Green,203110,5,30.0,6.0,5.0,0.4096666666666667
2022-23,Draymond Green,203110,6,31.0,7.666666666666667,4.333333333333333,0.349
2022-23,Draymond Green,203110,7,32.0,5.0,3.0,0.667
2022-23,Draymond Green,203110,8,31.666666666666668,11.333333333333334,4.333333333333333,0.527
2022-23,Draymond Green,203110,9,34.75,9.75,5.5,0.51675
2022-23,Draymond Green,203110,10,33.0,12.0,10.0,0.625
2022-23,Draymond Green,203110,11,26.0,13.0,9.0,0.667
2022-23,Draymond Green,203110,12,24.0,4.0,5.0,0.4
2022-23,Draymond Green,203110,13,30.0,3.5,9.5,0.25
2022-23,Draymond Green,203110,15,33.5,9.0,8.5,0.7275
2022-23,Draymond Green,203110,17,30.0,13.0,7.5,0.8035
2022-23,Draymond Green,203110,18,31.0,4.0,8.0,0.5
2022-23,Draymond Green,203110,19,31.333333333333332,8.666666666666666,8.666666666666666,0.5116666666666666
2022-23,Draymond Green,203110,20,31.5,9.5,7.0,0.6335
2022-23,Draymond Green,203110,21,33.0,9.0,12.0,1.0
2022-23,Draymond Green,203110,22,33.0,4.0,7.5,0.1835
2022-23,Draymond Green,203110,24,31.0,10.0,7.0,0.75
2022-23,Draymond Green,203110,26,32.0,10.0,10.5,0.8
2022-23,Draymond Green,203110,30,33.0,4.0,5.0,0.4
2022-23,Drew Eubanks,1629234,-40,25.0,5.0,5.0,0.167
2022-23,Drew Eubanks,1629234,-17,23.0,12.0,1.0,0.5
2022-23,Drew Eubanks,1629234,-16,28.0,18.0,1.0,0.7
2022-23,Drew Eubanks,1629234,-15,22.0,7.0,1.0,0.5
2022-23,Drew Eubanks,1629234,-14,20.0,4.0,0.0,1.0
2022-23,Drew Eubanks,1629234,-13,24.0,12.0,1.0,0.714
2022-23,Drew Eubanks,1629234,-10,26.5,8.0,1.5,0.5335000000000001
2022-23,Drew Eubanks,1629234,-9,28.5,5.0,1.5,0.432
2022-23,Drew Eubanks,1629234,-6,24.0,13.5,2.5,0.845
2022-23,Drew Eubanks,1629234,-5,25.0,7.5,4.5,0.6115
2022-23,Drew Eubanks,1629234,-3,26.0,9.333333333333334,1.6666666666666667,0.5086666666666667
2022-23,Drew Eubanks,1629234,-1,27.0,23.0,2.0,0.692
2022-23,Drew Eubanks,1629234,0,27.0,3.0,2.0,0.25
2022-23,Drew Eubanks,1629234,1,30.0,6.0,1.0,0.75
2022-23,Drew Eubanks,1629234,2,21.0,10.5,0.5,0.7855
2022-23,Drew Eubanks,1629234,3,24.333333333333332,8.0,1.0,0.7556666666666666
2022-23,Drew Eubanks,1629234,4,21.0,3.0,2.0,0.0
2022-23,Drew Eubanks,1629234,5,23.0,6.0,1.0,0.5
2022-23,Drew Eubanks,1629234,6,21.0,10.0,3.0,0.625
2022-23,Drew Eubanks,1629234,7,32.0,8.0,3.5,0.75
2022-23,Drew Eubanks,1629234,8,28.0,9.0,2.0,1.0
2022-23,Drew Eubanks,1629234,9,23.0,11.0,3.0,0.714
2022-23,Drew Eubanks,1629234,10,33.0,2.0,0.0,0.5
2022-23,Drew Eubanks,1629234,14,22.0,9.0,0.0,1.0
2022-23,Drew Eubanks,1629234,16,20.0,10.0,1.0,1.0
2022-23,Drew Eubanks,1629234,18,27.0,6.0,3.0,0.75
2022-23,Drew Eubanks,1629234,20,29.0,10.0,2.0,0.6
2022-23,Drew Eubanks,1629234,28,33.0,9.0,1.0,0.8
2022-23,Dru Smith,1630696,-22,23.0,2.0,3.0,0.0
2022-23,Dru Smith,1630696,-7,22.0,2.0,3.0,0.2
2022-23,Dru Smith,1630696,-2,20.0,5.0,1.0,0.667
2022-23,Dru Smith,1630696,15,22.0,17.0,5.0,0.538
2022-23,Duane Washington Jr.,1630613,-33,24.0,8.0,5.0,0.214
2022-23,Duane Washington Jr.,1630613,-4,25.0,25.0,3.0,0.5
2022-23,Duane Washington Jr.,1630613,-3,23.0,8.0,2.0,0.273
2022-23,Duane Washington Jr.,1630613,0,24.0,13.0,7.0,0.278
2022-23,Duane Washington Jr.,1630613,10,26.0,21.0,5.0,0.353
2022-23,Duane Washington Jr.,1630613,13,24.0,26.0,8.0,0.476
2022-23,Duncan Robinson,1629130,-22,20.0,7.0,0.0,0.5
2022-23,Duncan Robinson,1629130,-12,27.0,5.0,1.0,0.25
2022-23,Duncan Robinson,1629130,-11,27.0,12.0,0.0,0.571
2022-23,Duncan Robinson,1629130,-8,24.0,4.0,1.0,0.167
2022-23,Duncan Robinson,1629130,-7,20.0,10.0,0.0,0.429
2022-23,Duncan Robinson,1629130,0,22.5,10.0,1.5,0.393
2022-23,Duncan Robinson,1629130,2,28.0,9.0,3.0,0.333
2022-23,Duncan Robinson,1629130,3,25.0,12.0,3.0,0.5
2022-23,Duncan Robinson,1629130,5,23.0,6.5,1.5,0.236
2022-23,Duncan Robinson,1629130,7,36.0,13.0,2.0,0.333
2022-23,Duncan Robinson,1629130,9,35.0,20.0,4.0,0.429
2022-23,Duncan Robinson,1629130,12,21.0,9.0,1.0,0.375
2022-23,Duncan Robinson,1629130,14,22.0,14.0,3.0,0.5
2022-23,Duncan Robinson,1629130,19,25.0,17.0,3.0,0.6
2022-23,Dwight Powell,203939,-14,26.0,6.0,1.0,0.667
2022-23,Dwight Powell,203939,-12,22.0,2.0,3.0,0.333
2022-23,Dwight Powell,203939,-11,25.0,6.0,2.0,0.0
2022-23,Dwight Powell,203939,-9,21.0,8.0,2.0,1.0
2022-23,Dwight Powell,203939,-8,24.0,4.0,1.0,0.667
2022-23,Dwight Powell,203939,-6,20.0,12.5,1.5,0.9165
2022-23,Dwight Powell,203939,-4,36.0,15.0,1.0,0.667
2022-23,Dwight Powell,203939,-3,24.0,8.0,0.0,0.75
2022-23,Dwight Powell,203939,-2,21.0,6.0,1.0,1.0
2022-23,Dwight Powell,203939,-1,29.0,10.0,1.0,0.8
2022-23,Dwight Powell,203939,0,25.333333333333332,13.333333333333334,1.3333333333333333,0.7639999999999999
2022-23,Dwight Powell,203939,3,20.0,10.0,0.0,0.75
2022-23,Dwight Powell,203939,5,24.5,9.5,0.5,0.8335
2022-23,Dwight Powell,203939,6,21.0,9.0,2.0,1.0
2022-23,Dwight Powell,203939,7,25.5,12.0,1.0,0.75
2022-23,Dwight Powell,203939,8,26.0,6.5,1.5,0.375
2022-23,Dwight Powell,203939,9,24.0,7.0,1.0,0.667
2022-23,Dwight Powell,203939,10,30.0,2.0,1.0,0.5
2022-23,Dwight Powell,203939,11,30.5,9.0,1.5,0.7
2022-23,Dwight Powell,203939,13,21.5,11.0,3.0,0.6665
2022-23,Dwight Powell,203939,19,26.0,10.0,1.0,0.714
2022-23,Dwight Powell,203939,20,26.0,7.0,2.0,1.0
2022-23,Dwight Powell,203939,26,21.0,4.0,1.0,0.5
2022-23,Dyson Daniels,1630700,-21,33.0,9.0,3.0,0.5
2022-23,Dyson Daniels,1630700,-18,22.0,11.0,2.0,0.8
2022-23,Dyson Daniels,1630700,-13,26.0,2.0,4.0,0.0
2022-23,Dyson Daniels,1630700,-11,26.0,7.0,3.0,0.5
2022-23,Dyson Daniels,1630700,-10,26.0,2.0,3.0,0.143
2022-23,Dyson Daniels,1630700,-9,24.0,5.0,5.0,0.286
2022-23,Dyson Daniels,1630700,-5,21.5,3.5,0.5,0.5
2022-23,Dyson Daniels,1630700,-4,27.0,8.0,2.0,0.6
2022-23,Dyson Daniels,1630700,-2,25.0,7.0,3.0,0.5
2022-23,Dyson Daniels,1630700,-1,25.0,6.0,1.0,0.4
2022-23,Dyson Daniels,1630700,3,22.0,5.0,2.0,0.4
2022-23,Dyson Daniels,1630700,6,31.0,7.0,8.5,0.3335
2022-23,Dyson Daniels,1630700,8,26.0,5.5,3.5,0.625
2022-23,Dyson Daniels,1630700,9,30.0,11.0,6.0,0.571
2022-23,Dyson Daniels,1630700,10,35.0,11.0,8.0,0.571
2022-23,Dyson Daniels,1630700,11,22.0,8.0,4.0,0.375
2022-23,Dyson Daniels,1630700,12,21.0,0.0,2.0,0.0
2022-23,Dyson Daniels,1630700,14,20.0,9.0,2.0,0.571
2022-23,Dyson Daniels,1630700,18,24.0,9.0,6.0,0.6
2022-23,Edmond Sumner,1628410,-20,21.0,18.0,1.0,0.444
2022-23,Edmond Sumner,1628410,-5,25.0,13.0,1.0,0.417
2022-23,Edmond Sumner,1628410,-4,26.0,21.0,5.0,0.538
2022-23,Edmond Sumner,1628410,-2,21.0,6.0,1.0,0.375
2022-23,Edmond Sumner,1628410,1,21.0,4.0,5.0,0.333
2022-23,Edmond Sumner,1628410,6,22.0,11.0,4.0,0.4
2022-23,Edmond Sumner,1628410,7,26.0,16.0,2.0,0.625
2022-23,Edmond Sumner,1628410,10,35.5,26.0,3.0,0.5015000000000001
2022-23,Edmond Sumner,1628410,16,25.0,11.0,0.0,0.429
2022-23,Eric Gordon,201569,-26,27.0,5.0,1.0,0.286
2022-23,Eric Gordon,201569,-21,30.5,10.0,1.5,0.34299999999999997
2022-23,Eric Gordon,201569,-17,28.0,13.0,0.0,0.417
2022-23,Eric Gordon,201569,-15,30.5,15.5,6.5,0.6295
2022-23,Eric Gordon,201569,-14,26.75,8.5,2.0,0.366
2022-23,Eric Gordon,201569,-13,26.5,8.0,2.0,0.25
2022-23,Eric Gordon,201569,-12,27.0,19.0,2.0,0.5
2022-23,Eric Gordon,201569,-11,33.0,16.0,0.0,0.375
2022-23,Eric Gordon,201569,-10,27.0,12.2,2.6,0.43760000000000004
2022-23,Eric Gordon,201569,-9,27.5,17.0,4.5,0.7275
2022-23,Eric Gordon,201569,-8,27.0,12.666666666666666,1.0,0.3453333333333333
2022-23,Eric Gordon,201569,-7,32.0,0.0,2.0,0.0
2022-23,Eric Gordon,201569,-6,31.25,16.5,3.0,0.5
2022-23,Eric Gordon,201569,-5,28.0,8.333333333333334,2.3333333333333335,0.3416666666666666
2022-23,Eric Gordon,201569,-4,25.0,0.0,2.0,0.0
2022-23,Eric Gordon,201569,-3,28.5,11.5,5.0,0.40700000000000003
2022-23,Eric Gordon,201569,-2,31.0,9.0,4.0,0.429
2022-23,Eric Gordon,201569,-1,30.0,12.333333333333334,2.3333333333333335,0.48900000000000005
2022-23,Eric Gordon,201569,0,31.0,19.0,4.5,0.44399999999999995
2022-23,Eric Gordon,201569,1,29.75,15.75,3.75,0.5177499999999999
2022-23,Eric Gordon,201569,2,31.0,9.666666666666666,3.6666666666666665,0.3196666666666667
2022-23,Eric Gordon,201569,5,26.0,13.0,7.0,0.375
2022-23,Eric Gordon,201569,6,24.5,13.0,1.0,0.3775
2022-23,Eric Gordon,201569,8,30.25,14.5,3.0,0.4535
2022-23,Eric Gordon,201569,11,30.333333333333332,19.666666666666668,3.0,0.5499999999999999
2022-23,Eric Gordon,201569,12,28.0,20.0,1.0,0.778
2022-23,Eric Gordon,201569,13,30.0,10.0,1.0,0.333
2022-23,Eric Gordon,201569,16,30.0,21.0,3.0,0.615
2022-23,Eric Gordon,201569,17,27.0,15.0,2.0,0.714
2022-23,Eric Gordon,201569,20,33.0,17.0,2.0,0.857
2022-23,Eric Gordon,201569,22,35.0,12.0,3.0,0.364
2022-23,Eugene Omoruyi,1630647,-18,25.0,11.0,1.0,0.556
2022-23,Eugene Omoruyi,1630647,-15,23.0,11.0,2.0,0.455
2022-23,Eugene Omoruyi,1630647,-14,32.0,9.0,1.0,0.3
2022-23,Eugene Omoruyi,1630647,-12,20.0,8.0,2.0,0.333
2022-23,Eugene Omoruyi,1630647,-6,25.0,11.0,2.0,0.333
2022-23,Eugene Omoruyi,1630647,-5,27.0,19.0,2.0,0.353
2022-23,Eugene Omoruyi,1630647,-3,20.0,7.0,1.0,0.286
2022-23,Eugene Omoruyi,1630647,-2,21.0,14.0,1.0,0.75
2022-23,Eugene Omoruyi,1630647,-1,26.0,11.0,0.0,0.556
2022-23,Eugene Omoruyi,1630647,0,27.0,14.0,2.0,0.625
2022-23,Eugene Omoruyi,1630647,3,23.0,9.5,1.0,0.394
2022-23,Eugene Omoruyi,1630647,4,27.0,9.0,1.0,0.5
2022-23,Eugene Omoruyi,1630647,12,27.0,22.0,1.0,0.8
2022-23,Eugene Omoruyi,1630647,24,31.0,17.0,2.0,0.615
2022-23,Evan Fournier,203095,-22,20.0,11.0,0.0,0.333
2022-23,Evan Fournier,203095,-7,21.0,8.0,2.0,0.333
2022-23,Evan Fournier,203095,-6,20.0,6.0,2.0,0.286
2022-23,Evan Fournier,203095,-3,28.0,16.0,1.0,0.667
2022-23,Evan Fournier,203095,-1,32.0,14.0,3.0,0.364
2022-23,Evan Fournier,203095,4,24.0,14.0,2.0,0.545
2022-23,Evan Fournier,203095,8,26.0,8.0,2.0,0.25
2022-23,Evan Fournier,203095,28,23.0,17.0,1.0,0.545
2022-23,Evan Mobley,1630596,-24,31.0,19.0,1.0,0.545
2022-23,Evan Mobley,1630596,-20,33.0,26.0,1.0,0.667
2022-23,Evan Mobley,1630596,-18,29.5,12.5,4.5,0.45
2022-23,Evan Mobley,1630596,-16,29.0,8.0,0.0,0.167
2022-23,Evan Mobley,1630596,-15,39.0,13.0,5.0,0.5
2022-23,Evan Mobley,1630596,-14,33.5,9.0,2.0,0.403
2022-23,Evan Mobley,1630596,-13,31.5,15.0,2.5,0.6785
2022-23,Evan Mobley,1630596,-8,32.8,14.4,1.2,0.4732
2022-23,Evan Mobley,1630596,-6,34.0,11.0,2.6666666666666665,0.5446666666666666
2022-23,Evan Mobley,1630596,-4,40.0,17.0,4.0,0.385
2022-23,Evan Mobley,1630596,-3,35.666666666666664,15.0,2.3333333333333335,0.416
2022-23,Evan Mobley,1630596,-1,35.0,14.333333333333334,2.3333333333333335,0.552
2022-23,Evan Mobley,1630596,0,35.0,15.833333333333334,2.5,0.5028333333333334
2022-23,Evan Mobley,1630596,1,35.0,13.25,3.75,0.41875
2022-23,Evan Mobley,1630596,2,37.75,17.0,3.25,0.5569999999999999
2022-23,Evan Mobley,1630596,3,35.666666666666664,17.333333333333332,2.6666666666666665,0.5666666666666667
2022-23,Evan Mobley,1630596,4,39.0,20.0,1.0,0.667
2022-23,Evan Mobley,1630596,5,35.0,10.0,3.0,0.667
2022-23,Evan Mobley,1630596,6,30.0,17.0,3.0,0.5835
2022-23,Evan Mobley,1630596,7,24.0,16.0,1.0,0.778
2022-23,Evan Mobley,1630596,8,39.0,19.0,0.0,0.8
2022-23,Evan Mobley,1630596,9,38.5,23.0,2.0,0.6425
2022-23,Evan Mobley,1630596,10,31.0,16.0,2.0,0.6
2022-23,Evan Mobley,1630596,11,35.0,14.0,6.0,0.556
2022-23,Evan Mobley,1630596,12,40.0,20.0,6.0,0.769
2022-23,Evan Mobley,1630596,13,34.0,14.0,6.0,0.7
2022-23,Evan Mobley,1630596,14,29.5,16.5,2.0,0.5835
2022-23,Evan Mobley,1630596,15,37.166666666666664,17.0,3.8333333333333335,0.6458333333333334
2022-23,Evan Mobley,1630596,16,37.333333333333336,21.666666666666668,3.3333333333333335,0.5813333333333334
2022-23,Evan Mobley,1630596,17,33.0,21.0,3.0,0.375
2022-23,Evan Mobley,1630596,18,32.5,18.25,3.0,0.6085
2022-23,Evan Mobley,1630596,20,37.0,38.0,3.0,0.704
2022-23,Evan Mobley,1630596,21,35.5,19.0,4.0,0.5835
2022-23,Evan Mobley,1630596,22,33.0,18.0,4.0,0.5
2022-23,Evan Mobley,1630596,23,25.5,16.0,2.5,0.669
2022-23,Evan Mobley,1630596,28,29.0,16.0,6.0,0.5
2022-23,Evan Mobley,1630596,36,26.0,9.0,3.0,0.444
2022-23,Facundo Campazzo,1630267,5,22.0,3.0,5.0,0.143
2022-23,Frank Kaminsky,1626163,17,22.0,12.0,5.0,0.8
2022-23,Frank Ntilikina,1628373,-21,41.0,12.0,3.0,0.455
2022-23,Frank Ntilikina,1628373,-12,22.0,7.0,0.0,0.6
2022-23,Frank Ntilikina,1628373,-11,25.0,0.0,6.0,0.0
2022-23,Frank Ntilikina,1628373,-9,21.0,3.0,5.0,0.167
2022-23,Frank Ntilikina,1628373,-7,22.0,2.0,7.0,0.2
2022-23,Frank Ntilikina,1628373,-1,33.0,7.0,3.0,0.286
2022-23,Frank Ntilikina,1628373,6,24.5,4.5,0.5,0.333
2022-23,Frank Ntilikina,1628373,11,27.0,8.0,1.0,0.75
2022-23,Frank Ntilikina,1628373,17,21.0,8.0,3.0,0.5
2022-23,Frank Ntilikina,1628373,23,20.0,2.0,4.0,0.0
2022-23,Franz Wagner,1630532,-31,22.0,9.0,1.0,0.5
2022-23,Franz Wagner,1630532,-25,34.0,18.0,4.0,0.412
2022-23,Franz Wagner,1630532,-24,28.0,11.0,4.0,0.417
2022-23,Franz Wagner,1630532,-17,30.0,19.0,1.5,0.46299999999999997
2022-23,Franz Wagner,1630532,-16,30.0,20.0,3.0,0.545
2022-23,Franz Wagner,1630532,-15,28.0,17.5,1.5,0.5
2022-23,Franz Wagner,1630532,-14,29.5,17.5,6.0,0.4475
2022-23,Franz Wagner,1630532,-13,30.5,18.5,3.5,0.42025
2022-23,Franz Wagner,1630532,-12,37.0,22.0,3.0,0.6
2022-23,Franz Wagner,1630532,-11,33.0,23.0,3.0,0.529
2022-23,Franz Wagner,1630532,-10,33.0,20.0,3.0,0.5575
2022-23,Franz Wagner,1630532,-9,29.0,16.0,1.0,0.583
2022-23,Franz Wagner,1630532,-8,34.5,17.5,2.0,0.439
2022-23,Franz Wagner,1630532,-7,33.5,16.5,4.5,0.4165
2022-23,Franz Wagner,1630532,-5,28.0,17.0,6.0,0.7
2022-23,Franz Wagner,1630532,-4,32.333333333333336,21.333333333333332,2.6666666666666665,0.4666666666666666
2022-23,Franz Wagner,1630532,-3,37.0,21.0,7.0,0.435
2022-23,Franz Wagner,1630532,-2,33.666666666666664,16.333333333333332,4.0,0.4756666666666667
2022-23,Franz Wagner,1630532,-1,24.0,12.0,0.0,0.364
2022-23,Franz Wagner,1630532,0,33.5,14.5,3.0,0.4335
2022-23,Franz Wagner,1630532,2,34.333333333333336,19.833333333333332,3.8333333333333335,0.5331666666666667
2022-23,Franz Wagner,1630532,3,40.0,31.0,6.0,0.591
2022-23,Franz Wagner,1630532,4,35.666666666666664,16.333333333333332,3.3333333333333335,0.334
2022-23,Franz Wagner,1630532,5,32.0,13.5,4.5,0.4
2022-23,Franz Wagner,1630532,6,31.5,24.0,1.5,0.5565
2022-23,Franz Wagner,1630532,7,38.0,19.0,3.0,0.438
2022-23,Franz Wagner,1630532,8,39.0,20.0,6.0,0.583
2022-23,Franz Wagner,1630532,9,33.5,20.25,3.25,0.5395
2022-23,Franz Wagner,1630532,10,31.0,25.0,0.0,0.6
2022-23,Franz Wagner,1630532,11,31.6,19.2,4.4,0.5586
2022-23,Franz Wagner,1630532,12,34.333333333333336,14.0,6.0,0.49
2022-23,Franz Wagner,1630532,13,34.5,22.5,5.0,0.479
2022-23,Franz Wagner,1630532,14,34.0,26.333333333333332,2.0,0.5543333333333332
2022-23,Franz Wagner,1630532,17,33.0,15.0,6.0,0.538
2022-23,Franz Wagner,1630532,21,31.5,24.5,5.5,0.5315
2022-23,Franz Wagner,1630532,23,23.0,13.0,4.0,0.625
2022-23,Franz Wagner,1630532,33,31.0,16.0,8.0,0.455
2022-23,Franz Wagner,1630532,36,31.0,21.0,4.0,0.467
2022-23,Fred VanVleet,1627832,-27,34.0,22.0,8.0,0.389
2022-23,Fred VanVleet,1627832,-23,28.5,20.5,6.5,0.3305
2022-23,Fred VanVleet,1627832,-22,28.0,15.0,3.0,0.417
2022-23,Fred VanVleet,1627832,-19,34.0,1.0,5.0,0.0
2022-23,Fred VanVleet,1627832,-18,34.0,17.0,4.0,0.308
2022-23,Fred VanVleet,1627832,-16,35.0,9.0,4.5,0.1665
2022-23,Fred VanVleet,1627832,-15,37.0,19.0,6.0,0.357
2022-23,Fred VanVleet,1627832,-12,35.0,15.0,7.0,0.3416666666666666
2022-23,Fred VanVleet,1627832,-11,22.0,4.0,7.0,0.333
2022-23,Fred VanVleet,1627832,-10,40.0,28.0,10.0,0.55
2022-23,Fred VanVleet,1627832,-9,42.0,28.0,11.0,0.318
2022-23,Fred VanVleet,1627832,-8,34.0,27.0,4.0,0.526
2022-23,Fred VanVleet,1627832,-7,34.0,21.0,14.0,0.417
2022-23,Fred VanVleet,1627832,-6,41.0,10.0,6.0,0.286
2022-23,Fred VanVleet,1627832,-5,41.0,24.0,5.5,0.39049999999999996
2022-23,Fred VanVleet,1627832,-4,36.0,19.0,8.5,0.2765
2022-23,Fred VanVleet,1627832,-2,38.0,13.0,9.0,0.333
2022-23,Fred VanVleet,1627832,-1,39.0,35.5,4.0,0.5225
2022-23,Fred VanVleet,1627832,0,39.0,24.0,9.0,0.474
2022-23,Fred VanVleet,1627832,1,36.0,9.0,3.0,0.2
2022-23,Fred VanVleet,1627832,2,37.0,34.0,10.0,0.48
2022-23,Fred VanVleet,1627832,3,39.666666666666664,24.666666666666668,9.333333333333334,0.5
2022-23,Fred VanVleet,1627832,4,37.5,11.0,6.0,0.22949999999999998
2022-23,Fred VanVleet,1627832,5,35.0,9.5,9.0,0.4165
2022-23,Fred VanVleet,1627832,6,38.0,16.6,7.2,0.2982
2022-23,Fred VanVleet,1627832,7,38.0,15.0,5.0,0.444
2022-23,Fred VanVleet,1627832,8,39.0,24.333333333333332,6.333333333333333,0.4103333333333334
2022-23,Fred VanVleet,1627832,9,37.0,32.0,4.0,0.455
2022-23,Fred VanVleet,1627832,10,39.666666666666664,25.333333333333332,8.0,0.44166666666666665
2022-23,Fred VanVleet,1627832,11,34.0,23.5,6.5,0.4735
2022-23,Fred VanVleet,1627832,12,33.333333333333336,18.666666666666668,6.666666666666667,0.4166666666666667
2022-23,Fred VanVleet,1627832,13,39.0,24.0,9.0,0.375
2022-23,Fred VanVleet,1627832,14,34.5,11.0,10.5,0.3175
2022-23,Fred VanVleet,1627832,15,38.5,16.0,6.0,0.3555
2022-23,Fred VanVleet,1627832,17,35.0,28.0,7.0,0.556
2022-23,Fred VanVleet,1627832,18,37.0,20.0,20.0,0.412
2022-23,Fred VanVleet,1627832,19,33.0,18.0,6.666666666666667,0.3403333333333333
2022-23,Fred VanVleet,1627832,20,36.666666666666664,15.333333333333334,5.333333333333333,0.37166666666666665
2022-23,Fred VanVleet,1627832,21,37.0,36.0,7.0,0.591
2022-23,Fred VanVleet,1627832,24,32.0,13.0,5.0,0.333
2022-23,Fred VanVleet,1627832,27,39.0,30.0,11.0,0.409
2022-23,Furkan Korkmaz,1627788,-8,20.0,5.0,1.0,0.333
2022-23,Furkan Korkmaz,1627788,0,25.0,7.0,1.0,0.429
2022-23,Furkan Korkmaz,1627788,12,20.0,9.0,1.0,0.333
2022-23,Furkan Korkmaz,1627788,16,24.0,17.0,4.0,0.857
2022-23,Furkan Korkmaz,1627788,21,29.0,11.0,0.0,0.429
2022-23,Gabe Vincent,1629216,-27,22.0,5.0,0.0,0.167
2022-23,Gabe Vincent,1629216,-24,22.0,6.0,8.0,0.3
2022-23,Gabe Vincent,1629216,-18,25.0,3.0,4.0,0.333
2022-23,Gabe Vincent,1629216,-16,22.0,6.0,1.0,0.25
2022-23,Gabe Vincent,1629216,-13,24.666666666666668,7.333333333333333,2.6666666666666665,0.3146666666666667
2022-23,Gabe Vincent,1629216,-12,31.0,21.0,3.0,0.727
2022-23,Gabe Vincent,1629216,-9,31.333333333333332,13.333333333333334,1.6666666666666667,0.40499999999999997
2022-23,Gabe Vincent,1629216,-8,28.333333333333332,10.0,3.0,0.37566666666666665
2022-23,Gabe Vincent,1629216,-7,30.0,14.0,1.0,0.417
2022-23,Gabe Vincent,1629216,-6,26.666666666666668,14.333333333333334,2.3333333333333335,0.42533333333333334
2022-23,Gabe Vincent,1629216,-5,35.0,15.0,3.0,0.385
2022-23,Gabe Vincent,1629216,-4,23.0,8.0,2.0,0.5
2022-23,Gabe Vincent,1629216,-1,28.0,9.666666666666666,2.6666666666666665,0.4000000000000001
2022-23,Gabe Vincent,1629216,0,28.5,7.0,4.0,0.3395
2022-23,Gabe Vincent,1629216,1,25.0,15.0,0.0,0.6
2022-23,Gabe Vincent,1629216,2,30.75,8.25,3.0,0.244
2022-23,Gabe Vincent,1629216,4,21.0,10.0,1.0,0.8
2022-23,Gabe Vincent,1629216,5,30.0,9.0,3.6666666666666665,0.28400000000000003
2022-23,Gabe Vincent,1629216,6,26.0,9.0,2.0,0.375
2022-23,Gabe Vincent,1629216,7,37.0,17.0,3.0,0.364
2022-23,Gabe Vincent,1629216,8,25.5,7.5,4.0,0.2915
2022-23,Gabe Vincent,1629216,10,41.0,20.0,2.0,0.5
2022-23,Gabe Vincent,1629216,11,26.5,15.25,4.25,0.448
2022-23,Gabe Vincent,1629216,13,26.0,5.0,2.0,0.4
2022-23,Gabe Vincent,1629216,14,25.0,5.0,4.0,0.25
2022-23,Gabe Vincent,1629216,15,27.0,18.0,3.0,0.667
2022-23,Gabe Vincent,1629216,16,31.333333333333332,15.333333333333334,2.3333333333333335,0.49500000000000005
2022-23,Gabe Vincent,1629216,19,36.0,22.0,2.0,0.571
2022-23,Gabe Vincent,1629216,29,30.0,4.0,3.0,0.286
2022-23,Gabe York,1628221,-6,29.0,8.0,3.0,0.286
2022-23,Garrison Mathews,1629726,-16,25.0,19.0,1.0,0.417
2022-23,Garrison Mathews,1629726,-4,20.0,1.0,0.0,0.0
2022-23,Garrison Mathews,1629726,-2,28.0,10.0,0.0,0.4
2022-23,Garrison Mathews,1629726,0,20.0,6.0,0.0,0.5
2022-23,Garrison Mathews,1629726,5,22.0,20.0,2.0,0.667
2022-23,Gary Harris,203914,-16,22.0,3.0,2.0,0.25
2022-23,Gary Harris,203914,-14,25.5,7.0,0.5,0.361
2022-23,Gary Harris,203914,-12,23.0,3.0,2.0,0.167
2022-23,Gary Harris,203914,-11,26.333333333333332,8.666666666666666,1.3333333333333333,0.537
2022-23,Gary Harris,203914,-10,26.0,6.0,1.5,0.3145
2022-23,Gary Harris,203914,-9,24.0,11.5,0.5,0.335
2022-23,Gary Harris,203914,-8,21.0,3.5,0.5,0.25
2022-23,Gary Harris,203914,-7,26.5,7.0,3.5,0.3885
2022-23,Gary Harris,203914,-6,26.0,15.0,1.0,0.625
2022-23,Gary Harris,203914,-4,26.0,11.0,2.0,0.308
2022-23,Gary Harris,203914,-2,25.666666666666668,10.0,2.0,0.472
2022-23,Gary Harris,203914,0,27.0,7.0,0.5,0.333
2022-23,Gary Harris,203914,1,23.5,8.0,1.0,0.55
2022-23,Gary Harris,203914,2,27.0,18.0,1.0,0.5
2022-23,Gary Harris,203914,3,24.5,8.0,1.5,0.402
2022-23,Gary Harris,203914,5,27.5,7.5,1.5,0.3575
2022-23,Gary Harris,203914,6,26.25,10.75,1.25,0.49724999999999997
2022-23,Gary Harris,203914,8,27.0,8.0,1.0,0.5
2022-23,Gary Harris,203914,11,25.5,15.5,0.0,0.6
2022-23,Gary Harris,203914,12,27.0,7.0,2.5,0.5
2022-23,Gary Harris,203914,14,20.0,9.0,2.0,0.8
2022-23,Gary Harris,203914,15,24.0,5.0,1.0,0.4
2022-23,Gary Harris,203914,19,29.0,4.0,0.0,0.4
2022-23,Gary Payton II,1627780,-8,22.0,9.0,0.0,0.75
2022-23,Gary Payton II,1627780,-3,20.0,0.0,1.0,0.0
2022-23,Gary Payton II,1627780,11,21.0,10.0,0.0,0.8
2022-23,Gary Payton II,1627780,13,28.0,7.0,0.0,0.4
2022-23,Gary Payton II,1627780,17,20.0,4.0,4.0,0.5
2022-23,Gary Trent Jr.,1629018,-27,21.0,0.0,2.0,0.0
2022-23,Gary Trent Jr.,1629018,-25,26.0,13.0,1.5,0.382
2022-23,Gary Trent Jr.,1629018,-17,20.0,7.0,1.0,0.286
2022-23,Gary Trent Jr.,1629018,-15,33.0,35.0,1.0,0.6
2022-23,Gary Trent Jr.,1629018,-14,33.0,18.5,1.5,0.5
2022-23,Gary Trent Jr.,1629018,-13,21.0,9.0,3.0,0.4
2022-23,Gary Trent Jr.,1629018,-12,31.333333333333332,14.0,2.0,0.30533333333333335
2022-23,Gary Trent Jr.,1629018,-11,26.0,7.0,1.0,0.154
2022-23,Gary Trent Jr.,1629018,-9,33.0,17.0,1.0,0.4565
2022-23,Gary Trent Jr.,1629018,-8,23.0,12.0,1.0,0.4
2022-23,Gary Trent Jr.,1629018,-7,32.0,9.666666666666666,0.3333333333333333,0.26299999999999996
2022-23,Gary Trent Jr.,1629018,-6,38.0,23.0,2.0,0.389
2022-23,Gary Trent Jr.,1629018,-5,37.0,21.0,1.0,0.4343333333333333
2022-23,Gary Trent Jr.,1629018,-4,30.5,16.0,1.0,0.48850000000000005
2022-23,Gary Trent Jr.,1629018,-3,35.0,26.0,4.0,0.611
2022-23,Gary Trent Jr.,1629018,-2,27.5,16.0,2.0,0.625
2022-23,Gary Trent Jr.,1629018,-1,31.5,22.5,1.0,0.6060000000000001
2022-23,Gary Trent Jr.,1629018,0,33.333333333333336,19.333333333333332,2.6666666666666665,0.4136666666666667
2022-23,Gary Trent Jr.,1629018,1,42.0,27.0,2.3333333333333335,0.48633333333333334
2022-23,Gary Trent Jr.,1629018,2,31.0,16.0,2.4,0.44639999999999996
2022-23,Gary Trent Jr.,1629018,3,35.0,18.666666666666668,0.3333333333333333,0.375
2022-23,Gary Trent Jr.,1629018,4,33.5,19.0,1.5,0.5645
2022-23,Gary Trent Jr.,1629018,5,42.0,18.0,2.0,0.368
2022-23,Gary Trent Jr.,1629018,6,35.0,19.0,1.0,0.316
2022-23,Gary Trent Jr.,1629018,7,38.0,22.0,3.0,0.529
2022-23,Gary Trent Jr.,1629018,9,36.0,19.0,1.5,0.4375
2022-23,Gary Trent Jr.,1629018,12,33.0,24.0,1.5,0.479
2022-23,Gary Trent Jr.,1629018,13,36.0,16.0,3.0,0.467
2022-23,Gary Trent Jr.,1629018,14,27.0,23.0,3.0,0.538
2022-23,Gary Trent Jr.,1629018,15,33.0,15.0,3.0,0.375
2022-23,Gary Trent Jr.,1629018,16,33.5,20.5,1.0,0.5635
2022-23,Gary Trent Jr.,1629018,17,29.0,19.0,3.0,0.571
2022-23,Gary Trent Jr.,1629018,18,37.0,27.0,1.5,0.469
2022-23,Gary Trent Jr.,1629018,28,36.0,21.0,2.0,0.438
2022-23,Gary Trent Jr.,1629018,35,26.0,24.0,2.0,0.529
2022-23,George Hill,201588,-20,20.0,5.0,5.0,0.286
2022-23,George Hill,201588,-4,31.5,10.0,3.0,0.4645
2022-23,George Hill,201588,-3,25.0,2.0,3.0,0.0
2022-23,George Hill,201588,-1,27.0,5.0,4.0,0.111
2022-23,George Hill,201588,2,22.0,9.0,6.0,0.667
2022-23,George Hill,201588,3,20.0,4.0,0.0,1.0
2022-23,George Hill,201588,4,20.0,5.0,2.0,0.4
2022-23,George Hill,201588,6,26.0,12.0,2.0,0.4
2022-23,George Hill,201588,8,25.0,8.0,5.0,0.571
2022-23,George Hill,201588,9,21.0,6.0,4.0,0.667
2022-23,George Hill,201588,12,29.0,8.0,4.0,0.667
2022-23,George Hill,201588,17,21.0,2.0,2.0,0.5
2022-23,George Hill,201588,20,23.0,9.0,6.0,0.75
2022-23,George Hill,201588,26,23.0,15.0,2.0,0.833
2022-23,George Hill,201588,29,21.0,17.0,3.0,0.714
2022-23,Georges Niang,1627777,-29,23.0,4.0,2.0,0.25
2022-23,Georges Niang,1627777,-18,23.0,9.0,2.0,0.25
2022-23,Georges Niang,1627777,-17,24.0,8.0,2.0,0.375
2022-23,Georges Niang,1627777,-10,29.0,5.0,0.0,0.25
2022-23,Georges Niang,1627777,-8,26.0,13.0,0.0,0.455
2022-23,Georges Niang,1627777,-7,23.0,8.0,0.0,0.6
2022-23,Georges Niang,1627777,-6,20.0,8.0,0.0,0.333
2022-23,Georges Niang,1627777,-2,23.5,11.5,1.0,0.518
2022-23,Georges Niang,1627777,-1,22.0,10.0,1.0,0.444
2022-23,Georges Niang,1627777,0,21.0,10.0,3.0,0.5
2022-23,Georges Niang,1627777,1,31.0,24.0,2.0,0.692
2022-23,Georges Niang,1627777,2,28.0,3.0,1.0,0.143
2022-23,Georges Niang,1627777,3,30.0,17.0,0.0,0.545
2022-23,Georges Niang,1627777,4,21.0,5.0,1.0,0.4
2022-23,Georges Niang,1627777,5,24.0,11.0,1.0,0.667
2022-23,Georges Niang,1627777,6,22.0,13.0,2.0,0.625
2022-23,Georges Niang,1627777,7,26.5,18.0,2.5,0.5960000000000001
2022-23,Georges Niang,1627777,10,26.5,13.75,0.25,0.48425
2022-23,Georges Niang,1627777,13,21.0,13.0,2.0,0.571
2022-23,Georges Niang,1627777,17,25.5,11.5,2.0,0.43900000000000006
2022-23,Georges Niang,1627777,19,26.0,11.0,0.0,0.25
2022-23,Georges Niang,1627777,21,27.0,17.0,1.0,0.583
2022-23,Georges Niang,1627777,23,22.0,12.0,1.0,0.5
2022-23,Georges Niang,1627777,25,25.0,12.0,3.0,0.5
2022-23,Giannis Antetokounmpo,203507,-32,25.0,24.0,2.0,0.407
2022-23,Giannis Antetokounmpo,203507,-29,25.0,19.0,5.0,0.385
2022-23,Giannis Antetokounmpo,203507,-27,35.0,27.0,3.0,0.409
2022-23,Giannis Antetokounmpo,203507,-22,26.0,25.0,2.0,0.45
2022-23,Giannis Antetokounmpo,203507,-21,21.0,9.0,0.0,0.286
2022-23,Giannis Antetokounmpo,203507,-20,35.0,26.0,7.0,0.692
2022-23,Giannis Antetokounmpo,203507,-15,32.0,31.0,4.0,0.591
2022-23,Giannis Antetokounmpo,203507,-14,35.0,34.0,4.0,0.429
2022-23,Giannis Antetokounmpo,203507,-13,30.0,27.0,4.0,0.381
2022-23,Giannis Antetokounmpo,203507,-12,34.0,25.0,4.0,0.455
2022-23,Giannis Antetokounmpo,203507,-11,36.0,16.0,4.0,0.412
2022-23,Giannis Antetokounmpo,203507,-10,34.0,31.5,6.5,0.631
2022-23,Giannis Antetokounmpo,203507,-7,35.0,34.0,4.0,0.583
2022-23,Giannis Antetokounmpo,203507,-5,36.0,37.0,7.0,0.52
2022-23,Giannis Antetokounmpo,203507,-4,33.0,34.0,5.0,0.571
2022-23,Giannis Antetokounmpo,203507,-2,35.0,28.0,3.0,0.5
2022-23,Giannis Antetokounmpo,203507,-1,31.0,31.0,2.0,0.522
2022-23,Giannis Antetokounmpo,203507,1,33.0,42.0,1.0,0.706
2022-23,Giannis Antetokounmpo,203507,2,34.0,40.5,5.5,0.624
2022-23,Giannis Antetokounmpo,203507,3,39.0,45.0,4.0,0.63
2022-23,Giannis Antetokounmpo,203507,5,35.5,39.5,6.0,0.5980000000000001
2022-23,Giannis Antetokounmpo,203507,8,35.0,38.0,6.0,0.609
2022-23,Giannis Antetokounmpo,203507,9,36.5,32.5,5.0,0.5045
2022-23,Giannis Antetokounmpo,203507,10,32.333333333333336,34.333333333333336,4.666666666666667,0.49033333333333334
2022-23,Giannis Antetokounmpo,203507,11,31.666666666666668,34.666666666666664,6.333333333333333,0.5553333333333333
2022-23,Giannis Antetokounmpo,203507,12,29.0,32.0,4.0,0.458
2022-23,Giannis Antetokounmpo,203507,13,36.0,21.0,8.0,0.563
2022-23,Giannis Antetokounmpo,203507,14,45.0,36.0,9.0,0.462
2022-23,Giannis Antetokounmpo,203507,15,33.25,28.5,8.25,0.5435000000000001
2022-23,Giannis Antetokounmpo,203507,16,27.333333333333332,37.0,3.3333333333333335,0.6523333333333333
2022-23,Giannis Antetokounmpo,203507,17,25.5,27.0,6.5,0.4945
2022-23,Giannis Antetokounmpo,203507,18,32.0,28.0,10.0,0.563
2022-23,Giannis Antetokounmpo,203507,19,32.333333333333336,34.333333333333336,7.666666666666667,0.6883333333333334
2022-23,Giannis Antetokounmpo,203507,20,33.666666666666664,34.333333333333336,9.333333333333334,0.5623333333333334
2022-23,Giannis Antetokounmpo,203507,21,31.0,33.0,6.0,0.765
2022-23,Giannis Antetokounmpo,203507,23,27.0,44.0,3.0,0.81
2022-23,Giannis Antetokounmpo,203507,25,34.5,40.5,9.0,0.509
2022-23,Giannis Antetokounmpo,203507,26,26.0,29.0,4.0,0.533
2022-23,Giannis Antetokounmpo,203507,27,38.0,30.0,9.0,0.5
2022-23,Giannis Antetokounmpo,203507,32,24.0,24.0,11.0,0.769
2022-23,Goga Bitadze,1629048,-17,20.0,7.0,1.0,0.429
2022-23,Goga Bitadze,1629048,-8,20.0,3.0,1.0,0.0
2022-23,Goga Bitadze,1629048,-6,20.0,4.0,1.0,0.5
2022-23,Goga Bitadze,1629048,-1,25.0,12.0,1.0,0.714
2022-23,Goga Bitadze,1629048,2,20.0,3.0,2.0,0.333
2022-23,Goga Bitadze,1629048,6,20.0,12.0,2.0,0.667
2022-23,Goga Bitadze,1629048,8,23.0,8.0,3.5,0.5
2022-23,Goran Dragic,201609,-6,22.5,10.0,5.5,0.39649999999999996
2022-23,Goran Dragic,201609,-2,20.666666666666668,11.0,2.3333333333333335,0.504
2022-23,Goran Dragic,201609,1,20.0,16.0,2.0,0.6
2022-23,Goran Dragic,201609,5,23.0,14.0,5.0,0.545
2022-23,Goran Dragic,201609,6,21.0,9.0,5.0,0.375
2022-23,Goran Dragic,201609,9,25.0,14.0,6.0,0.545
2022-23,Goran Dragic,201609,18,25.0,10.0,2.0,0.444
2022-23,Goran Dragic,201609,22,23.0,7.0,5.0,0.375
2022-23,Gordon Hayward,202330,-22,26.0,10.5,3.5,0.5355
2022-23,Gordon Hayward,202330,-19,25.0,8.0,3.0,0.222
2022-23,Gordon Hayward,202330,-18,26.0,18.0,3.0,0.545
2022-23,Gordon Hayward,202330,-17,32.0,11.5,5.0,0.4085
2022-23,Gordon Hayward,202330,-15,21.0,6.0,2.0,0.5
2022-23,Gordon Hayward,202330,-14,31.0,9.5,5.0,0.363
2022-23,Gordon Hayward,202330,-13,37.0,13.5,3.5,0.347
2022-23,Gordon Hayward,202330,-11,36.0,14.0,3.0,0.429
2022-23,Gordon Hayward,202330,-10,30.0,6.0,2.0,0.222
2022-23,Gordon Hayward,202330,-9,33.333333333333336,13.833333333333334,4.166666666666667,0.3983333333333334
2022-23,Gordon Hayward,202330,-8,33.0,2.0,6.0,0.111
2022-23,Gordon Hayward,202330,-7,28.0,7.0,3.0,0.3
2022-23,Gordon Hayward,202330,-6,37.0,26.0,7.0,0.632
2022-23,Gordon Hayward,202330,-5,29.0,8.0,6.0,0.5
2022-23,Gordon Hayward,202330,-4,30.0,9.5,1.5,0.243
2022-23,Gordon Hayward,202330,-3,42.0,13.0,7.0,0.357
2022-23,Gordon Hayward,202330,0,31.0,15.0,3.3333333333333335,0.5776666666666667
2022-23,Gordon Hayward,202330,2,28.0,20.5,2.0,0.7855
2022-23,Gordon Hayward,202330,3,30.0,21.0,5.5,0.625
2022-23,Gordon Hayward,202330,4,32.0,22.0,4.0,0.571
2022-23,Gordon Hayward,202330,6,32.5,17.5,4.5,0.5665
2022-23,Gordon Hayward,202330,7,28.666666666666668,17.333333333333332,3.0,0.5333333333333333
2022-23,Gordon Hayward,202330,9,34.0,23.0,4.0,0.5
2022-23,Gordon Hayward,202330,10,32.0,25.0,9.0,0.6
2022-23,Gordon Hayward,202330,11,25.0,9.0,5.0,0.444
2022-23,Gordon Hayward,202330,12,32.0,27.0,5.0,0.556
2022-23,Gordon Hayward,202330,13,33.0,16.0,6.0,0.6
2022-23,Gordon Hayward,202330,14,33.5,19.0,6.0,0.5980000000000001
2022-23,Gordon Hayward,202330,15,36.0,10.0,6.0,0.4
2022-23,Gordon Hayward,202330,18,36.0,19.0,1.0,0.667
2022-23,Gordon Hayward,202330,26,33.0,22.0,5.0,0.533
2022-23,Gorgui Dieng,203476,-30,21.0,4.0,2.0,0.333
2022-23,Gorgui Dieng,203476,-10,21.0,7.0,3.0,0.5
2022-23,Gorgui Dieng,203476,4,24.0,5.0,3.0,0.286
2022-23,Gorgui Dieng,203476,11,23.0,13.0,4.0,0.5
2022-23,Grant Williams,1629684,-24,21.0,0.0,1.0,0.0
2022-23,Grant Williams,1629684,-18,21.0,6.0,0.0,0.25
2022-23,Grant Williams,1629684,-12,27.0,9.0,1.0,0.5
2022-23,Grant Williams,1629684,-11,20.0,2.0,1.0,0.25
2022-23,Grant Williams,1629684,-10,34.0,13.0,1.0,0.556
2022-23,Grant Williams,1629684,-7,31.666666666666668,11.333333333333334,1.0,0.5833333333333334
2022-23,Grant Williams,1629684,-6,31.0,4.0,0.0,0.667
2022-23,Grant Williams,1629684,-5,30.0,23.0,2.0,0.5
2022-23,Grant Williams,1629684,-4,31.75,8.0,1.5,0.3475
2022-23,Grant Williams,1629684,-3,24.5,8.5,2.0,0.6
2022-23,Grant Williams,1629684,-2,26.0,7.0,2.5,0.45199999999999996
2022-23,Grant Williams,1629684,-1,26.0,4.666666666666667,2.6666666666666665,0.2776666666666667
2022-23,Grant Williams,1629684,0,33.0,19.0,2.5,0.5815
2022-23,Grant Williams,1629684,3,37.5,12.5,3.0,0.5
2022-23,Grant Williams,1629684,4,35.0,13.333333333333334,0.3333333333333333,0.4873333333333334
2022-23,Grant Williams,1629684,5,26.0,11.0,4.333333333333333,0.3156666666666667
2022-23,Grant Williams,1629684,6,33.5,6.0,2.75,0.23224999999999998
2022-23,Grant Williams,1629684,7,29.0,15.5,1.5,0.8
2022-23,Grant Williams,1629684,8,27.25,11.0,3.0,0.625
2022-23,Grant Williams,1629684,9,28.2,6.6,2.6,0.5334000000000001
2022-23,Grant Williams,1629684,10,30.333333333333332,10.0,1.0,0.4523333333333333
2022-23,Grant Williams,1629684,13,37.0,9.0,4.0,0.333
2022-23,Grant Williams,1629684,15,25.0,7.25,1.75,0.6012500000000001
2022-23,Grant Williams,1629684,16,27.0,10.0,1.5,0.45
2022-23,Grant Williams,1629684,20,25.0,11.0,3.0,0.5
2022-23,Grant Williams,1629684,25,27.0,12.0,3.0,0.556
2022-23,Grant Williams,1629684,31,22.0,14.0,0.0,1.0
2022-23,Grayson Allen,1628960,-30,24.0,3.0,1.0,0.333
2022-23,Grayson Allen,1628960,-25,21.0,3.0,0.0,0.25
2022-23,Grayson Allen,1628960,-22,21.0,12.0,2.0,0.571
2022-23,Grayson Allen,1628960,-17,26.0,7.666666666666667,1.6666666666666667,0.3633333333333333
2022-23,Grayson Allen,1628960,-16,26.0,12.0,5.0,0.444
2022-23,Grayson Allen,1628960,-13,27.5,9.5,1.0,0.3335
2022-23,Grayson Allen,1628960,-11,28.0,11.0,0.0,0.5
2022-23,Grayson Allen,1628960,-10,29.0,11.333333333333334,3.6666666666666665,0.42133333333333334
2022-23,Grayson Allen,1628960,-8,24.0,13.0,1.0,0.429
2022-23,Grayson Allen,1628960,-7,31.0,12.0,2.0,0.385
2022-23,Grayson Allen,1628960,-6,30.0,13.0,2.0,0.25
2022-23,Grayson Allen,1628960,-5,29.0,13.5,2.0,0.5165
2022-23,Grayson Allen,1628960,-4,24.8,6.0,1.4,0.3812
2022-23,Grayson Allen,1628960,-3,30.75,12.75,2.0,0.45725
2022-23,Grayson Allen,1628960,-2,32.0,13.0,4.0,0.5
2022-23,Grayson Allen,1628960,-1,32.0,12.0,4.0,0.3
2022-23,Grayson Allen,1628960,0,25.5,7.5,2.5,0.4375
2022-23,Grayson Allen,1628960,1,26.5,7.5,1.0,0.4165
2022-23,Grayson Allen,1628960,2,33.0,9.5,2.5,0.393
2022-23,Grayson Allen,1628960,3,28.0,7.5,1.5,0.4375
2022-23,Grayson Allen,1628960,4,27.0,11.0,2.0,0.273
2022-23,Grayson Allen,1628960,6,28.0,12.0,0.0,0.364
2022-23,Grayson Allen,1628960,8,25.666666666666668,12.666666666666666,3.0,0.509
2022-23,Grayson Allen,1628960,9,30.5,15.25,2.25,0.51525
2022-23,Grayson Allen,1628960,10,35.0,18.0,6.0,0.625
2022-23,Grayson Allen,1628960,14,25.0,2.5,0.5,0.238
2022-23,Grayson Allen,1628960,15,28.0,7.0,1.0,0.333
2022-23,Grayson Allen,1628960,16,28.0,11.5,4.5,0.611
2022-23,Grayson Allen,1628960,17,29.5,11.0,4.0,0.2935
2022-23,Grayson Allen,1628960,18,25.6,11.6,3.0,0.4364
2022-23,Grayson Allen,1628960,20,29.5,17.5,4.5,0.6855
2022-23,Grayson Allen,1628960,21,30.0,14.5,2.0,0.518
2022-23,Grayson Allen,1628960,22,28.0,16.0,3.0,0.417
2022-23,Grayson Allen,1628960,23,28.0,17.0,2.0,0.6
2022-23,Grayson Allen,1628960,25,29.0,10.0,2.0,0.6
2022-23,Grayson Allen,1628960,26,23.0,9.0,5.0,0.5
2022-23,Hamidou Diallo,1628977,-20,20.0,11.0,1.0,0.571
2022-23,Hamidou Diallo,1628977,-11,33.0,23.0,2.0,0.667
2022-23,Hamidou Diallo,1628977,-8,26.0,14.0,1.0,0.538
2022-23,Hamidou Diallo,1628977,-6,25.0,14.0,1.0,0.667
2022-23,Hamidou Diallo,1628977,-4,27.0,9.0,3.0,0.4
2022-23,Hamidou Diallo,1628977,-1,20.0,16.0,1.0,0.778
2022-23,Hamidou Diallo,1628977,0,21.0,12.5,1.0,0.7384999999999999
2022-23,Hamidou Diallo,1628977,1,21.0,17.0,1.0,0.875
2022-23,Hamidou Diallo,1628977,3,27.0,15.5,0.5,0.7424999999999999
2022-23,Hamidou Diallo,1628977,5,22.0,9.0,2.0,0.5
2022-23,Hamidou Diallo,1628977,6,20.0,13.0,0.5,0.6385
2022-23,Hamidou Diallo,1628977,9,23.0,14.0,1.0,0.771
2022-23,Hamidou Diallo,1628977,12,24.0,12.0,3.0,0.5
2022-23,Hamidou Diallo,1628977,14,28.0,19.0,1.0,0.538
2022-23,Hamidou Diallo,1628977,15,20.0,12.0,1.0,0.5
2022-23,Harrison Barnes,203084,-35,23.0,7.0,1.0,0.333
2022-23,Harrison Barnes,203084,-25,29.0,13.0,2.0,0.556
2022-23,Harrison Barnes,203084,-23,30.0,10.0,0.0,0.429
2022-23,Harrison Barnes,203084,-20,30.0,11.0,2.0,0.333
2022-23,Harrison Barnes,203084,-19,22.0,12.0,1.0,0.444
2022-23,Harrison Barnes,203084,-18,21.0,4.0,0.0,1.0
2022-23,Harrison Barnes,203084,-17,30.0,14.0,0.0,0.444
2022-23,Harrison Barnes,203084,-14,37.0,13.0,0.0,0.313
2022-23,Harrison Barnes,203084,-13,27.5,14.0,2.0,0.3975
2022-23,Harrison Barnes,203084,-12,31.666666666666668,15.333333333333334,2.0,0.443
2022-23,Harrison Barnes,203084,-10,22.0,0.0,0.0,0.0
2022-23,Harrison Barnes,203084,-9,32.0,13.0,1.0,0.455
2022-23,Harrison Barnes,203084,-8,37.0,20.0,1.0,0.538
2022-23,Harrison Barnes,203084,-6,33.5,13.5,2.5,0.472
2022-23,Harrison Barnes,203084,-5,34.0,14.0,0.5,0.5225
2022-23,Harrison Barnes,203084,-4,38.5,13.0,1.5,0.292
2022-23,Harrison Barnes,203084,-3,34.333333333333336,17.0,0.6666666666666666,0.338
2022-23,Harrison Barnes,203084,-2,31.333333333333332,14.333333333333334,0.3333333333333333,0.38033333333333336
2022-23,Harrison Barnes,203084,-1,38.0,13.5,2.0,0.381
2022-23,Harrison Barnes,203084,0,30.666666666666668,11.666666666666666,2.0,0.3626666666666667
2022-23,Harrison Barnes,203084,1,35.25,12.5,0.75,0.43074999999999997
2022-23,Harrison Barnes,203084,2,33.0,13.666666666666666,1.3333333333333333,0.4486666666666667
2022-23,Harrison Barnes,203084,3,30.0,12.5,1.5,0.5
2022-23,Harrison Barnes,203084,4,32.2,14.4,1.2,0.43260000000000004
2022-23,Harrison Barnes,203084,5,34.5,16.0,2.0,0.4915
2022-23,Harrison Barnes,203084,6,37.0,27.0,1.0,0.615
2022-23,Harrison Barnes,203084,7,28.333333333333332,14.333333333333334,2.0,0.48500000000000004
2022-23,Harrison Barnes,203084,8,33.0,17.333333333333332,2.0,0.5443333333333333
2022-23,Harrison Barnes,203084,9,33.0,16.5,1.5,0.49250000000000005
2022-23,Harrison Barnes,203084,10,30.5,14.5,3.0,0.5415
2022-23,Harrison Barnes,203084,12,37.0,13.666666666666666,3.0,0.4086666666666667
2022-23,Harrison Barnes,203084,13,34.5,17.5,2.5,0.4
2022-23,Harrison Barnes,203084,14,37.0,29.0,3.0,0.615
2022-23,Harrison Barnes,203084,16,35.0,21.0,1.5,0.5695
2022-23,Harrison Barnes,203084,17,31.0,20.666666666666668,0.6666666666666666,0.634
2022-23,Harrison Barnes,203084,20,35.5,20.5,2.0,0.6415
2022-23,Harrison Barnes,203084,22,34.0,20.0,1.5,0.53
2022-23,Harrison Barnes,203084,24,32.0,9.0,4.0,0.4
2022-23,Harrison Barnes,203084,26,26.0,8.5,2.5,0.4335
2022-23,Harrison Barnes,203084,28,36.0,27.0,3.0,0.571
2022-23,Harrison Barnes,203084,30,25.0,22.0,2.0,0.667
2022-23,Harrison Barnes,203084,33,21.0,16.0,3.0,0.625
2022-23,Haywood Highsmith,1629312,-24,27.0,0.0,1.0,0.0
2022-23,Haywood Highsmith,1629312,-23,28.0,0.0,0.0,0.0
2022-23,Haywood Highsmith,1629312,-14,25.0,16.0,2.0,0.667
2022-23,Haywood Highsmith,1629312,-12,32.0,10.0,3.0,0.364
2022-23,Haywood Highsmith,1629312,-10,24.0,4.0,0.0,0.4
2022-23,Haywood Highsmith,1629312,-8,23.0,3.0,0.0,0.333
2022-23,Haywood Highsmith,1629312,-6,33.5,10.5,2.5,0.44999999999999996
2022-23,Haywood Highsmith,1629312,-5,27.0,2.0,3.0,0.333
2022-23,Haywood Highsmith,1629312,-4,22.0,10.0,2.0,0.714
2022-23,Haywood Highsmith,1629312,-2,31.0,9.5,1.0,0.397
2022-23,Haywood Highsmith,1629312,-1,27.0,6.5,1.0,0.393
2022-23,Haywood Highsmith,1629312,0,24.0,7.5,1.0,0.875
2022-23,Haywood Highsmith,1629312,1,23.0,0.0,2.0,0.0
2022-23,Haywood Highsmith,1629312,2,30.0,8.0,3.0,0.333
2022-23,Haywood Highsmith,1629312,4,33.0,6.0,1.0,0.333
2022-23,Haywood Highsmith,1629312,6,23.0,3.0,1.0,0.143
2022-23,Haywood Highsmith,1629312,7,22.0,3.0,1.0,0.25
2022-23,Haywood Highsmith,1629312,9,27.0,0.0,0.0,0.0
2022-23,Haywood Highsmith,1629312,12,28.5,8.5,1.0,0.45699999999999996
2022-23,Haywood Highsmith,1629312,16,37.0,5.0,1.0,0.286
2022-23,Herbert Jones,1630529,-25,36.0,21.0,4.0,0.75
2022-23,Herbert Jones,1630529,-23,27.0,11.0,2.0,0.364
2022-23,Herbert Jones,1630529,-21,22.0,13.0,3.0,0.364
2022-23,Herbert Jones,1630529,-19,26.0,4.0,1.0,0.222
2022-23,Herbert Jones,1630529,-16,29.5,7.5,2.5,0.393
2022-23,Herbert Jones,1630529,-15,33.0,20.0,1.0,0.438
2022-23,Herbert Jones,1630529,-13,31.0,8.0,4.0,0.75
2022-23,Herbert Jones,1630529,-12,24.0,8.5,1.0,0.45
2022-23,Herbert Jones,1630529,-11,33.333333333333336,11.0,3.3333333333333335,0.48500000000000004
2022-23,Herbert Jones,1630529,-9,35.0,17.0,2.0,0.583
2022-23,Herbert Jones,1630529,-7,33.0,16.0,1.0,0.462
2022-23,Herbert Jones,1630529,-6,31.0,10.833333333333334,2.6666666666666665,0.5535
2022-23,Herbert Jones,1630529,-5,23.0,4.0,2.0,0.5
2022-23,Herbert Jones,1630529,-4,37.0,13.0,8.0,0.625
2022-23,Herbert Jones,1630529,-3,35.0,8.0,2.0,0.36650000000000005
2022-23,Herbert Jones,1630529,-2,30.0,11.0,3.0,0.5
2022-23,Herbert Jones,1630529,-1,30.333333333333332,8.333333333333334,2.0,0.389
2022-23,Herbert Jones,1630529,0,33.5,10.0,2.5,0.45199999999999996
2022-23,Herbert Jones,1630529,1,32.0,10.0,2.0,0.333
2022-23,Herbert Jones,1630529,3,29.0,12.5,2.5,0.45199999999999996
2022-23,Herbert Jones,1630529,4,34.0,15.0,4.0,1.0
2022-23,Herbert Jones,1630529,5,30.0,9.0,0.0,1.0
2022-23,Herbert Jones,1630529,6,33.0,13.0,3.0,0.571
2022-23,Herbert Jones,1630529,7,30.25,6.5,1.75,0.32475
2022-23,Herbert Jones,1630529,8,28.0,9.0,1.0,0.75
2022-23,Herbert Jones,1630529,9,39.0,11.0,4.0,0.571
2022-23,Herbert Jones,1630529,10,32.5,10.5,3.5,0.403
2022-23,Herbert Jones,1630529,12,25.5,3.0,2.0,0.6
2022-23,Herbert Jones,1630529,16,32.5,9.5,2.0,0.5835
2022-23,Herbert Jones,1630529,17,21.0,12.0,4.0,0.5
2022-23,Herbert Jones,1630529,19,25.666666666666668,7.333333333333333,2.0,0.4256666666666667
2022-23,Herbert Jones,1630529,20,43.0,35.0,3.0,0.524
2022-23,Herbert Jones,1630529,21,31.0,10.0,3.0,0.429
2022-23,Herbert Jones,1630529,32,26.0,7.0,4.0,0.75
2022-23,Herbert Jones,1630529,34,27.0,6.0,3.0,0.286
2022-23,Herbert Jones,1630529,35,33.0,5.0,2.0,0.333
2022-23,Herbert Jones,1630529,43,30.0,16.0,7.0,0.778
2022-23,Immanuel Quickley,1630193,-19,28.0,5.0,1.0,0.25
2022-23,Immanuel Quickley,1630193,-15,35.0,14.0,5.0,0.313
2022-23,Immanuel Quickley,1630193,-13,29.0,23.0,0.0,0.636
2022-23,Immanuel Quickley,1630193,-12,43.0,36.0,7.0,0.444
2022-23,Immanuel Quickley,1630193,-11,30.0,14.0,3.0,0.5625
2022-23,Immanuel Quickley,1630193,-9,42.0,26.0,4.0,0.444
2022-23,Immanuel Quickley,1630193,-8,26.0,6.0,1.0,0.0
2022-23,Immanuel Quickley,1630193,-5,21.5,4.5,2.0,0.1965
2022-23,Immanuel Quickley,1630193,-4,22.0,21.0,3.0,0.636
2022-23,Immanuel Quickley,1630193,-3,23.5,13.0,4.0,0.45799999999999996
2022-23,Immanuel Quickley,1630193,-2,37.0,22.0,5.0,0.444
2022-23,Immanuel Quickley,1630193,-1,28.0,12.5,2.5,0.271
2022-23,Immanuel Quickley,1630193,0,30.25,11.625,4.375,0.347875
2022-23,Immanuel Quickley,1630193,1,28.0,17.0,1.0,0.583
2022-23,Immanuel Quickley,1630193,2,30.833333333333332,14.166666666666666,2.0,0.6456666666666667
2022-23,Immanuel Quickley,1630193,3,32.333333333333336,13.333333333333334,5.0,0.37633333333333335
2022-23,Immanuel Quickley,1630193,5,28.666666666666668,20.333333333333332,1.6666666666666667,0.5143333333333333
2022-23,Immanuel Quickley,1630193,6,31.333333333333332,9.666666666666666,3.0,0.315
2022-23,Immanuel Quickley,1630193,7,31.75,15.5,4.75,0.361
2022-23,Immanuel Quickley,1630193,8,44.0,32.0,5.0,0.5535
2022-23,Immanuel Quickley,1630193,9,32.0,18.2,3.4,0.4404
2022-23,Immanuel Quickley,1630193,10,23.0,14.0,2.0,0.455
2022-23,Immanuel Quickley,1630193,11,25.4,12.8,4.0,0.5138
2022-23,Immanuel Quickley,1630193,12,35.0,15.0,3.0,0.5
2022-23,Immanuel Quickley,1630193,13,24.0,12.0,2.0,0.75
2022-23,Immanuel Quickley,1630193,14,26.666666666666668,16.0,4.0,0.5236666666666666
2022-23,Immanuel Quickley,1630193,15,26.0,22.5,2.0,0.569
2022-23,Immanuel Quickley,1630193,18,27.75,20.0,4.25,0.52275
2022-23,Immanuel Quickley,1630193,22,27.0,14.0,5.0,0.5
2022-23,Immanuel Quickley,1630193,25,40.0,27.0,7.0,0.36
2022-23,Immanuel Quickley,1630193,27,33.0,29.5,8.0,0.5545
2022-23,Isaac Okoro,1630171,-18,21.0,4.0,1.0,0.4
2022-23,Isaac Okoro,1630171,-14,22.0,6.0,1.0,0.2
2022-23,Isaac Okoro,1630171,-13,32.0,2.0,1.0,0.091
2022-23,Isaac Okoro,1630171,-12,28.0,5.0,1.0,0.4
2022-23,Isaac Okoro,1630171,-11,23.0,14.0,0.0,0.556
2022-23,Isaac Okoro,1630171,-9,24.0,4.0,1.0,0.667
2022-23,Isaac Okoro,1630171,-8,26.333333333333332,10.0,0.6666666666666666,0.5850000000000001
2022-23,Isaac Okoro,1630171,-7,22.0,5.0,1.3333333333333333,0.643
2022-23,Isaac Okoro,1630171,-5,21.0,5.5,1.0,0.3395
2022-23,Isaac Okoro,1630171,-4,25.5,3.5,2.0,0.35
2022-23,Isaac Okoro,1630171,-2,33.0,16.0,3.0,0.667
2022-23,Isaac Okoro,1630171,0,24.5,8.0,0.0,0.5
2022-23,Isaac Okoro,1630171,2,25.0,11.0,0.5,0.55
2022-23,Isaac Okoro,1630171,3,28.0,9.0,1.5,0.45
2022-23,Isaac Okoro,1630171,4,29.0,11.0,0.0,1.0
2022-23,Isaac Okoro,1630171,5,28.0,9.666666666666666,1.6666666666666667,0.6666666666666666
2022-23,Isaac Okoro,1630171,7,24.5,11.0,2.0,1.0
2022-23,Isaac Okoro,1630171,9,26.0,11.0,2.0,0.657
2022-23,Isaac Okoro,1630171,10,25.0,10.0,2.5,0.75
2022-23,Isaac Okoro,1630171,11,35.0,3.0,1.0,0.333
2022-23,Isaac Okoro,1630171,13,28.0,7.0,1.0,0.429
2022-23,Isaac Okoro,1630171,14,28.333333333333332,4.0,1.0,0.5
2022-23,Isaac Okoro,1630171,15,28.0,8.0,1.0,0.75
2022-23,Isaac Okoro,1630171,16,20.0,3.0,1.0,1.0
2022-23,Isaac Okoro,1630171,18,30.0,9.0,5.0,0.6
2022-23,Isaac Okoro,1630171,20,22.0,11.0,2.0,0.714
2022-23,Isaac Okoro,1630171,23,27.0,16.0,3.0,0.7225
2022-23,Isaac Okoro,1630171,24,21.0,2.0,2.0,0.0
2022-23,Isaac Okoro,1630171,26,29.0,13.0,2.0,0.5
2022-23,Isaac Okoro,1630171,29,27.0,7.0,5.0,0.5
2022-23,Isaiah Hartenstein,1628392,-23,20.0,8.0,5.0,0.571
2022-23,Isaiah Hartenstein,1628392,-19,22.0,14.0,1.0,0.625
2022-23,Isaiah Hartenstein,1628392,-16,22.0,2.0,0.0,0.2
2022-23,Isaiah Hartenstein,1628392,-14,28.0,8.0,1.0,0.429
2022-23,Isaiah Hartenstein,1628392,-11,24.0,6.0,1.0,1.0
2022-23,Isaiah Hartenstein,1628392,-7,22.0,9.0,2.0,0.8
2022-23,Isaiah Hartenstein,1628392,-6,22.666666666666668,5.666666666666667,1.3333333333333333,0.4223333333333333
2022-23,Isaiah Hartenstein,1628392,-5,23.333333333333332,6.666666666666667,1.6666666666666667,0.5916666666666667
2022-23,Isaiah Hartenstein,1628392,-4,24.0,3.0,1.0,0.25
2022-23,Isaiah Hartenstein,1628392,1,40.0,16.0,4.0,0.636
2022-23,Isaiah Hartenstein,1628392,2,20.0,8.0,0.0,0.5
2022-23,Isaiah Hartenstein,1628392,3,31.0,5.0,4.0,0.333
2022-23,Isaiah Hartenstein,1628392,6,22.0,2.0,1.0,0.25
2022-23,Isaiah Hartenstein,1628392,7,38.0,10.0,1.0,0.833
2022-23,Isaiah Hartenstein,1628392,9,25.333333333333332,5.333333333333333,1.0,0.511
2022-23,Isaiah Hartenstein,1628392,10,32.5,11.0,0.5,0.6
2022-23,Isaiah Hartenstein,1628392,11,23.0,4.5,2.0,0.8335
2022-23,Isaiah Hartenstein,1628392,12,28.0,6.0,2.0,0.6
2022-23,Isaiah Hartenstein,1628392,15,25.0,5.0,4.0,1.0
2022-23,Isaiah Hartenstein,1628392,18,25.0,4.0,0.0,0.5
2022-23,Isaiah Hartenstein,1628392,19,24.0,1.0,1.5,0.5
2022-23,Isaiah Hartenstein,1628392,20,26.0,0.0,4.0,0.0
2022-23,Isaiah Hartenstein,1628392,21,21.0,6.0,0.0,0.5
2022-23,Isaiah Hartenstein,1628392,29,23.0,8.0,1.0,1.0
2022-23,Isaiah Hartenstein,1628392,32,24.0,8.0,6.0,1.0
2022-23,Isaiah Jackson,1630543,-24,24.0,8.0,1.0,0.364
2022-23,Isaiah Jackson,1630543,-17,27.0,10.0,1.0,0.385
2022-23,Isaiah Jackson,1630543,-15,22.0,9.0,1.0,0.4
2022-23,Isaiah Jackson,1630543,-11,25.0,6.0,3.0,0.167
2022-23,Isaiah Jackson,1630543,-9,23.5,12.0,0.5,0.528
2022-23,Isaiah Jackson,1630543,-8,20.0,3.0,1.0,0.2
2022-23,Isaiah Jackson,1630543,-2,25.0,19.0,1.0,0.7
2022-23,Isaiah Jackson,1630543,-1,26.5,11.0,1.0,0.6875
2022-23,Isaiah Jackson,1630543,0,21.0,10.0,0.0,1.0
2022-23,Isaiah Jackson,1630543,3,21.0,9.0,1.0,0.6665
2022-23,Isaiah Jackson,1630543,4,23.0,14.0,1.0,0.7
2022-23,Isaiah Jackson,1630543,6,21.0,11.5,0.5,0.8
2022-23,Isaiah Jackson,1630543,8,29.0,15.0,0.0,0.7
2022-23,Isaiah Jackson,1630543,9,20.0,6.0,0.0,0.5
2022-23,Isaiah Jackson,1630543,25,31.0,18.0,4.0,0.615
2022-23,Isaiah Joe,1630198,-16,22.0,16.0,0.0,0.462
2022-23,Isaiah Joe,1630198,-15,28.0,14.0,2.0,0.5
2022-23,Isaiah Joe,1630198,-9,20.0,3.0,2.0,0.167
2022-23,Isaiah Joe,1630198,-7,21.0,7.0,1.0,0.333
2022-23,Isaiah Joe,1630198,-6,33.0,12.0,0.0,0.333
2022-23,Isaiah Joe,1630198,-5,27.5,14.5,2.5,0.3975
2022-23,Isaiah Joe,1630198,-4,23.0,12.0,1.0,0.444
2022-23,Isaiah Joe,1630198,-3,26.0,23.0,0.0,0.583
2022-23,Isaiah Joe,1630198,-1,23.0,7.333333333333333,1.3333333333333333,0.365
2022-23,Isaiah Joe,1630198,0,25.5,14.5,0.5,0.569
2022-23,Isaiah Joe,1630198,1,26.5,11.0,2.0,0.3275
2022-23,Isaiah Joe,1630198,2,28.0,20.0,5.0,0.417
2022-23,Isaiah Joe,1630198,5,30.0,17.0,0.5,0.4665
2022-23,Isaiah Joe,1630198,6,31.0,33.0,1.0,0.611
2022-23,Isaiah Joe,1630198,7,25.0,10.0,0.0,0.571
2022-23,Isaiah Joe,1630198,8,25.0,10.0,1.0,0.375
2022-23,Isaiah Joe,1630198,9,21.0,11.0,3.0,0.273
2022-23,Isaiah Joe,1630198,11,22.0,8.5,1.5,0.4105
2022-23,Isaiah Joe,1630198,12,25.75,11.75,1.0,0.43425
2022-23,Isaiah Joe,1630198,14,22.0,23.0,1.0,0.583
2022-23,Isaiah Joe,1630198,15,23.0,15.0,2.0,0.455
2022-23,Isaiah Joe,1630198,17,21.5,16.0,1.0,0.6034999999999999
2022-23,Isaiah Joe,1630198,18,25.0,16.5,3.5,0.7075
2022-23,Isaiah Livers,1630587,-24,30.0,12.0,2.0,0.5
2022-23,Isaiah Livers,1630587,-23,23.0,6.0,1.0,0.4
2022-23,Isaiah Livers,1630587,-20,21.0,11.0,0.0,0.429
2022-23,Isaiah Livers,1630587,-18,21.0,0.0,1.0,0.0
2022-23,Isaiah Livers,1630587,-15,30.0,7.0,1.0,0.429
2022-23,Isaiah Livers,1630587,-14,29.0,11.0,1.0,0.45799999999999996
2022-23,Isaiah Livers,1630587,-11,25.75,7.25,1.0,0.35725
2022-23,Isaiah Livers,1630587,-10,22.0,6.0,2.0,0.5
2022-23,Isaiah Livers,1630587,-9,24.0,5.0,0.0,0.667
2022-23,Isaiah Livers,1630587,-8,30.0,13.0,2.0,0.667
2022-23,Isaiah Livers,1630587,-7,27.5,8.0,0.0,0.4
2022-23,Isaiah Livers,1630587,-5,23.5,8.0,0.5,0.45
2022-23,Isaiah Livers,1630587,-4,20.5,7.0,1.0,0.28350000000000003
2022-23,Isaiah Livers,1630587,-3,39.0,11.0,3.0,0.444
2022-23,Isaiah Livers,1630587,-1,23.0,12.0,3.0,0.571
2022-23,Isaiah Livers,1630587,1,25.0,6.5,0.5,0.4585
2022-23,Isaiah Livers,1630587,2,30.0,8.0,1.5,0.225
2022-23,Isaiah Livers,1630587,4,29.0,13.5,1.5,0.475
2022-23,Isaiah Livers,1630587,6,22.0,3.5,0.5,0.4335
2022-23,Isaiah Livers,1630587,8,28.5,12.0,1.5,0.622
2022-23,Isaiah Livers,1630587,16,33.5,6.5,1.0,0.35
2022-23,Isaiah Mobley,1630600,-7,22.0,2.0,2.0,0.0
2022-23,Isaiah Mobley,1630600,17,28.0,18.0,1.0,0.583
2022-23,Isaiah Roby,1629676,-17,22.5,8.5,2.0,0.333
2022-23,Isaiah Roby,1629676,-12,25.0,3.0,1.0,0.143
2022-23,Isaiah Roby,1629676,-7,20.0,9.0,1.5,0.42100000000000004
2022-23,Isaiah Roby,1629676,-6,22.0,11.0,3.0,0.571
2022-23,Isaiah Stewart,1630191,-25,29.5,9.5,0.5,0.354
2022-23,Isaiah Stewart,1630191,-23,29.0,7.0,2.0,0.1
2022-23,Isaiah Stewart,1630191,-22,30.0,15.0,2.0,0.4443333333333333
2022-23,Isaiah Stewart,1630191,-21,32.0,16.0,1.0,0.667
2022-23,Isaiah Stewart,1630191,-18,39.0,21.0,1.0,0.8
2022-23,Isaiah Stewart,1630191,-16,23.0,6.0,1.0,0.6
2022-23,Isaiah Stewart,1630191,-14,27.0,8.333333333333334,2.3333333333333335,0.34933333333333333
2022-23,Isaiah Stewart,1630191,-13,27.0,13.0,1.0,0.455
2022-23,Isaiah Stewart,1630191,-12,28.0,13.0,0.0,0.556
2022-23,Isaiah Stewart,1630191,-11,25.0,11.5,1.0,0.487
2022-23,Isaiah Stewart,1630191,-10,27.0,7.0,1.0,0.333
2022-23,Isaiah Stewart,1630191,-9,20.0,7.0,0.0,0.4
2022-23,Isaiah Stewart,1630191,-7,30.0,8.0,1.0,0.333
2022-23,Isaiah Stewart,1630191,-6,25.0,13.0,1.0,0.571
2022-23,Isaiah Stewart,1630191,-5,31.0,14.5,2.5,0.4855
2022-23,Isaiah Stewart,1630191,-4,24.0,8.0,0.0,0.25
2022-23,Isaiah Stewart,1630191,-3,26.666666666666668,8.0,0.6666666666666666,0.40199999999999997
2022-23,Isaiah Stewart,1630191,-2,20.0,12.0,1.0,0.5
2022-23,Isaiah Stewart,1630191,-1,29.75,14.0,2.5,0.3855
2022-23,Isaiah Stewart,1630191,0,26.5,9.5,2.5,0.4375
2022-23,Isaiah Stewart,1630191,2,28.0,7.0,1.5,0.4375
2022-23,Isaiah Stewart,1630191,4,30.0,13.0,1.0,0.429
2022-23,Isaiah Stewart,1630191,5,37.0,16.0,1.0,0.714
2022-23,Isaiah Stewart,1630191,6,20.0,11.0,0.0,0.5
2022-23,Isaiah Stewart,1630191,8,36.0,9.0,3.0,0.333
2022-23,Isaiah Stewart,1630191,9,28.0,11.0,2.0,0.556
2022-23,Isaiah Stewart,1630191,10,26.0,11.0,0.0,0.333
2022-23,Isaiah Stewart,1630191,12,36.5,21.5,0.5,0.7
2022-23,Isaiah Stewart,1630191,13,28.0,9.0,0.0,0.286
2022-23,Isaiah Stewart,1630191,15,29.0,15.0,4.0,0.364
2022-23,Isaiah Stewart,1630191,22,26.0,11.0,1.0,0.571
2022-23,Isaiah Todd,1630225,-6,45.0,7.0,4.0,0.143
2022-23,Ish Smith,202397,-16,21.0,10.0,5.0,0.556
2022-23,Ish Smith,202397,-3,22.0,11.0,6.0,0.417
2022-23,Ish Smith,202397,1,20.0,2.0,8.0,0.143
2022-23,Ish Smith,202397,11,23.0,0.0,9.0,0.0
2022-23,Ish Smith,202397,16,26.0,10.0,8.0,0.556
2022-23,Ish Smith,202397,17,29.0,8.0,7.0,0.667
2022-23,Ish Smith,202397,19,22.0,6.0,7.0,0.3
2022-23,Ish Wainright,1630688,-16,25.0,2.0,0.0,0.125
2022-23,Ish Wainright,1630688,-10,24.0,8.0,0.0,0.5
2022-23,Ish Wainright,1630688,-8,26.0,13.0,2.0,0.5
2022-23,Ish Wainright,1630688,-2,22.0,5.0,1.0,0.333
2022-23,Ish Wainright,1630688,-1,24.333333333333332,7.333333333333333,1.0,0.3333333333333333
2022-23,Ish Wainright,1630688,0,22.0,3.0,3.0,0.25
2022-23,Ish Wainright,1630688,2,22.0,7.0,1.0,0.429
2022-23,Ish Wainright,1630688,3,23.0,9.0,0.0,0.6
2022-23,Ish Wainright,1630688,6,31.0,7.0,1.0,0.333
2022-23,Ish Wainright,1630688,8,25.0,3.0,3.0,0.143
2022-23,Ish Wainright,1630688,11,27.0,8.0,4.0,1.0
2022-23,Ish Wainright,1630688,13,31.0,9.0,0.0,0.273
2022-23,Ish Wainright,1630688,15,22.0,8.0,2.0,0.5
2022-23,Ish Wainright,1630688,17,20.0,3.0,2.0,0.125
2022-23,Ish Wainright,1630688,18,21.0,2.0,1.0,0.2
2022-23,Ivica Zubac,1627826,-29,21.0,2.0,0.0,0.0
2022-23,Ivica Zubac,1627826,-26,21.0,9.0,1.0,0.5
2022-23,Ivica Zubac,1627826,-22,29.0,6.0,0.0,0.333
2022-23,Ivica Zubac,1627826,-21,27.0,12.0,0.0,0.625
2022-23,Ivica Zubac,1627826,-19,29.0,9.0,0.0,0.75
2022-23,Ivica Zubac,1627826,-18,32.0,9.0,0.5,0.732
2022-23,Ivica Zubac,1627826,-17,34.0,10.0,2.0,0.556
2022-23,Ivica Zubac,1627826,-16,27.0,6.0,1.0,0.286
2022-23,Ivica Zubac,1627826,-15,33.0,10.0,0.0,0.286
2022-23,Ivica Zubac,1627826,-14,34.0,12.0,2.0,0.444
2022-23,Ivica Zubac,1627826,-11,26.0,14.0,1.0,0.6855
2022-23,Ivica Zubac,1627826,-10,23.0,4.0,1.0,0.667
2022-23,Ivica Zubac,1627826,-9,32.0,3.0,4.0,0.0
2022-23,Ivica Zubac,1627826,-8,27.333333333333332,6.666666666666667,1.6666666666666667,0.6833333333333332
2022-23,Ivica Zubac,1627826,-6,25.666666666666668,9.333333333333334,0.6666666666666666,0.6506666666666666
2022-23,Ivica Zubac,1627826,-5,27.0,16.0,0.0,0.75
2022-23,Ivica Zubac,1627826,-4,35.0,12.0,1.0,0.714
2022-23,Ivica Zubac,1627826,-3,35.0,14.0,2.0,0.75
2022-23,Ivica Zubac,1627826,-2,28.333333333333332,16.333333333333332,0.3333333333333333,0.6876666666666668
2022-23,Ivica Zubac,1627826,-1,34.0,12.0,2.0,0.5
2022-23,Ivica Zubac,1627826,0,29.833333333333332,7.666666666666667,0.6666666666666666,0.5888333333333333
2022-23,Ivica Zubac,1627826,2,29.0,10.5,0.75,0.7502500000000001
2022-23,Ivica Zubac,1627826,3,27.0,9.0,1.0,0.638
2022-23,Ivica Zubac,1627826,4,24.0,10.0,1.0,0.571
2022-23,Ivica Zubac,1627826,5,29.0,15.0,0.0,0.833
2022-23,Ivica Zubac,1627826,6,32.0,12.5,1.5,0.667
2022-23,Ivica Zubac,1627826,7,28.0,10.0,0.5,0.75
2022-23,Ivica Zubac,1627826,8,27.0,9.5,2.0,0.5780000000000001
2022-23,Ivica Zubac,1627826,9,27.0,13.5,0.5,0.5854999999999999
2022-23,Ivica Zubac,1627826,10,32.0,12.333333333333334,1.1666666666666667,0.6056666666666667
2022-23,Ivica Zubac,1627826,12,35.0,12.0,1.0,0.6
2022-23,Ivica Zubac,1627826,13,35.0,22.5,2.0,0.9119999999999999
2022-23,Ivica Zubac,1627826,15,33.5,15.75,1.25,0.6425000000000001
2022-23,Ivica Zubac,1627826,16,22.0,11.0,0.5,0.8165
2022-23,Ivica Zubac,1627826,26,33.0,14.0,2.0,0.636
2022-23,Ivica Zubac,1627826,27,30.0,19.0,2.0,0.667
2022-23,JD Davison,1631120,-7,34.0,8.0,3.0,0.5
2022-23,JT Thor,1630550,-21,27.0,9.0,0.0,0.6
2022-23,JT Thor,1630550,-18,24.0,9.0,0.0,0.5
2022-23,JT Thor,1630550,-12,31.0,11.5,0.5,0.372
2022-23,JT Thor,1630550,-11,25.0,0.0,1.0,0.0
2022-23,JT Thor,1630550,-10,28.0,2.0,1.0,0.125
2022-23,JT Thor,1630550,-7,33.0,8.0,0.0,0.429
2022-23,JT Thor,1630550,-4,28.0,10.0,1.0,0.333
2022-23,JT Thor,1630550,0,26.0,11.0,2.0,0.333
2022-23,JT Thor,1630550,3,33.5,9.5,3.5,0.36350000000000005
2022-23,JT Thor,1630550,8,22.0,7.0,0.0,0.75
2022-23,Ja Morant,1629630,-31,29.0,20.0,4.0,0.5
2022-23,Ja Morant,1629630,-23,31.0,34.0,6.0,0.364
2022-23,Ja Morant,1629630,-20,34.0,17.0,10.0,0.438
2022-23,Ja Morant,1629630,-19,31.0,37.0,4.0,0.667
2022-23,Ja Morant,1629630,-16,38.0,35.0,10.0,0.462
2022-23,Ja Morant,1629630,-15,32.0,27.0,10.0,0.4
2022-23,Ja Morant,1629630,-14,30.0,24.0,8.0,0.45
2022-23,Ja Morant,1629630,-13,32.0,24.0,8.0,0.474
2022-23,Ja Morant,1629630,-9,34.0,24.0,6.0,0.4
2022-23,Ja Morant,1629630,-8,35.0,30.0,4.5,0.488
2022-23,Ja Morant,1629630,-7,40.0,36.0,8.0,0.517
2022-23,Ja Morant,1629630,-6,33.5,26.25,8.5,0.34775
2022-23,Ja Morant,1629630,-4,25.0,10.0,4.0,0.364
2022-23,Ja Morant,1629630,-3,32.0,38.0,4.0,0.56
2022-23,Ja Morant,1629630,-2,35.5,27.5,9.5,0.45799999999999996
2022-23,Ja Morant,1629630,-1,36.0,27.0,8.0,0.529
2022-23,Ja Morant,1629630,1,33.2,28.8,8.0,0.4852
2022-23,Ja Morant,1629630,2,32.0,23.5,6.5,0.472
2022-23,Ja Morant,1629630,3,33.0,23.0,6.0,0.333
2022-23,Ja Morant,1629630,5,36.0,36.0,4.0,0.481
2022-23,Ja Morant,1629630,6,32.0,19.0,11.0,0.25
2022-23,Ja Morant,1629630,7,33.0,26.333333333333332,10.333333333333334,0.44966666666666666
2022-23,Ja Morant,1629630,8,32.0,35.0,5.0,0.565
2022-23,Ja Morant,1629630,11,29.0,21.75,7.25,0.5367500000000001
2022-23,Ja Morant,1629630,13,35.0,34.0,7.0,0.6
2022-23,Ja Morant,1629630,14,31.666666666666668,32.666666666666664,8.666666666666666,0.49466666666666664
2022-23,Ja Morant,1629630,15,26.0,20.0,7.0,0.5
2022-23,Ja Morant,1629630,16,29.0,27.5,8.5,0.518
2022-23,Ja Morant,1629630,17,25.0,23.0,10.0,0.412
2022-23,Ja Morant,1629630,19,29.5,23.0,6.5,0.55
2022-23,Ja Morant,1629630,20,37.5,32.5,11.0,0.487
2022-23,Ja Morant,1629630,21,34.5,26.0,13.5,0.498
2022-23,Ja Morant,1629630,22,32.0,15.0,12.0,0.3
2022-23,Ja Morant,1629630,23,31.0,49.0,8.0,0.654
2022-23,Ja Morant,1629630,24,27.0,23.0,11.0,0.5
2022-23,Ja Morant,1629630,27,28.0,12.0,11.0,0.286
2022-23,Ja Morant,1629630,30,25.0,25.0,10.0,0.429
2022-23,Ja Morant,1629630,40,24.0,12.0,11.0,0.333
2022-23,JaMychal Green,203210,-21,23.0,10.0,1.0,0.667
2022-23,JaMychal Green,203210,-14,23.0,18.0,1.0,0.7
2022-23,JaMychal Green,203210,-10,23.0,5.0,2.0,0.4
2022-23,JaMychal Green,203210,-3,23.0,8.0,0.0,0.5
2022-23,JaMychal Green,203210,1,21.0,9.0,1.0,0.6
2022-23,JaVale McGee,201580,13,23.0,11.0,1.0,0.833
2022-23,Jabari Smith Jr.,1631095,-37,31.0,11.0,2.0,0.5
2022-23,Jabari Smith Jr.,1631095,-33,32.0,8.0,1.0,0.4
2022-23,Jabari Smith Jr.,1631095,-32,22.0,6.0,0.0,0.429
2022-23,Jabari Smith Jr.,1631095,-31,34.0,10.0,1.0,0.214
2022-23,Jabari Smith Jr.,1631095,-27,37.0,9.0,4.0,0.273
2022-23,Jabari Smith Jr.,1631095,-26,29.0,15.0,2.0,0.5
2022-23,Jabari Smith Jr.,1631095,-25,29.0,20.0,0.0,0.563
2022-23,Jabari Smith Jr.,1631095,-22,30.0,9.0,1.0,0.286
2022-23,Jabari Smith Jr.,1631095,-21,27.0,9.0,2.0,0.4
2022-23,Jabari Smith Jr.,1631095,-20,34.666666666666664,20.0,1.0,0.48533333333333334
2022-23,Jabari Smith Jr.,1631095,-19,29.666666666666668,10.0,1.0,0.307
2022-23,Jabari Smith Jr.,1631095,-18,28.5,12.5,3.5,0.5435
2022-23,Jabari Smith Jr.,1631095,-17,34.0,13.0,2.0,0.333
2022-23,Jabari Smith Jr.,1631095,-16,22.0,5.0,0.5,0.27949999999999997
2022-23,Jabari Smith Jr.,1631095,-15,29.5,13.5,3.0,0.436
2022-23,Jabari Smith Jr.,1631095,-14,30.0,14.5,1.0,0.45199999999999996
2022-23,Jabari Smith Jr.,1631095,-13,26.0,12.0,0.5,0.394
2022-23,Jabari Smith Jr.,1631095,-12,30.666666666666668,11.666666666666666,1.0,0.3873333333333333
2022-23,Jabari Smith Jr.,1631095,-11,28.5,12.5,1.5,0.333
2022-23,Jabari Smith Jr.,1631095,-10,32.333333333333336,13.666666666666666,1.3333333333333333,0.329
2022-23,Jabari Smith Jr.,1631095,-9,32.0,17.0,1.0,0.353
2022-23,Jabari Smith Jr.,1631095,-8,31.0,9.0,2.0,0.333
2022-23,Jabari Smith Jr.,1631095,-7,30.666666666666668,11.666666666666666,0.6666666666666666,0.3706666666666667
2022-23,Jabari Smith Jr.,1631095,-6,32.0,7.0,0.6666666666666666,0.248
2022-23,Jabari Smith Jr.,1631095,-5,34.0,16.666666666666668,1.0,0.48
2022-23,Jabari Smith Jr.,1631095,-4,21.0,3.0,1.0,0.25
2022-23,Jabari Smith Jr.,1631095,-3,35.5,18.0,1.0,0.4065
2022-23,Jabari Smith Jr.,1631095,-2,33.0,8.0,1.0,0.268
2022-23,Jabari Smith Jr.,1631095,-1,30.0,14.0,1.0,0.3
2022-23,Jabari Smith Jr.,1631095,0,33.0,16.5,3.5,0.659
2022-23,Jabari Smith Jr.,1631095,1,27.333333333333332,11.333333333333334,1.0,0.3913333333333333
2022-23,Jabari Smith Jr.,1631095,2,35.5,19.0,2.0,0.5335
2022-23,Jabari Smith Jr.,1631095,4,33.0,24.0,3.0,0.588
2022-23,Jabari Smith Jr.,1631095,6,29.5,11.0,0.5,0.46
2022-23,Jabari Smith Jr.,1631095,7,26.0,12.0,0.0,0.714
2022-23,Jabari Smith Jr.,1631095,8,35.5,15.0,1.5,0.4095
2022-23,Jabari Smith Jr.,1631095,9,30.0,8.5,1.0,0.2655
2022-23,Jabari Smith Jr.,1631095,10,36.0,18.0,1.0,0.353
2022-23,Jabari Smith Jr.,1631095,13,31.5,10.0,1.0,0.4555
2022-23,Jabari Smith Jr.,1631095,14,38.0,21.0,1.0,0.353
2022-23,Jabari Smith Jr.,1631095,15,30.0,13.0,2.0,0.429
2022-23,Jabari Smith Jr.,1631095,17,35.0,16.0,1.0,0.429
2022-23,Jabari Smith Jr.,1631095,21,26.0,11.0,2.0,0.5
2022-23,Jabari Smith Jr.,1631095,23,31.0,15.0,0.0,0.455
2022-23,Jabari Walker,1631133,-29,20.0,9.0,0.0,0.667
2022-23,Jabari Walker,1631133,-17,24.0,7.0,0.0,0.333
2022-23,Jabari Walker,1631133,-15,23.0,14.0,1.0,0.462
2022-23,Jabari Walker,1631133,-10,25.0,8.0,2.0,0.333
2022-23,Jabari Walker,1631133,-7,24.0,9.5,1.0,0.4445
2022-23,Jabari Walker,1631133,-3,20.0,16.0,1.0,0.545
2022-23,Jabari Walker,1631133,2,20.0,4.0,1.0,0.667
2022-23,Jacob Gilyard,1631367,-13,40.0,3.0,7.0,0.333
2022-23,Jaden Hardy,1630702,-19,22.0,15.0,1.0,0.385
2022-23,Jaden Hardy,1630702,-12,41.0,28.0,3.0,0.36
2022-23,Jaden Hardy,1630702,-11,26.0,25.0,2.0,0.471
2022-23,Jaden Hardy,1630702,-7,37.0,22.0,3.0,0.429
2022-23,Jaden Hardy,1630702,-5,28.0,25.0,5.0,0.478
2022-23,Jaden Hardy,1630702,-4,20.0,15.0,0.0,0.778
2022-23,Jaden Hardy,1630702,-2,20.0,8.0,2.0,0.375
2022-23,Jaden Hardy,1630702,2,24.0,8.0,2.0,0.25
2022-23,Jaden Hardy,1630702,3,27.0,9.0,3.0,0.25
2022-23,Jaden Hardy,1630702,4,25.0,27.0,1.0,0.556
2022-23,Jaden Hardy,1630702,23,31.5,25.5,4.0,0.48050000000000004
2022-23,Jaden Hardy,1630702,24,23.0,20.0,4.0,0.667
2022-23,Jaden Ivey,1631093,-32,24.0,17.0,4.0,0.5
2022-23,Jaden Ivey,1631093,-31,26.0,13.0,2.0,0.273
2022-23,Jaden Ivey,1631093,-30,36.0,16.0,3.0,0.35
2022-23,Jaden Ivey,1631093,-23,26.0,10.0,2.0,0.361
2022-23,Jaden Ivey,1631093,-21,35.5,19.5,4.5,0.41500000000000004
2022-23,Jaden Ivey,1631093,-20,33.333333333333336,18.333333333333332,6.333333333333333,0.36066666666666664
2022-23,Jaden Ivey,1631093,-19,34.5,15.0,5.5,0.4645
2022-23,Jaden Ivey,1631093,-18,29.0,10.5,3.0,0.34299999999999997
2022-23,Jaden Ivey,1631093,-17,25.0,10.0,4.0,0.364
2022-23,Jaden Ivey,1631093,-16,25.0,10.0,6.5,0.293
2022-23,Jaden Ivey,1631093,-15,29.0,13.5,5.5,0.401
2022-23,Jaden Ivey,1631093,-14,29.333333333333332,18.666666666666668,5.0,0.49299999999999994
2022-23,Jaden Ivey,1631093,-13,33.0,16.8,4.6,0.4593999999999999
2022-23,Jaden Ivey,1631093,-12,28.0,16.0,2.5,0.46749999999999997
2022-23,Jaden Ivey,1631093,-11,32.0,16.0,7.5,0.34299999999999997
2022-23,Jaden Ivey,1631093,-10,30.75,17.25,4.5,0.4525
2022-23,Jaden Ivey,1631093,-9,32.0,13.666666666666666,5.666666666666667,0.38566666666666666
2022-23,Jaden Ivey,1631093,-8,25.0,16.0,2.0,0.375
2022-23,Jaden Ivey,1631093,-7,29.6,20.0,7.0,0.43079999999999996
2022-23,Jaden Ivey,1631093,-6,39.5,29.5,8.0,0.5915
2022-23,Jaden Ivey,1631093,-5,31.0,17.5,5.0,0.4445
2022-23,Jaden Ivey,1631093,-4,32.5,18.0,5.5,0.429
2022-23,Jaden Ivey,1631093,-3,29.75,13.5,4.0,0.35125
2022-23,Jaden Ivey,1631093,-2,27.0,18.0,7.0,0.545
2022-23,Jaden Ivey,1631093,-1,28.5,10.5,8.5,0.21449999999999997
2022-23,Jaden Ivey,1631093,0,32.0,16.0,6.0,0.385
2022-23,Jaden Ivey,1631093,1,31.0,32.0,8.0,0.474
2022-23,Jaden Ivey,1631093,2,43.0,17.0,8.0,0.2
2022-23,Jaden Ivey,1631093,3,32.333333333333336,16.666666666666668,6.0,0.44366666666666665
2022-23,Jaden Ivey,1631093,4,31.0,16.0,8.0,0.417
2022-23,Jaden Ivey,1631093,5,21.0,14.0,3.0,0.625
2022-23,Jaden Ivey,1631093,6,26.0,10.0,3.0,0.333
2022-23,Jaden Ivey,1631093,7,27.0,19.0,1.0,0.636
2022-23,Jaden Ivey,1631093,8,40.0,18.0,8.0,0.636
2022-23,Jaden Ivey,1631093,12,29.0,24.0,7.0,0.727
2022-23,Jaden Ivey,1631093,13,33.0,15.0,6.0,0.4
2022-23,Jaden Ivey,1631093,16,31.0,15.0,3.0,0.455
2022-23,Jaden McDaniels,1630183,-29,20.0,4.0,2.0,0.333
2022-23,Jaden McDaniels,1630183,-19,38.0,10.0,0.0,0.571
2022-23,Jaden McDaniels,1630183,-17,29.0,11.0,4.0,0.571
2022-23,Jaden McDaniels,1630183,-16,27.5,10.5,1.0,0.298
2022-23,Jaden McDaniels,1630183,-15,36.5,13.5,2.5,0.35850000000000004
2022-23,Jaden McDaniels,1630183,-13,30.0,9.0,0.0,0.444
2022-23,Jaden McDaniels,1630183,-12,22.0,6.0,1.0,0.2
2022-23,Jaden McDaniels,1630183,-11,38.0,10.5,1.0,0.4055
2022-23,Jaden McDaniels,1630183,-10,29.5,8.0,0.5,0.3695
2022-23,Jaden McDaniels,1630183,-9,25.0,6.0,1.0,0.268
2022-23,Jaden McDaniels,1630183,-8,35.0,16.0,2.5,0.479
2022-23,Jaden McDaniels,1630183,-5,36.0,12.0,1.0,0.5
2022-23,Jaden McDaniels,1630183,-4,31.25,10.75,2.0,0.5225
2022-23,Jaden McDaniels,1630183,-3,35.0,10.0,1.0,0.571
2022-23,Jaden McDaniels,1630183,-2,33.5,17.0,1.0,0.653
2022-23,Jaden McDaniels,1630183,-1,33.6,14.2,1.8,0.537
2022-23,Jaden McDaniels,1630183,0,28.0,8.333333333333334,1.6666666666666667,0.4706666666666666
2022-23,Jaden McDaniels,1630183,1,32.0,12.5,1.5,0.5
2022-23,Jaden McDaniels,1630183,2,33.5,13.5,3.0,0.47000000000000003
2022-23,Jaden McDaniels,1630183,3,31.0,19.0,2.0,0.875
2022-23,Jaden McDaniels,1630183,4,34.5,15.0,2.0,0.619
2022-23,Jaden McDaniels,1630183,5,31.166666666666668,13.0,1.6666666666666667,0.5516666666666666
2022-23,Jaden McDaniels,1630183,6,39.0,20.0,2.0,0.533
2022-23,Jaden McDaniels,1630183,7,38.0,9.0,3.0,0.375
2022-23,Jaden McDaniels,1630183,8,36.5,19.5,3.0,0.657
2022-23,Jaden McDaniels,1630183,9,31.5,13.5,2.0,0.561
2022-23,Jaden McDaniels,1630183,10,31.0,14.0,6.0,0.5
2022-23,Jaden McDaniels,1630183,11,20.0,5.0,2.0,0.25
2022-23,Jaden McDaniels,1630183,12,27.0,14.0,1.0,0.65
2022-23,Jaden McDaniels,1630183,13,32.333333333333336,16.0,4.0,0.6183333333333333
2022-23,Jaden McDaniels,1630183,14,35.0,17.0,2.5,0.5
2022-23,Jaden McDaniels,1630183,17,29.0,6.0,2.0,0.286
2022-23,Jaden McDaniels,1630183,18,30.0,18.0,2.0,0.5333333333333333
2022-23,Jaden McDaniels,1630183,19,35.0,10.0,2.0,0.333
2022-23,Jaden McDaniels,1630183,20,24.0,14.0,4.0,0.714
2022-23,Jaden McDaniels,1630183,21,30.0,18.0,3.0,0.727
2022-23,Jaden McDaniels,1630183,31,29.0,15.5,3.5,0.75
2022-23,Jaden Springer,1630531,6,34.0,19.0,3.0,0.615
2022-23,Jae Crowder,203109,-15,24.0,24.0,0.0,0.833
2022-23,Jae Crowder,203109,-8,24.0,13.0,6.0,0.417
2022-23,Jae Crowder,203109,3,23.0,15.0,2.0,0.556
2022-23,Jae Crowder,203109,4,22.0,8.5,1.5,0.5415
2022-23,Jae Crowder,203109,6,24.0,7.0,2.0,0.667
2022-23,Jae Crowder,203109,16,23.0,19.0,0.0,0.636
2022-23,Jae'Sean Tate,1630256,-13,24.0,5.0,1.0,0.286
2022-23,Jae'Sean Tate,1630256,-12,24.0,6.0,1.0,0.667
2022-23,Jae'Sean Tate,1630256,-11,30.0,9.0,3.0,0.571
2022-23,Jae'Sean Tate,1630256,-9,29.0,13.0,3.0,0.455
2022-23,Jae'Sean Tate,1630256,-7,24.0,10.25,3.5,0.47150000000000003
2022-23,Jae'Sean Tate,1630256,-6,22.5,10.0,2.5,0.4855
2022-23,Jae'Sean Tate,1630256,-5,25.0,16.0,2.0,0.5
2022-23,Jae'Sean Tate,1630256,2,22.0,11.0,1.0,0.5355
2022-23,Jae'Sean Tate,1630256,3,20.0,13.0,4.0,0.857
2022-23,Jae'Sean Tate,1630256,4,20.0,4.0,3.0,0.333
2022-23,Jae'Sean Tate,1630256,5,20.0,7.0,1.0,0.6
2022-23,Jae'Sean Tate,1630256,6,20.0,13.0,2.0,0.6
2022-23,Jae'Sean Tate,1630256,10,22.0,12.5,3.5,0.507
2022-23,Jae'Sean Tate,1630256,14,23.0,4.0,1.0,0.25
2022-23,Jae'Sean Tate,1630256,16,20.0,10.0,4.0,0.556
2022-23,Jae'Sean Tate,1630256,17,21.0,12.0,5.0,0.667
2022-23,Jake LaRavia,1631222,-15,26.0,3.0,0.0,0.2
2022-23,Jake LaRavia,1631222,-10,22.0,6.0,0.0,0.333
2022-23,Jake LaRavia,1631222,-9,25.0,2.0,3.0,0.2
2022-23,Jake LaRavia,1631222,-4,28.0,11.0,3.0,0.333
2022-23,Jake LaRavia,1631222,1,21.0,6.0,0.0,0.5
2022-23,Jake LaRavia,1631222,7,24.0,6.0,1.0,0.5
2022-23,Jake LaRavia,1631222,24,29.0,13.0,1.0,0.833
2022-23,Jakob Poeltl,1627751,-27,25.0,4.0,3.0,0.333
2022-23,Jakob Poeltl,1627751,-26,20.0,6.0,2.0,0.5
2022-23,Jakob Poeltl,1627751,-23,25.0,12.0,2.5,0.5695
2022-23,Jakob Poeltl,1627751,-21,26.0,4.0,3.0,0.333
2022-23,Jakob Poeltl,1627751,-19,26.0,8.0,5.0,0.222
2022-23,Jakob Poeltl,1627751,-17,31.0,20.0,0.0,0.556
2022-23,Jakob Poeltl,1627751,-16,23.0,11.5,1.75,0.5915
2022-23,Jakob Poeltl,1627751,-14,24.5,12.5,2.5,0.546
2022-23,Jakob Poeltl,1627751,-13,35.0,23.0,1.0,0.833
2022-23,Jakob Poeltl,1627751,-12,26.0,6.666666666666667,3.6666666666666665,0.5333333333333333
2022-23,Jakob Poeltl,1627751,-11,27.0,12.0,3.0,0.364
2022-23,Jakob Poeltl,1627751,-10,26.0,13.666666666666666,2.0,0.544
2022-23,Jakob Poeltl,1627751,-9,32.5,18.0,4.0,0.6890000000000001
2022-23,Jakob Poeltl,1627751,-8,33.0,14.0,2.0,0.75
2022-23,Jakob Poeltl,1627751,-6,22.666666666666668,7.0,2.6666666666666665,0.5416666666666666
2022-23,Jakob Poeltl,1627751,-5,24.0,16.0,5.0,0.727
2022-23,Jakob Poeltl,1627751,-4,27.25,11.5,3.25,0.71475
2022-23,Jakob Poeltl,1627751,-3,29.5,9.0,4.0,0.75
2022-23,Jakob Poeltl,1627751,-2,30.0,8.0,2.0,0.5
2022-23,Jakob Poeltl,1627751,-1,28.0,9.0,2.0,0.5
2022-23,Jakob Poeltl,1627751,0,27.8,14.4,3.4,0.665
2022-23,Jakob Poeltl,1627751,1,31.0,23.0,2.0,0.833
2022-23,Jakob Poeltl,1627751,2,26.0,9.0,4.0,0.375
2022-23,Jakob Poeltl,1627751,3,21.0,10.0,3.0,0.556
2022-23,Jakob Poeltl,1627751,4,28.0,13.5,1.5,0.609
2022-23,Jakob Poeltl,1627751,5,33.0,17.0,4.0,0.471
2022-23,Jakob Poeltl,1627751,6,21.5,10.0,2.0,0.6905
2022-23,Jakob Poeltl,1627751,7,28.5,21.5,3.0,0.7455
2022-23,Jakob Poeltl,1627751,9,30.0,19.666666666666668,3.6666666666666665,0.786
2022-23,Jakob Poeltl,1627751,10,22.0,10.0,2.0,0.625
2022-23,Jakob Poeltl,1627751,11,25.0,6.0,1.0,0.6
2022-23,Jakob Poeltl,1627751,12,27.333333333333332,17.0,3.6666666666666665,0.6353333333333334
2022-23,Jakob Poeltl,1627751,13,26.0,14.0,2.0,0.667
2022-23,Jakob Poeltl,1627751,14,24.0,16.0,2.0,1.0
2022-23,Jakob Poeltl,1627751,15,27.0,6.5,4.0,0.5
2022-23,Jakob Poeltl,1627751,16,30.0,16.0,3.0,0.667
2022-23,Jakob Poeltl,1627751,18,36.0,30.0,2.0,0.882
2022-23,Jakob Poeltl,1627751,24,28.0,4.0,1.0,0.5
2022-23,Jakob Poeltl,1627751,30,27.0,12.0,5.0,0.833
2022-23,Jalen Brunson,1628973,-26,27.0,13.0,3.0,0.455
2022-23,Jalen Brunson,1628973,-22,29.5,20.5,2.5,0.405
2022-23,Jalen Brunson,1628973,-20,23.0,17.0,7.0,0.556
2022-23,Jalen Brunson,1628973,-19,34.5,16.0,5.5,0.4
2022-23,Jalen Brunson,1628973,-15,38.0,26.0,8.0,0.474
2022-23,Jalen Brunson,1628973,-12,37.0,32.0,4.0,0.458
2022-23,Jalen Brunson,1628973,-11,35.0,14.0,4.0,0.385
2022-23,Jalen Brunson,1628973,-8,38.0,26.0,8.5,0.49
2022-23,Jalen Brunson,1628973,-7,38.666666666666664,24.0,8.666666666666666,0.43566666666666665
2022-23,Jalen Brunson,1628973,-6,39.0,24.666666666666668,5.333333333333333,0.41
2022-23,Jalen Brunson,1628973,-5,33.333333333333336,26.0,5.333333333333333,0.447
2022-23,Jalen Brunson,1628973,-4,34.0,22.5,5.5,0.579
2022-23,Jalen Brunson,1628973,-3,35.0,26.0,9.5,0.61
2022-23,Jalen Brunson,1628973,-2,36.0,30.5,4.5,0.432
2022-23,Jalen Brunson,1628973,-1,36.0,20.666666666666668,9.666666666666666,0.41900000000000004
2022-23,Jalen Brunson,1628973,1,35.0,25.5,7.0,0.531
2022-23,Jalen Brunson,1628973,2,38.0,21.0,4.5,0.4
2022-23,Jalen Brunson,1628973,3,33.4,26.6,6.2,0.487
2022-23,Jalen Brunson,1628973,4,38.0,38.0,5.0,0.5
2022-23,Jalen Brunson,1628973,5,33.5,28.5,8.5,0.6715
2022-23,Jalen Brunson,1628973,7,39.666666666666664,24.666666666666668,8.666666666666666,0.5056666666666667
2022-23,Jalen Brunson,1628973,8,34.5,26.0,5.5,0.513
2022-23,Jalen Brunson,1628973,9,29.666666666666668,15.0,5.666666666666667,0.36599999999999994
2022-23,Jalen Brunson,1628973,11,35.0,23.0,7.0,0.467
2022-23,Jalen Brunson,1628973,13,33.0,18.0,8.0,0.46149999999999997
2022-23,Jalen Brunson,1628973,14,40.0,38.0,6.0,0.63
2022-23,Jalen Brunson,1628973,16,31.0,22.0,6.0,0.5
2022-23,Jalen Brunson,1628973,17,30.333333333333332,19.666666666666668,4.666666666666667,0.46166666666666667
2022-23,Jalen Brunson,1628973,19,39.5,30.5,8.0,0.525
2022-23,Jalen Brunson,1628973,20,40.0,25.5,5.0,0.48650000000000004
2022-23,Jalen Brunson,1628973,21,39.0,17.0,3.0,0.333
2022-23,Jalen Brunson,1628973,22,33.5,24.5,5.0,0.482
2022-23,Jalen Brunson,1628973,23,35.5,39.5,5.5,0.7735
2022-23,Jalen Duren,1631105,-23,21.0,7.0,1.5,0.45
2022-23,Jalen Duren,1631105,-19,28.5,13.0,1.0,0.659
2022-23,Jalen Duren,1631105,-16,30.25,11.0,1.5,0.507
2022-23,Jalen Duren,1631105,-14,22.0,5.0,3.0,0.333
2022-23,Jalen Duren,1631105,-13,28.0,13.5,1.0,0.7855
2022-23,Jalen Duren,1631105,-12,27.75,12.25,0.25,0.6785
2022-23,Jalen Duren,1631105,-11,21.0,7.0,0.0,0.4
2022-23,Jalen Duren,1631105,-10,30.0,13.666666666666666,2.0,0.425
2022-23,Jalen Duren,1631105,-9,25.0,6.6,2.4,0.4566
2022-23,Jalen Duren,1631105,-8,20.0,16.0,1.0,0.5
2022-23,Jalen Duren,1631105,-7,28.5,13.5,0.5,0.764
2022-23,Jalen Duren,1631105,-6,24.5,12.5,0.0,0.714
2022-23,Jalen Duren,1631105,-5,25.666666666666668,8.0,1.3333333333333333,0.8333333333333334
2022-23,Jalen Duren,1631105,-4,21.0,7.0,0.0,0.5
2022-23,Jalen Duren,1631105,-3,22.5,5.0,0.0,0.375
2022-23,Jalen Duren,1631105,-2,24.0,7.0,2.0,0.75
2022-23,Jalen Duren,1631105,0,24.0,11.0,0.0,0.571
2022-23,Jalen Duren,1631105,2,27.0,17.0,2.0,0.875
2022-23,Jalen Duren,1631105,3,30.5,6.5,0.5,0.7
2022-23,Jalen Duren,1631105,4,22.0,10.0,0.0,0.833
2022-23,Jalen Duren,1631105,5,28.0,13.0,0.0,0.75
2022-23,Jalen Duren,1631105,6,27.0,4.0,0.0,0.5
2022-23,Jalen Duren,1631105,7,26.5,13.5,1.5,0.644
2022-23,Jalen Duren,1631105,9,27.0,18.0,3.0,0.727
2022-23,Jalen Duren,1631105,10,33.0,7.0,4.0,0.6
2022-23,Jalen Duren,1631105,11,26.0,12.0,0.0,1.0
2022-23,Jalen Duren,1631105,12,36.0,7.0,2.0,0.25
2022-23,Jalen Duren,1631105,13,28.0,8.0,2.0,0.8
2022-23,Jalen Duren,1631105,14,25.0,4.0,2.0,0.667
2022-23,Jalen Duren,1631105,21,23.0,12.0,3.0,0.545
2022-23,Jalen Green,1630224,-32,22.0,12.0,4.0,0.267
2022-23,Jalen Green,1630224,-30,33.0,27.0,2.0,0.476
2022-23,Jalen Green,1630224,-26,30.0,13.0,5.0,0.4
2022-23,Jalen Green,1630224,-24,37.0,16.0,4.0,0.267
2022-23,Jalen Green,1630224,-23,27.0,6.0,3.0,0.222
2022-23,Jalen Green,1630224,-22,31.0,15.0,4.0,0.313
2022-23,Jalen Green,1630224,-20,32.5,24.0,4.0,0.33199999999999996
2022-23,Jalen Green,1630224,-19,33.0,18.666666666666668,2.0,0.337
2022-23,Jalen Green,1630224,-18,30.0,13.0,3.0,0.316
2022-23,Jalen Green,1630224,-17,40.0,24.0,7.0,0.333
2022-23,Jalen Green,1630224,-16,33.42857142857143,20.0,3.857142857142857,0.3965714285714285
2022-23,Jalen Green,1630224,-15,31.0,13.0,2.0,0.25
2022-23,Jalen Green,1630224,-14,34.0,21.5,5.0,0.34650000000000003
2022-23,Jalen Green,1630224,-13,30.0,22.0,1.0,0.529
2022-23,Jalen Green,1630224,-12,35.5,27.5,4.25,0.47175
2022-23,Jalen Green,1630224,-11,30.5,12.0,2.0,0.2625
2022-23,Jalen Green,1630224,-9,35.0,19.333333333333332,3.0,0.369
2022-23,Jalen Green,1630224,-8,35.25,21.75,4.0,0.38275
2022-23,Jalen Green,1630224,-7,29.5,17.5,2.5,0.3335
2022-23,Jalen Green,1630224,-6,39.0,40.0,1.0,0.5
2022-23,Jalen Green,1630224,-5,31.0,22.0,2.0,0.316
2022-23,Jalen Green,1630224,-4,35.0,24.0,5.5,0.544
2022-23,Jalen Green,1630224,-3,33.0,30.0,3.0,0.571
2022-23,Jalen Green,1630224,-2,42.0,24.0,4.0,0.348
2022-23,Jalen Green,1630224,-1,37.0,25.5,4.75,0.461
2022-23,Jalen Green,1630224,0,34.333333333333336,16.0,2.3333333333333335,0.3263333333333333
2022-23,Jalen Green,1630224,1,36.333333333333336,26.333333333333332,1.3333333333333333,0.43333333333333335
2022-23,Jalen Green,1630224,2,40.0,28.0,3.0,0.276
2022-23,Jalen Green,1630224,3,33.333333333333336,16.0,5.0,0.4073333333333333
2022-23,Jalen Green,1630224,4,39.0,41.0,7.0,0.667
2022-23,Jalen Green,1630224,6,35.0,26.5,4.5,0.4705
2022-23,Jalen Green,1630224,7,35.0,22.0,1.0,0.381
2022-23,Jalen Green,1630224,9,35.0,17.0,6.0,0.333
2022-23,Jalen Green,1630224,10,28.0,12.0,4.0,0.462
2022-23,Jalen Green,1630224,12,40.0,29.5,6.0,0.503
2022-23,Jalen Green,1630224,13,37.0,34.0,3.0,0.667
2022-23,Jalen Green,1630224,16,35.0,24.0,3.0,0.6
2022-23,Jalen Green,1630224,17,34.0,28.0,9.0,0.579
2022-23,Jalen Green,1630224,18,37.0,26.0,4.0,0.412
2022-23,Jalen Green,1630224,19,35.0,42.0,4.0,0.6
2022-23,Jalen Green,1630224,22,27.0,31.0,2.0,0.579
2022-23,Jalen Green,1630224,27,38.0,32.0,4.0,0.444
2022-23,Jalen Johnson,1630552,-24,28.0,14.0,3.0,0.444
2022-23,Jalen Johnson,1630552,-11,24.0,15.0,0.0,0.556
2022-23,Jalen Johnson,1630552,-10,25.0,14.0,0.0,0.5
2022-23,Jalen Johnson,1630552,-8,32.0,2.0,2.0,0.125
2022-23,Jalen Johnson,1630552,0,32.0,10.0,4.0,0.556
2022-23,Jalen Johnson,1630552,2,25.0,7.5,4.0,0.354
2022-23,Jalen Johnson,1630552,7,22.0,16.0,2.0,0.7
2022-23,Jalen Johnson,1630552,9,21.0,4.0,0.0,0.4
2022-23,Jalen Johnson,1630552,12,23.0,16.0,2.0,0.636
2022-23,Jalen Johnson,1630552,13,22.0,7.0,1.0,0.75
2022-23,Jalen Johnson,1630552,15,21.0,6.0,2.0,0.5
2022-23,Jalen Johnson,1630552,18,22.0,8.0,4.0,0.667
2022-23,Jalen McDaniels,1629667,-33,21.0,4.0,2.0,0.2
2022-23,Jalen McDaniels,1629667,-29,29.0,24.0,2.0,0.75
2022-23,Jalen McDaniels,1629667,-27,27.0,16.0,0.0,0.545
2022-23,Jalen McDaniels,1629667,-22,27.5,12.5,2.0,0.481
2022-23,Jalen McDaniels,1629667,-20,34.0,15.0,2.0,0.438
2022-23,Jalen McDaniels,1629667,-16,23.5,8.5,0.5,0.39649999999999996
2022-23,Jalen McDaniels,1629667,-15,26.0,0.0,1.0,0.0
2022-23,Jalen McDaniels,1629667,-14,23.0,2.0,1.0,0.0
2022-23,Jalen McDaniels,1629667,-13,28.0,7.5,2.5,0.23900000000000002
2022-23,Jalen McDaniels,1629667,-12,27.333333333333332,8.333333333333334,2.3333333333333335,0.47633333333333333
2022-23,Jalen McDaniels,1629667,-10,24.0,15.0,1.0,0.385
2022-23,Jalen McDaniels,1629667,-9,32.0,16.0,1.5,0.6035
2022-23,Jalen McDaniels,1629667,-8,22.0,6.0,2.0,0.143
2022-23,Jalen McDaniels,1629667,-6,29.75,11.75,3.0,0.447
2022-23,Jalen McDaniels,1629667,-5,33.5,18.5,3.0,0.5665
2022-23,Jalen McDaniels,1629667,-4,27.666666666666668,15.666666666666666,1.6666666666666667,0.5630000000000001
2022-23,Jalen McDaniels,1629667,-2,28.0,9.0,3.0,0.444
2022-23,Jalen McDaniels,1629667,-1,27.333333333333332,10.333333333333334,1.0,0.4346666666666667
2022-23,Jalen McDaniels,1629667,0,22.0,12.0,0.0,0.714
2022-23,Jalen McDaniels,1629667,1,29.0,16.0,0.0,0.333
2022-23,Jalen McDaniels,1629667,2,21.0,11.0,1.0,0.5
2022-23,Jalen McDaniels,1629667,3,25.0,4.0,1.5,0.1835
2022-23,Jalen McDaniels,1629667,4,26.666666666666668,11.333333333333334,3.3333333333333335,0.42366666666666664
2022-23,Jalen McDaniels,1629667,5,27.0,9.0,1.0,0.444
2022-23,Jalen McDaniels,1629667,6,24.5,13.5,0.5,0.6825
2022-23,Jalen McDaniels,1629667,7,23.5,11.0,1.5,0.507
2022-23,Jalen McDaniels,1629667,8,26.0,5.0,2.0,0.286
2022-23,Jalen McDaniels,1629667,9,27.0,8.0,3.0,0.75
2022-23,Jalen McDaniels,1629667,12,34.0,9.0,6.0,0.375
2022-23,Jalen McDaniels,1629667,13,25.666666666666668,8.666666666666666,2.6666666666666665,0.4816666666666667
2022-23,Jalen McDaniels,1629667,14,23.0,12.0,2.5,0.4875
2022-23,Jalen McDaniels,1629667,15,32.0,19.0,2.0,0.6105
2022-23,Jalen McDaniels,1629667,18,31.0,10.0,2.0,0.4
2022-23,Jalen McDaniels,1629667,20,32.0,11.0,2.0,0.375
2022-23,Jalen Smith,1630188,-19,20.0,4.0,2.0,0.222
2022-23,Jalen Smith,1630188,-17,24.0,11.0,2.0,0.444
2022-23,Jalen Smith,1630188,-15,24.0,10.5,0.5,0.447
2022-23,Jalen Smith,1630188,-13,24.0,7.0,4.0,0.5
2022-23,Jalen Smith,1630188,-12,28.0,23.0,0.0,0.571
2022-23,Jalen Smith,1630188,-5,25.5,10.0,1.0,0.375
2022-23,Jalen Smith,1630188,-4,28.0,15.0,2.0,0.75
2022-23,Jalen Smith,1630188,-2,27.0,12.0,0.0,0.625
2022-23,Jalen Smith,1630188,-1,27.0,19.0,1.0,0.563
2022-23,Jalen Smith,1630188,0,22.0,15.0,0.5,0.548
2022-23,Jalen Smith,1630188,1,23.0,11.0,0.0,0.5
2022-23,Jalen Smith,1630188,2,22.5,14.0,0.0,0.527
2022-23,Jalen Smith,1630188,3,23.666666666666668,9.333333333333334,1.6666666666666667,0.41100000000000003
2022-23,Jalen Smith,1630188,5,29.0,15.0,2.0,0.6
2022-23,Jalen Smith,1630188,6,29.0,12.0,1.0,0.5
2022-23,Jalen Smith,1630188,8,33.0,8.0,1.0,0.214
2022-23,Jalen Smith,1630188,9,22.5,12.5,1.0,0.6060000000000001
2022-23,Jalen Smith,1630188,12,24.0,10.0,1.5,0.307
2022-23,Jalen Smith,1630188,14,28.333333333333332,16.666666666666668,0.6666666666666666,0.616
2022-23,Jalen Smith,1630188,24,22.0,14.0,4.0,0.444
2022-23,Jalen Suggs,1630591,-17,28.0,9.0,4.0,0.214
2022-23,Jalen Suggs,1630591,-16,25.0,3.0,2.0,0.25
2022-23,Jalen Suggs,1630591,-13,25.666666666666668,6.666666666666667,4.333333333333333,0.27266666666666667
2022-23,Jalen Suggs,1630591,-12,32.0,23.0,6.0,0.471
2022-23,Jalen Suggs,1630591,-11,24.0,14.0,4.0,0.4
2022-23,Jalen Suggs,1630591,-10,28.0,12.5,4.5,0.344
2022-23,Jalen Suggs,1630591,-8,23.0,15.5,3.5,0.37
2022-23,Jalen Suggs,1630591,-7,26.0,11.0,1.0,0.455
2022-23,Jalen Suggs,1630591,-6,24.0,9.0,2.0,0.3006666666666667
2022-23,Jalen Suggs,1630591,-5,22.0,12.0,1.0,0.385
2022-23,Jalen Suggs,1630591,-4,29.0,17.0,6.0,0.5
2022-23,Jalen Suggs,1630591,-3,29.0,14.5,5.0,0.336
2022-23,Jalen Suggs,1630591,-2,20.0,3.0,1.0,0.25
2022-23,Jalen Suggs,1630591,-1,29.0,9.75,3.5,0.47300000000000003
2022-23,Jalen Suggs,1630591,1,27.0,14.0,2.0,0.714
2022-23,Jalen Suggs,1630591,3,29.0,16.5,5.5,0.572
2022-23,Jalen Suggs,1630591,4,20.0,4.0,1.0,0.2
2022-23,Jalen Suggs,1630591,5,25.0,12.0,4.0,0.333
2022-23,Jalen Suggs,1630591,8,24.0,8.0,1.0,0.667
2022-23,Jalen Suggs,1630591,9,28.0,24.0,4.0,0.75
2022-23,Jalen Suggs,1630591,10,28.5,7.0,4.5,0.333
2022-23,Jalen Suggs,1630591,11,27.0,16.0,4.0,0.5
2022-23,Jalen Suggs,1630591,15,23.0,16.0,1.0,0.667
2022-23,Jalen Suggs,1630591,16,30.5,15.5,3.0,0.5695
2022-23,Jalen Suggs,1630591,20,25.0,18.0,2.0,0.556
2022-23,Jalen Williams,1631114,-26,31.0,16.0,4.0,0.583
2022-23,Jalen Williams,1631114,-22,30.0,6.0,2.0,0.5
2022-23,Jalen Williams,1631114,-21,38.0,17.0,4.0,0.615
2022-23,Jalen Williams,1631114,-19,25.0,8.0,1.0,0.429
2022-23,Jalen Williams,1631114,-16,27.0,9.0,3.5,0.30300000000000005
2022-23,Jalen Williams,1631114,-15,32.0,15.5,5.5,0.5415
2022-23,Jalen Williams,1631114,-14,26.333333333333332,12.666666666666666,1.6666666666666667,0.4246666666666667
2022-23,Jalen Williams,1631114,-12,28.5,18.0,5.0,0.5854999999999999
2022-23,Jalen Williams,1631114,-11,37.0,9.0,2.0,0.4
2022-23,Jalen Williams,1631114,-9,27.2,10.6,2.4,0.4274
2022-23,Jalen Williams,1631114,-7,30.666666666666668,8.666666666666666,3.3333333333333335,0.4083333333333334
2022-23,Jalen Williams,1631114,-6,30.0,14.0,2.5,0.48650000000000004
2022-23,Jalen Williams,1631114,-5,28.666666666666668,14.666666666666666,2.0,0.4643333333333333
2022-23,Jalen Williams,1631114,-4,31.4,14.6,3.6,0.43920000000000003
2022-23,Jalen Williams,1631114,-3,33.0,13.0,3.0,0.5930000000000001
2022-23,Jalen Williams,1631114,-2,29.0,16.0,1.0,0.444
2022-23,Jalen Williams,1631114,-1,31.75,12.5,3.5,0.46125
2022-23,Jalen Williams,1631114,0,31.333333333333332,22.0,6.0,0.5643333333333334
2022-23,Jalen Williams,1631114,3,30.0,12.0,1.0,0.4583333333333333
2022-23,Jalen Williams,1631114,4,30.0,14.333333333333334,2.0,0.6183333333333333
2022-23,Jalen Williams,1631114,5,33.0,14.0,5.5,0.2815
2022-23,Jalen Williams,1631114,9,33.0,31.0,4.0,0.688
2022-23,Jalen Williams,1631114,10,38.0,22.5,4.0,0.6214999999999999
2022-23,Jalen Williams,1631114,11,34.333333333333336,19.0,3.3333333333333335,0.5753333333333334
2022-23,Jalen Williams,1631114,12,33.0,22.5,2.5,0.6355
2022-23,Jalen Williams,1631114,14,30.0,15.0,3.0,0.583
2022-23,Jalen Williams,1631114,15,32.5,15.5,10.5,0.4445
2022-23,Jalen Williams,1631114,16,36.0,17.0,2.0,0.7
2022-23,Jalen Williams,1631114,18,27.0,11.0,3.0,0.667
2022-23,Jalen Williams,1631114,20,33.0,20.0,4.0,0.615
2022-23,Jalen Williams,1631114,22,33.0,21.0,6.0,0.556
2022-23,Jalen Williams,1631114,23,32.0,12.0,5.0,0.4165
2022-23,Jalen Williams,1631114,30,22.0,13.0,2.0,0.714
2022-23,Jalen Williams,1631114,33,34.0,11.0,6.0,0.4
2022-23,Jamal Cain,1631288,0,28.0,11.0,2.0,0.607
2022-23,Jamal Cain,1631288,1,20.0,6.0,0.0,0.429
2022-23,Jamal Cain,1631288,16,22.0,6.0,0.0,0.5
2022-23,Jamal Cain,1631288,18,30.0,12.0,1.0,0.5
2022-23,Jamal Murray,1627750,-20,40.0,14.0,9.0,0.278
2022-23,Jamal Murray,1627750,-19,25.0,12.0,1.0,0.385
2022-23,Jamal Murray,1627750,-18,35.0,23.0,6.0,0.5
2022-23,Jamal Murray,1627750,-16,35.0,21.0,7.0,0.4
2022-23,Jamal Murray,1627750,-15,26.0,8.0,1.0,0.25
2022-23,Jamal Murray,1627750,-14,36.5,16.5,5.5,0.35250000000000004
2022-23,Jamal Murray,1627750,-13,28.666666666666668,17.333333333333332,3.0,0.35000000000000003
2022-23,Jamal Murray,1627750,-12,34.0,14.0,10.0,0.353
2022-23,Jamal Murray,1627750,-10,34.0,25.0,6.0,0.643
2022-23,Jamal Murray,1627750,-9,35.5,16.0,6.5,0.39849999999999997
2022-23,Jamal Murray,1627750,-7,32.0,18.0,5.0,0.353
2022-23,Jamal Murray,1627750,-5,35.0,14.0,4.0,0.5
2022-23,Jamal Murray,1627750,-4,37.5,25.0,8.0,0.4535
2022-23,Jamal Murray,1627750,-3,29.0,18.0,4.0,0.4
2022-23,Jamal Murray,1627750,-1,32.5,20.5,6.5,0.425
2022-23,Jamal Murray,1627750,0,20.0,13.0,1.0,0.556
2022-23,Jamal Murray,1627750,1,28.0,20.0,5.0,0.538
2022-23,Jamal Murray,1627750,2,37.5,25.0,3.5,0.39449999999999996
2022-23,Jamal Murray,1627750,3,37.0,29.0,4.0,0.4595
2022-23,Jamal Murray,1627750,4,33.0,24.0,5.0,0.643
2022-23,Jamal Murray,1627750,5,37.0,25.0,7.0,0.467
2022-23,Jamal Murray,1627750,6,37.5,22.0,7.0,0.5475
2022-23,Jamal Murray,1627750,7,28.5,24.5,3.5,0.5925
2022-23,Jamal Murray,1627750,8,36.0,25.666666666666668,6.0,0.5166666666666666
2022-23,Jamal Murray,1627750,9,37.0,22.0,9.0,0.421
2022-23,Jamal Murray,1627750,10,30.0,19.333333333333332,4.333333333333333,0.5096666666666666
2022-23,Jamal Murray,1627750,11,36.0,30.0,5.0,0.684
2022-23,Jamal Murray,1627750,12,34.0,6.0,11.0,0.182
2022-23,Jamal Murray,1627750,13,33.8,17.0,8.2,0.3518
2022-23,Jamal Murray,1627750,14,31.0,29.5,8.5,0.498
2022-23,Jamal Murray,1627750,15,29.5,14.0,9.5,0.34099999999999997
2022-23,Jamal Murray,1627750,16,35.0,21.0,8.0,0.381
2022-23,Jamal Murray,1627750,17,25.0,13.0,7.5,0.5
2022-23,Jamal Murray,1627750,18,35.0,32.0,6.0,0.476
2022-23,Jamal Murray,1627750,19,30.0,5.0,6.0,0.333
2022-23,Jamal Murray,1627750,20,31.666666666666668,24.333333333333332,8.0,0.5526666666666668
2022-23,Jamal Murray,1627750,21,29.5,18.5,5.5,0.5835
2022-23,Jamal Murray,1627750,22,33.0,19.0,8.5,0.48350000000000004
2022-23,Jamal Murray,1627750,25,36.0,41.0,7.0,0.625
2022-23,Jamaree Bouyea,1631123,-10,28.0,10.0,3.0,0.5
2022-23,James Bouknight,1630547,-22,23.0,2.0,1.0,0.143
2022-23,James Bouknight,1630547,-18,25.0,21.0,1.0,0.636
2022-23,James Bouknight,1630547,-15,31.0,22.0,4.0,0.5
2022-23,James Bouknight,1630547,-12,22.0,8.0,0.0,0.333
2022-23,James Bouknight,1630547,-8,22.5,6.5,1.5,0.293
2022-23,James Bouknight,1630547,-7,26.0,11.0,0.0,0.364
2022-23,James Bouknight,1630547,-5,20.0,7.0,3.0,0.429
2022-23,James Bouknight,1630547,-3,26.0,12.0,0.0,0.333
2022-23,James Bouknight,1630547,0,27.5,8.5,5.0,0.40549999999999997
2022-23,James Harden,201935,-21,38.0,27.0,13.0,0.667
2022-23,James Harden,201935,-19,34.0,17.0,6.0,0.357
2022-23,James Harden,201935,-14,27.0,14.0,4.0,0.417
2022-23,James Harden,201935,-12,34.0,11.0,6.0,0.444
2022-23,James Harden,201935,-11,46.0,5.0,12.0,0.143
2022-23,James Harden,201935,-10,33.0,17.0,11.0,0.235
2022-23,James Harden,201935,-9,35.0,24.0,10.0,0.444
2022-23,James Harden,201935,-6,35.0,18.0,9.0,0.417
2022-23,James Harden,201935,-4,39.333333333333336,23.333333333333332,11.0,0.4246666666666667
2022-23,James Harden,201935,-3,36.333333333333336,17.0,10.666666666666666,0.361
2022-23,James Harden,201935,-2,38.0,28.5,12.0,0.5395
2022-23,James Harden,201935,-1,36.0,29.0,6.0,0.45
2022-23,James Harden,201935,0,40.0,12.0,12.0,0.222
2022-23,James Harden,201935,1,36.666666666666664,28.333333333333332,10.333333333333334,0.6046666666666667
2022-23,James Harden,201935,3,34.0,13.6,9.8,0.41340000000000005
2022-23,James Harden,201935,4,36.5,22.0,7.0,0.3555
2022-23,James Harden,201935,5,39.0,29.75,9.5,0.51125
2022-23,James Harden,201935,7,29.666666666666668,20.666666666666668,9.666666666666666,0.4793333333333334
2022-23,James Harden,201935,8,35.5,22.0,11.25,0.519
2022-23,James Harden,201935,9,41.0,21.0,8.0,0.313
2022-23,James Harden,201935,10,41.75,26.0,11.25,0.4225
2022-23,James Harden,201935,11,41.0,20.0,21.0,0.353
2022-23,James Harden,201935,12,31.0,28.0,10.0,0.5
2022-23,James Harden,201935,13,39.0,14.0,20.0,0.273
2022-23,James Harden,201935,14,41.0,14.0,8.0,0.357
2022-23,James Harden,201935,15,38.0,12.0,12.0,0.364
2022-23,James Harden,201935,16,37.0,25.666666666666668,11.666666666666666,0.4793333333333334
2022-23,James Harden,201935,17,36.0,23.0,5.0,0.4
2022-23,James Harden,201935,18,38.0,19.0,16.0,0.5
2022-23,James Harden,201935,24,35.0,21.0,15.0,0.538
2022-23,James Harden,201935,25,31.5,14.5,12.0,0.406
2022-23,James Harden,201935,35,26.0,16.0,15.0,0.857
2022-23,James Johnson,201949,11,21.0,8.0,3.0,0.5
2022-23,James Wiseman,1630164,-31,24.0,11.0,0.0,0.444
2022-23,James Wiseman,1630164,-29,22.0,4.0,0.0,0.25
2022-23,James Wiseman,1630164,-26,23.0,3.0,1.0,0.167
2022-23,James Wiseman,1630164,-22,22.0,12.0,1.0,0.5
2022-23,James Wiseman,1630164,-18,20.0,14.0,1.0,0.417
2022-23,James Wiseman,1630164,-16,26.0,9.5,1.0,0.6125
2022-23,James Wiseman,1630164,-13,29.0,14.0,1.0,0.5
2022-23,James Wiseman,1630164,-12,25.0,22.0,1.5,0.6975
2022-23,James Wiseman,1630164,-11,27.0,18.5,0.0,0.798
2022-23,James Wiseman,1630164,-10,31.5,17.5,2.0,0.599
2022-23,James Wiseman,1630164,-9,26.5,11.5,0.5,0.41150000000000003
2022-23,James Wiseman,1630164,-6,23.0,8.0,1.0,0.4
2022-23,James Wiseman,1630164,-5,33.0,22.0,0.0,0.769
2022-23,James Wiseman,1630164,-1,22.0,14.0,0.5,0.5445
2022-23,James Wiseman,1630164,6,29.0,16.0,2.0,0.5
2022-23,James Wiseman,1630164,9,25.0,16.0,0.0,0.545
2022-23,James Wiseman,1630164,13,26.0,16.0,0.0,0.615
2022-23,James Wiseman,1630164,16,23.0,8.0,0.0,0.4
2022-23,Jared Butler,1630215,16,45.0,25.0,4.0,0.476
2022-23,Jared Rhoden,1631197,-7,35.0,7.0,0.0,0.375
2022-23,Jared Rhoden,1631197,18,34.0,10.0,1.0,0.444
2022-23,Jaren Jackson Jr.,1628991,-23,28.0,25.0,1.0,0.667
2022-23,Jaren Jackson Jr.,1628991,-21,25.0,9.0,0.0,0.4
2022-23,Jaren Jackson Jr.,1628991,-17,40.0,40.0,3.0,0.464
2022-23,Jaren Jackson Jr.,1628991,-13,21.0,8.0,1.0,0.5
2022-23,Jaren Jackson Jr.,1628991,-9,32.0,18.0,1.0,0.313
2022-23,Jaren Jackson Jr.,1628991,-7,28.0,19.0,2.0,0.389
2022-23,Jaren Jackson Jr.,1628991,-6,25.0,7.0,0.0,0.214
2022-23,Jaren Jackson Jr.,1628991,-5,31.0,23.0,0.6666666666666666,0.48266666666666663
2022-23,Jaren Jackson Jr.,1628991,-4,28.25,16.25,0.75,0.49375
2022-23,Jaren Jackson Jr.,1628991,-3,27.5,14.0,0.25,0.49574999999999997
2022-23,Jaren Jackson Jr.,1628991,-2,26.666666666666668,22.0,0.3333333333333333,0.5693333333333334
2022-23,Jaren Jackson Jr.,1628991,-1,28.0,31.0,1.0,0.55
2022-23,Jaren Jackson Jr.,1628991,0,28.0,13.5,0.5,0.294
2022-23,Jaren Jackson Jr.,1628991,1,28.666666666666668,14.666666666666666,0.0,0.5183333333333333
2022-23,Jaren Jackson Jr.,1628991,2,31.0,26.0,0.0,0.421
2022-23,Jaren Jackson Jr.,1628991,3,29.333333333333332,15.0,0.3333333333333333,0.44933333333333336
2022-23,Jaren Jackson Jr.,1628991,4,35.0,37.0,2.0,0.7
2022-23,Jaren Jackson Jr.,1628991,5,29.0,22.0,0.0,0.538
2022-23,Jaren Jackson Jr.,1628991,6,29.0,15.0,3.0,0.467
2022-23,Jaren Jackson Jr.,1628991,7,26.0,16.5,1.25,0.53825
2022-23,Jaren Jackson Jr.,1628991,8,25.0,21.5,1.0,0.4585
2022-23,Jaren Jackson Jr.,1628991,9,26.0,20.0,0.5,0.4115
2022-23,Jaren Jackson Jr.,1628991,10,42.0,28.0,1.0,0.6
2022-23,Jaren Jackson Jr.,1628991,12,24.5,14.5,1.0,0.5780000000000001
2022-23,Jaren Jackson Jr.,1628991,13,29.0,31.0,3.0,0.545
2022-23,Jaren Jackson Jr.,1628991,14,20.0,7.0,0.0,0.286
2022-23,Jaren Jackson Jr.,1628991,15,29.0,23.0,1.0,0.6315
2022-23,Jaren Jackson Jr.,1628991,18,21.0,20.0,0.0,0.857
2022-23,Jaren Jackson Jr.,1628991,19,38.0,28.0,1.0,0.632
2022-23,Jaren Jackson Jr.,1628991,20,25.0,18.0,2.0,0.385
2022-23,Jaren Jackson Jr.,1628991,22,29.333333333333332,24.0,1.3333333333333333,0.6413333333333333
2022-23,Jaren Jackson Jr.,1628991,24,27.0,15.0,1.0,0.462
2022-23,Jaren Jackson Jr.,1628991,25,25.5,16.0,1.0,0.5225
2022-23,Jaren Jackson Jr.,1628991,27,32.0,21.0,3.0,0.462
2022-23,Jaren Jackson Jr.,1628991,28,32.0,17.0,2.0,0.556
2022-23,Jaren Jackson Jr.,1628991,30,25.0,18.0,1.0,0.455
2022-23,Jaren Jackson Jr.,1628991,32,21.0,9.0,3.0,0.8
2022-23,Jarred Vanderbilt,1629020,-29,22.0,6.0,3.0,0.5
2022-23,Jarred Vanderbilt,1629020,-27,21.0,4.0,0.0,0.4
2022-23,Jarred Vanderbilt,1629020,-18,24.0,2.0,2.0,0.333
2022-23,Jarred Vanderbilt,1629020,-17,24.0,9.0,3.0,0.667
2022-23,Jarred Vanderbilt,1629020,-16,25.5,6.5,4.0,0.5895
2022-23,Jarred Vanderbilt,1629020,-14,21.5,6.0,1.0,0.5
2022-23,Jarred Vanderbilt,1629020,-13,27.0,13.0,2.0,0.625
2022-23,Jarred Vanderbilt,1629020,-12,23.0,4.5,1.0,0.7145
2022-23,Jarred Vanderbilt,1629020,-10,26.0,12.333333333333334,2.0,0.738
2022-23,Jarred Vanderbilt,1629020,-9,26.333333333333332,8.333333333333334,2.3333333333333335,0.5453333333333333
2022-23,Jarred Vanderbilt,1629020,-7,26.75,3.5,1.75,0.35425
2022-23,Jarred Vanderbilt,1629020,-5,22.0,4.0,2.0,0.222
2022-23,Jarred Vanderbilt,1629020,-4,26.7,8.3,2.9,0.5726
2022-23,Jarred Vanderbilt,1629020,-3,24.333333333333332,7.666666666666667,1.3333333333333333,0.5640000000000001
2022-23,Jarred Vanderbilt,1629020,-2,25.5,15.0,3.5,0.631
2022-23,Jarred Vanderbilt,1629020,-1,22.0,7.0,3.0,1.0
2022-23,Jarred Vanderbilt,1629020,0,24.0,8.5,2.0,0.55
2022-23,Jarred Vanderbilt,1629020,1,25.333333333333332,11.0,3.0,0.5423333333333333
2022-23,Jarred Vanderbilt,1629020,2,25.0,14.0,2.0,0.583
2022-23,Jarred Vanderbilt,1629020,5,25.333333333333332,12.333333333333334,2.6666666666666665,0.8166666666666668
2022-23,Jarred Vanderbilt,1629020,8,26.0,13.0,0.0,1.0
2022-23,Jarred Vanderbilt,1629020,10,24.0,5.0,3.0,0.5
2022-23,Jarred Vanderbilt,1629020,11,24.666666666666668,7.0,3.0,0.7999999999999999
2022-23,Jarred Vanderbilt,1629020,12,23.333333333333332,10.0,3.6666666666666665,0.6296666666666667
2022-23,Jarred Vanderbilt,1629020,14,27.0,11.0,1.0,0.625
2022-23,Jarred Vanderbilt,1629020,17,32.0,18.0,6.0,0.538
2022-23,Jarred Vanderbilt,1629020,19,26.0,6.0,8.0,0.5
2022-23,Jarred Vanderbilt,1629020,22,28.0,4.0,3.0,0.25
2022-23,Jarred Vanderbilt,1629020,25,23.0,10.0,4.0,0.455
2022-23,Jarrett Allen,1628386,-23,29.0,14.0,0.0,0.5
2022-23,Jarrett Allen,1628386,-18,35.0,13.0,1.0,0.364
2022-23,Jarrett Allen,1628386,-17,35.0,14.0,0.0,0.6475
2022-23,Jarrett Allen,1628386,-14,31.0,10.0,1.0,0.4
2022-23,Jarrett Allen,1628386,-13,31.5,14.0,1.5,0.6034999999999999
2022-23,Jarrett Allen,1628386,-12,30.0,11.0,1.0,0.833
2022-23,Jarrett Allen,1628386,-10,33.5,11.0,0.5,0.575
2022-23,Jarrett Allen,1628386,-9,39.0,8.0,1.0,0.429
2022-23,Jarrett Allen,1628386,-8,25.0,4.0,3.0,0.4
2022-23,Jarrett Allen,1628386,-7,38.0,12.0,4.0,0.833
2022-23,Jarrett Allen,1628386,-6,29.0,14.0,2.0,0.6
2022-23,Jarrett Allen,1628386,-4,34.0,19.0,2.0,0.8
2022-23,Jarrett Allen,1628386,-3,36.5,5.5,1.5,0.36650000000000005
2022-23,Jarrett Allen,1628386,-2,26.0,15.0,1.0,0.667
2022-23,Jarrett Allen,1628386,-1,32.0,13.5,2.5,0.531
2022-23,Jarrett Allen,1628386,0,33.0,13.0,1.0,0.75
2022-23,Jarrett Allen,1628386,1,34.25,14.75,1.75,0.5935
2022-23,Jarrett Allen,1628386,2,33.0,13.0,0.0,0.625
2022-23,Jarrett Allen,1628386,3,32.5,16.5,1.5,0.5845
2022-23,Jarrett Allen,1628386,4,28.0,13.0,5.0,0.857
2022-23,Jarrett Allen,1628386,5,28.8,9.4,1.0,0.492
2022-23,Jarrett Allen,1628386,6,39.666666666666664,16.0,1.6666666666666667,0.7240000000000001
2022-23,Jarrett Allen,1628386,7,38.0,24.0,6.0,0.647
2022-23,Jarrett Allen,1628386,8,34.0,6.0,4.0,0.4
2022-23,Jarrett Allen,1628386,9,32.5,16.0,0.0,0.7424999999999999
2022-23,Jarrett Allen,1628386,11,33.6,16.8,1.6,0.6998
2022-23,Jarrett Allen,1628386,13,27.0,8.0,2.0,0.667
2022-23,Jarrett Allen,1628386,14,37.0,24.0,5.0,0.75
2022-23,Jarrett Allen,1628386,15,38.0,24.0,1.0,0.706
2022-23,Jarrett Allen,1628386,16,39.0,19.0,3.0,0.8
2022-23,Jarrett Allen,1628386,18,30.666666666666668,17.333333333333332,1.6666666666666667,0.6426666666666666
2022-23,Jarrett Allen,1628386,19,34.333333333333336,23.666666666666668,1.6666666666666667,0.7763333333333332
2022-23,Jarrett Allen,1628386,20,34.333333333333336,18.333333333333332,2.3333333333333335,0.765
2022-23,Jarrett Allen,1628386,21,38.0,24.0,1.0,0.786
2022-23,Jarrett Allen,1628386,23,34.0,14.0,1.0,0.6
2022-23,Jarrett Allen,1628386,24,31.0,19.0,1.5,0.718
2022-23,Jarrett Allen,1628386,25,39.0,12.0,2.0,0.556
2022-23,Jarrett Allen,1628386,27,25.0,15.0,3.0,0.6
2022-23,Jarrett Culver,1629633,-15,23.0,9.0,1.0,0.667
2022-23,Jarrett Culver,1629633,7,29.0,9.0,0.0,0.429
2022-23,Jarrett Culver,1629633,15,32.0,10.0,4.0,0.444
2022-23,Jason Preston,1630554,-10,36.0,12.0,8.0,0.5
2022-23,Javonte Green,1629750,-9,21.0,10.0,1.0,0.571
2022-23,Javonte Green,1629750,7,24.0,6.0,0.0,0.429
2022-23,Javonte Green,1629750,11,22.0,13.0,1.0,0.714
2022-23,Javonte Green,1629750,13,27.0,17.0,1.0,1.0
2022-23,Jaxson Hayes,1629637,-11,24.0,6.0,0.0,0.75
2022-23,Jaxson Hayes,1629637,-10,23.0,4.0,3.0,0.0
2022-23,Jaxson Hayes,1629637,-6,31.0,15.0,2.0,0.714
2022-23,Jaxson Hayes,1629637,-4,21.0,5.0,1.0,1.0
2022-23,Jaxson Hayes,1629637,-3,21.0,6.0,1.0,1.0
2022-23,Jaxson Hayes,1629637,-2,31.0,11.0,2.0,0.625
2022-23,Jaxson Hayes,1629637,-1,20.0,13.0,1.0,0.833
2022-23,Jaxson Hayes,1629637,5,27.0,21.0,4.0,0.889
2022-23,Jaxson Hayes,1629637,11,24.0,14.0,1.0,1.0
2022-23,Jay Huff,1630643,-18,23.0,13.0,2.0,0.571
2022-23,Jay Huff,1630643,-16,29.0,14.0,3.0,0.833
2022-23,Jay Huff,1630643,7,26.0,17.0,2.0,0.5
2022-23,Jay Scrubb,1630206,-18,27.0,11.0,1.0,0.667
2022-23,Jaylen Brown,1627759,-28,25.0,29.0,2.0,0.611
2022-23,Jaylen Brown,1627759,-26,29.0,21.0,2.0,0.6
2022-23,Jaylen Brown,1627759,-24,26.0,18.0,4.0,0.474
2022-23,Jaylen Brown,1627759,-21,42.0,32.0,4.0,0.5
2022-23,Jaylen Brown,1627759,-20,36.0,26.0,3.0,0.455
2022-23,Jaylen Brown,1627759,-13,33.0,16.0,2.0,0.429
2022-23,Jaylen Brown,1627759,-11,43.0,35.0,4.0,0.556
2022-23,Jaylen Brown,1627759,-10,35.0,21.0,2.0,0.348
2022-23,Jaylen Brown,1627759,-9,37.0,31.0,3.0,0.565
2022-23,Jaylen Brown,1627759,-8,36.5,25.0,4.0,0.46199999999999997
2022-23,Jaylen Brown,1627759,-7,34.0,30.0,3.0,0.6
2022-23,Jaylen Brown,1627759,-6,37.75,20.5,2.5,0.38925
2022-23,Jaylen Brown,1627759,-5,36.666666666666664,23.0,3.6666666666666665,0.40599999999999997
2022-23,Jaylen Brown,1627759,-4,37.5,27.5,4.5,0.551
2022-23,Jaylen Brown,1627759,-1,45.0,32.0,9.0,0.462
2022-23,Jaylen Brown,1627759,0,36.0,26.0,3.0,0.412
2022-23,Jaylen Brown,1627759,2,37.666666666666664,25.666666666666668,3.0,0.455
2022-23,Jaylen Brown,1627759,3,38.2,30.6,2.8,0.5044000000000001
2022-23,Jaylen Brown,1627759,4,38.0,25.0,5.0,0.414
2022-23,Jaylen Brown,1627759,5,31.333333333333332,27.0,4.333333333333333,0.5143333333333333
2022-23,Jaylen Brown,1627759,6,40.0,24.0,7.0,0.4665
2022-23,Jaylen Brown,1627759,7,38.0,28.25,3.5,0.47250000000000003
2022-23,Jaylen Brown,1627759,8,36.25,29.0,4.25,0.55425
2022-23,Jaylen Brown,1627759,9,36.0,27.0,5.0,0.522
2022-23,Jaylen Brown,1627759,10,35.666666666666664,25.666666666666668,2.6666666666666665,0.5073333333333333
2022-23,Jaylen Brown,1627759,11,35.0,28.0,4.0,0.507
2022-23,Jaylen Brown,1627759,12,29.0,19.0,3.0,0.5
2022-23,Jaylen Brown,1627759,13,29.0,24.0,2.0,0.389
2022-23,Jaylen Brown,1627759,14,36.0,21.5,4.0,0.486
2022-23,Jaylen Brown,1627759,16,40.0,34.0,2.0,0.5
2022-23,Jaylen Brown,1627759,18,34.0,41.0,0.0,0.714
2022-23,Jaylen Brown,1627759,20,36.0,23.0,3.5,0.479
2022-23,Jaylen Brown,1627759,21,34.0,39.0,2.0,0.538
2022-23,Jaylen Brown,1627759,25,30.0,30.0,3.0,0.579
2022-23,Jaylen Brown,1627759,26,34.0,36.0,2.0,0.565
2022-23,Jaylen Brown,1627759,27,28.0,25.0,3.0,0.375
2022-23,Jaylen Brown,1627759,28,36.0,41.0,3.0,0.621
2022-23,Jaylen Brown,1627759,29,31.0,30.0,5.0,0.65
2022-23,Jaylen Brown,1627759,35,31.0,26.0,3.0,0.5
2022-23,Jaylen Nowell,1629669,-19,22.0,17.0,2.0,0.583
2022-23,Jaylen Nowell,1629669,-14,20.0,14.0,4.0,0.538
2022-23,Jaylen Nowell,1629669,-12,25.0,13.0,0.0,0.375
2022-23,Jaylen Nowell,1629669,-11,22.0,14.0,3.0,0.625
2022-23,Jaylen Nowell,1629669,-10,24.0,21.0,1.0,0.563
2022-23,Jaylen Nowell,1629669,-8,24.0,16.0,2.0,0.5
2022-23,Jaylen Nowell,1629669,-7,20.0,5.0,6.0,0.286
2022-23,Jaylen Nowell,1629669,-5,25.0,23.0,2.0,0.692
2022-23,Jaylen Nowell,1629669,-2,24.0,14.0,2.0,0.455
2022-23,Jaylen Nowell,1629669,-1,26.0,4.0,1.0,0.167
2022-23,Jaylen Nowell,1629669,2,25.666666666666668,16.666666666666668,2.3333333333333335,0.47866666666666663
2022-23,Jaylen Nowell,1629669,3,31.0,17.0,2.0,0.5
2022-23,Jaylen Nowell,1629669,4,21.5,11.0,2.0,0.4065
2022-23,Jaylen Nowell,1629669,5,25.0,9.0,3.0,0.571
2022-23,Jaylen Nowell,1629669,6,24.0,16.0,3.0,0.455
2022-23,Jaylen Nowell,1629669,7,22.0,13.0,2.0,0.353
2022-23,Jaylen Nowell,1629669,8,25.666666666666668,17.0,1.3333333333333333,0.44966666666666666
2022-23,Jaylen Nowell,1629669,9,20.0,9.0,4.0,0.5
2022-23,Jaylen Nowell,1629669,11,23.5,12.5,2.5,0.667
2022-23,Jaylen Nowell,1629669,12,21.0,23.0,2.0,0.692
2022-23,Jaylen Nowell,1629669,14,22.0,10.0,4.0,0.308
2022-23,Jaylen Nowell,1629669,18,25.0,18.0,0.0,0.6
2022-23,Jaylen Nowell,1629669,21,26.0,14.0,4.0,0.385
2022-23,Jaylen Nowell,1629669,35,27.0,16.0,4.0,0.6
2022-23,Jaylen Nowell,1629669,38,29.0,30.0,6.0,0.688
2022-23,Jaylin Williams,1631119,-13,23.0,5.0,0.5,0.393
2022-23,Jaylin Williams,1631119,-10,24.0,0.0,1.0,0.0
2022-23,Jaylin Williams,1631119,-8,27.0,15.0,2.0,0.6
2022-23,Jaylin Williams,1631119,-7,26.0,11.0,0.0,0.571
2022-23,Jaylin Williams,1631119,-5,23.333333333333332,6.333333333333333,2.6666666666666665,0.413
2022-23,Jaylin Williams,1631119,-4,25.0,5.5,2.0,0.354
2022-23,Jaylin Williams,1631119,-3,20.0,10.0,0.0,0.667
2022-23,Jaylin Williams,1631119,-2,22.0,11.0,2.0,0.5
2022-23,Jaylin Williams,1631119,0,25.0,9.0,2.0,0.5
2022-23,Jaylin Williams,1631119,2,28.0,12.0,6.0,0.5835
2022-23,Jaylin Williams,1631119,4,32.0,7.0,2.0,0.667
2022-23,Jaylin Williams,1631119,10,27.5,5.5,1.0,0.4585
2022-23,Jaylin Williams,1631119,15,25.0,8.0,0.0,0.333
2022-23,Jayson Tatum,1628369,-25,30.0,27.0,2.0,0.529
2022-23,Jayson Tatum,1628369,-19,38.0,22.0,5.0,0.435
2022-23,Jayson Tatum,1628369,-18,36.0,17.0,6.5,0.3415
2022-23,Jayson Tatum,1628369,-16,42.0,26.0,6.0,0.381
2022-23,Jayson Tatum,1628369,-15,35.0,25.0,6.0,0.438
2022-23,Jayson Tatum,1628369,-13,37.25,20.0,5.25,0.36075
2022-23,Jayson Tatum,1628369,-10,37.0,30.333333333333332,4.0,0.5359999999999999
2022-23,Jayson Tatum,1628369,-8,38.0,28.5,6.0,0.402
2022-23,Jayson Tatum,1628369,-6,36.0,18.0,6.0,0.412
2022-23,Jayson Tatum,1628369,-5,35.0,29.0,1.0,0.385
2022-23,Jayson Tatum,1628369,-3,37.5,26.5,4.5,0.375
2022-23,Jayson Tatum,1628369,-2,41.0,22.0,6.0,0.364
2022-23,Jayson Tatum,1628369,-1,36.0,29.0,4.0,0.455
2022-23,Jayson Tatum,1628369,0,41.0,14.0,3.0,0.278
2022-23,Jayson Tatum,1628369,1,35.5,29.0,6.0,0.4125
2022-23,Jayson Tatum,1628369,2,37.0,30.5,3.0,0.457
2022-23,Jayson Tatum,1628369,3,47.0,30.0,4.0,0.32
2022-23,Jayson Tatum,1628369,4,41.333333333333336,40.666666666666664,6.0,0.513
2022-23,Jayson Tatum,1628369,5,37.0,12.0,9.0,0.333
2022-23,Jayson Tatum,1628369,6,39.0,33.666666666666664,4.0,0.5343333333333333
2022-23,Jayson Tatum,1628369,7,40.0,33.0,3.75,0.43174999999999997
2022-23,Jayson Tatum,1628369,9,38.0,31.0,3.0,0.458
2022-23,Jayson Tatum,1628369,10,32.5,29.0,3.5,0.5915
2022-23,Jayson Tatum,1628369,11,37.5,29.75,6.25,0.384
2022-23,Jayson Tatum,1628369,12,35.833333333333336,33.0,4.0,0.5061666666666667
2022-23,Jayson Tatum,1628369,13,35.0,34.0,6.0,0.48
2022-23,Jayson Tatum,1628369,14,36.5,34.5,6.0,0.46699999999999997
2022-23,Jayson Tatum,1628369,15,38.0,39.666666666666664,5.666666666666667,0.49866666666666665
2022-23,Jayson Tatum,1628369,16,35.0,32.5,5.5,0.479
2022-23,Jayson Tatum,1628369,18,36.0,37.5,5.0,0.5800000000000001
2022-23,Jayson Tatum,1628369,21,32.5,33.0,3.0,0.6035
2022-23,Jayson Tatum,1628369,23,32.0,34.0,2.0,0.542
2022-23,Jayson Tatum,1628369,26,32.5,29.0,4.0,0.45899999999999996
2022-23,Jayson Tatum,1628369,28,32.0,19.0,8.0,0.316
2022-23,Jayson Tatum,1628369,29,39.0,49.0,3.0,0.6
2022-23,Jayson Tatum,1628369,36,30.0,40.0,1.0,0.667
2022-23,Jayson Tatum,1628369,45,29.0,35.0,3.0,0.536
2022-23,Jayson Tatum,1628369,46,29.0,31.0,4.0,0.632
2022-23,Jeenathan Williams,1631466,-25,31.0,17.0,3.0,0.583
2022-23,Jeenathan Williams,1631466,-9,28.0,4.0,3.0,0.333
2022-23,Jeenathan Williams,1631466,-5,21.0,9.0,0.0,0.8
2022-23,Jeenathan Williams,1631466,-4,31.0,16.0,4.0,0.8
2022-23,Jeff Dowtin Jr.,1630288,8,21.0,10.0,1.0,0.444
2022-23,Jeff Dowtin Jr.,1630288,10,28.0,9.0,4.0,0.429
2022-23,Jeff Green,201145,-19,24.0,12.0,1.0,0.429
2022-23,Jeff Green,201145,-15,23.0,8.0,3.0,0.4
2022-23,Jeff Green,201145,-14,27.0,12.0,3.0,0.6
2022-23,Jeff Green,201145,-12,21.0,7.0,2.0,0.5
2022-23,Jeff Green,201145,-8,27.0,10.0,0.0,0.4
2022-23,Jeff Green,201145,-4,20.0,12.0,2.0,0.714
2022-23,Jeff Green,201145,-3,21.0,11.0,1.0,0.5
2022-23,Jeff Green,201145,-2,30.0,5.0,1.0,0.167
2022-23,Jeff Green,201145,0,28.0,11.0,2.0,0.286
2022-23,Jeff Green,201145,1,25.0,9.5,2.0,0.5355
2022-23,Jeff Green,201145,2,23.333333333333332,16.0,1.3333333333333333,0.605
2022-23,Jeff Green,201145,7,21.0,10.0,3.0,0.375
2022-23,Jeff Green,201145,10,25.0,9.0,1.0,0.5
2022-23,Jeff Green,201145,14,24.0,4.0,1.0,0.167
2022-23,Jeff Green,201145,19,24.0,10.0,2.0,0.6
2022-23,Jerami Grant,203924,-29,20.0,7.0,1.0,0.222
2022-23,Jerami Grant,203924,-23,32.0,13.0,0.0,0.417
2022-23,Jerami Grant,203924,-22,40.0,26.0,3.0,0.474
2022-23,Jerami Grant,203924,-20,35.0,18.0,2.0,0.375
2022-23,Jerami Grant,203924,-19,30.5,17.5,3.0,0.45
2022-23,Jerami Grant,203924,-17,36.0,24.0,3.0,0.294
2022-23,Jerami Grant,203924,-15,34.5,15.5,1.0,0.3875
2022-23,Jerami Grant,203924,-12,38.0,19.666666666666668,4.666666666666667,0.44
2022-23,Jerami Grant,203924,-11,28.0,11.0,4.0,0.4
2022-23,Jerami Grant,203924,-10,37.0,17.5,2.0,0.46900000000000003
2022-23,Jerami Grant,203924,-8,37.0,5.0,3.0,0.154
2022-23,Jerami Grant,203924,-7,36.5,25.5,2.5,0.5575
2022-23,Jerami Grant,203924,-5,39.666666666666664,19.666666666666668,2.0,0.4143333333333333
2022-23,Jerami Grant,203924,-4,39.333333333333336,19.666666666666668,2.6666666666666665,0.4443333333333333
2022-23,Jerami Grant,203924,-3,35.333333333333336,19.333333333333332,1.0,0.4753333333333334
2022-23,Jerami Grant,203924,-2,38.25,26.0,3.0,0.54425
2022-23,Jerami Grant,203924,-1,38.666666666666664,29.0,3.0,0.5186666666666667
2022-23,Jerami Grant,203924,0,34.0,16.0,1.0,0.455
2022-23,Jerami Grant,203924,2,38.0,21.333333333333332,2.0,0.4443333333333333
2022-23,Jerami Grant,203924,3,33.0,22.666666666666668,1.3333333333333333,0.5153333333333333
2022-23,Jerami Grant,203924,5,38.0,19.0,5.0,0.3785
2022-23,Jerami Grant,203924,7,38.5,23.5,1.5,0.535
2022-23,Jerami Grant,203924,8,38.0,23.0,3.0,0.389
2022-23,Jerami Grant,203924,9,27.0,3.0,2.0,0.111
2022-23,Jerami Grant,203924,12,36.0,32.0,5.0,0.632
2022-23,Jerami Grant,203924,13,37.0,22.0,1.5,0.506
2022-23,Jerami Grant,203924,14,32.0,13.0,1.0,0.5
2022-23,Jerami Grant,203924,15,34.0,16.0,4.0,0.667
2022-23,Jerami Grant,203924,16,42.0,19.0,2.0,0.6
2022-23,Jerami Grant,203924,18,37.0,29.0,1.0,0.6
2022-23,Jerami Grant,203924,19,29.5,20.5,1.0,0.619
2022-23,Jerami Grant,203924,20,41.0,27.0,4.0,0.5
2022-23,Jerami Grant,203924,22,33.0,19.5,3.0,0.519
2022-23,Jerami Grant,203924,27,27.0,36.0,0.0,0.706
2022-23,Jerami Grant,203924,28,32.0,28.0,3.0,0.429
2022-23,Jeremiah Robinson-Earl,1630526,-22,22.0,10.0,1.0,0.4
2022-23,Jeremiah Robinson-Earl,1630526,-11,26.0,9.0,0.0,0.364
2022-23,Jeremiah Robinson-Earl,1630526,-9,25.0,15.0,3.0,0.833
2022-23,Jeremiah Robinson-Earl,1630526,-8,21.0,8.0,2.0,0.6
2022-23,Jeremiah Robinson-Earl,1630526,-7,24.0,8.0,2.0,0.6
2022-23,Jeremiah Robinson-Earl,1630526,-6,33.0,10.0,1.0,0.364
2022-23,Jeremiah Robinson-Earl,1630526,-1,26.0,7.0,2.0,0.375
2022-23,Jeremiah Robinson-Earl,1630526,4,21.0,5.0,1.0,0.167
2022-23,Jeremiah Robinson-Earl,1630526,6,31.0,9.0,1.5,0.47000000000000003
2022-23,Jeremiah Robinson-Earl,1630526,8,22.0,2.0,0.0,0.0
2022-23,Jeremiah Robinson-Earl,1630526,9,25.0,7.0,1.0,0.4
2022-23,Jeremiah Robinson-Earl,1630526,11,30.0,17.0,0.0,0.778
2022-23,Jeremiah Robinson-Earl,1630526,13,29.25,11.75,2.0,0.4455
2022-23,Jeremiah Robinson-Earl,1630526,22,21.0,11.0,2.0,0.625
2022-23,Jeremy Sochan,1631110,-34,24.0,12.0,0.0,0.385
2022-23,Jeremy Sochan,1631110,-26,24.0,12.0,1.0,0.6
2022-23,Jeremy Sochan,1631110,-24,28.0,4.0,2.0,0.333
2022-23,Jeremy Sochan,1631110,-23,22.0,13.0,3.0,0.429
2022-23,Jeremy Sochan,1631110,-21,26.0,12.0,1.0,0.429
2022-23,Jeremy Sochan,1631110,-17,35.0,13.0,5.0,0.455
2022-23,Jeremy Sochan,1631110,-14,31.0,23.0,6.0,0.5
2022-23,Jeremy Sochan,1631110,-13,26.0,10.5,1.5,0.55
2022-23,Jeremy Sochan,1631110,-12,31.666666666666668,10.666666666666666,3.0,0.5
2022-23,Jeremy Sochan,1631110,-11,27.0,18.0,4.0,0.455
2022-23,Jeremy Sochan,1631110,-9,27.666666666666668,14.333333333333334,2.3333333333333335,0.498
2022-23,Jeremy Sochan,1631110,-7,27.5,5.0,1.5,0.2985
2022-23,Jeremy Sochan,1631110,-6,30.0,13.0,0.0,0.857
2022-23,Jeremy Sochan,1631110,-5,25.4,9.0,3.6,0.3462
2022-23,Jeremy Sochan,1631110,-4,28.5,16.0,3.5,0.496
2022-23,Jeremy Sochan,1631110,-3,31.25,17.0,3.0,0.39075
2022-23,Jeremy Sochan,1631110,-2,27.75,11.0,2.75,0.401
2022-23,Jeremy Sochan,1631110,-1,30.0,7.0,2.0,0.182
2022-23,Jeremy Sochan,1631110,0,27.0,10.5,2.5,0.47800000000000004
2022-23,Jeremy Sochan,1631110,1,26.0,16.0,2.0,0.5
2022-23,Jeremy Sochan,1631110,2,24.0,8.0,1.5,0.4425
2022-23,Jeremy Sochan,1631110,4,31.0,13.0,5.0,0.625
2022-23,Jeremy Sochan,1631110,6,24.0,5.0,1.0,1.0
2022-23,Jeremy Sochan,1631110,10,29.0,17.5,4.5,0.4115
2022-23,Jeremy Sochan,1631110,13,23.0,14.0,1.0,0.778
2022-23,Jeremy Sochan,1631110,17,23.0,12.0,2.0,0.625
2022-23,Jeremy Sochan,1631110,18,28.5,17.5,3.0,0.623
2022-23,Jeremy Sochan,1631110,22,29.0,10.0,2.0,0.571
2022-23,Jericho Sims,1630579,-11,24.0,2.0,0.0,1.0
2022-23,Jericho Sims,1630579,-9,23.0,1.0,1.0,0.5
2022-23,Jericho Sims,1630579,-8,28.5,5.0,0.5,1.0
2022-23,Jericho Sims,1630579,-7,26.0,7.0,0.0,1.0
2022-23,Jericho Sims,1630579,-6,33.0,10.0,3.0,1.0
2022-23,Jericho Sims,1630579,-4,22.0,4.0,1.0,0.5
2022-23,Jericho Sims,1630579,-3,25.5,7.75,0.75,0.7285
2022-23,Jericho Sims,1630579,0,22.0,2.0,1.0,0.5
2022-23,Jericho Sims,1630579,1,34.0,8.0,1.0,0.8
2022-23,Jericho Sims,1630579,3,27.5,8.0,0.5,0.7855
2022-23,Jericho Sims,1630579,4,20.0,2.0,2.0,0.5
2022-23,Jericho Sims,1630579,9,25.0,8.0,1.0,1.0
2022-23,Jericho Sims,1630579,11,21.0,2.0,0.0,0.5
2022-23,Jevon Carter,1628975,-28,22.0,9.0,2.0,0.5
2022-23,Jevon Carter,1628975,-23,26.0,2.0,5.0,0.25
2022-23,Jevon Carter,1628975,-17,30.0,14.0,3.0,0.4
2022-23,Jevon Carter,1628975,-13,21.0,9.0,4.0,0.3
2022-23,Jevon Carter,1628975,-11,24.0,10.0,3.0,0.444
2022-23,Jevon Carter,1628975,-10,26.666666666666668,2.6666666666666665,2.0,0.2333333333333333
2022-23,Jevon Carter,1628975,-8,25.5,8.25,2.0,0.36175
2022-23,Jevon Carter,1628975,-7,30.0,18.0,3.0,0.375
2022-23,Jevon Carter,1628975,-5,27.0,11.666666666666666,3.0,0.4056666666666667
2022-23,Jevon Carter,1628975,-3,20.0,0.0,0.0,0.0
2022-23,Jevon Carter,1628975,-2,29.0,12.333333333333334,0.3333333333333333,0.5173333333333333
2022-23,Jevon Carter,1628975,-1,25.0,3.5,3.0,0.1665
2022-23,Jevon Carter,1628975,0,21.0,4.0,0.0,0.25
2022-23,Jevon Carter,1628975,1,23.0,10.0,0.5,0.269
2022-23,Jevon Carter,1628975,2,28.666666666666668,11.0,4.0,0.5
2022-23,Jevon Carter,1628975,3,29.666666666666668,16.666666666666668,4.666666666666667,0.5743333333333334
2022-23,Jevon Carter,1628975,5,28.5,9.0,2.0,0.3975
2022-23,Jevon Carter,1628975,6,22.0,13.0,0.0,0.571
2022-23,Jevon Carter,1628975,7,25.0,0.0,4.0,0.0
2022-23,Jevon Carter,1628975,8,33.0,11.0,2.0,0.235
2022-23,Jevon Carter,1628975,9,21.0,11.0,3.0,0.571
2022-23,Jevon Carter,1628975,10,20.0,9.0,3.0,0.333
2022-23,Jevon Carter,1628975,12,25.0,2.0,6.0,0.2
2022-23,Jevon Carter,1628975,13,27.0,12.0,5.5,0.346
2022-23,Jevon Carter,1628975,14,25.0,5.0,3.0,0.667
2022-23,Jevon Carter,1628975,16,28.0,4.0,3.0,0.667
2022-23,Jevon Carter,1628975,17,24.0,18.0,2.0,0.667
2022-23,Jevon Carter,1628975,19,33.0,22.0,2.0,0.533
2022-23,Jevon Carter,1628975,20,30.0,14.0,6.0,0.545
2022-23,Jevon Carter,1628975,23,32.0,22.0,6.0,0.692
2022-23,Jevon Carter,1628975,27,31.0,11.0,8.0,0.5
2022-23,Jimmy Butler,202710,-33,32.0,18.0,5.0,0.462
2022-23,Jimmy Butler,202710,-21,25.0,12.0,1.0,0.429
2022-23,Jimmy Butler,202710,-18,32.0,24.0,1.0,0.615
2022-23,Jimmy Butler,202710,-13,21.0,23.0,1.0,0.8
2022-23,Jimmy Butler,202710,-12,36.0,24.0,3.0,0.455
2022-23,Jimmy Butler,202710,-10,31.0,20.5,3.0,0.6605
2022-23,Jimmy Butler,202710,-9,32.0,13.0,6.0,0.364
2022-23,Jimmy Butler,202710,-8,36.666666666666664,25.666666666666668,5.333333333333333,0.5583333333333333
2022-23,Jimmy Butler,202710,-7,34.0,23.0,7.5,0.6855
2022-23,Jimmy Butler,202710,-5,35.0,33.0,3.0,0.75
2022-23,Jimmy Butler,202710,-4,36.5,20.5,5.0,0.5355
2022-23,Jimmy Butler,202710,-3,32.0,21.333333333333332,4.666666666666667,0.44733333333333336
2022-23,Jimmy Butler,202710,-2,32.5,17.5,5.0,0.3915
2022-23,Jimmy Butler,202710,-1,34.333333333333336,21.166666666666668,6.0,0.5005000000000001
2022-23,Jimmy Butler,202710,0,31.5,22.75,6.25,0.54325
2022-23,Jimmy Butler,202710,2,34.0,20.0,5.0,0.369
2022-23,Jimmy Butler,202710,3,33.5,17.0,7.5,0.481
2022-23,Jimmy Butler,202710,4,34.0,30.5,5.5,0.719
2022-23,Jimmy Butler,202710,5,34.0,27.666666666666668,4.0,0.5650000000000001
2022-23,Jimmy Butler,202710,6,35.666666666666664,31.333333333333332,8.666666666666666,0.589
2022-23,Jimmy Butler,202710,7,33.666666666666664,17.333333333333332,3.6666666666666665,0.5356666666666666
2022-23,Jimmy Butler,202710,8,32.0,30.0,4.0,0.688
2022-23,Jimmy Butler,202710,9,32.0,22.666666666666668,5.666666666666667,0.5233333333333333
2022-23,Jimmy Butler,202710,11,33.2,25.8,6.4,0.6092000000000001
2022-23,Jimmy Butler,202710,12,34.0,26.0,4.0,0.6
2022-23,Jimmy Butler,202710,13,31.0,20.0,8.0,0.75
2022-23,Jimmy Butler,202710,14,33.0,22.0,6.0,0.412
2022-23,Jimmy Butler,202710,16,26.0,18.0,7.0,0.615
2022-23,Jimmy Butler,202710,17,27.0,23.0,6.0,0.545
2022-23,Jimmy Butler,202710,18,32.0,33.0,5.0,0.467
2022-23,Jock Landale,1629111,-13,25.5,11.5,1.5,0.5575
2022-23,Jock Landale,1629111,-4,23.0,16.0,0.0,0.8
2022-23,Jock Landale,1629111,-3,23.5,14.0,2.5,0.6759999999999999
2022-23,Jock Landale,1629111,0,23.0,16.0,0.0,0.667
2022-23,Jock Landale,1629111,3,20.0,4.0,1.0,0.333
2022-23,Jock Landale,1629111,4,23.0,12.0,1.0,0.556
2022-23,Jock Landale,1629111,7,21.0,15.0,2.0,0.538
2022-23,Jock Landale,1629111,8,26.0,15.0,2.0,0.5
2022-23,Jock Landale,1629111,10,20.0,9.0,1.0,1.0
2022-23,Jock Landale,1629111,12,20.0,8.0,2.0,0.571
2022-23,Jock Landale,1629111,27,22.0,17.0,0.0,0.5
2022-23,Joe Harris,203925,-37,20.0,4.0,1.0,0.143
2022-23,Joe Harris,203925,-26,31.0,10.0,0.0,0.571
2022-23,Joe Harris,203925,-25,22.0,5.0,0.0,0.333
2022-23,Joe Harris,203925,-23,23.0,12.0,2.0,0.444
2022-23,Joe Harris,203925,-22,27.0,8.0,1.0,0.333
2022-23,Joe Harris,203925,-16,23.0,3.0,0.0,0.125
2022-23,Joe Harris,203925,-12,20.0,3.0,2.0,0.2
2022-23,Joe Harris,203925,-11,21.0,18.0,2.0,0.667
2022-23,Joe Harris,203925,-7,26.5,11.5,0.5,0.55475
2022-23,Joe Harris,203925,-6,23.0,8.0,2.0,0.375
2022-23,Joe Harris,203925,-4,25.0,7.666666666666667,2.0,0.4916666666666667
2022-23,Joe Harris,203925,-3,30.0,10.0,3.0,0.571
2022-23,Joe Harris,203925,-2,22.0,11.0,0.0,0.556
2022-23,Joe Harris,203925,-1,24.0,11.0,1.0,0.571
2022-23,Joe Harris,203925,2,22.0,15.0,0.0,0.625
2022-23,Joe Harris,203925,4,23.5,8.5,2.0,0.75
2022-23,Joe Harris,203925,7,32.333333333333336,13.333333333333334,2.3333333333333335,0.596
2022-23,Joe Harris,203925,9,30.5,9.5,2.5,0.4125
2022-23,Joe Harris,203925,10,33.0,15.0,4.0,0.417
2022-23,Joe Harris,203925,12,29.5,11.0,1.5,0.4165
2022-23,Joe Harris,203925,13,31.0,10.5,3.0,0.55
2022-23,Joe Harris,203925,14,28.0,13.0,3.0,0.571
2022-23,Joe Harris,203925,16,20.0,18.0,0.0,0.667
2022-23,Joe Harris,203925,17,24.5,12.5,3.5,0.675
2022-23,Joe Harris,203925,18,27.0,14.0,2.0,0.5835
2022-23,Joe Harris,203925,19,21.0,9.0,3.0,0.5
2022-23,Joe Harris,203925,27,31.0,10.0,1.0,0.364
2022-23,Joe Ingles,204060,-20,27.0,14.0,0.0,0.8
2022-23,Joe Ingles,204060,-8,28.0,8.0,2.0,0.75
2022-23,Joe Ingles,204060,-5,20.0,3.0,4.0,0.143
2022-23,Joe Ingles,204060,-3,23.0,10.5,4.0,0.4095
2022-23,Joe Ingles,204060,-2,22.0,6.0,3.0,0.5
2022-23,Joe Ingles,204060,-1,21.0,6.0,5.0,0.5
2022-23,Joe Ingles,204060,1,25.0,5.0,4.0,0.4
2022-23,Joe Ingles,204060,2,27.0,12.0,5.0,0.667
2022-23,Joe Ingles,204060,3,28.0,7.333333333333333,4.666666666666667,0.4443333333333333
2022-23,Joe Ingles,204060,4,29.0,10.5,7.5,0.543
2022-23,Joe Ingles,204060,5,23.5,9.5,2.0,0.5
2022-23,Joe Ingles,204060,6,27.0,5.0,1.0,0.5
2022-23,Joe Ingles,204060,7,21.0,5.0,1.0,0.25
2022-23,Joe Ingles,204060,9,23.75,8.0,4.25,0.4915
2022-23,Joe Ingles,204060,10,24.0,11.5,6.5,0.49250000000000005
2022-23,Joe Ingles,204060,11,31.0,8.0,3.0,0.429
2022-23,Joe Ingles,204060,14,24.0,11.0,3.5,0.4645
2022-23,Joe Ingles,204060,16,22.0,14.0,1.0,0.714
2022-23,Joe Ingles,204060,21,25.0,9.0,3.0,0.6
2022-23,Joel Embiid,203954,-16,35.0,35.0,1.0,0.619
2022-23,Joel Embiid,203954,-13,37.0,26.0,5.0,0.5
2022-23,Joel Embiid,203954,-12,27.5,24.5,4.0,0.4815
2022-23,Joel Embiid,203954,-11,31.5,25.5,3.5,0.621
2022-23,Joel Embiid,203954,-10,33.5,21.5,4.0,0.363
2022-23,Joel Embiid,203954,-7,37.0,31.0,10.0,0.5
2022-23,Joel Embiid,203954,-6,33.0,35.0,1.0,0.545
2022-23,Joel Embiid,203954,-5,34.5,29.5,3.5,0.5635
2022-23,Joel Embiid,203954,-4,35.5,39.5,4.0,0.6619999999999999
2022-23,Joel Embiid,203954,-3,39.0,28.0,1.0,0.524
2022-23,Joel Embiid,203954,-2,34.0,29.5,4.0,0.494
2022-23,Joel Embiid,203954,-1,34.0,26.0,3.0,0.333
2022-23,Joel Embiid,203954,0,33.0,25.0,1.0,0.538
2022-23,Joel Embiid,203954,2,36.333333333333336,37.666666666666664,3.0,0.5833333333333334
2022-23,Joel Embiid,203954,3,38.0,29.0,5.0,0.429
2022-23,Joel Embiid,203954,4,35.0,30.0,7.0,0.5
2022-23,Joel Embiid,203954,5,36.666666666666664,30.0,3.3333333333333335,0.5473333333333333
2022-23,Joel Embiid,203954,6,36.5,33.5,4.5,0.42000000000000004
2022-23,Joel Embiid,203954,7,35.0,36.25,4.25,0.593
2022-23,Joel Embiid,203954,8,36.166666666666664,37.166666666666664,3.3333333333333335,0.5416666666666666
2022-23,Joel Embiid,203954,9,40.0,35.0,8.0,0.5
2022-23,Joel Embiid,203954,10,33.75,31.5,3.75,0.49424999999999997
2022-23,Joel Embiid,203954,11,34.0,53.0,3.0,0.625
2022-23,Joel Embiid,203954,12,31.0,28.666666666666668,2.6666666666666665,0.5803333333333334
2022-23,Joel Embiid,203954,13,31.666666666666668,37.666666666666664,5.333333333333333,0.564
2022-23,Joel Embiid,203954,14,37.0,47.0,5.0,0.581
2022-23,Joel Embiid,203954,15,33.5,33.5,5.0,0.6495
2022-23,Joel Embiid,203954,17,35.333333333333336,34.0,5.0,0.5680000000000001
2022-23,Joel Embiid,203954,18,31.5,35.0,3.5,0.483
2022-23,Joel Embiid,203954,20,46.0,38.0,5.0,0.737
2022-23,Joel Embiid,203954,22,34.0,29.0,8.0,0.4565
2022-23,Joel Embiid,203954,25,36.0,59.0,8.0,0.679
2022-23,Joel Embiid,203954,26,29.0,38.0,5.0,0.762
2022-23,Joel Embiid,203954,36,23.0,36.0,1.0,0.6
2022-23,John Butler Jr.,1631219,-37,22.0,3.0,0.0,0.2
2022-23,John Butler Jr.,1631219,-10,23.5,5.0,2.0,0.3835
2022-23,John Butler Jr.,1631219,-8,25.0,10.0,0.0,0.444
2022-23,John Butler Jr.,1631219,-6,36.0,12.0,4.0,0.364
2022-23,John Collins,1628381,-24,28.0,8.5,1.0,0.3085
2022-23,John Collins,1628381,-22,33.0,6.0,0.0,0.333
2022-23,John Collins,1628381,-21,27.0,6.0,2.0,0.333
2022-23,John Collins,1628381,-18,25.5,7.0,1.5,0.425
2022-23,John Collins,1628381,-17,32.0,14.0,1.0,0.528
2022-23,John Collins,1628381,-16,25.0,12.0,0.0,0.625
2022-23,John Collins,1628381,-15,29.0,26.0,0.0,0.647
2022-23,John Collins,1628381,-14,31.0,17.0,0.5,0.625
2022-23,John Collins,1628381,-12,31.0,13.5,1.5,0.54
2022-23,John Collins,1628381,-11,38.0,10.0,1.0,0.25
2022-23,John Collins,1628381,-9,33.0,13.5,1.0,0.48350000000000004
2022-23,John Collins,1628381,-8,21.0,4.0,0.0,0.4
2022-23,John Collins,1628381,-7,28.5,13.0,2.5,0.506
2022-23,John Collins,1628381,-6,28.0,14.0,1.0,0.528
2022-23,John Collins,1628381,-5,31.0,4.0,2.0,0.5
2022-23,John Collins,1628381,-4,30.666666666666668,12.333333333333334,1.0,0.561
2022-23,John Collins,1628381,-3,30.0,16.25,2.5,0.6577500000000001
2022-23,John Collins,1628381,-2,33.666666666666664,13.0,0.6666666666666666,0.41700000000000004
2022-23,John Collins,1628381,-1,37.0,16.0,3.0,0.583
2022-23,John Collins,1628381,0,27.5,12.0,1.0,0.4365
2022-23,John Collins,1628381,1,27.25,9.25,0.75,0.3695
2022-23,John Collins,1628381,2,32.4,16.8,1.2,0.5389999999999999
2022-23,John Collins,1628381,3,31.0,7.0,2.0,0.25
2022-23,John Collins,1628381,4,27.0,11.0,1.0,0.556
2022-23,John Collins,1628381,5,35.0,19.0,0.0,0.643
2022-23,John Collins,1628381,6,29.75,15.25,1.0,0.5
2022-23,John Collins,1628381,7,33.0,21.0,1.0,0.5
2022-23,John Collins,1628381,9,28.0,9.0,1.0,0.5835
2022-23,John Collins,1628381,10,34.0,9.0,4.0,0.5
2022-23,John Collins,1628381,11,28.0,16.5,1.5,0.5415
2022-23,John Collins,1628381,12,22.5,20.0,1.0,0.6930000000000001
2022-23,John Collins,1628381,13,33.0,16.0,0.0,0.4
2022-23,John Collins,1628381,14,30.0,12.0,2.0,0.4
2022-23,John Collins,1628381,16,26.0,15.0,1.0,0.5
2022-23,John Collins,1628381,19,28.0,15.0,3.0,0.75
2022-23,John Collins,1628381,21,24.0,9.0,0.0,0.5
2022-23,John Collins,1628381,23,29.0,8.0,3.0,0.4
2022-23,John Collins,1628381,25,35.0,17.0,1.0,0.875
2022-23,John Collins,1628381,26,33.5,20.0,1.0,0.536
2022-23,John Konchar,1629723,-27,20.0,5.0,0.0,0.5
2022-23,John Konchar,1629723,-15,35.0,2.0,3.0,0.2
2022-23,John Konchar,1629723,-12,25.0,4.0,0.0,0.25
2022-23,John Konchar,1629723,-11,28.0,2.0,5.0,0.25
2022-23,John Konchar,1629723,-7,36.0,7.0,1.0,0.333
2022-23,John Konchar,1629723,-6,28.0,7.0,2.0,0.8335
2022-23,John Konchar,1629723,-5,22.0,3.0,4.0,0.2
2022-23,John Konchar,1629723,-4,29.75,8.75,2.25,0.4035
2022-23,John Konchar,1629723,-1,26.5,6.5,1.5,0.3125
2022-23,John Konchar,1629723,0,23.5,6.0,1.5,0.2275
2022-23,John Konchar,1629723,1,22.0,0.0,1.0,0.0
2022-23,John Konchar,1629723,2,24.0,1.0,0.0,0.0
2022-23,John Konchar,1629723,3,30.0,7.0,2.0,0.429
2022-23,John Konchar,1629723,4,27.0,0.0,1.0,0.0
2022-23,John Konchar,1629723,5,23.0,11.0,1.0,0.571
2022-23,John Konchar,1629723,6,33.0,12.0,2.0,0.364
2022-23,John Konchar,1629723,7,29.0,10.0,2.0,0.667
2022-23,John Konchar,1629723,8,22.0,10.0,4.0,0.714
2022-23,John Konchar,1629723,9,21.0,6.0,0.0,0.5
2022-23,John Konchar,1629723,10,24.666666666666668,8.0,3.0,0.5333333333333333
2022-23,John Konchar,1629723,11,27.0,7.0,1.0,0.333
2022-23,John Konchar,1629723,12,24.5,10.0,2.0,0.5355
2022-23,John Konchar,1629723,13,26.0,13.5,2.0,0.6515
2022-23,John Konchar,1629723,15,28.5,7.0,1.0,0.5
2022-23,John Konchar,1629723,17,24.0,13.5,1.5,0.725
2022-23,John Konchar,1629723,19,24.0,8.0,1.0,0.5
2022-23,John Konchar,1629723,22,23.0,9.0,5.0,0.8
2022-23,John Konchar,1629723,28,25.0,9.0,0.0,0.5
2022-23,John Wall,202322,-26,26.0,16.0,5.0,0.545
2022-23,John Wall,202322,-25,20.0,9.0,3.0,0.25
2022-23,John Wall,202322,-19,21.0,8.0,6.0,0.4
2022-23,John Wall,202322,-14,23.0,23.0,2.0,0.8
2022-23,John Wall,202322,-12,24.0,14.0,6.0,0.455
2022-23,John Wall,202322,-11,24.5,9.0,5.0,0.325
2022-23,John Wall,202322,-9,27.0,19.5,4.0,0.3765
2022-23,John Wall,202322,-6,21.0,5.0,5.0,0.25
2022-23,John Wall,202322,-5,27.5,14.0,4.5,0.4165
2022-23,John Wall,202322,-4,20.0,9.0,8.0,0.25
2022-23,John Wall,202322,-3,24.0,15.0,3.0,0.467
2022-23,John Wall,202322,-1,21.0,17.0,4.0,0.583
2022-23,John Wall,202322,0,23.5,13.5,8.0,0.5
2022-23,John Wall,202322,1,27.0,9.0,6.0,0.2
2022-23,John Wall,202322,6,27.0,15.0,6.0,0.429
2022-23,John Wall,202322,7,21.0,13.5,7.0,0.5
2022-23,John Wall,202322,9,23.0,10.0,6.0,0.3
2022-23,John Wall,202322,11,26.0,17.0,4.0,0.545
2022-23,John Wall,202322,14,26.0,12.0,12.0,0.308
2022-23,John Wall,202322,21,23.0,5.0,15.0,0.25
2022-23,Johnny Davis,1631098,-13,37.5,16.5,6.0,0.36450000000000005
2022-23,Johnny Davis,1631098,-7,35.0,20.0,3.0,0.444
2022-23,Johnny Davis,1631098,-6,30.0,16.0,3.0,0.545
2022-23,Johnny Davis,1631098,-5,28.5,12.5,1.5,0.446
2022-23,Johnny Davis,1631098,7,23.0,7.0,1.0,0.333
2022-23,Johnny Davis,1631098,12,37.0,16.0,1.0,0.35
2022-23,Johnny Davis,1631098,14,23.0,7.0,0.0,0.333
2022-23,Johnny Juzang,1630548,14,20.0,10.0,2.0,0.556
2022-23,Jonas Valanciunas,202685,-24,27.5,9.5,1.5,0.35250000000000004
2022-23,Jonas Valanciunas,202685,-21,25.0,18.0,0.0,0.727
2022-23,Jonas Valanciunas,202685,-20,22.0,11.0,5.0,0.625
2022-23,Jonas Valanciunas,202685,-19,21.0,16.0,2.0,0.455
2022-23,Jonas Valanciunas,202685,-17,22.0,16.0,1.0,0.438
2022-23,Jonas Valanciunas,202685,-13,24.5,14.5,1.0,0.778
2022-23,Jonas Valanciunas,202685,-12,31.0,12.0,2.0,0.667
2022-23,Jonas Valanciunas,202685,-11,22.0,6.0,0.0,0.4
2022-23,Jonas Valanciunas,202685,-10,21.0,9.0,1.0,0.273
2022-23,Jonas Valanciunas,202685,-9,25.0,13.0,1.0,0.417
2022-23,Jonas Valanciunas,202685,-8,21.0,10.0,3.0,0.714
2022-23,Jonas Valanciunas,202685,-7,27.666666666666668,13.333333333333334,1.6666666666666667,0.4716666666666667
2022-23,Jonas Valanciunas,202685,-6,27.0,13.0,1.0,0.487
2022-23,Jonas Valanciunas,202685,-5,28.0,12.0,1.0,0.556
2022-23,Jonas Valanciunas,202685,-4,26.0,15.0,2.5,0.471
2022-23,Jonas Valanciunas,202685,-3,23.5,9.0,0.5,0.5
2022-23,Jonas Valanciunas,202685,-2,23.0,13.0,2.0,0.5
2022-23,Jonas Valanciunas,202685,-1,27.4,14.0,1.4,0.5246000000000001
2022-23,Jonas Valanciunas,202685,0,29.5,26.0,1.5,0.6775
2022-23,Jonas Valanciunas,202685,1,27.666666666666668,18.333333333333332,3.6666666666666665,0.7513333333333333
2022-23,Jonas Valanciunas,202685,2,25.5,12.5,2.0,0.4445
2022-23,Jonas Valanciunas,202685,3,25.333333333333332,12.333333333333334,1.6666666666666667,0.4286666666666667
2022-23,Jonas Valanciunas,202685,4,27.666666666666668,16.666666666666668,2.6666666666666665,0.48533333333333334
2022-23,Jonas Valanciunas,202685,5,25.0,16.0,1.0,0.8
2022-23,Jonas Valanciunas,202685,6,37.0,37.0,5.0,0.583
2022-23,Jonas Valanciunas,202685,7,21.0,11.0,1.0,0.357
2022-23,Jonas Valanciunas,202685,8,29.0,21.0,3.0,0.615
2022-23,Jonas Valanciunas,202685,10,25.0,16.0,1.0,0.429
2022-23,Jonas Valanciunas,202685,11,27.75,22.0,3.0,0.66325
2022-23,Jonas Valanciunas,202685,14,27.666666666666668,18.666666666666668,3.0,0.6023333333333333
2022-23,Jonas Valanciunas,202685,15,29.5,19.0,1.5,0.5625
2022-23,Jonas Valanciunas,202685,16,24.0,14.0,2.0,0.833
2022-23,Jonas Valanciunas,202685,18,31.0,17.0,4.0,0.444
2022-23,Jonas Valanciunas,202685,19,29.0,30.0,4.0,0.727
2022-23,Jonas Valanciunas,202685,22,22.0,10.0,2.0,1.0
2022-23,Jonas Valanciunas,202685,23,25.0,8.0,1.0,0.429
2022-23,Jonas Valanciunas,202685,24,26.0,22.0,2.0,0.818
2022-23,Jonas Valanciunas,202685,28,27.5,12.5,1.0,0.5645
2022-23,Jonas Valanciunas,202685,29,20.0,11.0,2.0,0.625
2022-23,Jonathan Kuminga,1630228,-38,39.0,18.0,2.0,0.3
2022-23,Jonathan Kuminga,1630228,-23,29.333333333333332,11.333333333333334,3.3333333333333335,0.5343333333333333
2022-23,Jonathan Kuminga,1630228,-16,23.0,13.0,4.0,0.833
2022-23,Jonathan Kuminga,1630228,-12,22.0,2.0,1.0,0.25
2022-23,Jonathan Kuminga,1630228,-8,28.0,7.0,3.0,0.375
2022-23,Jonathan Kuminga,1630228,-6,30.0,24.0,3.0,0.5
2022-23,Jonathan Kuminga,1630228,-4,25.5,13.5,3.5,0.53
2022-23,Jonathan Kuminga,1630228,-3,24.0,16.5,3.0,0.6335
2022-23,Jonathan Kuminga,1630228,-1,22.0,9.0,2.0,0.6
2022-23,Jonathan Kuminga,1630228,0,22.5,12.0,2.0,1.0
2022-23,Jonathan Kuminga,1630228,1,21.0,9.0,3.0,0.333
2022-23,Jonathan Kuminga,1630228,2,28.25,16.25,1.25,0.5315
2022-23,Jonathan Kuminga,1630228,3,25.333333333333332,15.0,3.3333333333333335,0.597
2022-23,Jonathan Kuminga,1630228,4,26.0,14.5,0.5,0.65
2022-23,Jonathan Kuminga,1630228,5,25.0,10.0,3.0,0.417
2022-23,Jonathan Kuminga,1630228,8,27.5,17.0,4.5,0.6065
2022-23,Jonathan Kuminga,1630228,9,23.0,15.0,2.0,0.714
2022-23,Jonathan Kuminga,1630228,13,28.0,19.5,0.0,0.6459999999999999
2022-23,Jonathan Kuminga,1630228,15,26.0,9.0,6.0,0.5
2022-23,Jonathan Kuminga,1630228,16,28.0,19.0,2.0,0.583
2022-23,Jonathan Kuminga,1630228,17,31.0,13.0,1.0,1.0
2022-23,Jonathan Kuminga,1630228,19,22.0,7.0,5.0,0.333
2022-23,Jonathan Kuminga,1630228,21,25.0,14.0,1.0,0.75
2022-23,Jonathan Kuminga,1630228,24,24.0,15.0,2.0,0.625
2022-23,Jonathan Kuminga,1630228,35,24.0,15.0,6.0,0.667
2022-23,Jordan Clarkson,203903,-20,34.0,24.5,5.5,0.4405
2022-23,Jordan Clarkson,203903,-19,30.0,18.0,3.0,0.389
2022-23,Jordan Clarkson,203903,-17,32.0,23.0,0.0,0.381
2022-23,Jordan Clarkson,203903,-15,34.0,24.0,2.0,0.529
2022-23,Jordan Clarkson,203903,-13,30.0,17.0,3.0,0.45
2022-23,Jordan Clarkson,203903,-12,32.666666666666664,20.666666666666668,5.0,0.5096666666666666
2022-23,Jordan Clarkson,203903,-10,36.0,8.0,9.0,0.2
2022-23,Jordan Clarkson,203903,-9,25.333333333333332,12.666666666666666,3.3333333333333335,0.314
2022-23,Jordan Clarkson,203903,-8,34.0,25.0,4.0,0.421
2022-23,Jordan Clarkson,203903,-7,34.0,29.0,3.0,0.529
2022-23,Jordan Clarkson,203903,-6,32.0,26.0,2.0,0.368
2022-23,Jordan Clarkson,203903,-5,34.0,23.5,5.5,0.619
2022-23,Jordan Clarkson,203903,-4,34.333333333333336,19.333333333333332,3.6666666666666665,0.38433333333333336
2022-23,Jordan Clarkson,203903,-3,30.0,17.25,7.0,0.35525
2022-23,Jordan Clarkson,203903,-2,33.5,28.0,6.5,0.526
2022-23,Jordan Clarkson,203903,0,33.0,24.0,4.5,0.475
2022-23,Jordan Clarkson,203903,1,28.0,17.0,4.0,0.5
2022-23,Jordan Clarkson,203903,2,34.666666666666664,27.333333333333332,5.666666666666667,0.498
2022-23,Jordan Clarkson,203903,3,33.0,21.0,1.0,0.375
2022-23,Jordan Clarkson,203903,4,32.0,18.0,4.0,0.434
2022-23,Jordan Clarkson,203903,5,34.0,32.0,4.0,0.579
2022-23,Jordan Clarkson,203903,6,31.75,22.25,4.25,0.42325
2022-23,Jordan Clarkson,203903,7,35.5,23.5,5.0,0.48650000000000004
2022-23,Jordan Clarkson,203903,8,32.0,20.0,5.25,0.45625
2022-23,Jordan Clarkson,203903,9,34.0,22.5,3.0,0.4125
2022-23,Jordan Clarkson,203903,11,29.5,17.0,3.0,0.391
2022-23,Jordan Clarkson,203903,13,31.0,16.0,4.0,0.455
2022-23,Jordan Clarkson,203903,14,30.5,11.0,5.0,0.261
2022-23,Jordan Clarkson,203903,15,30.0,20.0,3.0,0.5
2022-23,Jordan Clarkson,203903,16,31.0,22.5,4.5,0.528
2022-23,Jordan Clarkson,203903,19,39.0,33.0,5.0,0.556
2022-23,Jordan Clarkson,203903,22,30.0,19.0,4.0,0.469
2022-23,Jordan Goodwin,1630692,-20,25.0,5.0,3.0,0.167
2022-23,Jordan Goodwin,1630692,-14,20.0,7.0,2.0,0.75
2022-23,Jordan Goodwin,1630692,-13,24.0,5.0,1.0,0.5
2022-23,Jordan Goodwin,1630692,-12,24.0,13.0,7.5,0.396
2022-23,Jordan Goodwin,1630692,-11,20.0,9.0,2.0,0.444
2022-23,Jordan Goodwin,1630692,-10,29.0,10.0,6.0,0.4
2022-23,Jordan Goodwin,1630692,-9,33.0,19.0,3.0,0.6
2022-23,Jordan Goodwin,1630692,-8,20.0,9.0,2.0,0.375
2022-23,Jordan Goodwin,1630692,-6,29.5,10.0,4.5,0.528
2022-23,Jordan Goodwin,1630692,-2,23.0,10.5,6.0,0.644
2022-23,Jordan Goodwin,1630692,-1,24.0,8.0,3.0,0.429
2022-23,Jordan Goodwin,1630692,0,23.0,8.0,1.5,0.5835
2022-23,Jordan Goodwin,1630692,1,25.0,8.0,3.0,0.333
2022-23,Jordan Goodwin,1630692,2,25.0,14.5,4.0,0.4285
2022-23,Jordan Goodwin,1630692,3,26.0,10.0,4.0,0.429
2022-23,Jordan Goodwin,1630692,5,38.0,17.0,6.0,0.462
2022-23,Jordan Goodwin,1630692,10,21.0,17.0,5.0,1.0
2022-23,Jordan Goodwin,1630692,12,27.0,5.5,5.5,0.4105
2022-23,Jordan Goodwin,1630692,17,30.0,17.0,5.0,0.545
2022-23,Jordan Hall,1631160,-16,20.0,3.0,2.0,0.25
2022-23,Jordan McLaughlin,1629162,-17,23.0,9.0,8.0,0.667
2022-23,Jordan McLaughlin,1629162,-3,20.0,5.0,3.0,0.5
2022-23,Jordan McLaughlin,1629162,1,22.0,8.0,4.0,0.75
2022-23,Jordan McLaughlin,1629162,6,22.5,8.5,3.5,0.393
2022-23,Jordan McLaughlin,1629162,8,22.0,6.0,11.0,0.667
2022-23,Jordan McLaughlin,1629162,9,20.5,5.5,6.5,0.55
2022-23,Jordan McLaughlin,1629162,23,21.0,0.0,4.0,0.0
2022-23,Jordan Nwora,1629670,-31,25.0,11.0,1.0,0.333
2022-23,Jordan Nwora,1629670,-28,29.0,8.0,5.0,0.231
2022-23,Jordan Nwora,1629670,-27,29.0,13.0,5.0,0.385
2022-23,Jordan Nwora,1629670,-23,34.0,18.0,2.0,0.5
2022-23,Jordan Nwora,1629670,-17,30.0,13.0,1.0,0.455
2022-23,Jordan Nwora,1629670,-15,29.0,13.0,6.0,0.429
2022-23,Jordan Nwora,1629670,-13,23.0,19.0,0.0,0.7
2022-23,Jordan Nwora,1629670,-11,35.0,15.0,3.0,0.267
2022-23,Jordan Nwora,1629670,-10,29.5,21.5,2.5,0.5529999999999999
2022-23,Jordan Nwora,1629670,-8,21.0,10.0,3.0,0.375
2022-23,Jordan Nwora,1629670,-7,24.0,7.0,2.0,0.25
2022-23,Jordan Nwora,1629670,-6,23.0,18.0,1.0,0.583
2022-23,Jordan Nwora,1629670,-4,21.0,10.0,2.0,0.429
2022-23,Jordan Nwora,1629670,-3,31.0,17.0,1.0,0.636
2022-23,Jordan Nwora,1629670,-2,31.0,20.0,3.0,0.583
2022-23,Jordan Nwora,1629670,-1,22.0,12.0,1.0,0.4
2022-23,Jordan Nwora,1629670,2,27.5,16.0,1.0,0.55
2022-23,Jordan Nwora,1629670,3,20.0,7.0,2.0,0.333
2022-23,Jordan Nwora,1629670,5,23.0,14.0,2.0,0.444
2022-23,Jordan Nwora,1629670,7,33.0,12.0,4.0,0.455
2022-23,Jordan Nwora,1629670,8,24.5,10.0,1.5,0.472
2022-23,Jordan Nwora,1629670,10,28.0,21.0,1.0,0.6
2022-23,Jordan Nwora,1629670,15,24.0,13.0,3.0,0.462
2022-23,Jordan Nwora,1629670,17,21.0,18.0,6.0,0.667
2022-23,Jordan Poole,1629673,-33,34.0,22.0,4.0,0.5
2022-23,Jordan Poole,1629673,-31,26.0,13.0,2.0,0.235
2022-23,Jordan Poole,1629673,-27,29.0,26.0,1.0,0.444
2022-23,Jordan Poole,1629673,-25,26.0,26.0,0.0,0.5
2022-23,Jordan Poole,1629673,-23,28.0,9.0,2.0,0.3
2022-23,Jordan Poole,1629673,-20,27.0,7.0,7.0,0.4
2022-23,Jordan Poole,1629673,-18,27.0,24.0,4.0,0.5
2022-23,Jordan Poole,1629673,-16,29.0,16.0,4.0,0.231
2022-23,Jordan Poole,1629673,-15,26.5,15.0,4.5,0.397
2022-23,Jordan Poole,1629673,-13,28.0,14.666666666666666,2.6666666666666665,0.436
2022-23,Jordan Poole,1629673,-12,32.0,28.0,6.0,0.5
2022-23,Jordan Poole,1629673,-11,24.75,13.5,3.25,0.34775
2022-23,Jordan Poole,1629673,-10,24.0,11.0,2.0,0.333
2022-23,Jordan Poole,1629673,-9,33.5,23.5,4.5,0.404
2022-23,Jordan Poole,1629673,-7,36.0,19.0,4.0,0.382
2022-23,Jordan Poole,1629673,-6,26.0,21.0,3.0,0.48733333333333334
2022-23,Jordan Poole,1629673,-4,26.333333333333332,14.333333333333334,3.0,0.37633333333333335
2022-23,Jordan Poole,1629673,-3,31.25,17.25,5.5,0.38625000000000004
2022-23,Jordan Poole,1629673,-2,33.0,21.0,5.666666666666667,0.3466666666666667
2022-23,Jordan Poole,1629673,-1,29.714285714285715,20.142857142857142,4.571428571428571,0.4067142857142857
2022-23,Jordan Poole,1629673,0,34.0,38.0,7.0,0.52
2022-23,Jordan Poole,1629673,1,32.0,18.0,5.333333333333333,0.393
2022-23,Jordan Poole,1629673,2,34.5,25.5,5.0,0.5165
2022-23,Jordan Poole,1629673,3,26.0,15.0,3.0,0.625
2022-23,Jordan Poole,1629673,4,30.5,22.25,6.0,0.396
2022-23,Jordan Poole,1629673,5,31.5,25.0,4.5,0.39249999999999996
2022-23,Jordan Poole,1629673,6,34.5,32.0,2.0,0.4375
2022-23,Jordan Poole,1629673,7,45.0,28.0,5.0,0.355
2022-23,Jordan Poole,1629673,8,34.0,15.0,4.0,0.25
2022-23,Jordan Poole,1629673,9,26.0,24.0,6.0,0.529
2022-23,Jordan Poole,1629673,10,30.0,15.0,4.0,0.333
2022-23,Jordan Poole,1629673,11,33.5,30.5,6.5,0.42
2022-23,Jordan Poole,1629673,12,30.0,20.0,6.0,0.5
2022-23,Jordan Poole,1629673,13,29.0,19.0,5.5,0.3255
2022-23,Jordan Poole,1629673,14,26.0,9.0,9.0,0.333
2022-23,Jordan Poole,1629673,15,28.5,24.0,6.5,0.5209999999999999
2022-23,Jordan Poole,1629673,16,29.0,21.0,2.0,0.533
2022-23,Jordan Poole,1629673,18,36.0,41.0,6.0,0.609
2022-23,Jordan Poole,1629673,19,27.666666666666668,22.333333333333332,4.666666666666667,0.3833333333333333
2022-23,Jordan Poole,1629673,25,29.5,25.0,5.5,0.494
2022-23,Jordan Poole,1629673,28,29.0,21.0,12.0,0.571
2022-23,Jordan Poole,1629673,33,29.0,36.0,2.0,0.65
2022-23,Jose Alvarado,1630631,-33,28.0,18.0,6.0,0.333
2022-23,Jose Alvarado,1630631,-24,22.0,7.0,2.0,0.286
2022-23,Jose Alvarado,1630631,-17,24.0,11.0,1.0,0.444
2022-23,Jose Alvarado,1630631,-13,29.0,17.0,4.0,0.4
2022-23,Jose Alvarado,1630631,-8,25.0,9.0,4.0,0.333
2022-23,Jose Alvarado,1630631,-7,29.0,14.0,3.0,0.333
2022-23,Jose Alvarado,1630631,-6,22.0,9.0,3.0,0.333
2022-23,Jose Alvarado,1630631,-5,25.5,12.0,3.5,0.5835
2022-23,Jose Alvarado,1630631,-4,26.0,8.0,2.5,0.34400000000000003
2022-23,Jose Alvarado,1630631,-3,29.0,7.0,4.0,0.214
2022-23,Jose Alvarado,1630631,-2,33.0,10.0,5.0,0.5
2022-23,Jose Alvarado,1630631,-1,21.0,13.0,1.0,0.857
2022-23,Jose Alvarado,1630631,0,23.666666666666668,5.333333333333333,3.6666666666666665,0.29933333333333334
2022-23,Jose Alvarado,1630631,2,22.0,11.0,0.0,0.3
2022-23,Jose Alvarado,1630631,4,23.5,10.5,4.5,0.375
2022-23,Jose Alvarado,1630631,5,26.5,16.5,3.0,0.518
2022-23,Jose Alvarado,1630631,8,28.0,13.5,3.0,0.354
2022-23,Jose Alvarado,1630631,9,26.0,4.0,5.0,0.25
2022-23,Jose Alvarado,1630631,10,24.0,9.0,3.0,0.364
2022-23,Jose Alvarado,1630631,11,20.0,2.0,2.0,0.167
2022-23,Jose Alvarado,1630631,12,24.5,10.0,3.0,0.5415
2022-23,Jose Alvarado,1630631,13,22.5,16.0,3.5,0.7164999999999999
2022-23,Jose Alvarado,1630631,14,21.0,13.0,5.0,0.556
2022-23,Jose Alvarado,1630631,15,21.0,12.0,6.0,0.455
2022-23,Jose Alvarado,1630631,17,24.0,10.0,5.0,0.6
2022-23,Jose Alvarado,1630631,20,29.0,5.0,9.0,0.4
2022-23,Jose Alvarado,1630631,21,26.0,38.0,2.0,0.632
2022-23,Jose Alvarado,1630631,27,23.0,15.0,5.0,0.417
2022-23,Josh Christopher,1630528,-16,22.0,10.0,1.0,0.333
2022-23,Josh Christopher,1630528,-13,22.0,10.0,3.0,0.667
2022-23,Josh Christopher,1630528,-4,28.0,20.0,5.0,0.636
2022-23,Josh Christopher,1630528,6,26.0,12.0,3.5,0.5275
2022-23,Josh Giddey,1630581,-26,28.0,18.0,2.0,0.5
2022-23,Josh Giddey,1630581,-23,25.666666666666668,13.666666666666666,2.6666666666666665,0.4543333333333333
2022-23,Josh Giddey,1630581,-20,28.0,15.0,8.0,0.5
2022-23,Josh Giddey,1630581,-19,27.0,13.0,1.0,0.545
2022-23,Josh Giddey,1630581,-18,30.5,15.0,4.0,0.437
2022-23,Josh Giddey,1630581,-17,33.0,20.5,8.5,0.5295
2022-23,Josh Giddey,1630581,-15,25.0,15.666666666666666,5.333333333333333,0.48500000000000004
2022-23,Josh Giddey,1630581,-13,36.0,20.0,11.0,0.5
2022-23,Josh Giddey,1630581,-12,26.6,12.4,4.6,0.3484
2022-23,Josh Giddey,1630581,-11,28.0,15.0,5.0,0.467
2022-23,Josh Giddey,1630581,-10,34.0,18.0,6.5,0.5
2022-23,Josh Giddey,1630581,-8,38.0,17.5,5.0,0.487
2022-23,Josh Giddey,1630581,-7,29.0,21.0,6.0,0.5
2022-23,Josh Giddey,1630581,-6,31.0,12.0,5.5,0.326
2022-23,Josh Giddey,1630581,-5,30.5,14.0,2.0,0.4
2022-23,Josh Giddey,1630581,-4,31.0,15.666666666666666,7.0,0.5813333333333334
2022-23,Josh Giddey,1630581,-3,35.0,17.0,6.0,0.583
2022-23,Josh Giddey,1630581,-2,35.0,14.0,8.0,0.459
2022-23,Josh Giddey,1630581,-1,29.75,14.0,7.0,0.4035
2022-23,Josh Giddey,1630581,0,36.0,24.5,6.0,0.492
2022-23,Josh Giddey,1630581,2,32.0,24.0,9.0,0.625
2022-23,Josh Giddey,1630581,3,30.666666666666668,14.5,5.0,0.5153333333333333
2022-23,Josh Giddey,1630581,4,30.0,18.0,3.0,0.529
2022-23,Josh Giddey,1630581,5,30.5,18.5,7.5,0.5705
2022-23,Josh Giddey,1630581,6,30.666666666666668,15.666666666666666,4.333333333333333,0.38633333333333336
2022-23,Josh Giddey,1630581,8,26.8,14.6,5.6,0.49560000000000004
2022-23,Josh Giddey,1630581,9,32.0,18.0,13.0,0.471
2022-23,Josh Giddey,1630581,10,34.0,20.0,6.0,0.6
2022-23,Josh Giddey,1630581,11,34.0,18.0,7.0,0.316
2022-23,Josh Giddey,1630581,12,37.0,20.0,9.0,0.563
2022-23,Josh Giddey,1630581,14,36.25,21.75,8.5,0.46699999999999997
2022-23,Josh Giddey,1630581,15,36.333333333333336,20.0,12.0,0.6196666666666667
2022-23,Josh Giddey,1630581,18,32.0,25.0,6.0,0.611
2022-23,Josh Giddey,1630581,19,24.0,25.0,5.0,0.667
2022-23,Josh Giddey,1630581,21,35.0,20.0,8.0,0.5
2022-23,Josh Giddey,1630581,25,24.0,13.0,6.0,0.5
2022-23,Josh Giddey,1630581,30,27.0,17.0,10.0,0.615
2022-23,Josh Green,1630182,-28,26.0,12.0,4.0,0.417
2022-23,Josh Green,1630182,-20,28.0,6.0,0.0,0.25
2022-23,Josh Green,1630182,-13,29.0,6.0,0.0,0.286
2022-23,Josh Green,1630182,-12,23.0,5.5,1.0,0.4665
2022-23,Josh Green,1630182,-11,20.0,9.0,1.0,1.0
2022-23,Josh Green,1630182,-10,22.0,8.0,2.0,0.8
2022-23,Josh Green,1630182,-9,25.5,9.5,2.0,0.607
2022-23,Josh Green,1630182,-8,37.0,17.0,7.0,0.583
2022-23,Josh Green,1630182,-7,38.5,17.0,3.0,0.5
2022-23,Josh Green,1630182,-5,26.0,7.0,2.0,0.3
2022-23,Josh Green,1630182,-4,25.5,7.5,0.0,0.35
2022-23,Josh Green,1630182,-2,30.0,22.0,5.5,0.615
2022-23,Josh Green,1630182,-1,31.5,9.75,2.0,0.5495
2022-23,Josh Green,1630182,0,25.0,9.0,1.0,0.444
2022-23,Josh Green,1630182,1,30.0,10.5,0.5,0.857
2022-23,Josh Green,1630182,4,25.5,3.0,0.5,0.2
2022-23,Josh Green,1630182,6,32.666666666666664,9.666666666666666,4.0,0.4583333333333333
2022-23,Josh Green,1630182,7,30.333333333333332,10.333333333333334,1.0,0.49266666666666664
2022-23,Josh Green,1630182,11,24.0,9.5,1.0,0.625
2022-23,Josh Green,1630182,13,28.5,17.5,1.5,0.659
2022-23,Josh Green,1630182,17,37.0,14.5,5.0,0.625
2022-23,Josh Green,1630182,18,32.0,5.0,2.0,0.667
2022-23,Josh Green,1630182,26,25.5,9.0,3.0,0.9285
2022-23,Josh Green,1630182,39,37.0,29.0,2.0,0.588
2022-23,Josh Hart,1628404,-29,25.0,10.0,4.0,0.556
2022-23,Josh Hart,1628404,-22,29.0,4.0,4.0,0.4
2022-23,Josh Hart,1628404,-18,32.0,4.0,8.0,0.167
2022-23,Josh Hart,1628404,-15,33.0,9.5,4.5,0.625
2022-23,Josh Hart,1628404,-13,34.0,8.0,2.0,0.333
2022-23,Josh Hart,1628404,-12,39.0,17.0,2.0,0.778
2022-23,Josh Hart,1628404,-11,34.0,5.0,3.0,0.2
2022-23,Josh Hart,1628404,-10,33.0,10.333333333333334,4.0,0.5333333333333333
2022-23,Josh Hart,1628404,-9,21.0,6.0,1.0,1.0
2022-23,Josh Hart,1628404,-8,39.0,5.0,4.0,0.25
2022-23,Josh Hart,1628404,-7,27.5,16.5,1.0,0.6125
2022-23,Josh Hart,1628404,-5,32.666666666666664,7.666666666666667,4.666666666666667,0.48900000000000005
2022-23,Josh Hart,1628404,-4,33.666666666666664,10.333333333333334,6.0,0.5333333333333333
2022-23,Josh Hart,1628404,-3,35.4,11.8,4.6,0.7022
2022-23,Josh Hart,1628404,-2,39.0,10.0,2.0,0.6
2022-23,Josh Hart,1628404,-1,33.5,11.5,4.0,0.60675
2022-23,Josh Hart,1628404,0,33.666666666666664,4.666666666666667,4.333333333333333,0.254
2022-23,Josh Hart,1628404,1,30.5,3.5,2.0,0.25
2022-23,Josh Hart,1628404,2,32.0,9.0,7.0,0.75
2022-23,Josh Hart,1628404,3,35.0,5.0,2.0,0.222
2022-23,Josh Hart,1628404,4,25.0,2.0,3.0,0.25
2022-23,Josh Hart,1628404,5,29.0,12.0,4.5,0.4425
2022-23,Josh Hart,1628404,6,34.333333333333336,13.0,6.0,0.5609999999999999
2022-23,Josh Hart,1628404,8,30.0,8.333333333333334,3.6666666666666665,0.5286666666666667
2022-23,Josh Hart,1628404,9,33.0,8.0,2.0,0.125
2022-23,Josh Hart,1628404,10,33.25,13.25,2.75,0.5615
2022-23,Josh Hart,1628404,11,24.0,13.0,2.0,0.556
2022-23,Josh Hart,1628404,12,28.0,13.0,3.0,0.857
2022-23,Josh Hart,1628404,13,36.333333333333336,10.0,5.333333333333333,0.5333333333333333
2022-23,Josh Hart,1628404,15,30.666666666666668,14.666666666666666,4.333333333333333,0.6473333333333333
2022-23,Josh Hart,1628404,16,32.0,5.0,3.0,0.667
2022-23,Josh Hart,1628404,17,34.0,6.0,5.0,0.75
2022-23,Josh Hart,1628404,18,33.0,11.0,2.0,0.75
2022-23,Josh Hart,1628404,19,27.0,8.0,2.0,0.429
2022-23,Josh Hart,1628404,20,34.0,6.0,1.0,0.429
2022-23,Josh Hart,1628404,22,29.0,8.0,1.0,0.273
2022-23,Josh Hart,1628404,25,27.0,16.0,1.6666666666666667,0.8489999999999999
2022-23,Josh Hart,1628404,26,37.0,16.0,8.0,0.462
2022-23,Josh Hart,1628404,27,30.0,8.5,5.0,0.5125
2022-23,Josh Hart,1628404,30,25.0,4.0,5.0,0.667
2022-23,Josh Hart,1628404,31,37.0,6.0,7.0,0.4
2022-23,Josh Minott,1631169,9,29.0,12.0,0.0,0.5
2022-23,Josh Okogie,1629006,-19,20.0,3.0,2.0,0.25
2022-23,Josh Okogie,1629006,-12,21.0,9.0,2.0,0.5
2022-23,Josh Okogie,1629006,-10,32.0,11.0,2.0,0.333
2022-23,Josh Okogie,1629006,-9,20.0,1.0,3.0,0.0
2022-23,Josh Okogie,1629006,-6,20.0,4.0,2.0,0.5
2022-23,Josh Okogie,1629006,-5,28.0,9.0,1.5,0.5854999999999999
2022-23,Josh Okogie,1629006,-3,30.6,12.2,2.8,0.3496
2022-23,Josh Okogie,1629006,-2,29.0,16.0,2.0,0.3
2022-23,Josh Okogie,1629006,0,23.5,11.0,3.0,0.5
2022-23,Josh Okogie,1629006,1,25.0,10.333333333333334,0.3333333333333333,0.377
2022-23,Josh Okogie,1629006,2,28.0,9.5,3.0,0.393
2022-23,Josh Okogie,1629006,3,27.666666666666668,14.333333333333334,2.0,0.47333333333333333
2022-23,Josh Okogie,1629006,4,27.0,10.0,4.5,0.265
2022-23,Josh Okogie,1629006,5,25.0,11.0,2.0,0.556
2022-23,Josh Okogie,1629006,7,27.5,11.0,1.5,0.36650000000000005
2022-23,Josh Okogie,1629006,8,32.0,25.0,3.0,0.529
2022-23,Josh Okogie,1629006,11,35.666666666666664,13.333333333333334,1.3333333333333333,0.37166666666666665
2022-23,Josh Okogie,1629006,12,28.5,11.0,1.0,0.45
2022-23,Josh Okogie,1629006,13,23.0,28.0,2.0,0.571
2022-23,Josh Okogie,1629006,15,32.0,25.0,0.0,0.467
2022-23,Josh Okogie,1629006,25,24.0,9.0,2.0,0.333
2022-23,Josh Okogie,1629006,26,20.0,5.0,3.0,0.333
2022-23,Josh Okogie,1629006,31,26.0,9.0,6.0,0.333
2022-23,Josh Richardson,1626196,-27,33.0,16.0,4.0,0.462
2022-23,Josh Richardson,1626196,-23,25.0,8.0,4.0,0.333
2022-23,Josh Richardson,1626196,-18,25.0,9.0,1.0,0.3
2022-23,Josh Richardson,1626196,-17,24.0,4.0,5.0,0.286
2022-23,Josh Richardson,1626196,-16,20.0,5.0,0.0,1.0
2022-23,Josh Richardson,1626196,-13,21.5,7.0,4.0,0.222
2022-23,Josh Richardson,1626196,-12,31.0,14.0,3.0,0.267
2022-23,Josh Richardson,1626196,-11,26.0,6.0,1.0,0.2
2022-23,Josh Richardson,1626196,-10,21.0,11.0,3.0,0.556
2022-23,Josh Richardson,1626196,-8,31.0,11.0,3.0,0.357
2022-23,Josh Richardson,1626196,-7,26.0,8.0,2.0,0.75
2022-23,Josh Richardson,1626196,-6,23.0,9.0,3.0,0.429
2022-23,Josh Richardson,1626196,-5,27.5,14.25,2.75,0.4495
2022-23,Josh Richardson,1626196,-4,28.0,15.0,3.0,0.5575
2022-23,Josh Richardson,1626196,-3,25.0,10.0,3.0,0.25
2022-23,Josh Richardson,1626196,-2,25.25,12.5,4.0,0.40525
2022-23,Josh Richardson,1626196,-1,30.0,12.0,6.0,0.4
2022-23,Josh Richardson,1626196,1,24.0,16.333333333333332,3.3333333333333335,0.5529999999999999
2022-23,Josh Richardson,1626196,2,25.0,10.0,7.0,0.444
2022-23,Josh Richardson,1626196,3,28.0,27.0,1.0,0.615
2022-23,Josh Richardson,1626196,4,26.25,8.25,2.5,0.3855
2022-23,Josh Richardson,1626196,6,25.666666666666668,18.0,3.6666666666666665,0.564
2022-23,Josh Richardson,1626196,7,22.0,10.0,2.0,0.5
2022-23,Josh Richardson,1626196,8,24.0,7.0,3.0,0.25
2022-23,Josh Richardson,1626196,10,24.5,14.0,2.5,0.4745
2022-23,Josh Richardson,1626196,14,23.0,7.0,0.0,0.2
2022-23,Josh Richardson,1626196,17,20.0,3.0,2.0,0.333
2022-23,Josh Richardson,1626196,18,22.0,10.0,1.0,0.8
2022-23,Josh Richardson,1626196,33,24.0,10.0,2.0,0.571
2022-23,Joshua Primo,1630563,-18,25.0,10.0,5.0,0.273
2022-23,Joshua Primo,1630563,-4,24.0,10.0,2.0,0.6
2022-23,Joshua Primo,1630563,6,22.0,5.0,4.0,0.25
2022-23,Joshua Primo,1630563,14,20.0,3.0,7.0,0.5
2022-23,Jrue Holiday,201950,-24,23.0,6.0,4.0,0.25
2022-23,Jrue Holiday,201950,-19,36.0,23.0,7.0,0.571
2022-23,Jrue Holiday,201950,-17,33.0,18.0,5.0,0.357
2022-23,Jrue Holiday,201950,-15,29.0,9.0,7.0,0.273
2022-23,Jrue Holiday,201950,-12,39.0,18.0,8.0,0.318
2022-23,Jrue Holiday,201950,-11,34.0,12.0,8.0,0.267
2022-23,Jrue Holiday,201950,-9,30.333333333333332,15.333333333333334,8.333333333333334,0.49133333333333334
2022-23,Jrue Holiday,201950,-6,36.0,17.0,9.0,0.2885
2022-23,Jrue Holiday,201950,-5,33.666666666666664,16.0,7.333333333333333,0.425
2022-23,Jrue Holiday,201950,-3,34.0,21.333333333333332,6.333333333333333,0.5
2022-23,Jrue Holiday,201950,-1,36.0,15.0,3.0,0.3
2022-23,Jrue Holiday,201950,1,36.5,27.0,7.5,0.601
2022-23,Jrue Holiday,201950,2,32.5,18.5,11.0,0.5835
2022-23,Jrue Holiday,201950,3,33.0,11.0,7.0,0.444
2022-23,Jrue Holiday,201950,4,33.0,23.0,10.5,0.571
2022-23,Jrue Holiday,201950,5,34.0,15.0,2.0,0.667
2022-23,Jrue Holiday,201950,6,35.0,25.0,8.0,0.45
2022-23,Jrue Holiday,201950,7,30.0,16.0,7.5,0.4285
2022-23,Jrue Holiday,201950,8,32.166666666666664,16.333333333333332,8.0,0.42133333333333334
2022-23,Jrue Holiday,201950,10,34.75,20.25,6.5,0.45475
2022-23,Jrue Holiday,201950,11,27.0,21.0,8.0,0.563
2022-23,Jrue Holiday,201950,12,35.5,24.0,11.5,0.5455
2022-23,Jrue Holiday,201950,13,29.0,21.0,5.0,0.4495
2022-23,Jrue Holiday,201950,14,32.0,19.0,6.0,0.438
2022-23,Jrue Holiday,201950,15,33.0,29.0,6.0,0.5
2022-23,Jrue Holiday,201950,17,32.5,16.0,6.0,0.377
2022-23,Jrue Holiday,201950,18,35.5,33.0,8.5,0.603
2022-23,Jrue Holiday,201950,19,35.0,17.0,10.0,0.417
2022-23,Jrue Holiday,201950,20,35.0,12.0,5.0,0.286
2022-23,Jrue Holiday,201950,22,35.5,27.5,7.0,0.5575
2022-23,Jrue Holiday,201950,23,35.0,15.5,11.5,0.4575
2022-23,Jrue Holiday,201950,24,28.666666666666668,21.666666666666668,8.666666666666666,0.57
2022-23,Jrue Holiday,201950,25,29.0,26.0,3.0,0.688
2022-23,Jrue Holiday,201950,26,28.0,31.0,8.0,0.6866666666666666
2022-23,Jrue Holiday,201950,33,22.0,7.0,8.0,0.429
2022-23,Jrue Holiday,201950,37,30.0,17.0,6.0,0.467
2022-23,Juan Toscano-Anderson,1629308,-19,21.5,5.5,1.5,0.411
2022-23,Juan Toscano-Anderson,1629308,-16,22.0,2.0,0.0,0.5
2022-23,Juan Toscano-Anderson,1629308,-12,21.0,6.0,1.0,1.0
2022-23,Juan Toscano-Anderson,1629308,-2,23.0,7.5,2.0,0.5145
2022-23,Juan Toscano-Anderson,1629308,3,21.0,4.0,1.0,0.667
2022-23,Juan Toscano-Anderson,1629308,4,22.0,4.0,4.0,0.4
2022-23,Juan Toscano-Anderson,1629308,6,24.0,6.0,2.0,0.6
2022-23,Juan Toscano-Anderson,1629308,15,30.0,7.0,5.0,0.222
2022-23,Juancho Hernangomez,1627823,-14,23.0,3.0,0.0,0.25
2022-23,Juancho Hernangomez,1627823,-4,24.0,5.0,1.0,0.4
2022-23,Juancho Hernangomez,1627823,-2,27.0,4.0,0.0,0.5
2022-23,Juancho Hernangomez,1627823,-1,30.0,6.5,0.5,0.6335
2022-23,Juancho Hernangomez,1627823,0,31.0,10.0,0.0,0.556
2022-23,Juancho Hernangomez,1627823,2,22.0,9.0,3.0,0.667
2022-23,Juancho Hernangomez,1627823,3,29.0,10.0,0.0,0.667
2022-23,Juancho Hernangomez,1627823,4,32.0,10.0,0.0,0.444
2022-23,Juancho Hernangomez,1627823,11,23.0,9.0,3.0,0.5
2022-23,Juancho Hernangomez,1627823,17,22.5,1.5,1.0,0.1665
2022-23,Julian Champagnie,1630577,-25,25.0,2.0,1.0,0.167
2022-23,Julian Champagnie,1630577,-21,27.0,8.0,0.0,0.333
2022-23,Julian Champagnie,1630577,-13,31.0,24.0,1.0,0.5
2022-23,Julian Champagnie,1630577,-9,27.0,10.0,1.0,0.364
2022-23,Julian Champagnie,1630577,11,25.0,24.0,1.0,0.571
2022-23,Julian Champagnie,1630577,16,28.0,26.0,0.0,0.643
2022-23,Julian Champagnie,1630577,22,33.0,16.0,3.0,0.313
2022-23,Julius Randle,203944,-29,31.0,24.0,3.0,0.467
2022-23,Julius Randle,203944,-20,35.0,16.0,3.0,0.294
2022-23,Julius Randle,203944,-17,34.0,21.5,2.5,0.444
2022-23,Julius Randle,203944,-16,36.0,37.0,2.0,0.52
2022-23,Julius Randle,203944,-14,31.0,14.0,2.0,0.3
2022-23,Julius Randle,203944,-12,32.0,23.5,3.5,0.47750000000000004
2022-23,Julius Randle,203944,-11,34.666666666666664,22.0,4.666666666666667,0.48066666666666674
2022-23,Julius Randle,203944,-10,33.0,25.0,3.0,0.4523333333333333
2022-23,Julius Randle,203944,-9,40.5,26.0,4.0,0.40800000000000003
2022-23,Julius Randle,203944,-8,38.0,23.5,4.0,0.40475
2022-23,Julius Randle,203944,-7,38.0,18.0,5.0,0.333
2022-23,Julius Randle,203944,-6,33.4,27.0,4.4,0.4856
2022-23,Julius Randle,203944,-4,36.5,23.0,6.5,0.46749999999999997
2022-23,Julius Randle,203944,-3,34.0,14.0,9.0,0.444
2022-23,Julius Randle,203944,-2,42.0,41.0,7.0,0.519
2022-23,Julius Randle,203944,-1,30.0,24.0,2.5,0.4375
2022-23,Julius Randle,203944,0,35.0,18.0,4.0,0.368
2022-23,Julius Randle,203944,1,41.0,31.666666666666668,6.0,0.4703333333333333
2022-23,Julius Randle,203944,2,40.666666666666664,28.666666666666668,4.0,0.4143333333333333
2022-23,Julius Randle,203944,4,34.666666666666664,29.0,3.0,0.517
2022-23,Julius Randle,203944,5,38.0,26.666666666666668,3.6666666666666665,0.43733333333333335
2022-23,Julius Randle,203944,6,38.5,18.0,5.0,0.403
2022-23,Julius Randle,203944,7,35.5,26.25,4.75,0.5785
2022-23,Julius Randle,203944,8,34.25,29.5,2.75,0.48825
2022-23,Julius Randle,203944,9,37.666666666666664,20.333333333333332,4.333333333333333,0.41
2022-23,Julius Randle,203944,11,28.0,26.0,3.0,0.526
2022-23,Julius Randle,203944,12,33.666666666666664,26.0,3.3333333333333335,0.42
2022-23,Julius Randle,203944,13,32.0,21.0,5.0,0.444
2022-23,Julius Randle,203944,14,35.333333333333336,27.666666666666668,4.666666666666667,0.486
2022-23,Julius Randle,203944,17,32.0,24.0,3.5,0.423
2022-23,Julius Randle,203944,20,34.5,24.0,3.0,0.412
2022-23,Julius Randle,203944,21,36.0,19.0,4.0,0.375
2022-23,Julius Randle,203944,25,38.0,35.0,6.0,0.45
2022-23,Julius Randle,203944,26,32.0,28.0,5.0,0.55
2022-23,Julius Randle,203944,27,35.0,21.0,8.0,0.467
2022-23,Julius Randle,203944,29,33.0,34.0,5.0,0.526
2022-23,Julius Randle,203944,36,30.0,36.0,5.0,0.583
2022-23,Justin Holiday,203200,-17,23.0,5.0,0.0,0.286
2022-23,Justin Holiday,203200,-15,23.0,5.0,0.0,0.222
2022-23,Justin Holiday,203200,-13,21.5,14.0,1.0,0.6875
2022-23,Justin Holiday,203200,-5,28.0,6.0,2.0,0.4
2022-23,Justin Holiday,203200,-3,22.0,2.0,3.0,0.333
2022-23,Justin Holiday,203200,-2,26.5,8.0,1.5,0.3885
2022-23,Justin Holiday,203200,2,20.0,9.0,2.0,0.375
2022-23,Justin Holiday,203200,3,20.0,2.0,2.0,1.0
2022-23,Justin Holiday,203200,11,22.0,6.0,0.0,0.5
2022-23,Justin Holiday,203200,12,26.0,11.0,3.0,0.455
2022-23,Justin Holiday,203200,14,25.0,4.0,3.0,0.25
2022-23,Justin Holiday,203200,18,23.0,14.0,0.0,0.5
2022-23,Justin Holiday,203200,20,21.0,15.0,0.0,0.714
2022-23,Justin Minaya,1631303,-31,23.0,2.0,1.0,0.125
2022-23,Justin Minaya,1631303,-2,20.0,0.0,0.0,0.0
2022-23,Justin Minaya,1631303,9,27.0,7.0,1.0,0.375
2022-23,Justise Winslow,1626159,-21,28.0,5.0,6.0,0.2
2022-23,Justise Winslow,1626159,-19,24.0,9.0,3.0,0.444
2022-23,Justise Winslow,1626159,-15,21.0,5.0,2.0,0.222
2022-23,Justise Winslow,1626159,-13,22.0,8.0,2.0,0.571
2022-23,Justise Winslow,1626159,-12,26.0,6.0,2.0,0.5
2022-23,Justise Winslow,1626159,-11,29.5,11.5,4.0,0.4925
2022-23,Justise Winslow,1626159,-10,29.5,9.0,5.0,0.4165
2022-23,Justise Winslow,1626159,-3,33.0,10.0,2.0,0.4
2022-23,Justise Winslow,1626159,0,39.0,2.0,5.0,0.333
2022-23,Justise Winslow,1626159,1,23.0,4.0,1.0,0.25
2022-23,Justise Winslow,1626159,2,36.333333333333336,8.666666666666666,4.333333333333333,0.26666666666666666
2022-23,Justise Winslow,1626159,4,26.0,1.0,5.0,0.0
2022-23,Justise Winslow,1626159,6,31.0,12.0,9.0,0.5
2022-23,Justise Winslow,1626159,10,28.0,2.0,3.0,0.333
2022-23,Justise Winslow,1626159,13,23.5,5.5,5.0,0.333
2022-23,Justise Winslow,1626159,14,27.0,2.0,2.0,0.25
2022-23,Justise Winslow,1626159,15,28.0,12.0,2.0,0.75
2022-23,Justise Winslow,1626159,17,30.0,9.0,10.0,0.5
2022-23,Justise Winslow,1626159,21,26.0,11.0,0.0,0.556
2022-23,Jusuf Nurkic,203994,-21,27.5,14.5,3.5,0.4325
2022-23,Jusuf Nurkic,203994,-14,32.0,14.0,4.0,0.4
2022-23,Jusuf Nurkic,203994,-13,23.0,4.0,0.0,0.2
2022-23,Jusuf Nurkic,203994,-11,26.5,5.0,1.5,0.4165
2022-23,Jusuf Nurkic,203994,-9,28.0,22.0,1.0,0.643
2022-23,Jusuf Nurkic,203994,-8,25.5,7.5,1.5,0.393
2022-23,Jusuf Nurkic,203994,-7,29.666666666666668,13.333333333333334,2.3333333333333335,0.5630000000000001
2022-23,Jusuf Nurkic,203994,-6,33.0,17.0,4.0,0.5
2022-23,Jusuf Nurkic,203994,-5,31.0,12.0,2.0,0.35850000000000004
2022-23,Jusuf Nurkic,203994,-4,21.0,11.0,3.0,0.4
2022-23,Jusuf Nurkic,203994,-3,22.5,15.0,2.0,0.606
2022-23,Jusuf Nurkic,203994,-2,31.0,13.0,7.0,0.4
2022-23,Jusuf Nurkic,203994,-1,31.333333333333332,15.0,1.6666666666666667,0.5
2022-23,Jusuf Nurkic,203994,0,35.0,20.0,2.0,0.6
2022-23,Jusuf Nurkic,203994,1,30.0,11.0,3.5,0.5275
2022-23,Jusuf Nurkic,203994,2,27.0,19.0,4.0,0.583
2022-23,Jusuf Nurkic,203994,3,28.666666666666668,15.333333333333334,5.666666666666667,0.5796666666666667
2022-23,Jusuf Nurkic,203994,5,24.333333333333332,13.666666666666666,1.6666666666666667,0.6613333333333333
2022-23,Jusuf Nurkic,203994,7,25.0,10.0,3.0,0.4
2022-23,Jusuf Nurkic,203994,9,25.0,11.0,5.0,0.625
2022-23,Jusuf Nurkic,203994,10,31.5,24.0,1.5,0.8029999999999999
2022-23,Jusuf Nurkic,203994,11,23.5,18.0,3.5,0.55
2022-23,Jusuf Nurkic,203994,12,34.0,23.0,4.0,0.571
2022-23,Jusuf Nurkic,203994,16,37.0,20.0,7.0,0.583
2022-23,Jusuf Nurkic,203994,17,31.0,20.0,4.0,0.583
2022-23,Jusuf Nurkic,203994,20,35.0,28.0,6.0,0.667
2022-23,Jusuf Nurkic,203994,21,26.0,14.0,2.0,0.545
2022-23,Jusuf Nurkic,203994,26,27.5,16.5,5.0,0.479
2022-23,KZ Okpala,1629644,1,20.0,7.0,1.0,0.6
2022-23,Kai Jones,1630539,-18,31.0,10.0,2.0,0.5
2022-23,Kai Jones,1630539,-16,22.0,4.0,2.0,0.5
2022-23,Kai Jones,1630539,-6,27.0,10.0,1.0,0.625
2022-23,Kai Jones,1630539,-1,27.0,9.0,0.0,0.6
2022-23,Kai Jones,1630539,1,20.0,10.0,1.0,0.444
2022-23,Kai Jones,1630539,2,21.0,9.0,0.0,0.364
2022-23,Kai Jones,1630539,17,21.0,12.0,1.0,1.0
2022-23,Karl-Anthony Towns,1626157,-26,30.0,21.0,4.0,0.571
2022-23,Karl-Anthony Towns,1626157,-22,34.0,26.0,4.0,0.526
2022-23,Karl-Anthony Towns,1626157,-17,37.0,22.0,5.0,0.474
2022-23,Karl-Anthony Towns,1626157,-12,36.0,24.0,7.0,0.5
2022-23,Karl-Anthony Towns,1626157,-9,38.0,25.0,7.0,0.75
2022-23,Karl-Anthony Towns,1626157,-6,28.0,15.5,3.5,0.3885
2022-23,Karl-Anthony Towns,1626157,-5,26.0,13.0,4.0,0.444
2022-23,Karl-Anthony Towns,1626157,-4,36.666666666666664,19.333333333333332,5.666666666666667,0.334
2022-23,Karl-Anthony Towns,1626157,-3,33.0,27.0,2.0,0.36
2022-23,Karl-Anthony Towns,1626157,-1,30.0,25.0,6.0,0.643
2022-23,Karl-Anthony Towns,1626157,2,29.666666666666668,15.0,2.6666666666666665,0.4063333333333334
2022-23,Karl-Anthony Towns,1626157,4,31.0,21.0,3.6666666666666665,0.496
2022-23,Karl-Anthony Towns,1626157,5,37.0,21.0,7.0,0.643
2022-23,Karl-Anthony Towns,1626157,7,32.0,14.0,3.0,0.313
2022-23,Karl-Anthony Towns,1626157,11,36.0,21.0,7.0,0.471
2022-23,Karl-Anthony Towns,1626157,12,36.0,30.0,5.0,0.667
2022-23,Karl-Anthony Towns,1626157,13,26.0,22.0,3.0,0.444
2022-23,Karl-Anthony Towns,1626157,14,32.0,20.0,7.0,0.5445
2022-23,Karl-Anthony Towns,1626157,15,36.0,29.0,3.0,0.688
2022-23,Karl-Anthony Towns,1626157,19,36.0,23.0,8.0,0.727
2022-23,Karl-Anthony Towns,1626157,30,28.0,22.0,8.0,0.526
2022-23,Kawhi Leonard,202695,-22,31.0,21.0,0.0,0.667
2022-23,Kawhi Leonard,202695,-20,27.0,12.0,4.0,0.25
2022-23,Kawhi Leonard,202695,-15,38.0,24.0,4.0,0.5
2022-23,Kawhi Leonard,202695,-12,35.0,27.0,1.0,0.5
2022-23,Kawhi Leonard,202695,-10,36.0,28.5,4.0,0.5515
2022-23,Kawhi Leonard,202695,-8,27.0,16.0,2.0,0.467
2022-23,Kawhi Leonard,202695,-7,40.5,34.5,5.0,0.6255
2022-23,Kawhi Leonard,202695,-5,36.5,22.5,6.0,0.4545
2022-23,Kawhi Leonard,202695,-2,35.5,31.0,4.5,0.541
2022-23,Kawhi Leonard,202695,-1,37.333333333333336,22.0,4.333333333333333,0.49333333333333335
2022-23,Kawhi Leonard,202695,0,29.333333333333332,16.666666666666668,4.333333333333333,0.566
2022-23,Kawhi Leonard,202695,1,20.0,11.0,2.0,0.333
2022-23,Kawhi Leonard,202695,2,39.0,24.0,4.0,0.533
2022-23,Kawhi Leonard,202695,3,38.0,35.0,4.0,0.6286666666666667
2022-23,Kawhi Leonard,202695,4,34.0,21.5,3.5,0.329
2022-23,Kawhi Leonard,202695,5,21.0,14.0,2.0,0.5
2022-23,Kawhi Leonard,202695,6,36.0,38.0,2.0,0.636
2022-23,Kawhi Leonard,202695,7,38.0,30.0,3.0,0.556
2022-23,Kawhi Leonard,202695,8,41.0,35.0,3.0,0.478
2022-23,Kawhi Leonard,202695,9,32.666666666666664,25.666666666666668,3.0,0.41333333333333333
2022-23,Kawhi Leonard,202695,10,36.5,24.0,6.5,0.4375
2022-23,Kawhi Leonard,202695,11,31.333333333333332,25.333333333333332,3.3333333333333335,0.4423333333333333
2022-23,Kawhi Leonard,202695,12,23.0,8.0,5.0,0.364
2022-23,Kawhi Leonard,202695,14,36.0,34.5,5.5,0.714
2022-23,Kawhi Leonard,202695,16,34.5,28.5,4.5,0.7775
2022-23,Kawhi Leonard,202695,19,36.0,19.5,5.5,0.442
2022-23,Kawhi Leonard,202695,23,34.0,24.5,4.0,0.6665
2022-23,Kawhi Leonard,202695,24,31.0,27.0,7.0,0.625
2022-23,Kawhi Leonard,202695,26,24.0,6.0,4.0,0.25
2022-23,Kawhi Leonard,202695,28,30.0,16.0,4.0,0.417
2022-23,Keegan Murray,1631099,-33,25.0,2.0,1.0,0.143
2022-23,Keegan Murray,1631099,-31,33.0,9.0,3.0,0.308
2022-23,Keegan Murray,1631099,-21,35.0,18.0,1.0,0.7
2022-23,Keegan Murray,1631099,-18,39.0,15.0,2.0,0.429
2022-23,Keegan Murray,1631099,-16,23.5,10.5,3.5,0.44299999999999995
2022-23,Keegan Murray,1631099,-14,22.0,3.0,0.5,0.125
2022-23,Keegan Murray,1631099,-13,20.0,3.0,1.0,0.2
2022-23,Keegan Murray,1631099,-12,24.0,3.0,0.0,0.167
2022-23,Keegan Murray,1631099,-11,27.5,13.5,2.5,0.5275
2022-23,Keegan Murray,1631099,-10,39.0,18.0,0.0,0.467
2022-23,Keegan Murray,1631099,-8,25.333333333333332,7.0,1.0,0.31766666666666665
2022-23,Keegan Murray,1631099,-7,32.0,14.0,1.0,0.5
2022-23,Keegan Murray,1631099,-6,24.0,5.0,2.0,0.243
2022-23,Keegan Murray,1631099,-5,29.0,16.0,1.0,0.75
2022-23,Keegan Murray,1631099,-4,26.25,10.75,1.5,0.4235
2022-23,Keegan Murray,1631099,-3,34.666666666666664,12.666666666666666,0.3333333333333333,0.48133333333333334
2022-23,Keegan Murray,1631099,-2,28.0,9.666666666666666,1.3333333333333333,0.4916666666666667
2022-23,Keegan Murray,1631099,-1,36.0,10.0,0.0,0.5
2022-23,Keegan Murray,1631099,0,25.8,9.2,0.2,0.3334
2022-23,Keegan Murray,1631099,1,30.666666666666668,12.0,0.6666666666666666,0.4166666666666667
2022-23,Keegan Murray,1631099,2,30.6,11.8,1.4,0.453
2022-23,Keegan Murray,1631099,4,32.0,12.5,0.5,0.44299999999999995
2022-23,Keegan Murray,1631099,5,30.666666666666668,13.333333333333334,1.6666666666666667,0.2856666666666667
2022-23,Keegan Murray,1631099,6,31.0,20.0,2.0,0.467
2022-23,Keegan Murray,1631099,7,28.0,10.75,1.25,0.4125
2022-23,Keegan Murray,1631099,8,32.5,16.0,0.5,0.5135
2022-23,Keegan Murray,1631099,9,34.0,13.0,1.0,0.4
2022-23,Keegan Murray,1631099,10,37.0,29.0,1.0,0.833
2022-23,Keegan Murray,1631099,11,28.5,20.5,1.5,0.5735
2022-23,Keegan Murray,1631099,12,34.0,15.0,2.5,0.6485
2022-23,Keegan Murray,1631099,13,37.0,22.0,2.0,0.533
2022-23,Keegan Murray,1631099,14,31.5,13.0,2.0,0.5655
2022-23,Keegan Murray,1631099,15,31.75,11.75,1.5,0.40525
2022-23,Keegan Murray,1631099,16,31.5,20.5,1.5,0.552
2022-23,Keegan Murray,1631099,19,35.0,18.0,0.5,0.5680000000000001
2022-23,Keegan Murray,1631099,24,34.0,23.0,1.0,0.412
2022-23,Keegan Murray,1631099,25,31.5,21.0,1.5,0.5
2022-23,Keegan Murray,1631099,26,30.0,18.0,0.0,0.75
2022-23,Keita Bates-Diop,1628966,-30,24.0,17.0,1.0,0.5
2022-23,Keita Bates-Diop,1628966,-25,28.5,12.5,0.5,0.6665
2022-23,Keita Bates-Diop,1628966,-22,27.0,14.0,1.0,0.714
2022-23,Keita Bates-Diop,1628966,-19,25.0,13.0,3.0,0.385
2022-23,Keita Bates-Diop,1628966,-17,27.0,12.0,2.0,0.6
2022-23,Keita Bates-Diop,1628966,-15,25.0,15.333333333333334,1.6666666666666667,0.622
2022-23,Keita Bates-Diop,1628966,-14,27.0,9.0,0.0,0.571
2022-23,Keita Bates-Diop,1628966,-13,26.0,12.0,2.5,0.579
2022-23,Keita Bates-Diop,1628966,-11,28.5,10.0,2.5,0.443
2022-23,Keita Bates-Diop,1628966,-9,23.0,17.0,0.0,0.6
2022-23,Keita Bates-Diop,1628966,-8,27.333333333333332,9.0,2.0,0.31666666666666665
2022-23,Keita Bates-Diop,1628966,-7,33.0,9.5,2.0,0.3215
2022-23,Keita Bates-Diop,1628966,-6,26.0,15.0,2.0,0.417
2022-23,Keita Bates-Diop,1628966,-4,29.0,14.25,1.75,0.6052500000000001
2022-23,Keita Bates-Diop,1628966,-2,30.0,11.0,6.0,0.333
2022-23,Keita Bates-Diop,1628966,-1,32.0,16.5,3.0,0.45
2022-23,Keita Bates-Diop,1628966,0,24.0,12.0,4.0,0.714
2022-23,Keita Bates-Diop,1628966,2,33.0,6.0,2.0,0.375
2022-23,Keita Bates-Diop,1628966,3,28.0,11.666666666666666,2.3333333333333335,0.5653333333333334
2022-23,Keita Bates-Diop,1628966,4,26.0,25.0,4.0,0.636
2022-23,Keita Bates-Diop,1628966,5,27.0,12.0,2.0,0.385
2022-23,Keita Bates-Diop,1628966,6,24.0,10.0,2.0,0.375
2022-23,Keita Bates-Diop,1628966,7,31.0,10.0,3.0,0.429
2022-23,Keita Bates-Diop,1628966,10,26.0,9.0,2.0,0.286
2022-23,Keita Bates-Diop,1628966,13,32.0,13.0,2.0,0.8
2022-23,Keita Bates-Diop,1628966,16,24.0,17.0,2.0,0.5
2022-23,Keita Bates-Diop,1628966,21,26.0,14.0,4.0,0.714
2022-23,Keldon Johnson,1629640,-40,30.0,17.0,1.0,0.455
2022-23,Keldon Johnson,1629640,-28,31.0,12.0,1.0,0.2
2022-23,Keldon Johnson,1629640,-27,36.0,22.0,3.0,0.471
2022-23,Keldon Johnson,1629640,-26,31.0,19.0,3.0,0.538
2022-23,Keldon Johnson,1629640,-24,32.0,27.0,2.0,0.478
2022-23,Keldon Johnson,1629640,-23,29.0,25.0,2.0,0.643
2022-23,Keldon Johnson,1629640,-22,26.0,8.0,5.0,0.3
2022-23,Keldon Johnson,1629640,-21,24.0,22.0,1.0,0.538
2022-23,Keldon Johnson,1629640,-19,33.333333333333336,19.333333333333332,3.3333333333333335,0.458
2022-23,Keldon Johnson,1629640,-18,31.0,15.5,2.0,0.3265
2022-23,Keldon Johnson,1629640,-17,35.0,30.0,2.0,0.6
2022-23,Keldon Johnson,1629640,-16,31.0,25.0,4.0,0.571
2022-23,Keldon Johnson,1629640,-14,33.0,17.5,3.5,0.383
2022-23,Keldon Johnson,1629640,-13,37.5,21.0,3.5,0.312
2022-23,Keldon Johnson,1629640,-12,33.666666666666664,18.0,3.0,0.4483333333333333
2022-23,Keldon Johnson,1629640,-11,31.666666666666668,19.0,4.333333333333333,0.449
2022-23,Keldon Johnson,1629640,-10,33.666666666666664,24.0,2.6666666666666665,0.4403333333333333
2022-23,Keldon Johnson,1629640,-9,33.5,21.0,1.0,0.524
2022-23,Keldon Johnson,1629640,-8,35.0,21.0,4.0,0.39499999999999996
2022-23,Keldon Johnson,1629640,-7,35.0,22.666666666666668,3.0,0.44533333333333336
2022-23,Keldon Johnson,1629640,-5,31.5,27.5,1.5,0.5745
2022-23,Keldon Johnson,1629640,-4,30.5,20.5,3.0,0.40049999999999997
2022-23,Keldon Johnson,1629640,-3,36.25,27.25,3.25,0.5
2022-23,Keldon Johnson,1629640,-2,34.0,28.5,1.5,0.488
2022-23,Keldon Johnson,1629640,0,36.0,21.0,5.0,0.643
2022-23,Keldon Johnson,1629640,1,32.5,23.0,3.5,0.423
2022-23,Keldon Johnson,1629640,3,31.5,25.5,3.0,0.48350000000000004
2022-23,Keldon Johnson,1629640,5,33.5,25.0,2.5,0.5335000000000001
2022-23,Keldon Johnson,1629640,7,31.0,29.0,2.0,0.529
2022-23,Keldon Johnson,1629640,9,35.0,23.0,6.0,0.471
2022-23,Keldon Johnson,1629640,10,34.0,33.0,4.0,0.421
2022-23,Keldon Johnson,1629640,13,31.0,21.0,0.0,0.412
2022-23,Keldon Johnson,1629640,14,32.0,29.0,5.0,0.619
2022-23,Keldon Johnson,1629640,16,33.0,23.0,6.0,0.533
2022-23,Keldon Johnson,1629640,17,37.0,36.0,1.0,0.423
2022-23,Keldon Johnson,1629640,20,38.0,25.0,8.0,0.533
2022-23,Kelly Olynyk,203482,-20,24.5,13.0,3.5,0.45
2022-23,Kelly Olynyk,203482,-19,33.0,21.0,1.0,0.692
2022-23,Kelly Olynyk,203482,-18,26.0,15.0,3.0,0.8
2022-23,Kelly Olynyk,203482,-16,29.0,14.0,1.0,0.444
2022-23,Kelly Olynyk,203482,-11,25.5,17.0,4.25,0.576
2022-23,Kelly Olynyk,203482,-10,28.0,15.5,3.5,0.571
2022-23,Kelly Olynyk,203482,-9,30.0,13.5,5.5,0.55
2022-23,Kelly Olynyk,203482,-8,33.5,16.0,3.5,0.4165
2022-23,Kelly Olynyk,203482,-7,30.0,22.5,2.5,0.547
2022-23,Kelly Olynyk,203482,-5,23.0,7.333333333333333,2.6666666666666665,0.4286666666666667
2022-23,Kelly Olynyk,203482,-4,31.0,15.666666666666666,3.0,0.6573333333333333
2022-23,Kelly Olynyk,203482,-3,27.666666666666668,7.0,5.666666666666667,0.38866666666666666
2022-23,Kelly Olynyk,203482,-2,33.0,14.0,6.0,0.3
2022-23,Kelly Olynyk,203482,-1,27.6,11.0,4.0,0.42160000000000003
2022-23,Kelly Olynyk,203482,0,32.0,10.0,4.0,0.25
2022-23,Kelly Olynyk,203482,1,31.25,10.0,4.25,0.49724999999999997
2022-23,Kelly Olynyk,203482,2,30.0,19.0,8.0,0.5
2022-23,Kelly Olynyk,203482,3,27.25,12.0,3.25,0.55475
2022-23,Kelly Olynyk,203482,4,35.0,14.0,3.0,0.273
2022-23,Kelly Olynyk,203482,5,21.0,7.0,1.0,0.286
2022-23,Kelly Olynyk,203482,6,33.5,16.5,3.5,0.6145
2022-23,Kelly Olynyk,203482,7,32.5,13.0,3.5,0.45199999999999996
2022-23,Kelly Olynyk,203482,8,27.25,10.5,5.0,0.54375
2022-23,Kelly Olynyk,203482,9,27.0,12.0,3.0,0.375
2022-23,Kelly Olynyk,203482,10,30.5,8.0,4.5,0.393
2022-23,Kelly Olynyk,203482,11,30.0,8.0,1.0,0.0
2022-23,Kelly Olynyk,203482,12,29.0,10.0,7.0,0.571
2022-23,Kelly Olynyk,203482,13,31.0,12.0,3.0,0.429
2022-23,Kelly Olynyk,203482,15,37.0,28.0,6.0,0.563
2022-23,Kelly Olynyk,203482,17,30.0,17.5,1.5,0.739
2022-23,Kelly Olynyk,203482,18,29.0,13.0,6.0,0.4
2022-23,Kelly Olynyk,203482,19,36.0,12.0,3.0,0.571
2022-23,Kelly Oubre Jr.,1626162,-40,24.0,17.0,1.0,0.417
2022-23,Kelly Oubre Jr.,1626162,-39,28.0,13.0,2.0,0.267
2022-23,Kelly Oubre Jr.,1626162,-37,26.0,22.0,3.0,0.611
2022-23,Kelly Oubre Jr.,1626162,-28,30.0,11.0,1.0,0.167
2022-23,Kelly Oubre Jr.,1626162,-27,30.0,16.0,1.0,0.263
2022-23,Kelly Oubre Jr.,1626162,-24,30.0,15.0,0.0,0.462
2022-23,Kelly Oubre Jr.,1626162,-22,33.0,20.0,1.0,0.5
2022-23,Kelly Oubre Jr.,1626162,-16,34.0,16.0,2.0,0.389
2022-23,Kelly Oubre Jr.,1626162,-14,35.5,23.0,0.5,0.4535
2022-23,Kelly Oubre Jr.,1626162,-13,21.0,12.0,1.0,0.25
2022-23,Kelly Oubre Jr.,1626162,-11,36.333333333333336,20.333333333333332,1.6666666666666667,0.4033333333333333
2022-23,Kelly Oubre Jr.,1626162,-10,30.6,20.8,1.0,0.512
2022-23,Kelly Oubre Jr.,1626162,-9,39.0,27.5,1.5,0.4505
2022-23,Kelly Oubre Jr.,1626162,-7,35.0,17.0,0.0,0.333
2022-23,Kelly Oubre Jr.,1626162,-6,36.0,29.0,1.0,0.478
2022-23,Kelly Oubre Jr.,1626162,-4,37.0,22.0,2.0,0.3165
2022-23,Kelly Oubre Jr.,1626162,-3,28.5,21.5,0.0,0.45
2022-23,Kelly Oubre Jr.,1626162,-2,38.0,26.333333333333332,1.6666666666666667,0.4493333333333333
2022-23,Kelly Oubre Jr.,1626162,1,32.5,24.5,0.5,0.49
2022-23,Kelly Oubre Jr.,1626162,2,30.5,18.5,1.0,0.4415
2022-23,Kelly Oubre Jr.,1626162,3,39.0,20.0,0.0,0.286
2022-23,Kelly Oubre Jr.,1626162,4,32.0,14.0,1.0,0.4
2022-23,Kelly Oubre Jr.,1626162,6,38.0,34.0,0.0,0.571
2022-23,Kelly Oubre Jr.,1626162,7,30.333333333333332,23.333333333333332,1.3333333333333333,0.5213333333333333
2022-23,Kelly Oubre Jr.,1626162,8,33.0,15.0,1.0,0.333
2022-23,Kelly Oubre Jr.,1626162,10,38.0,18.0,5.0,0.389
2022-23,Kelly Oubre Jr.,1626162,12,32.5,26.0,0.0,0.519
2022-23,Kelly Oubre Jr.,1626162,17,33.0,16.0,0.0,0.278
2022-23,Kelly Oubre Jr.,1626162,36,22.0,13.0,2.0,0.5
2022-23,Kemba Walker,202689,-4,23.0,14.0,3.0,0.333
2022-23,Kemba Walker,202689,3,20.0,4.0,0.0,0.333
2022-23,Kemba Walker,202689,7,41.0,32.0,7.0,0.48
2022-23,Kendrick Nunn,1629134,-19,23.0,13.0,2.0,0.556
2022-23,Kendrick Nunn,1629134,-13,26.0,15.0,4.0,0.412
2022-23,Kendrick Nunn,1629134,-11,26.0,18.0,1.0,0.636
2022-23,Kendrick Nunn,1629134,-8,21.0,12.0,3.0,0.444
2022-23,Kendrick Nunn,1629134,-6,23.0,15.0,1.0,0.583
2022-23,Kendrick Nunn,1629134,-5,20.0,5.0,1.0,0.25
2022-23,Kendrick Nunn,1629134,-4,23.0,15.0,1.0,0.4
2022-23,Kendrick Nunn,1629134,-3,29.0,13.0,6.0,0.714
2022-23,Kendrick Nunn,1629134,-2,22.0,24.0,6.0,0.529
2022-23,Kendrick Nunn,1629134,-1,21.0,15.0,1.0,0.462
2022-23,Kendrick Nunn,1629134,3,21.0,11.0,0.0,0.4
2022-23,Kendrick Nunn,1629134,7,22.0,12.0,4.0,0.556
2022-23,Kendrick Nunn,1629134,9,26.0,23.0,2.0,0.563
2022-23,Kendrick Nunn,1629134,11,20.0,12.0,2.0,0.455
2022-23,Kendrick Nunn,1629134,12,20.0,13.0,2.0,0.5
2022-23,Kendrick Nunn,1629134,22,22.0,10.0,6.0,0.5
2022-23,Kennedy Chandler,1631113,4,22.0,8.0,7.0,0.8
2022-23,Kennedy Chandler,1631113,18,25.0,9.0,5.0,0.364
2022-23,Kenneth Lofton Jr.,1631254,-17,40.0,42.0,0.0,0.68
2022-23,Kenneth Lofton Jr.,1631254,8,22.0,6.0,3.0,0.333
2022-23,Kenrich Williams,1629026,-14,21.0,9.0,1.5,0.5715
2022-23,Kenrich Williams,1629026,-13,22.0,5.0,1.0,0.286
2022-23,Kenrich Williams,1629026,-12,26.5,11.0,3.5,0.5835
2022-23,Kenrich Williams,1629026,-11,26.0,9.0,2.0,0.5
2022-23,Kenrich Williams,1629026,-9,25.0,11.0,2.5,0.625
2022-23,Kenrich Williams,1629026,-4,22.0,5.0,1.0,0.4
2022-23,Kenrich Williams,1629026,-3,24.5,9.5,2.5,0.6605
2022-23,Kenrich Williams,1629026,-2,27.0,8.0,3.0,0.333
2022-23,Kenrich Williams,1629026,-1,31.5,10.0,2.0,0.4165
2022-23,Kenrich Williams,1629026,1,25.0,8.0,2.5,0.473
2022-23,Kenrich Williams,1629026,2,26.0,5.5,1.5,0.2845
2022-23,Kenrich Williams,1629026,4,28.5,10.0,3.5,0.46749999999999997
2022-23,Kenrich Williams,1629026,6,25.5,14.5,2.0,0.725
2022-23,Kenrich Williams,1629026,7,24.0,8.0,0.0,0.333
2022-23,Kenrich Williams,1629026,8,20.0,7.0,1.0,0.6
2022-23,Kenrich Williams,1629026,9,22.0,2.0,1.0,0.333
2022-23,Kenrich Williams,1629026,11,26.0,11.0,4.0,0.625
2022-23,Kenrich Williams,1629026,12,27.0,11.5,2.0,0.714
2022-23,Kenrich Williams,1629026,13,20.0,3.0,3.0,0.333
2022-23,Kenrich Williams,1629026,14,25.5,10.5,1.5,0.528
2022-23,Kenrich Williams,1629026,16,25.0,9.0,1.0,0.667
2022-23,Kenrich Williams,1629026,18,28.0,12.0,2.0,0.714
2022-23,Kenrich Williams,1629026,19,30.0,9.0,7.0,0.4
2022-23,Kenrich Williams,1629026,24,22.0,12.0,10.0,0.625
2022-23,Kentavious Caldwell-Pope,203484,-23,24.0,8.0,0.0,0.5
2022-23,Kentavious Caldwell-Pope,203484,-20,27.0,9.0,1.5,0.4165
2022-23,Kentavious Caldwell-Pope,203484,-17,30.5,11.5,1.5,0.3405
2022-23,Kentavious Caldwell-Pope,203484,-15,30.0,6.0,5.0,0.333
2022-23,Kentavious Caldwell-Pope,203484,-11,32.0,10.0,2.0,0.429
2022-23,Kentavious Caldwell-Pope,203484,-10,31.0,12.0,2.5,0.4165
2022-23,Kentavious Caldwell-Pope,203484,-8,24.5,3.0,2.0,0.3335
2022-23,Kentavious Caldwell-Pope,203484,-7,31.0,5.0,4.0,0.286
2022-23,Kentavious Caldwell-Pope,203484,-6,33.0,15.0,1.0,0.455
2022-23,Kentavious Caldwell-Pope,203484,-5,37.0,13.0,5.0,0.5
2022-23,Kentavious Caldwell-Pope,203484,-3,36.0,10.0,1.0,0.375
2022-23,Kentavious Caldwell-Pope,203484,-2,33.5,10.5,4.0,0.5780000000000001
2022-23,Kentavious Caldwell-Pope,203484,-1,29.0,15.0,1.5,0.5135
2022-23,Kentavious Caldwell-Pope,203484,0,30.0,9.0,0.0,0.6
2022-23,Kentavious Caldwell-Pope,203484,1,29.0,12.0,2.0,0.556
2022-23,Kentavious Caldwell-Pope,203484,2,26.5,7.0,1.5,0.5
2022-23,Kentavious Caldwell-Pope,203484,3,36.0,3.0,3.5,0.143
2022-23,Kentavious Caldwell-Pope,203484,5,34.75,10.0,3.5,0.4865
2022-23,Kentavious Caldwell-Pope,203484,6,29.333333333333332,6.333333333333333,3.6666666666666665,0.3123333333333333
2022-23,Kentavious Caldwell-Pope,203484,7,32.666666666666664,15.0,2.0,0.8096666666666666
2022-23,Kentavious Caldwell-Pope,203484,8,31.8,7.8,3.2,0.31779999999999997
2022-23,Kentavious Caldwell-Pope,203484,9,34.0,12.666666666666666,1.6666666666666667,0.627
2022-23,Kentavious Caldwell-Pope,203484,11,31.333333333333332,12.333333333333334,2.0,0.428
2022-23,Kentavious Caldwell-Pope,203484,12,32.666666666666664,16.0,2.3333333333333335,0.5013333333333333
2022-23,Kentavious Caldwell-Pope,203484,14,32.5,9.5,3.0,0.3885
2022-23,Kentavious Caldwell-Pope,203484,15,31.333333333333332,11.0,1.3333333333333333,0.5569999999999999
2022-23,Kentavious Caldwell-Pope,203484,16,31.77777777777778,15.0,2.4444444444444446,0.4861111111111111
2022-23,Kentavious Caldwell-Pope,203484,17,34.0,11.5,2.0,0.54
2022-23,Kentavious Caldwell-Pope,203484,18,31.0,13.666666666666666,3.6666666666666665,0.5506666666666667
2022-23,Kentavious Caldwell-Pope,203484,20,26.0,9.0,1.0,0.571
2022-23,Kentavious Caldwell-Pope,203484,23,30.0,8.5,2.0,0.432
2022-23,Kentavious Caldwell-Pope,203484,24,24.0,11.0,1.0,0.5
2022-23,Kentavious Caldwell-Pope,203484,25,24.0,10.0,2.0,0.375
2022-23,Kentavious Caldwell-Pope,203484,26,26.0,15.0,2.0,0.714
2022-23,Kentavious Caldwell-Pope,203484,31,28.0,9.0,5.0,0.375
2022-23,Kenyon Martin Jr.,1630231,-28,31.0,14.0,2.0,0.6515
2022-23,Kenyon Martin Jr.,1630231,-27,29.333333333333332,10.333333333333334,1.3333333333333333,0.42533333333333334
2022-23,Kenyon Martin Jr.,1630231,-24,31.0,13.0,2.0,0.347
2022-23,Kenyon Martin Jr.,1630231,-21,30.0,20.0,0.5,0.6795
2022-23,Kenyon Martin Jr.,1630231,-19,33.0,17.0,2.0,0.6723333333333333
2022-23,Kenyon Martin Jr.,1630231,-18,26.0,8.0,1.0,0.571
2022-23,Kenyon Martin Jr.,1630231,-16,29.5,13.0,1.5,0.6125
2022-23,Kenyon Martin Jr.,1630231,-14,28.333333333333332,15.333333333333334,2.3333333333333335,0.6473333333333334
2022-23,Kenyon Martin Jr.,1630231,-13,32.0,11.5,0.0,0.317
2022-23,Kenyon Martin Jr.,1630231,-12,25.0,9.0,2.5,0.4165
2022-23,Kenyon Martin Jr.,1630231,-11,32.0,11.0,3.0,0.5
2022-23,Kenyon Martin Jr.,1630231,-10,25.0,13.0,0.3333333333333333,0.445
2022-23,Kenyon Martin Jr.,1630231,-9,26.0,14.0,2.0,0.857
2022-23,Kenyon Martin Jr.,1630231,-8,27.714285714285715,13.571428571428571,1.1428571428571428,0.5902857142857142
2022-23,Kenyon Martin Jr.,1630231,-7,32.0,14.0,4.0,0.5
2022-23,Kenyon Martin Jr.,1630231,-6,27.0,13.5,1.5,0.5435
2022-23,Kenyon Martin Jr.,1630231,-5,29.0,14.0,2.0,0.545
2022-23,Kenyon Martin Jr.,1630231,-4,27.5,7.5,2.0,0.264
2022-23,Kenyon Martin Jr.,1630231,-3,26.0,15.0,2.0,0.538
2022-23,Kenyon Martin Jr.,1630231,-2,22.0,5.0,1.0,0.5835
2022-23,Kenyon Martin Jr.,1630231,-1,32.0,16.0,3.0,0.636
2022-23,Kenyon Martin Jr.,1630231,0,24.0,10.666666666666666,1.3333333333333333,0.5896666666666667
2022-23,Kenyon Martin Jr.,1630231,1,25.0,9.0,1.0,0.571
2022-23,Kenyon Martin Jr.,1630231,2,27.666666666666668,15.333333333333334,1.0,0.7050000000000001
2022-23,Kenyon Martin Jr.,1630231,3,35.0,22.666666666666668,1.3333333333333333,0.632
2022-23,Kenyon Martin Jr.,1630231,4,29.666666666666668,14.666666666666666,2.3333333333333335,0.49866666666666665
2022-23,Kenyon Martin Jr.,1630231,6,28.5,12.5,1.5,0.6115
2022-23,Kenyon Martin Jr.,1630231,8,33.0,21.0,2.0,0.769
2022-23,Kenyon Martin Jr.,1630231,11,30.5,16.0,2.0,0.757
2022-23,Kenyon Martin Jr.,1630231,12,26.666666666666668,12.0,1.6666666666666667,0.6273333333333334
2022-23,Kenyon Martin Jr.,1630231,13,29.0,10.0,1.0,0.571
2022-23,Kenyon Martin Jr.,1630231,14,25.0,21.0,5.0,0.571
2022-23,Kenyon Martin Jr.,1630231,17,38.0,14.0,2.0,0.5
2022-23,Kenyon Martin Jr.,1630231,18,24.0,13.0,1.5,0.7735
2022-23,Kenyon Martin Jr.,1630231,20,35.0,15.0,1.0,0.5
2022-23,Kenyon Martin Jr.,1630231,22,32.0,6.0,2.0,0.4
2022-23,Keon Johnson,1630553,-27,31.0,20.0,6.0,0.467
2022-23,Keon Johnson,1630553,-18,26.0,12.0,6.0,0.444
2022-23,Keon Johnson,1630553,-16,30.0,8.0,3.0,0.25
2022-23,Keon Johnson,1630553,-10,21.0,14.0,5.0,0.444
2022-23,Keon Johnson,1630553,2,23.0,11.0,1.0,0.308
2022-23,Kessler Edwards,1630556,-1,22.0,6.0,1.0,0.286
2022-23,Kessler Edwards,1630556,0,23.0,10.0,1.0,0.667
2022-23,Kessler Edwards,1630556,4,34.0,6.0,0.0,0.333
2022-23,Kessler Edwards,1630556,5,22.0,6.0,2.0,0.667
2022-23,Kessler Edwards,1630556,18,25.0,12.0,1.0,0.667
2022-23,Kevin Durant,201142,-31,30.0,27.0,6.0,0.533
2022-23,Kevin Durant,201142,-23,31.0,32.0,2.0,0.524
2022-23,Kevin Durant,201142,-19,39.0,31.0,5.0,0.542
2022-23,Kevin Durant,201142,-17,38.0,33.0,3.0,0.435
2022-23,Kevin Durant,201142,-15,37.0,31.0,7.0,0.5
2022-23,Kevin Durant,201142,-10,37.5,28.5,4.5,0.6715
2022-23,Kevin Durant,201142,-8,35.0,27.0,6.0,0.444
2022-23,Kevin Durant,201142,-7,37.0,32.0,6.0,0.563
2022-23,Kevin Durant,201142,-6,41.0,37.0,5.0,0.571
2022-23,Kevin Durant,201142,-3,38.0,35.5,3.25,0.5545
2022-23,Kevin Durant,201142,-2,30.0,17.0,2.0,0.455
2022-23,Kevin Durant,201142,-1,32.333333333333336,28.333333333333332,3.6666666666666665,0.5536666666666666
2022-23,Kevin Durant,201142,0,38.0,36.0,8.0,0.484
2022-23,Kevin Durant,201142,1,37.5,21.5,5.5,0.55
2022-23,Kevin Durant,201142,4,36.0,29.0,8.0,0.632
2022-23,Kevin Durant,201142,5,34.5,30.5,6.0,0.591
2022-23,Kevin Durant,201142,8,37.5,35.0,5.5,0.5755
2022-23,Kevin Durant,201142,9,37.666666666666664,30.333333333333332,4.666666666666667,0.6146666666666666
2022-23,Kevin Durant,201142,10,36.0,32.0,5.0,0.556
2022-23,Kevin Durant,201142,11,35.5,37.5,5.5,0.7195
2022-23,Kevin Durant,201142,13,31.5,25.0,2.0,0.5835
2022-23,Kevin Durant,201142,15,38.0,35.0,3.0,0.591
2022-23,Kevin Durant,201142,16,34.0,27.0,3.0,0.625
2022-23,Kevin Durant,201142,17,34.0,24.0,6.0,0.529
2022-23,Kevin Durant,201142,20,37.0,33.0,3.0,0.346
2022-23,Kevin Durant,201142,21,31.0,26.333333333333332,6.666666666666667,0.638
2022-23,Kevin Durant,201142,23,33.0,18.0,2.0,0.429
2022-23,Kevin Durant,201142,24,30.0,20.0,6.0,0.7
2022-23,Kevin Durant,201142,29,29.0,23.0,5.0,0.529
2022-23,Kevin Durant,201142,30,32.0,12.0,5.0,0.5
2022-23,Kevin Durant,201142,32,34.0,29.0,12.0,0.526
2022-23,Kevin Durant,201142,35,33.0,28.0,11.0,0.476
2022-23,Kevin Huerter,1628989,-34,20.0,10.0,0.0,0.375
2022-23,Kevin Huerter,1628989,-20,23.0,10.5,0.5,0.4375
2022-23,Kevin Huerter,1628989,-19,32.0,13.0,3.0,0.556
2022-23,Kevin Huerter,1628989,-17,35.0,13.0,3.0,0.294
2022-23,Kevin Huerter,1628989,-16,32.0,9.0,2.0,0.429
2022-23,Kevin Huerter,1628989,-15,35.0,18.0,2.0,0.5
2022-23,Kevin Huerter,1628989,-13,31.0,9.0,2.0,0.322
2022-23,Kevin Huerter,1628989,-12,27.0,28.0,3.0,0.588
2022-23,Kevin Huerter,1628989,-11,37.0,21.0,1.0,0.571
2022-23,Kevin Huerter,1628989,-10,27.0,19.5,2.0,0.667
2022-23,Kevin Huerter,1628989,-9,35.0,11.0,3.0,0.333
2022-23,Kevin Huerter,1628989,-7,25.8,10.8,3.6,0.40280000000000005
2022-23,Kevin Huerter,1628989,-6,32.0,18.0,3.0,0.533
2022-23,Kevin Huerter,1628989,-5,20.0,7.0,2.0,0.286
2022-23,Kevin Huerter,1628989,-4,36.0,16.0,3.0,0.5
2022-23,Kevin Huerter,1628989,-3,31.0,14.0,3.0,0.4
2022-23,Kevin Huerter,1628989,-2,27.0,14.5,2.5,0.55
2022-23,Kevin Huerter,1628989,-1,38.0,22.0,2.0,0.529
2022-23,Kevin Huerter,1628989,0,34.0,24.0,5.0,0.533
2022-23,Kevin Huerter,1628989,1,23.5,16.0,2.5,0.55
2022-23,Kevin Huerter,1628989,2,28.666666666666668,9.666666666666666,4.0,0.4086666666666667
2022-23,Kevin Huerter,1628989,3,28.5,19.5,1.0,0.6165
2022-23,Kevin Huerter,1628989,4,39.0,17.0,6.0,0.375
2022-23,Kevin Huerter,1628989,5,30.333333333333332,18.333333333333332,3.8333333333333335,0.5366666666666667
2022-23,Kevin Huerter,1628989,6,32.333333333333336,13.0,1.3333333333333333,0.399
2022-23,Kevin Huerter,1628989,7,35.0,14.5,3.0,0.37250000000000005
2022-23,Kevin Huerter,1628989,8,22.0,9.0,3.0,0.364
2022-23,Kevin Huerter,1628989,9,37.0,27.0,4.0,0.476
2022-23,Kevin Huerter,1628989,10,37.0,20.5,5.0,0.4645
2022-23,Kevin Huerter,1628989,11,28.0,16.0,4.0,0.583
2022-23,Kevin Huerter,1628989,12,29.5,17.0,2.5,0.548
2022-23,Kevin Huerter,1628989,14,33.0,19.0,2.0,0.467
2022-23,Kevin Huerter,1628989,15,22.0,14.0,1.0,0.556
2022-23,Kevin Huerter,1628989,16,28.0,23.0,2.0,0.667
2022-23,Kevin Huerter,1628989,17,21.0,14.0,4.0,0.417
2022-23,Kevin Huerter,1628989,18,31.0,16.0,1.0,0.5
2022-23,Kevin Huerter,1628989,20,34.333333333333336,24.333333333333332,6.333333333333333,0.551
2022-23,Kevin Huerter,1628989,21,28.0,13.0,4.0,0.556
2022-23,Kevin Huerter,1628989,22,30.0,12.0,4.0,0.5
2022-23,Kevin Huerter,1628989,23,32.0,26.0,1.0,0.643
2022-23,Kevin Huerter,1628989,25,27.0,13.0,0.0,0.5
2022-23,Kevin Huerter,1628989,26,27.0,15.0,5.0,0.5
2022-23,Kevin Huerter,1628989,27,36.0,25.0,8.0,0.563
2022-23,Kevin Huerter,1628989,30,32.0,18.0,8.0,0.538
2022-23,Kevin Huerter,1628989,40,29.0,19.0,3.0,0.7
2022-23,Kevin Knox II,1628995,-41,39.0,12.0,1.0,0.375
2022-23,Kevin Knox II,1628995,-35,32.0,13.0,1.0,0.455
2022-23,Kevin Knox II,1628995,-34,33.0,13.0,1.0,0.25
2022-23,Kevin Knox II,1628995,-15,32.0,15.0,3.0,0.4
2022-23,Kevin Knox II,1628995,-11,24.0,6.0,0.0,0.2
2022-23,Kevin Knox II,1628995,-4,36.0,30.0,2.0,0.667
2022-23,Kevin Knox II,1628995,-3,27.0,9.0,5.0,0.3
2022-23,Kevin Knox II,1628995,-2,23.0,24.0,2.0,0.6
2022-23,Kevin Knox II,1628995,0,29.0,19.0,1.0,0.533
2022-23,Kevin Knox II,1628995,5,29.0,7.0,1.0,0.429
2022-23,Kevin Knox II,1628995,7,24.0,10.0,0.0,0.5
2022-23,Kevin Knox II,1628995,9,25.0,21.0,0.0,0.75
2022-23,Kevin Knox II,1628995,12,24.0,17.0,1.0,0.727
2022-23,Kevin Knox II,1628995,13,22.0,11.0,1.0,0.571
2022-23,Kevin Love,201567,-11,21.0,8.0,1.5,0.275
2022-23,Kevin Love,201567,-10,20.0,9.0,0.0,0.429
2022-23,Kevin Love,201567,-9,21.0,0.0,4.0,0.0
2022-23,Kevin Love,201567,-8,23.0,12.0,2.0,0.444
2022-23,Kevin Love,201567,-6,22.0,8.0,0.0,0.333
2022-23,Kevin Love,201567,-5,23.5,9.5,2.5,0.55
2022-23,Kevin Love,201567,-2,20.0,10.0,2.0,0.619
2022-23,Kevin Love,201567,-1,23.0,6.0,1.5,0.3215
2022-23,Kevin Love,201567,0,21.0,12.0,1.0,0.5
2022-23,Kevin Love,201567,1,20.5,7.0,2.0,0.3305
2022-23,Kevin Love,201567,2,21.0,9.0,2.0,0.4
2022-23,Kevin Love,201567,3,33.0,20.0,1.0,0.467
2022-23,Kevin Love,201567,4,24.5,11.0,3.0,0.3865
2022-23,Kevin Love,201567,6,31.5,12.5,2.0,0.382
2022-23,Kevin Love,201567,9,23.5,4.5,3.5,0.333
2022-23,Kevin Love,201567,10,21.0,11.0,0.0,0.5
2022-23,Kevin Love,201567,13,23.0,9.0,1.0,0.5
2022-23,Kevin Love,201567,16,23.0,19.0,2.6666666666666665,0.5713333333333334
2022-23,Kevin Love,201567,17,29.0,9.0,5.0,0.429
2022-23,Kevin Love,201567,22,20.0,10.0,1.0,0.4
2022-23,Kevin Love,201567,27,22.0,15.0,4.0,0.556
2022-23,Kevin Love,201567,30,23.0,21.0,10.0,0.7
2022-23,Kevin Porter Jr.,1629645,-28,33.0,23.0,3.0,0.563
2022-23,Kevin Porter Jr.,1629645,-25,27.0,11.5,5.5,0.27849999999999997
2022-23,Kevin Porter Jr.,1629645,-23,30.0,11.0,5.0,0.364
2022-23,Kevin Porter Jr.,1629645,-22,33.0,21.5,4.5,0.4735
2022-23,Kevin Porter Jr.,1629645,-21,31.5,15.0,5.5,0.3165
2022-23,Kevin Porter Jr.,1629645,-20,34.0,26.0,4.0,0.571
2022-23,Kevin Porter Jr.,1629645,-19,36.0,6.0,4.0,0.25
2022-23,Kevin Porter Jr.,1629645,-18,35.0,22.0,9.0,0.444
2022-23,Kevin Porter Jr.,1629645,-17,34.0,20.0,3.0,0.4065
2022-23,Kevin Porter Jr.,1629645,-16,32.0,18.0,5.0,0.4165
2022-23,Kevin Porter Jr.,1629645,-14,33.6,21.8,5.2,0.43360000000000004
2022-23,Kevin Porter Jr.,1629645,-13,31.0,16.5,6.5,0.45899999999999996
2022-23,Kevin Porter Jr.,1629645,-12,36.0,21.5,4.5,0.4875
2022-23,Kevin Porter Jr.,1629645,-11,38.0,17.0,5.0,0.267
2022-23,Kevin Porter Jr.,1629645,-10,32.666666666666664,17.0,3.6666666666666665,0.38233333333333336
2022-23,Kevin Porter Jr.,1629645,-9,36.5,21.5,5.5,0.4
2022-23,Kevin Porter Jr.,1629645,-8,40.0,12.0,11.0,0.364
2022-23,Kevin Porter Jr.,1629645,-7,37.5,25.5,6.0,0.481
2022-23,Kevin Porter Jr.,1629645,-4,34.0,14.0,10.0,0.429
2022-23,Kevin Porter Jr.,1629645,-3,35.0,24.0,5.0,0.455
2022-23,Kevin Porter Jr.,1629645,-2,35.5,18.5,7.0,0.3715
2022-23,Kevin Porter Jr.,1629645,0,30.0,21.0,3.5,0.4525
2022-23,Kevin Porter Jr.,1629645,3,36.0,24.25,4.5,0.4875
2022-23,Kevin Porter Jr.,1629645,4,36.5,17.5,9.0,0.4865
2022-23,Kevin Porter Jr.,1629645,5,33.5,13.0,7.0,0.349
2022-23,Kevin Porter Jr.,1629645,6,37.0,26.0,5.0,0.538
2022-23,Kevin Porter Jr.,1629645,7,34.0,19.0,5.5,0.544
2022-23,Kevin Porter Jr.,1629645,13,39.666666666666664,25.666666666666668,7.666666666666667,0.516
2022-23,Kevin Porter Jr.,1629645,15,33.0,20.0,9.0,0.412
2022-23,Kevin Porter Jr.,1629645,16,36.0,17.0,8.0,0.429
2022-23,Kevin Porter Jr.,1629645,17,33.0,16.0,6.0,0.462
2022-23,Kevin Porter Jr.,1629645,22,32.0,18.5,8.5,0.5055000000000001
2022-23,Kevon Harris,1630284,-7,26.0,22.0,2.0,0.583
2022-23,Kevon Harris,1630284,-4,22.5,5.0,0.0,0.25
2022-23,Kevon Harris,1630284,-3,24.0,8.0,1.0,0.5
2022-23,Kevon Harris,1630284,5,20.0,5.0,2.0,0.5
2022-23,Kevon Harris,1630284,9,29.0,8.0,1.0,0.667
2022-23,Kevon Harris,1630284,12,20.0,12.0,0.0,0.571
2022-23,Kevon Looney,1626172,-26,20.0,6.0,0.0,0.75
2022-23,Kevon Looney,1626172,-20,32.0,14.0,4.0,0.5
2022-23,Kevon Looney,1626172,-19,20.0,10.0,1.0,0.429
2022-23,Kevon Looney,1626172,-18,25.0,7.0,2.0,1.0
2022-23,Kevon Looney,1626172,-17,21.0,2.0,2.0,0.25
2022-23,Kevon Looney,1626172,-14,20.0,2.0,4.0,1.0
2022-23,Kevon Looney,1626172,-13,21.0,1.0,0.0,0.0
2022-23,Kevon Looney,1626172,-11,23.5,10.5,1.5,0.7735
2022-23,Kevon Looney,1626172,-10,23.0,5.0,2.0,0.3875
2022-23,Kevon Looney,1626172,-9,25.0,4.0,2.0,0.333
2022-23,Kevon Looney,1626172,-8,23.0,3.0,2.0,0.5
2022-23,Kevon Looney,1626172,-7,24.0,5.0,2.0,0.667
2022-23,Kevon Looney,1626172,-6,21.0,3.0,2.5,0.75
2022-23,Kevon Looney,1626172,-5,27.0,8.0,2.0,0.667
2022-23,Kevon Looney,1626172,-4,27.5,11.0,5.5,0.6605
2022-23,Kevon Looney,1626172,-3,23.666666666666668,5.333333333333333,3.3333333333333335,0.2776666666666667
2022-23,Kevon Looney,1626172,-2,27.0,2.0,3.0,0.333
2022-23,Kevon Looney,1626172,-1,22.0,8.0,0.0,0.6
2022-23,Kevon Looney,1626172,0,27.0,7.0,4.0,0.7666666666666666
2022-23,Kevon Looney,1626172,1,34.0,18.0,3.0,0.8
2022-23,Kevon Looney,1626172,2,27.0,10.0,4.0,0.625
2022-23,Kevon Looney,1626172,3,25.25,3.25,2.25,0.64575
2022-23,Kevon Looney,1626172,4,25.666666666666668,9.0,4.0,0.8013333333333333
2022-23,Kevon Looney,1626172,5,26.0,9.0,1.0,1.0
2022-23,Kevon Looney,1626172,6,20.0,14.0,3.0,0.857
2022-23,Kevon Looney,1626172,7,30.5,9.5,2.5,0.7085
2022-23,Kevon Looney,1626172,8,20.0,2.0,4.0,0.25
2022-23,Kevon Looney,1626172,10,28.833333333333332,8.333333333333334,3.3333333333333335,0.5611666666666667
2022-23,Kevon Looney,1626172,11,26.666666666666668,8.0,3.0,0.819
2022-23,Kevon Looney,1626172,12,27.0,10.0,2.25,0.707
2022-23,Kevon Looney,1626172,16,23.0,14.0,2.0,0.875
2022-23,Kevon Looney,1626172,17,26.0,7.0,3.3333333333333335,0.607
2022-23,Kevon Looney,1626172,18,24.0,6.0,6.0,0.75
2022-23,Kevon Looney,1626172,19,26.5,8.0,2.5,0.75
2022-23,Kevon Looney,1626172,20,23.0,5.0,3.0,0.5
2022-23,Kevon Looney,1626172,21,21.0,4.0,4.0,0.667
2022-23,Kevon Looney,1626172,23,22.0,2.0,4.0,1.0
2022-23,Kevon Looney,1626172,26,21.0,4.0,4.0,0.5
2022-23,Kevon Looney,1626172,30,21.0,7.0,2.0,0.75
2022-23,Khem Birch,203920,6,23.0,2.0,2.0,0.333
2022-23,Khris Middleton,203114,-28,22.0,3.0,5.0,0.083
2022-23,Khris Middleton,203114,-14,25.0,5.0,5.0,0.091
2022-23,Khris Middleton,203114,-6,28.0,13.0,5.0,0.429
2022-23,Khris Middleton,203114,-5,33.0,19.0,5.0,0.5
2022-23,Khris Middleton,203114,-2,27.0,6.0,2.0,0.25
2022-23,Khris Middleton,203114,-1,30.0,24.0,11.0,0.556
2022-23,Khris Middleton,203114,0,32.0,16.0,7.0,0.4
2022-23,Khris Middleton,203114,2,30.5,15.5,6.0,0.4005
2022-23,Khris Middleton,203114,3,23.0,20.5,5.5,0.5940000000000001
2022-23,Khris Middleton,203114,4,26.5,18.0,4.5,0.5055000000000001
2022-23,Khris Middleton,203114,5,33.0,31.0,9.0,0.6
2022-23,Khris Middleton,203114,6,31.0,19.0,5.0,0.353
2022-23,Khris Middleton,203114,7,28.0,15.0,7.5,0.3685
2022-23,Khris Middleton,203114,11,33.0,34.0,5.0,0.565
2022-23,Khris Middleton,203114,12,21.0,13.0,5.0,0.455
2022-23,Khris Middleton,203114,14,28.0,20.0,3.0,0.462
2022-23,Khris Middleton,203114,15,22.0,18.0,6.0,0.538
2022-23,Khris Middleton,203114,19,24.0,16.0,4.0,0.438
2022-23,Khris Middleton,203114,26,28.0,19.0,10.0,0.533
2022-23,Killian Hayes,1630165,-29,35.0,20.0,7.0,0.476
2022-23,Killian Hayes,1630165,-27,25.0,5.0,6.0,0.182
2022-23,Killian Hayes,1630165,-24,33.0,21.0,6.0,0.412
2022-23,Killian Hayes,1630165,-23,28.0,11.0,4.0,0.4
2022-23,Killian Hayes,1630165,-22,26.0,11.0,6.0,0.455
2022-23,Killian Hayes,1630165,-21,34.0,18.0,9.0,0.5
2022-23,Killian Hayes,1630165,-19,33.0,20.0,7.0,0.5
2022-23,Killian Hayes,1630165,-18,30.5,9.0,5.5,0.28350000000000003
2022-23,Killian Hayes,1630165,-17,28.666666666666668,6.666666666666667,4.666666666666667,0.31033333333333335
2022-23,Killian Hayes,1630165,-15,31.0,17.0,5.0,0.7
2022-23,Killian Hayes,1630165,-14,31.0,4.0,8.0,0.154
2022-23,Killian Hayes,1630165,-13,27.0,6.0,6.666666666666667,0.21933333333333335
2022-23,Killian Hayes,1630165,-11,28.0,10.0,11.0,0.364
2022-23,Killian Hayes,1630165,-10,27.666666666666668,10.333333333333334,7.0,0.45533333333333337
2022-23,Killian Hayes,1630165,-9,29.75,9.5,6.0,0.40075
2022-23,Killian Hayes,1630165,-8,33.333333333333336,11.666666666666666,8.0,0.373
2022-23,Killian Hayes,1630165,-7,22.0,16.0,1.0,0.583
2022-23,Killian Hayes,1630165,-6,29.0,10.666666666666666,8.0,0.33033333333333337
2022-23,Killian Hayes,1630165,-5,32.0,12.0,8.333333333333334,0.319
2022-23,Killian Hayes,1630165,-4,31.666666666666668,19.333333333333332,6.0,0.494
2022-23,Killian Hayes,1630165,-3,31.5,12.0,6.166666666666667,0.36466666666666664
2022-23,Killian Hayes,1630165,-2,31.5,10.0,6.0,0.34275
2022-23,Killian Hayes,1630165,-1,34.0,15.5,8.5,0.412
2022-23,Killian Hayes,1630165,2,42.0,7.0,8.0,0.375
2022-23,Killian Hayes,1630165,3,32.0,17.0,9.0,0.438
2022-23,Killian Hayes,1630165,6,36.5,19.5,6.5,0.40349999999999997
2022-23,Killian Hayes,1630165,9,26.0,15.0,7.5,0.5720000000000001
2022-23,Killian Hayes,1630165,10,34.0,25.0,8.0,0.474
2022-23,Killian Hayes,1630165,12,35.0,9.0,13.0,0.25
2022-23,Killian Hayes,1630165,13,32.0,14.0,8.5,0.404
2022-23,Kira Lewis Jr.,1630184,0,27.0,15.0,3.0,0.636
2022-23,Kira Lewis Jr.,1630184,16,21.0,11.0,4.0,0.571
2022-23,Klay Thompson,202691,-30,32.0,14.0,0.0,0.353
2022-23,Klay Thompson,202691,-28,26.0,11.0,2.0,0.417
2022-23,Klay Thompson,202691,-27,32.0,22.0,3.0,0.444
2022-23,Klay Thompson,202691,-21,30.333333333333332,9.666666666666666,1.6666666666666667,0.2773333333333333
2022-23,Klay Thompson,202691,-19,27.0,14.0,1.0,0.429
2022-23,Klay Thompson,202691,-16,32.0,18.5,3.5,0.393
2022-23,Klay Thompson,202691,-11,34.0,29.0,0.0,0.417
2022-23,Klay Thompson,202691,-10,32.5,22.5,1.0,0.475
2022-23,Klay Thompson,202691,-9,32.666666666666664,15.0,1.6666666666666667,0.3243333333333333
2022-23,Klay Thompson,202691,-8,32.0,17.0,3.5,0.391
2022-23,Klay Thompson,202691,-7,35.0,22.0,3.0,0.32
2022-23,Klay Thompson,202691,-6,37.0,31.0,5.0,0.429
2022-23,Klay Thompson,202691,-3,34.0,9.0,1.0,0.444
2022-23,Klay Thompson,202691,-1,32.0,17.0,3.0,0.375
2022-23,Klay Thompson,202691,0,36.5,22.75,2.75,0.39649999999999996
2022-23,Klay Thompson,202691,1,36.0,28.0,4.0,0.391
2022-23,Klay Thompson,202691,2,35.75,24.25,2.5,0.43225
2022-23,Klay Thompson,202691,3,29.5,11.5,2.0,0.2975
2022-23,Klay Thompson,202691,4,34.0,31.0,2.3333333333333335,0.5576666666666666
2022-23,Klay Thompson,202691,6,33.666666666666664,24.0,2.0,0.4056666666666667
2022-23,Klay Thompson,202691,7,31.5,21.0,2.5,0.34850000000000003
2022-23,Klay Thompson,202691,8,36.0,31.0,2.0,0.5
2022-23,Klay Thompson,202691,9,31.75,21.75,1.75,0.445
2022-23,Klay Thompson,202691,10,34.666666666666664,29.666666666666668,2.0,0.5419999999999999
2022-23,Klay Thompson,202691,11,33.25,23.75,3.25,0.471
2022-23,Klay Thompson,202691,13,37.5,31.25,2.25,0.44325000000000003
2022-23,Klay Thompson,202691,14,36.0,27.333333333333332,3.6666666666666665,0.4526666666666667
2022-23,Klay Thompson,202691,15,27.0,8.0,3.0,0.3
2022-23,Klay Thompson,202691,16,29.0,19.0,4.0,0.438
2022-23,Klay Thompson,202691,18,31.0,20.0,2.0,0.5
2022-23,Klay Thompson,202691,19,22.0,16.0,4.0,0.7
2022-23,Klay Thompson,202691,24,21.0,20.0,1.0,0.5
2022-23,Klay Thompson,202691,28,34.0,29.0,2.0,0.579
2022-23,Klay Thompson,202691,31,29.0,21.0,2.0,0.615
2022-23,Klay Thompson,202691,32,35.0,42.0,1.0,0.632
2022-23,Kris Dunn,1627739,-24,24.0,11.0,4.5,0.5355
2022-23,Kris Dunn,1627739,-14,22.0,9.0,5.0,0.667
2022-23,Kris Dunn,1627739,-12,40.0,26.0,8.0,0.611
2022-23,Kris Dunn,1627739,-10,20.0,7.0,6.0,0.286
2022-23,Kris Dunn,1627739,-9,23.0,15.0,3.0,0.455
2022-23,Kris Dunn,1627739,-7,23.0,16.0,4.0,0.615
2022-23,Kris Dunn,1627739,-2,27.5,9.5,5.5,0.335
2022-23,Kris Dunn,1627739,1,34.0,22.0,8.0,0.9
2022-23,Kris Dunn,1627739,2,25.25,12.5,5.0,0.55175
2022-23,Kris Dunn,1627739,3,23.0,12.0,4.0,0.556
2022-23,Kris Dunn,1627739,6,25.0,14.0,4.0,0.5680000000000001
2022-23,Kris Dunn,1627739,7,20.0,9.0,8.0,0.6
2022-23,Kris Dunn,1627739,11,31.0,18.0,10.0,0.583
2022-23,Kris Dunn,1627739,20,36.0,19.0,14.0,0.462
2022-23,Kristaps Porzingis,204001,-23,25.5,15.0,1.5,0.4515
2022-23,Kristaps Porzingis,204001,-22,24.0,20.0,1.0,0.636
2022-23,Kristaps Porzingis,204001,-21,26.0,18.0,1.0,0.538
2022-23,Kristaps Porzingis,204001,-18,22.0,25.0,2.0,0.647
2022-23,Kristaps Porzingis,204001,-17,28.333333333333332,20.0,1.3333333333333333,0.4123333333333334
2022-23,Kristaps Porzingis,204001,-16,35.0,23.0,3.0,0.5
2022-23,Kristaps Porzingis,204001,-15,34.0,22.0,4.0,0.538
2022-23,Kristaps Porzingis,204001,-14,34.5,31.0,3.0,0.6105
2022-23,Kristaps Porzingis,204001,-13,30.0,22.0,1.0,0.538
2022-23,Kristaps Porzingis,204001,-10,35.0,19.0,2.0,0.421
2022-23,Kristaps Porzingis,204001,-8,31.0,20.0,3.0,0.438
2022-23,Kristaps Porzingis,204001,-7,33.5,28.0,2.5,0.643
2022-23,Kristaps Porzingis,204001,-6,35.0,18.0,1.0,0.389
2022-23,Kristaps Porzingis,204001,-4,30.5,19.0,1.0,0.40800000000000003
2022-23,Kristaps Porzingis,204001,-3,35.0,24.0,2.0,0.496
2022-23,Kristaps Porzingis,204001,-2,34.333333333333336,19.0,2.6666666666666665,0.39433333333333337
2022-23,Kristaps Porzingis,204001,1,33.2,23.4,2.8,0.5077999999999999
2022-23,Kristaps Porzingis,204001,2,30.5,16.0,1.5,0.3375
2022-23,Kristaps Porzingis,204001,3,31.0,28.5,3.5,0.48950000000000005
2022-23,Kristaps Porzingis,204001,4,35.0,23.0,3.0,0.5880000000000001
2022-23,Kristaps Porzingis,204001,5,31.0,16.666666666666668,2.3333333333333335,0.3
2022-23,Kristaps Porzingis,204001,6,35.0,26.0,4.0,0.426
2022-23,Kristaps Porzingis,204001,7,33.333333333333336,23.333333333333332,2.6666666666666665,0.572
2022-23,Kristaps Porzingis,204001,8,34.333333333333336,32.333333333333336,4.333333333333333,0.5713333333333334
2022-23,Kristaps Porzingis,204001,9,32.0,12.0,4.0,0.36
2022-23,Kristaps Porzingis,204001,10,29.0,24.0,3.5,0.5515
2022-23,Kristaps Porzingis,204001,11,36.0,24.0,5.0,0.379
2022-23,Kristaps Porzingis,204001,12,35.0,36.0,2.0,0.591
2022-23,Kristaps Porzingis,204001,13,29.5,31.5,1.5,0.615
2022-23,Kristaps Porzingis,204001,14,31.666666666666668,23.0,3.6666666666666665,0.5446666666666667
2022-23,Kristaps Porzingis,204001,16,36.0,27.0,4.0,0.533
2022-23,Kristaps Porzingis,204001,17,28.0,14.0,2.0,0.462
2022-23,Kristaps Porzingis,204001,23,33.0,22.0,2.0,0.533
2022-23,Kristaps Porzingis,204001,24,32.0,31.0,2.0,0.6
2022-23,Kristaps Porzingis,204001,26,33.0,32.0,6.0,0.667
2022-23,Kristaps Porzingis,204001,32,35.0,30.0,2.0,0.692
2022-23,Kyle Anderson,203937,-17,21.5,5.0,3.5,0.4585
2022-23,Kyle Anderson,203937,-15,27.5,14.5,5.5,0.5855
2022-23,Kyle Anderson,203937,-13,23.0,7.0,4.0,0.6
2022-23,Kyle Anderson,203937,-12,33.25,11.5,6.25,0.539
2022-23,Kyle Anderson,203937,-11,28.0,7.0,2.0,0.429
2022-23,Kyle Anderson,203937,-10,31.0,12.0,7.0,0.5
2022-23,Kyle Anderson,203937,-9,27.0,9.0,5.0,0.375
2022-23,Kyle Anderson,203937,-8,31.333333333333332,12.333333333333334,6.666666666666667,0.5556666666666666
2022-23,Kyle Anderson,203937,-7,23.0,6.0,2.0,0.4
2022-23,Kyle Anderson,203937,-6,28.0,7.0,3.0,0.4165
2022-23,Kyle Anderson,203937,-5,28.0,10.25,3.5,0.41975
2022-23,Kyle Anderson,203937,-4,35.5,9.0,6.5,0.4375
2022-23,Kyle Anderson,203937,-3,51.0,11.0,12.0,0.286
2022-23,Kyle Anderson,203937,-1,32.5,15.0,5.0,0.394
2022-23,Kyle Anderson,203937,0,34.5,14.0,9.0,0.5835
2022-23,Kyle Anderson,203937,1,29.666666666666668,9.0,4.333333333333333,0.47633333333333333
2022-23,Kyle Anderson,203937,2,32.5,7.0,4.5,0.5355
2022-23,Kyle Anderson,203937,3,28.0,4.0,4.0,1.0
2022-23,Kyle Anderson,203937,4,24.5,12.5,3.5,0.2815
2022-23,Kyle Anderson,203937,5,23.0,7.0,2.0,0.6
2022-23,Kyle Anderson,203937,6,31.666666666666668,9.666666666666666,4.666666666666667,0.3333333333333333
2022-23,Kyle Anderson,203937,7,21.0,6.0,3.0,0.4
2022-23,Kyle Anderson,203937,8,39.0,10.0,5.0,0.273
2022-23,Kyle Anderson,203937,10,22.0,7.0,0.0,0.5
2022-23,Kyle Anderson,203937,11,28.666666666666668,7.333333333333333,6.0,0.4256666666666667
2022-23,Kyle Anderson,203937,12,36.5,15.0,11.5,0.6915
2022-23,Kyle Anderson,203937,13,28.666666666666668,10.333333333333334,5.333333333333333,0.6746666666666666
2022-23,Kyle Anderson,203937,15,33.5,13.0,6.0,0.6945
2022-23,Kyle Anderson,203937,16,33.0,10.0,7.0,0.5
2022-23,Kyle Anderson,203937,17,31.666666666666668,11.0,6.0,0.6473333333333334
2022-23,Kyle Anderson,203937,31,30.0,12.0,6.0,0.714
2022-23,Kyle Anderson,203937,33,36.0,14.0,12.0,0.833
2022-23,Kyle Kuzma,1628398,-25,31.0,33.0,3.0,0.522
2022-23,Kyle Kuzma,1628398,-24,35.0,24.0,4.0,0.563
2022-23,Kyle Kuzma,1628398,-22,28.5,12.0,2.5,0.33849999999999997
2022-23,Kyle Kuzma,1628398,-21,33.0,21.0,2.0,0.444
2022-23,Kyle Kuzma,1628398,-20,28.0,9.0,1.0,0.231
2022-23,Kyle Kuzma,1628398,-16,34.0,20.0,2.0,0.357
2022-23,Kyle Kuzma,1628398,-15,33.333333333333336,19.333333333333332,4.666666666666667,0.40399999999999997
2022-23,Kyle Kuzma,1628398,-13,35.0,27.0,7.0,0.45
2022-23,Kyle Kuzma,1628398,-12,37.0,21.0,1.0,0.444
2022-23,Kyle Kuzma,1628398,-10,32.0,26.0,4.0,0.476
2022-23,Kyle Kuzma,1628398,-9,39.0,25.0,1.5,0.4625
2022-23,Kyle Kuzma,1628398,-8,40.0,23.0,3.0,0.435
2022-23,Kyle Kuzma,1628398,-6,41.0,16.0,1.0,0.417
2022-23,Kyle Kuzma,1628398,-5,35.8,20.0,3.2,0.46099999999999997
2022-23,Kyle Kuzma,1628398,-4,37.5,17.0,4.0,0.432
2022-23,Kyle Kuzma,1628398,-3,39.0,20.0,3.0,0.381
2022-23,Kyle Kuzma,1628398,-2,41.0,36.0,6.0,0.538
2022-23,Kyle Kuzma,1628398,-1,40.0,40.0,7.0,0.519
2022-23,Kyle Kuzma,1628398,0,39.0,25.0,3.0,0.4
2022-23,Kyle Kuzma,1628398,1,40.0,21.0,5.0,0.375
2022-23,Kyle Kuzma,1628398,2,34.0,18.0,3.5,0.5175000000000001
2022-23,Kyle Kuzma,1628398,3,34.0,16.0,1.0,0.286
2022-23,Kyle Kuzma,1628398,4,38.0,13.5,4.0,0.4455
2022-23,Kyle Kuzma,1628398,5,33.666666666666664,23.0,3.3333333333333335,0.5023333333333334
2022-23,Kyle Kuzma,1628398,6,35.0,22.75,2.0,0.5075
2022-23,Kyle Kuzma,1628398,7,35.666666666666664,26.333333333333332,4.333333333333333,0.49100000000000005
2022-23,Kyle Kuzma,1628398,8,36.0,30.0,2.0,0.522
2022-23,Kyle Kuzma,1628398,9,34.0,30.0,5.0,0.417
2022-23,Kyle Kuzma,1628398,10,32.5,14.5,2.0,0.4355
2022-23,Kyle Kuzma,1628398,11,37.0,22.333333333333332,3.0,0.45566666666666666
2022-23,Kyle Kuzma,1628398,12,33.0,23.0,6.0,0.421
2022-23,Kyle Kuzma,1628398,13,38.0,18.0,9.0,0.467
2022-23,Kyle Kuzma,1628398,14,31.0,23.0,6.0,0.563
2022-23,Kyle Kuzma,1628398,17,33.0,10.0,11.0,0.313
2022-23,Kyle Kuzma,1628398,18,35.0,33.0,2.0,0.55
2022-23,Kyle Kuzma,1628398,19,31.0,25.0,6.0,0.45
2022-23,Kyle Kuzma,1628398,20,36.0,27.0,7.0,0.458
2022-23,Kyle Kuzma,1628398,23,27.0,25.0,1.0,0.529
2022-23,Kyle Kuzma,1628398,28,30.0,23.0,9.0,0.563
2022-23,Kyle Kuzma,1628398,34,35.0,22.0,7.0,0.471
2022-23,Kyle Lowry,200768,-21,31.0,9.0,3.0,0.2
2022-23,Kyle Lowry,200768,-17,30.0,7.5,3.0,0.3215
2022-23,Kyle Lowry,200768,-16,33.0,8.0,6.0,0.167
2022-23,Kyle Lowry,200768,-13,34.0,2.0,4.0,0.143
2022-23,Kyle Lowry,200768,-12,32.0,13.0,5.5,0.49
2022-23,Kyle Lowry,200768,-10,29.0,8.0,7.0,0.3215
2022-23,Kyle Lowry,200768,-9,33.0,12.0,8.0,0.4
2022-23,Kyle Lowry,200768,-7,37.0,19.5,6.5,0.513
2022-23,Kyle Lowry,200768,-6,32.0,3.0,3.0,0.2
2022-23,Kyle Lowry,200768,-5,30.0,10.0,3.5,0.4145
2022-23,Kyle Lowry,200768,-4,29.5,10.0,6.0,0.479
2022-23,Kyle Lowry,200768,-3,30.333333333333332,10.0,5.0,0.4126666666666667
2022-23,Kyle Lowry,200768,-2,37.0,10.0,3.0,0.111
2022-23,Kyle Lowry,200768,-1,36.0,15.0,5.0,0.375
2022-23,Kyle Lowry,200768,0,33.75,8.25,4.25,0.32275
2022-23,Kyle Lowry,200768,1,35.0,19.0,2.0,0.667
2022-23,Kyle Lowry,200768,2,33.333333333333336,11.666666666666666,4.666666666666667,0.32766666666666666
2022-23,Kyle Lowry,200768,3,34.0,21.0,5.0,0.5
2022-23,Kyle Lowry,200768,4,40.5,14.0,9.5,0.274
2022-23,Kyle Lowry,200768,5,28.0,10.2,5.2,0.38780000000000003
2022-23,Kyle Lowry,200768,6,23.0,14.0,3.0,0.556
2022-23,Kyle Lowry,200768,7,38.5,13.5,6.5,0.46399999999999997
2022-23,Kyle Lowry,200768,8,26.0,17.0,6.0,0.625
2022-23,Kyle Lowry,200768,10,29.0,17.0,2.0,0.667
2022-23,Kyle Lowry,200768,11,34.0,15.5,4.5,0.444
2022-23,Kyle Lowry,200768,13,32.0,9.0,9.0,0.222
2022-23,Kyle Lowry,200768,14,25.666666666666668,8.666666666666666,6.333333333333333,0.4306666666666667
2022-23,Kyle Lowry,200768,15,22.0,7.0,4.0,0.6
2022-23,Kyle Lowry,200768,19,35.0,28.0,3.0,0.583
2022-23,Kyle Lowry,200768,27,22.0,11.0,7.0,0.8
2022-23,Kyle Lowry,200768,28,25.0,7.0,6.0,1.0
2022-23,Kyrie Irving,202681,-31,31.0,20.0,4.0,0.5
2022-23,Kyrie Irving,202681,-18,34.0,15.0,5.0,0.316
2022-23,Kyrie Irving,202681,-16,40.0,18.0,5.0,0.333
2022-23,Kyrie Irving,202681,-14,34.5,14.5,7.5,0.292
2022-23,Kyrie Irving,202681,-11,38.0,24.0,6.0,0.375
2022-23,Kyrie Irving,202681,-10,38.0,18.0,7.0,0.375
2022-23,Kyrie Irving,202681,-9,36.0,26.5,3.5,0.47150000000000003
2022-23,Kyrie Irving,202681,-8,35.0,18.0,3.0,0.333
2022-23,Kyrie Irving,202681,-7,33.0,28.0,0.0,0.417
2022-23,Kyrie Irving,202681,-6,39.666666666666664,30.666666666666668,6.333333333333333,0.519
2022-23,Kyrie Irving,202681,-5,36.0,30.0,7.0,0.526
2022-23,Kyrie Irving,202681,-4,38.0,40.0,6.0,0.519
2022-23,Kyrie Irving,202681,-3,38.0,38.5,3.5,0.5085
2022-23,Kyrie Irving,202681,-2,38.0,30.0,7.0,0.407
2022-23,Kyrie Irving,202681,-1,40.0,23.0,5.0,0.471
2022-23,Kyrie Irving,202681,0,40.0,31.0,5.0,0.504
2022-23,Kyrie Irving,202681,1,38.5,28.0,5.0,0.5615
2022-23,Kyrie Irving,202681,2,36.0,27.0,5.5,0.5309999999999999
2022-23,Kyrie Irving,202681,3,34.0,33.0,9.0,0.583
2022-23,Kyrie Irving,202681,4,40.0,19.0,7.0,0.469
2022-23,Kyrie Irving,202681,5,38.0,27.0,5.0,0.429
2022-23,Kyrie Irving,202681,6,38.0,20.0,3.0,0.529
2022-23,Kyrie Irving,202681,7,38.333333333333336,28.333333333333332,7.333333333333333,0.5001666666666666
2022-23,Kyrie Irving,202681,8,39.5,23.5,8.5,0.4555
2022-23,Kyrie Irving,202681,9,36.0,24.0,5.0,0.412
2022-23,Kyrie Irving,202681,10,38.0,26.0,6.0,0.438
2022-23,Kyrie Irving,202681,11,35.666666666666664,30.0,5.0,0.5723333333333334
2022-23,Kyrie Irving,202681,13,39.0,33.0,3.0,0.524
2022-23,Kyrie Irving,202681,14,42.0,28.0,6.0,0.474
2022-23,Kyrie Irving,202681,15,42.0,40.0,6.0,0.682
2022-23,Kyrie Irving,202681,16,27.0,21.5,1.5,0.5525
2022-23,Kyrie Irving,202681,17,41.0,32.0,9.0,0.444
2022-23,Kyrie Irving,202681,18,39.0,32.0,5.0,0.579
2022-23,Kyrie Irving,202681,21,35.0,18.0,6.0,0.333
2022-23,Kyrie Irving,202681,22,40.0,34.0,8.0,0.5015000000000001
2022-23,Kyrie Irving,202681,23,39.0,48.0,6.0,0.621
2022-23,Kyrie Irving,202681,26,29.0,16.0,6.0,0.636
2022-23,Kyrie Irving,202681,28,28.0,27.0,0.0,0.786
2022-23,Kyrie Irving,202681,34,29.0,23.0,6.0,0.615
2022-23,LaMelo Ball,1630163,-25,37.0,25.0,12.0,0.385
2022-23,LaMelo Ball,1630163,-21,34.5,25.5,6.5,0.4545
2022-23,LaMelo Ball,1630163,-18,31.0,20.0,6.0,0.3505
2022-23,LaMelo Ball,1630163,-17,37.0,33.0,6.0,0.542
2022-23,LaMelo Ball,1630163,-16,36.5,25.5,10.5,0.397
2022-23,LaMelo Ball,1630163,-15,35.0,23.0,12.0,0.304
2022-23,LaMelo Ball,1630163,-14,35.0,31.0,5.0,0.476
2022-23,LaMelo Ball,1630163,-12,39.0,23.0,8.0,0.304
2022-23,LaMelo Ball,1630163,-8,33.8,21.0,7.6,0.43879999999999997
2022-23,LaMelo Ball,1630163,-7,39.0,31.5,8.0,0.493
2022-23,LaMelo Ball,1630163,-5,37.0,22.5,11.5,0.38
2022-23,LaMelo Ball,1630163,-2,33.5,19.0,6.5,0.29800000000000004
2022-23,LaMelo Ball,1630163,-1,35.0,19.0,6.0,0.444
2022-23,LaMelo Ball,1630163,0,37.5,25.5,9.0,0.397
2022-23,LaMelo Ball,1630163,3,23.5,18.0,8.0,0.362
2022-23,LaMelo Ball,1630163,5,40.0,24.5,14.0,0.4525
2022-23,LaMelo Ball,1630163,7,35.0,16.0,4.0,0.375
2022-23,LaMelo Ball,1630163,10,39.0,32.0,8.0,0.524
2022-23,LaMelo Ball,1630163,14,28.0,22.5,7.0,0.6335
2022-23,LaMelo Ball,1630163,15,37.0,15.0,8.0,0.133
2022-23,LaMelo Ball,1630163,16,34.0,23.0,11.0,0.5
2022-23,LaMelo Ball,1630163,20,35.0,24.0,12.0,0.381
2022-23,Lamar Stevens,1630205,-16,33.0,10.0,0.0,0.3
2022-23,Lamar Stevens,1630205,-15,28.0,3.0,1.0,0.2
2022-23,Lamar Stevens,1630205,-13,22.0,6.0,1.0,0.286
2022-23,Lamar Stevens,1630205,-11,21.0,0.0,1.0,0.0
2022-23,Lamar Stevens,1630205,-9,24.0,0.0,0.0,0.0
2022-23,Lamar Stevens,1630205,-8,24.0,6.333333333333333,0.6666666666666666,0.4286666666666667
2022-23,Lamar Stevens,1630205,-7,21.0,9.0,1.0,0.667
2022-23,Lamar Stevens,1630205,-2,30.0,15.0,1.0,0.5
2022-23,Lamar Stevens,1630205,-1,24.0,9.5,1.0,0.4875
2022-23,Lamar Stevens,1630205,0,26.0,8.0,0.0,0.571
2022-23,Lamar Stevens,1630205,1,25.666666666666668,8.666666666666666,0.0,0.6443333333333333
2022-23,Lamar Stevens,1630205,2,24.0,8.0,0.0,0.4
2022-23,Lamar Stevens,1630205,5,40.0,4.0,0.0,0.333
2022-23,Lamar Stevens,1630205,7,30.0,9.0,0.0,0.667
2022-23,Lamar Stevens,1630205,8,26.0,7.0,4.0,0.4
2022-23,Lamar Stevens,1630205,12,22.0,8.0,1.0,0.5
2022-23,Lamar Stevens,1630205,13,28.0,12.0,1.0,0.4285
2022-23,Lamar Stevens,1630205,15,31.0,10.0,1.0,0.444
2022-23,Lamar Stevens,1630205,17,26.0,2.0,1.0,0.2
2022-23,Lamar Stevens,1630205,22,38.0,18.0,2.0,0.533
2022-23,Landry Shamet,1629013,-28,25.0,9.0,6.0,0.222
2022-23,Landry Shamet,1629013,-18,33.0,11.0,3.0,0.286
2022-23,Landry Shamet,1629013,-17,31.0,15.0,3.0,0.375
2022-23,Landry Shamet,1629013,-14,33.0,11.0,3.0,0.444
2022-23,Landry Shamet,1629013,-7,28.333333333333332,11.333333333333334,2.6666666666666665,0.35633333333333334
2022-23,Landry Shamet,1629013,-2,20.0,10.0,2.0,0.75
2022-23,Landry Shamet,1629013,0,36.0,14.0,3.0,0.333
2022-23,Landry Shamet,1629013,3,38.0,31.0,6.0,0.5
2022-23,Landry Shamet,1629013,4,35.0,31.0,5.0,0.476
2022-23,Landry Shamet,1629013,9,22.0,7.0,5.0,0.222
2022-23,Landry Shamet,1629013,14,20.0,6.0,1.0,0.4
2022-23,Landry Shamet,1629013,15,29.0,13.0,2.0,0.333
2022-23,Larry Nance Jr.,1626204,-21,23.0,4.0,3.0,0.286
2022-23,Larry Nance Jr.,1626204,-15,22.0,8.0,1.0,1.0
2022-23,Larry Nance Jr.,1626204,-13,21.0,4.0,3.0,0.667
2022-23,Larry Nance Jr.,1626204,-10,24.0,10.0,1.0,0.4
2022-23,Larry Nance Jr.,1626204,-7,29.0,13.0,1.0,0.667
2022-23,Larry Nance Jr.,1626204,-6,22.75,5.75,1.0,0.41675
2022-23,Larry Nance Jr.,1626204,-4,26.0,11.0,2.0,0.8
2022-23,Larry Nance Jr.,1626204,-3,26.0,12.0,4.0,0.714
2022-23,Larry Nance Jr.,1626204,-2,23.0,11.0,1.0,0.833
2022-23,Larry Nance Jr.,1626204,0,27.0,12.0,2.0,0.771
2022-23,Larry Nance Jr.,1626204,4,23.0,4.75,0.75,0.35
2022-23,Larry Nance Jr.,1626204,5,23.0,4.0,0.0,1.0
2022-23,Larry Nance Jr.,1626204,6,25.666666666666668,8.333333333333334,2.6666666666666665,0.639
2022-23,Larry Nance Jr.,1626204,7,26.0,12.0,3.0,0.741
2022-23,Larry Nance Jr.,1626204,9,23.5,9.0,3.0,0.5
2022-23,Larry Nance Jr.,1626204,10,27.333333333333332,11.0,2.3333333333333335,0.6890000000000001
2022-23,Larry Nance Jr.,1626204,11,26.666666666666668,10.666666666666666,3.3333333333333335,0.519
2022-23,Larry Nance Jr.,1626204,14,26.0,10.0,1.0,0.833
2022-23,Larry Nance Jr.,1626204,16,30.0,19.0,2.0,0.8
2022-23,Larry Nance Jr.,1626204,17,20.0,4.0,0.0,0.667
2022-23,Larry Nance Jr.,1626204,19,23.0,15.0,3.0,0.778
2022-23,Larry Nance Jr.,1626204,22,28.0,20.0,1.0,0.833
2022-23,Larry Nance Jr.,1626204,30,25.0,6.0,3.0,0.5
2022-23,Lauri Markkanen,1628374,-32,23.0,21.0,3.0,0.5
2022-23,Lauri Markkanen,1628374,-26,29.0,20.0,2.0,0.429
2022-23,Lauri Markkanen,1628374,-23,33.5,18.0,0.5,0.55
2022-23,Lauri Markkanen,1628374,-21,33.5,23.0,1.0,0.5415
2022-23,Lauri Markkanen,1628374,-16,33.0,40.0,3.0,0.609
2022-23,Lauri Markkanen,1628374,-15,34.0,15.0,0.0,0.462
2022-23,Lauri Markkanen,1628374,-14,28.0,18.0,2.0,0.583
2022-23,Lauri Markkanen,1628374,-12,31.0,32.0,0.0,0.5
2022-23,Lauri Markkanen,1628374,-10,25.0,17.0,1.0,0.5
2022-23,Lauri Markkanen,1628374,-9,39.0,33.0,2.0,0.6
2022-23,Lauri Markkanen,1628374,-6,36.0,28.0,1.0,0.4
2022-23,Lauri Markkanen,1628374,-4,35.0,25.0,2.0,0.273
2022-23,Lauri Markkanen,1628374,-3,37.666666666666664,25.333333333333332,2.0,0.5026666666666667
2022-23,Lauri Markkanen,1628374,-2,34.5,27.5,1.5,0.491
2022-23,Lauri Markkanen,1628374,-1,35.0,31.0,0.3333333333333333,0.5573333333333333
2022-23,Lauri Markkanen,1628374,0,32.5,24.5,2.0,0.522
2022-23,Lauri Markkanen,1628374,1,33.333333333333336,27.0,1.6666666666666667,0.4323333333333334
2022-23,Lauri Markkanen,1628374,2,34.666666666666664,22.666666666666668,1.3333333333333333,0.4003333333333334
2022-23,Lauri Markkanen,1628374,3,35.0,22.666666666666668,1.0,0.507
2022-23,Lauri Markkanen,1628374,4,32.5,22.0,4.0,0.5145
2022-23,Lauri Markkanen,1628374,5,34.5,33.0,2.0,0.631
2022-23,Lauri Markkanen,1628374,6,36.666666666666664,25.0,2.0,0.5216666666666666
2022-23,Lauri Markkanen,1628374,7,36.0,26.6,2.2,0.45640000000000003
2022-23,Lauri Markkanen,1628374,8,34.5,23.0,2.5,0.43200000000000005
2022-23,Lauri Markkanen,1628374,9,37.0,23.0,5.0,0.429
2022-23,Lauri Markkanen,1628374,10,34.0,24.0,3.0,0.667
2022-23,Lauri Markkanen,1628374,11,34.0,23.0,2.0,0.381
2022-23,Lauri Markkanen,1628374,12,37.5,23.5,3.0,0.48950000000000005
2022-23,Lauri Markkanen,1628374,13,34.0,31.0,2.0,0.5
2022-23,Lauri Markkanen,1628374,14,35.0,30.333333333333332,2.3333333333333335,0.5596666666666666
2022-23,Lauri Markkanen,1628374,15,31.0,31.0,2.0,0.733
2022-23,Lauri Markkanen,1628374,16,32.5,31.0,2.5,0.5055000000000001
2022-23,Lauri Markkanen,1628374,17,35.0,13.0,3.0,0.136
2022-23,Lauri Markkanen,1628374,19,33.0,24.0,3.0,0.533
2022-23,Lauri Markkanen,1628374,20,35.0,38.0,1.0,0.65
2022-23,Lauri Markkanen,1628374,22,29.0,21.0,1.0,0.5
2022-23,Lauri Markkanen,1628374,23,31.0,22.0,1.5,0.5355
2022-23,Lauri Markkanen,1628374,26,33.0,34.0,1.0,0.55
2022-23,LeBron James,2544,-17,32.0,30.0,5.0,0.545
2022-23,LeBron James,2544,-16,36.0,32.0,9.0,0.44
2022-23,LeBron James,2544,-14,33.5,33.5,5.5,0.5115000000000001
2022-23,LeBron James,2544,-13,37.0,28.0,5.0,0.417
2022-23,LeBron James,2544,-11,34.0,17.0,8.0,0.368
2022-23,LeBron James,2544,-10,37.666666666666664,29.0,7.0,0.507
2022-23,LeBron James,2544,-8,33.0,27.0,4.0,0.565
2022-23,LeBron James,2544,-7,36.333333333333336,25.666666666666668,6.0,0.42133333333333334
2022-23,LeBron James,2544,-6,33.0,34.0,8.0,0.652
2022-23,LeBron James,2544,-5,39.0,27.0,6.0,0.455
2022-23,LeBron James,2544,-4,33.0,28.0,8.0,0.553
2022-23,LeBron James,2544,-3,40.5,31.5,6.0,0.4225
2022-23,LeBron James,2544,-1,35.0,23.0,7.0,0.4335
2022-23,LeBron James,2544,0,36.0,26.0,3.0,0.435
2022-23,LeBron James,2544,1,44.0,41.0,8.0,0.5
2022-23,LeBron James,2544,2,35.333333333333336,29.666666666666668,8.0,0.5033333333333333
2022-23,LeBron James,2544,3,32.0,18.0,6.0,0.368
2022-23,LeBron James,2544,4,29.0,19.0,3.0,0.545
2022-23,LeBron James,2544,5,39.0,20.0,8.0,0.391
2022-23,LeBron James,2544,6,37.0,28.0,11.0,0.444
2022-23,LeBron James,2544,8,32.0,32.333333333333336,5.333333333333333,0.6056666666666667
2022-23,LeBron James,2544,9,37.5,33.0,6.0,0.498
2022-23,LeBron James,2544,10,39.0,33.0,9.0,0.551
2022-23,LeBron James,2544,11,29.0,16.0,6.0,0.316
2022-23,LeBron James,2544,12,35.5,36.0,9.5,0.5965
2022-23,LeBron James,2544,13,34.0,29.0,6.0,0.462
2022-23,LeBron James,2544,14,29.0,21.0,6.0,0.5
2022-23,LeBron James,2544,15,37.0,37.0,7.0,0.5
2022-23,LeBron James,2544,16,33.0,21.0,5.0,0.471
2022-23,LeBron James,2544,17,35.0,37.0,4.0,0.583
2022-23,LeBron James,2544,18,36.0,35.0,5.0,0.583
2022-23,LeBron James,2544,19,35.0,41.5,9.5,0.6335
2022-23,LeBron James,2544,20,33.0,36.0,6.0,0.52
2022-23,LeBron James,2544,22,34.0,20.5,9.5,0.345
2022-23,LeBron James,2544,23,30.0,21.5,7.5,0.485
2022-23,LeBron James,2544,26,35.0,30.0,4.0,0.619
2022-23,Lindell Wigginton,1629623,-27,41.0,25.0,11.0,0.5
2022-23,Lindell Wigginton,1629623,-10,27.0,17.0,1.0,0.625
2022-23,Lindy Waters III,1630322,-14,22.0,6.0,1.0,0.286
2022-23,Lindy Waters III,1630322,-13,30.0,23.0,2.0,0.5
2022-23,Lindy Waters III,1630322,5,22.0,7.0,1.0,0.429
2022-23,Lindy Waters III,1630322,11,23.0,8.0,1.0,0.286
2022-23,Lindy Waters III,1630322,15,20.0,8.0,1.0,0.5
2022-23,Lindy Waters III,1630322,32,26.0,9.0,2.0,0.429
2022-23,Lonnie Walker IV,1629022,-37,25.0,12.0,0.0,0.313
2022-23,Lonnie Walker IV,1629022,-27,30.0,15.0,1.0,0.429
2022-23,Lonnie Walker IV,1629022,-25,22.0,13.0,0.0,0.444
2022-23,Lonnie Walker IV,1629022,-18,23.0,7.0,0.0,0.5
2022-23,Lonnie Walker IV,1629022,-17,20.0,0.0,1.0,0.0
2022-23,Lonnie Walker IV,1629022,-15,30.0,13.0,2.0,0.381
2022-23,Lonnie Walker IV,1629022,-14,33.0,19.0,1.0,0.571
2022-23,Lonnie Walker IV,1629022,-13,29.0,5.0,5.0,0.286
2022-23,Lonnie Walker IV,1629022,-12,30.0,17.5,1.5,0.4425
2022-23,Lonnie Walker IV,1629022,-6,33.0,18.0,0.5,0.5640000000000001
2022-23,Lonnie Walker IV,1629022,-4,27.666666666666668,15.0,2.0,0.439
2022-23,Lonnie Walker IV,1629022,-3,28.5,10.0,1.5,0.35
2022-23,Lonnie Walker IV,1629022,-1,30.5,22.0,1.0,0.5135
2022-23,Lonnie Walker IV,1629022,0,28.666666666666668,17.666666666666668,2.3333333333333335,0.4526666666666667
2022-23,Lonnie Walker IV,1629022,1,28.0,9.0,0.0,0.429
2022-23,Lonnie Walker IV,1629022,2,26.5,14.0,1.0,0.5
2022-23,Lonnie Walker IV,1629022,3,38.0,19.0,2.0,0.7
2022-23,Lonnie Walker IV,1629022,5,32.0,15.0,1.0,0.538
2022-23,Lonnie Walker IV,1629022,8,33.5,21.5,1.0,0.4185
2022-23,Lonnie Walker IV,1629022,10,24.0,20.0,1.0,0.7
2022-23,Lonnie Walker IV,1629022,15,35.0,18.0,2.0,0.429
2022-23,Lonnie Walker IV,1629022,18,33.0,18.0,2.0,0.438
2022-23,Lonnie Walker IV,1629022,20,30.0,25.0,0.0,0.6
2022-23,Lonnie Walker IV,1629022,23,27.0,14.0,2.0,0.5
2022-23,Louis King,1629663,2,28.0,20.0,2.0,0.615
2022-23,Luguentz Dort,1629652,-29,24.5,13.5,1.0,0.311
2022-23,Luguentz Dort,1629652,-28,21.0,11.0,2.0,0.286
2022-23,Luguentz Dort,1629652,-19,24.0,13.0,0.0,0.385
2022-23,Luguentz Dort,1629652,-18,30.0,13.0,2.0,0.344
2022-23,Luguentz Dort,1629652,-16,24.0,3.0,7.0,0.2
2022-23,Luguentz Dort,1629652,-15,23.0,3.0,4.0,0.143
2022-23,Luguentz Dort,1629652,-14,30.0,13.0,1.0,0.273
2022-23,Luguentz Dort,1629652,-13,35.0,17.0,2.0,0.4
2022-23,Luguentz Dort,1629652,-12,30.0,15.0,1.0,0.417
2022-23,Luguentz Dort,1629652,-11,26.0,4.0,1.0,0.25
2022-23,Luguentz Dort,1629652,-10,21.0,7.0,1.0,0.3
2022-23,Luguentz Dort,1629652,-9,31.0,13.0,0.0,0.375
2022-23,Luguentz Dort,1629652,-8,31.0,18.0,1.0,0.412
2022-23,Luguentz Dort,1629652,-7,28.6,20.0,2.0,0.5416000000000001
2022-23,Luguentz Dort,1629652,-6,30.5,11.5,4.5,0.20650000000000002
2022-23,Luguentz Dort,1629652,-5,32.333333333333336,13.333333333333334,2.3333333333333335,0.338
2022-23,Luguentz Dort,1629652,-4,31.4,14.4,3.4,0.43620000000000003
2022-23,Luguentz Dort,1629652,-3,33.0,14.5,2.0,0.349
2022-23,Luguentz Dort,1629652,-2,30.333333333333332,9.0,1.3333333333333333,0.32233333333333336
2022-23,Luguentz Dort,1629652,-1,32.0,15.5,1.5,0.472
2022-23,Luguentz Dort,1629652,0,29.0,3.0,2.0,0.091
2022-23,Luguentz Dort,1629652,1,35.2,12.2,2.0,0.31239999999999996
2022-23,Luguentz Dort,1629652,2,32.5,8.0,0.5,0.1805
2022-23,Luguentz Dort,1629652,3,36.0,17.0,1.0,0.294
2022-23,Luguentz Dort,1629652,4,35.0,22.0,2.0,0.6
2022-23,Luguentz Dort,1629652,5,35.75,13.75,2.25,0.34675
2022-23,Luguentz Dort,1629652,6,33.333333333333336,14.0,1.6666666666666667,0.35566666666666663
2022-23,Luguentz Dort,1629652,9,38.0,20.0,1.0,0.467
2022-23,Luguentz Dort,1629652,11,34.0,19.666666666666668,3.0,0.44366666666666665
2022-23,Luguentz Dort,1629652,12,24.0,11.0,2.0,0.4
2022-23,Luguentz Dort,1629652,13,24.0,6.0,1.0,0.143
2022-23,Luguentz Dort,1629652,15,34.0,24.0,1.0,0.563
2022-23,Luguentz Dort,1629652,16,22.0,15.5,3.0,0.6605
2022-23,Luguentz Dort,1629652,18,35.5,14.5,4.5,0.425
2022-23,Luguentz Dort,1629652,19,33.0,19.0,3.0,0.5
2022-23,Luguentz Dort,1629652,21,24.0,15.0,3.0,0.556
2022-23,Luguentz Dort,1629652,23,40.0,16.0,2.0,0.5
2022-23,Luguentz Dort,1629652,25,25.0,4.0,0.0,0.091
2022-23,Luguentz Dort,1629652,30,20.0,18.0,1.0,1.0
2022-23,Luguentz Dort,1629652,31,28.0,23.0,3.0,0.533
2022-23,Luguentz Dort,1629652,32,28.0,22.0,1.0,0.571
2022-23,Luka Doncic,1629029,-25,40.0,31.0,10.0,0.348
2022-23,Luka Doncic,1629029,-23,38.0,29.0,4.0,0.429
2022-23,Luka Doncic,1629029,-20,35.0,26.5,4.5,0.34750000000000003
2022-23,Luka Doncic,1629029,-17,35.0,15.0,10.0,0.368
2022-23,Luka Doncic,1629029,-16,36.0,35.0,6.0,0.435
2022-23,Luka Doncic,1629029,-14,28.0,19.0,7.0,0.294
2022-23,Luka Doncic,1629029,-13,40.0,38.5,9.5,0.5635
2022-23,Luka Doncic,1629029,-12,35.0,35.0,7.5,0.5225
2022-23,Luka Doncic,1629029,-11,37.5,37.0,6.0,0.381
2022-23,Luka Doncic,1629029,-10,35.0,27.0,12.0,0.5
2022-23,Luka Doncic,1629029,-9,42.0,43.0,7.0,0.545
2022-23,Luka Doncic,1629029,-8,36.0,26.0,5.0,0.455
2022-23,Luka Doncic,1629029,-7,37.0,24.0,8.0,0.45
2022-23,Luka Doncic,1629029,-6,41.5,32.0,7.0,0.5305
2022-23,Luka Doncic,1629029,-5,39.0,30.0,8.0,0.474
2022-23,Luka Doncic,1629029,-4,27.0,15.0,8.0,0.286
2022-23,Luka Doncic,1629029,-3,35.0,28.5,8.5,0.45499999999999996
2022-23,Luka Doncic,1629029,-2,37.0,40.0,6.0,0.556
2022-23,Luka Doncic,1629029,-1,40.0,28.0,7.5,0.4515
2022-23,Luka Doncic,1629029,0,42.0,50.0,10.0,0.567
2022-23,Luka Doncic,1629029,1,36.333333333333336,32.0,7.333333333333333,0.47300000000000003
2022-23,Luka Doncic,1629029,2,39.5,27.5,9.25,0.48125
2022-23,Luka Doncic,1629029,4,39.0,35.0,5.0,0.5
2022-23,Luka Doncic,1629029,6,36.333333333333336,37.333333333333336,9.333333333333334,0.5293333333333333
2022-23,Luka Doncic,1629029,7,39.4,38.4,10.2,0.5054000000000001
2022-23,Luka Doncic,1629029,8,34.0,38.666666666666664,7.0,0.625
2022-23,Luka Doncic,1629029,9,34.5,32.0,7.0,0.428
2022-23,Luka Doncic,1629029,10,52.0,35.0,13.0,0.5
2022-23,Luka Doncic,1629029,12,38.0,29.0,6.0,0.474
2022-23,Luka Doncic,1629029,13,32.5,37.0,6.0,0.589
2022-23,Luka Doncic,1629029,16,28.0,33.0,9.0,0.611
2022-23,Luka Doncic,1629029,17,22.0,31.0,4.0,0.632
2022-23,Luka Doncic,1629029,19,34.0,35.0,13.0,0.524
2022-23,Luka Doncic,1629029,20,36.0,38.666666666666664,11.333333333333334,0.5636666666666666
2022-23,Luka Doncic,1629029,22,39.0,41.0,12.0,0.519
2022-23,Luka Doncic,1629029,24,39.0,32.0,9.0,0.563
2022-23,Luka Doncic,1629029,25,34.0,33.0,11.0,0.5
2022-23,Luka Doncic,1629029,29,37.0,34.0,7.0,0.5
2022-23,Luka Doncic,1629029,31,29.0,32.0,10.0,0.522
2022-23,Luka Garza,1630568,-16,21.0,19.0,2.0,0.5
2022-23,Luka Garza,1630568,12,23.0,25.0,3.0,0.692
2022-23,Luka Samanic,1629677,-21,29.0,9.0,3.0,0.286
2022-23,Luka Samanic,1629677,-2,22.0,12.0,2.0,0.833
2022-23,Luka Samanic,1629677,4,30.0,8.0,4.0,0.375
2022-23,Luka Samanic,1629677,10,30.0,23.0,1.0,0.643
2022-23,Luka Samanic,1629677,14,24.0,9.0,4.0,0.25
2022-23,Luke Kennard,1628379,-26,21.0,11.0,1.0,0.5
2022-23,Luke Kennard,1628379,-21,23.0,4.0,2.0,0.222
2022-23,Luke Kennard,1628379,-19,21.0,4.0,1.0,0.25
2022-23,Luke Kennard,1628379,-16,24.0,9.0,0.0,0.6
2022-23,Luke Kennard,1628379,-15,22.0,7.0,0.0,0.6
2022-23,Luke Kennard,1628379,-11,20.0,0.0,1.0,0.0
2022-23,Luke Kennard,1628379,-8,32.0,12.0,2.0,0.556
2022-23,Luke Kennard,1628379,-5,25.5,6.5,2.0,0.3575
2022-23,Luke Kennard,1628379,-2,28.0,15.0,4.0,0.714
2022-23,Luke Kennard,1628379,-1,22.0,9.5,1.0,0.548
2022-23,Luke Kennard,1628379,2,24.333333333333332,12.0,1.6666666666666667,0.506
2022-23,Luke Kennard,1628379,3,27.666666666666668,12.666666666666666,3.0,0.5416666666666666
2022-23,Luke Kennard,1628379,4,22.0,14.0,5.0,0.5
2022-23,Luke Kennard,1628379,5,20.0,11.0,0.0,0.571
2022-23,Luke Kennard,1628379,6,24.0,13.0,1.0,0.5
2022-23,Luke Kennard,1628379,7,28.0,14.0,1.5,0.5415
2022-23,Luke Kennard,1628379,9,26.0,12.333333333333334,1.3333333333333333,0.44733333333333336
2022-23,Luke Kennard,1628379,10,20.0,9.0,2.0,0.6
2022-23,Luke Kennard,1628379,15,27.0,11.0,0.0,0.364
2022-23,Luke Kennard,1628379,16,22.5,11.0,0.0,0.646
2022-23,Luke Kennard,1628379,17,21.0,8.0,3.0,0.333
2022-23,Luke Kennard,1628379,18,24.0,10.0,3.0,0.4365
2022-23,Luke Kennard,1628379,19,28.5,14.5,2.0,0.5225
2022-23,Luke Kennard,1628379,21,29.0,14.666666666666666,3.3333333333333335,0.64
2022-23,Luke Kennard,1628379,24,34.0,20.0,2.0,0.545
2022-23,Luke Kennard,1628379,28,23.0,30.0,3.0,0.909
2022-23,Luke Kornet,1628436,-8,22.0,12.0,1.0,0.5
2022-23,Luke Kornet,1628436,-3,26.0,12.0,3.0,1.0
2022-23,Luke Kornet,1628436,-2,32.0,12.0,6.0,0.5
2022-23,Luke Kornet,1628436,3,25.0,8.0,3.0,0.8
2022-23,Luke Kornet,1628436,4,20.0,8.0,1.0,0.6
2022-23,Luke Kornet,1628436,6,28.0,8.0,1.0,1.0
2022-23,Luke Kornet,1628436,7,24.666666666666668,7.0,1.6666666666666667,0.6666666666666666
2022-23,Mac McClung,1630644,29,33.0,20.0,9.0,0.471
2022-23,Malachi Flynn,1630201,-19,30.0,8.0,3.0,0.25
2022-23,Malachi Flynn,1630201,-9,37.0,16.0,2.0,0.375
2022-23,Malachi Flynn,1630201,1,22.0,9.0,3.0,0.429
2022-23,Malachi Flynn,1630201,3,28.0,13.0,1.0,0.455
2022-23,Malachi Flynn,1630201,5,27.5,8.0,2.5,0.41700000000000004
2022-23,Malachi Flynn,1630201,9,28.0,17.0,3.0,0.583
2022-23,Malachi Flynn,1630201,10,22.0,8.0,1.0,0.333
2022-23,Malachi Flynn,1630201,11,36.0,20.0,4.0,0.5
2022-23,Malachi Flynn,1630201,16,25.0,8.0,2.0,0.375
2022-23,Malaki Branham,1631103,-26,24.0,15.0,1.0,0.538
2022-23,Malaki Branham,1631103,-23,26.0,5.0,3.0,0.333
2022-23,Malaki Branham,1631103,-22,28.0,4.0,3.0,0.25
2022-23,Malaki Branham,1631103,-21,26.5,15.25,2.75,0.50725
2022-23,Malaki Branham,1631103,-20,24.0,8.0,2.0,0.333
2022-23,Malaki Branham,1631103,-19,23.0,6.5,3.5,0.365
2022-23,Malaki Branham,1631103,-15,30.0,13.0,1.0,0.375
2022-23,Malaki Branham,1631103,-14,23.5,7.0,0.5,0.269
2022-23,Malaki Branham,1631103,-13,26.333333333333332,14.666666666666666,1.6666666666666667,0.39966666666666667
2022-23,Malaki Branham,1631103,-12,23.5,3.0,2.0,0.21449999999999997
2022-23,Malaki Branham,1631103,-11,25.0,11.5,2.0,0.3155
2022-23,Malaki Branham,1631103,-10,30.5,14.0,3.0,0.479
2022-23,Malaki Branham,1631103,-9,30.666666666666668,17.666666666666668,1.3333333333333333,0.425
2022-23,Malaki Branham,1631103,-7,22.0,4.0,2.0,0.286
2022-23,Malaki Branham,1631103,-6,21.0,9.0,0.0,0.667
2022-23,Malaki Branham,1631103,-5,20.0,5.0,1.0,0.25
2022-23,Malaki Branham,1631103,-4,28.0,18.0,2.0,0.727
2022-23,Malaki Branham,1631103,-3,22.0,5.0,1.0,0.4
2022-23,Malaki Branham,1631103,-2,28.0,15.666666666666666,1.3333333333333333,0.5516666666666666
2022-23,Malaki Branham,1631103,0,21.0,4.0,1.0,0.4
2022-23,Malaki Branham,1631103,3,30.5,21.5,2.5,0.6905
2022-23,Malaki Branham,1631103,4,29.5,16.0,2.5,0.5625
2022-23,Malaki Branham,1631103,5,27.5,21.0,2.5,0.6125
2022-23,Malaki Branham,1631103,6,27.0,21.0,2.0,0.583
2022-23,Malaki Branham,1631103,7,26.0,14.0,3.0,0.5
2022-23,Malaki Branham,1631103,9,30.0,15.0,5.0,0.583
2022-23,Malaki Branham,1631103,10,24.0,5.0,1.0,0.286
2022-23,Malaki Branham,1631103,13,24.0,8.0,4.0,0.4
2022-23,Malaki Branham,1631103,21,26.0,7.0,2.0,0.3
2022-23,Malcolm Brogdon,1627763,-28,21.0,12.0,1.0,0.417
2022-23,Malcolm Brogdon,1627763,-24,22.0,12.0,2.0,0.385
2022-23,Malcolm Brogdon,1627763,-21,32.0,21.5,3.5,0.402
2022-23,Malcolm Brogdon,1627763,-20,21.0,6.0,0.0,0.286
2022-23,Malcolm Brogdon,1627763,-17,21.0,11.0,3.0,0.333
2022-23,Malcolm Brogdon,1627763,-14,23.0,13.0,2.0,0.545
2022-23,Malcolm Brogdon,1627763,-13,22.0,16.0,4.0,0.6
2022-23,Malcolm Brogdon,1627763,-12,21.0,5.0,6.0,0.333
2022-23,Malcolm Brogdon,1627763,-10,29.0,17.0,1.5,0.4625
2022-23,Malcolm Brogdon,1627763,-7,33.5,21.5,6.0,0.5355
2022-23,Malcolm Brogdon,1627763,-6,31.0,12.0,2.0,0.444
2022-23,Malcolm Brogdon,1627763,-5,29.5,16.5,6.0,0.4505
2022-23,Malcolm Brogdon,1627763,-3,28.333333333333332,16.333333333333332,3.3333333333333335,0.4666666666666666
2022-23,Malcolm Brogdon,1627763,-2,20.0,13.0,4.0,0.4
2022-23,Malcolm Brogdon,1627763,-1,22.0,9.0,5.0,0.6
2022-23,Malcolm Brogdon,1627763,0,26.0,21.0,1.0,0.7
2022-23,Malcolm Brogdon,1627763,1,31.0,21.5,1.5,0.47750000000000004
2022-23,Malcolm Brogdon,1627763,2,24.0,15.0,3.0,0.545
2022-23,Malcolm Brogdon,1627763,3,24.5,10.0,2.5,0.319
2022-23,Malcolm Brogdon,1627763,4,24.0,15.5,6.0,0.6375
2022-23,Malcolm Brogdon,1627763,5,29.0,18.0,7.0,0.385
2022-23,Malcolm Brogdon,1627763,6,28.5,14.0,4.5,0.5
2022-23,Malcolm Brogdon,1627763,7,27.0,16.25,2.5,0.4275
2022-23,Malcolm Brogdon,1627763,8,21.0,16.5,3.0,0.519
2022-23,Malcolm Brogdon,1627763,9,25.666666666666668,23.0,3.6666666666666665,0.5943333333333333
2022-23,Malcolm Brogdon,1627763,10,29.333333333333332,20.0,5.0,0.639
2022-23,Malcolm Brogdon,1627763,11,32.75,15.25,3.0,0.38
2022-23,Malcolm Brogdon,1627763,13,21.0,10.0,4.0,0.667
2022-23,Malcolm Brogdon,1627763,16,32.0,13.0,8.0,0.4
2022-23,Malcolm Brogdon,1627763,17,25.0,20.0,4.0,0.636
2022-23,Malcolm Brogdon,1627763,18,20.0,5.0,1.0,0.333
2022-23,Malcolm Brogdon,1627763,20,28.0,19.5,5.5,0.5355
2022-23,Malcolm Brogdon,1627763,21,20.0,8.0,4.0,0.333
2022-23,Malcolm Brogdon,1627763,22,25.0,17.5,6.5,0.5
2022-23,Malcolm Brogdon,1627763,26,22.0,21.0,6.0,0.889
2022-23,Malcolm Brogdon,1627763,41,27.0,14.0,5.0,0.462
2022-23,Malik Beasley,1627736,-32,22.0,5.0,0.0,0.143
2022-23,Malik Beasley,1627736,-21,23.5,6.5,1.0,0.22000000000000003
2022-23,Malik Beasley,1627736,-18,25.0,3.0,1.0,0.111
2022-23,Malik Beasley,1627736,-16,28.0,18.0,0.0,0.462
2022-23,Malik Beasley,1627736,-15,27.0,6.5,3.0,0.22149999999999997
2022-23,Malik Beasley,1627736,-14,30.5,9.0,0.5,0.273
2022-23,Malik Beasley,1627736,-13,22.0,5.0,3.0,0.2
2022-23,Malik Beasley,1627736,-12,20.0,10.0,1.0,0.286
2022-23,Malik Beasley,1627736,-11,27.0,18.0,2.0,0.429
2022-23,Malik Beasley,1627736,-10,27.0,15.0,1.5,0.344
2022-23,Malik Beasley,1627736,-9,22.0,7.0,1.0,0.25
2022-23,Malik Beasley,1627736,-8,27.833333333333332,17.0,2.0,0.4263333333333333
2022-23,Malik Beasley,1627736,-7,21.0,3.0,1.0,0.333
2022-23,Malik Beasley,1627736,-6,31.0,16.0,2.0,0.5083333333333333
2022-23,Malik Beasley,1627736,-5,28.5,13.0,0.0,0.34299999999999997
2022-23,Malik Beasley,1627736,-4,25.75,13.5,1.0,0.449
2022-23,Malik Beasley,1627736,-3,27.5,10.0,2.5,0.3205
2022-23,Malik Beasley,1627736,-2,35.0,14.0,4.0,0.462
2022-23,Malik Beasley,1627736,-1,30.0,15.333333333333334,1.6666666666666667,0.4306666666666667
2022-23,Malik Beasley,1627736,0,31.0,10.0,0.0,0.375
2022-23,Malik Beasley,1627736,1,24.0,12.0,2.0,0.3365
2022-23,Malik Beasley,1627736,2,20.0,4.0,2.0,0.4
2022-23,Malik Beasley,1627736,3,30.5,15.5,3.0,0.3975
2022-23,Malik Beasley,1627736,4,33.0,10.0,2.0,0.4
2022-23,Malik Beasley,1627736,5,26.0,15.666666666666666,1.3333333333333333,0.43733333333333335
2022-23,Malik Beasley,1627736,6,29.5,21.5,0.5,0.5145
2022-23,Malik Beasley,1627736,7,26.333333333333332,13.666666666666666,1.0,0.36133333333333334
2022-23,Malik Beasley,1627736,10,29.0,29.0,1.0,0.556
2022-23,Malik Beasley,1627736,11,21.0,14.0,1.0,0.625
2022-23,Malik Beasley,1627736,12,30.0,16.0,2.0,0.417
2022-23,Malik Beasley,1627736,13,27.0,19.5,1.5,0.5225
2022-23,Malik Beasley,1627736,14,26.0,18.0,4.0,0.583
2022-23,Malik Beasley,1627736,15,29.0,12.333333333333334,3.3333333333333335,0.32266666666666666
2022-23,Malik Beasley,1627736,16,26.5,12.5,0.5,0.40049999999999997
2022-23,Malik Beasley,1627736,18,31.0,24.0,3.0,0.5
2022-23,Malik Beasley,1627736,20,24.0,16.0,0.5,0.42600000000000005
2022-23,Malik Beasley,1627736,23,30.0,16.0,1.0,0.4
2022-23,Malik Beasley,1627736,26,25.0,25.0,1.0,0.563
2022-23,Malik Monk,1628370,-24,23.0,15.0,3.0,0.267
2022-23,Malik Monk,1628370,-12,26.0,11.0,6.0,0.375
2022-23,Malik Monk,1628370,-11,22.0,15.0,7.0,0.556
2022-23,Malik Monk,1628370,-9,24.0,13.5,3.0,0.3725
2022-23,Malik Monk,1628370,-8,21.666666666666668,12.333333333333334,2.6666666666666665,0.3
2022-23,Malik Monk,1628370,-7,21.0,9.0,0.0,0.5
2022-23,Malik Monk,1628370,-6,24.0,12.0,4.0,0.3073333333333333
2022-23,Malik Monk,1628370,-5,23.0,19.0,3.0,0.6
2022-23,Malik Monk,1628370,-4,24.0,12.0,4.0,0.308
2022-23,Malik Monk,1628370,-3,26.0,8.0,1.0,0.3
2022-23,Malik Monk,1628370,-2,23.333333333333332,17.0,3.3333333333333335,0.528
2022-23,Malik Monk,1628370,-1,25.5,16.0,2.0,0.453
2022-23,Malik Monk,1628370,1,20.5,15.0,5.0,0.423
2022-23,Malik Monk,1628370,2,28.0,16.0,8.0,0.4
2022-23,Malik Monk,1628370,3,25.5,12.5,5.0,0.509
2022-23,Malik Monk,1628370,4,20.0,8.0,3.0,0.429
2022-23,Malik Monk,1628370,5,27.0,18.5,5.0,0.4845
2022-23,Malik Monk,1628370,6,23.0,14.0,4.0,0.385
2022-23,Malik Monk,1628370,8,27.0,26.5,4.0,0.619
2022-23,Malik Monk,1628370,9,29.5,17.0,5.0,0.5075000000000001
2022-23,Malik Monk,1628370,10,28.0,23.333333333333332,3.3333333333333335,0.5136666666666666
2022-23,Malik Monk,1628370,11,22.0,20.0,2.0,0.5
2022-23,Malik Monk,1628370,12,25.0,22.0,5.0,0.5525
2022-23,Malik Monk,1628370,13,23.0,4.0,8.0,0.125
2022-23,Malik Monk,1628370,14,23.0,17.0,6.0,0.5
2022-23,Malik Monk,1628370,16,27.0,14.5,5.5,0.5225
2022-23,Malik Monk,1628370,18,20.0,15.0,2.0,0.6
2022-23,Malik Monk,1628370,20,26.0,15.0,5.5,0.3865
2022-23,Malik Monk,1628370,22,40.0,45.0,6.0,0.625
2022-23,Malik Monk,1628370,23,23.0,17.0,3.0,0.667
2022-23,Malik Monk,1628370,24,23.0,13.0,8.0,0.556
2022-23,Malik Monk,1628370,34,21.0,19.0,6.0,0.5
2022-23,Mamadi Diakite,1629603,9,23.0,13.0,1.0,0.714
2022-23,Mamadi Diakite,1629603,16,22.0,6.0,2.0,0.4
2022-23,MarJon Beauchamp,1630699,-24,34.0,8.0,2.0,0.308
2022-23,MarJon Beauchamp,1630699,-18,43.0,13.0,4.0,0.25
2022-23,MarJon Beauchamp,1630699,-14,27.333333333333332,12.333333333333334,1.0,0.48133333333333334
2022-23,MarJon Beauchamp,1630699,-8,21.5,7.0,1.5,0.222
2022-23,MarJon Beauchamp,1630699,-7,22.0,10.0,2.0,0.667
2022-23,MarJon Beauchamp,1630699,0,20.0,11.0,0.0,0.571
2022-23,MarJon Beauchamp,1630699,6,30.0,10.0,4.0,0.4
2022-23,MarJon Beauchamp,1630699,7,23.5,5.0,2.5,0.229
2022-23,MarJon Beauchamp,1630699,12,24.0,2.0,0.0,0.111
2022-23,MarJon Beauchamp,1630699,14,29.0,19.0,0.0,0.538
2022-23,Marcus Morris Sr.,202694,-22,26.75,12.0,1.0,0.3695
2022-23,Marcus Morris Sr.,202694,-19,37.0,18.0,3.0,0.5
2022-23,Marcus Morris Sr.,202694,-18,25.0,10.5,0.0,0.38249999999999995
2022-23,Marcus Morris Sr.,202694,-17,32.0,6.0,2.0,0.429
2022-23,Marcus Morris Sr.,202694,-16,27.0,8.0,1.0,0.3
2022-23,Marcus Morris Sr.,202694,-15,30.0,12.0,3.0,0.417
2022-23,Marcus Morris Sr.,202694,-14,26.0,11.333333333333334,1.3333333333333333,0.4443333333333333
2022-23,Marcus Morris Sr.,202694,-13,28.0,13.0,2.0,0.556
2022-23,Marcus Morris Sr.,202694,-10,29.333333333333332,18.333333333333332,1.0,0.5046666666666667
2022-23,Marcus Morris Sr.,202694,-9,24.0,6.0,3.0,0.3
2022-23,Marcus Morris Sr.,202694,-7,23.0,10.0,3.0,0.214
2022-23,Marcus Morris Sr.,202694,-5,27.0,12.0,4.0,0.417
2022-23,Marcus Morris Sr.,202694,-4,32.0,12.0,4.0,0.385
2022-23,Marcus Morris Sr.,202694,-3,31.0,13.0,1.0,0.625
2022-23,Marcus Morris Sr.,202694,-1,30.0,11.5,2.0,0.343
2022-23,Marcus Morris Sr.,202694,0,29.0,8.75,1.25,0.359
2022-23,Marcus Morris Sr.,202694,1,30.0,9.0,2.0,0.357
2022-23,Marcus Morris Sr.,202694,2,23.5,9.0,2.0,0.5
2022-23,Marcus Morris Sr.,202694,3,31.0,9.5,3.0,0.3585
2022-23,Marcus Morris Sr.,202694,4,30.333333333333332,14.666666666666666,1.3333333333333333,0.4613333333333333
2022-23,Marcus Morris Sr.,202694,5,29.0,19.0,0.0,0.5
2022-23,Marcus Morris Sr.,202694,7,35.0,10.5,2.5,0.3785
2022-23,Marcus Morris Sr.,202694,8,28.0,12.0,1.0,0.308
2022-23,Marcus Morris Sr.,202694,9,27.0,13.0,1.5,0.46399999999999997
2022-23,Marcus Morris Sr.,202694,10,30.0,16.0,2.5,0.5335000000000001
2022-23,Marcus Morris Sr.,202694,11,24.5,12.0,2.0,0.49250000000000005
2022-23,Marcus Morris Sr.,202694,12,30.666666666666668,10.666666666666666,1.6666666666666667,0.39233333333333337
2022-23,Marcus Morris Sr.,202694,13,28.0,15.0,4.0,0.667
2022-23,Marcus Morris Sr.,202694,14,34.0,11.0,4.0,0.333
2022-23,Marcus Morris Sr.,202694,15,34.0,21.0,2.0,0.571
2022-23,Marcus Morris Sr.,202694,16,23.5,6.5,0.5,0.3305
2022-23,Marcus Morris Sr.,202694,18,26.0,13.0,0.0,0.75
2022-23,Marcus Morris Sr.,202694,20,28.0,9.5,3.0,0.365
2022-23,Marcus Morris Sr.,202694,23,32.0,16.0,2.0,0.538
2022-23,Marcus Smart,203935,-26,31.0,9.0,7.5,0.35
2022-23,Marcus Smart,203935,-25,31.0,3.0,3.0,0.167
2022-23,Marcus Smart,203935,-22,26.0,10.0,3.0,0.364
2022-23,Marcus Smart,203935,-15,34.0,8.0,8.0,0.333
2022-23,Marcus Smart,203935,-11,30.5,16.5,7.0,0.667
2022-23,Marcus Smart,203935,-10,27.0,13.0,3.0,0.5625
2022-23,Marcus Smart,203935,-8,35.0,15.0,3.5,0.351
2022-23,Marcus Smart,203935,-6,32.666666666666664,12.333333333333334,6.333333333333333,0.37000000000000005
2022-23,Marcus Smart,203935,-5,28.0,6.0,2.0,0.286
2022-23,Marcus Smart,203935,-3,35.25,12.0,4.75,0.33675
2022-23,Marcus Smart,203935,-2,35.0,13.0,3.5,0.441
2022-23,Marcus Smart,203935,-1,32.0,13.5,6.0,0.4
2022-23,Marcus Smart,203935,0,31.6,11.2,7.2,0.355
2022-23,Marcus Smart,203935,1,36.0,14.0,2.0,0.273
2022-23,Marcus Smart,203935,2,28.0,14.0,2.0,0.313
2022-23,Marcus Smart,203935,3,38.5,15.5,8.5,0.484
2022-23,Marcus Smart,203935,4,39.0,16.5,11.0,0.47850000000000004
2022-23,Marcus Smart,203935,5,34.0,9.0,5.0,0.333
2022-23,Marcus Smart,203935,8,28.0,9.0,6.0,0.429
2022-23,Marcus Smart,203935,9,33.5,13.5,6.5,0.5835
2022-23,Marcus Smart,203935,10,37.666666666666664,15.0,9.0,0.48900000000000005
2022-23,Marcus Smart,203935,11,29.0,7.0,6.0,0.333
2022-23,Marcus Smart,203935,12,29.0,4.0,5.0,0.0
2022-23,Marcus Smart,203935,13,32.0,17.0,7.0,0.4
2022-23,Marcus Smart,203935,14,30.0,10.0,6.0,0.5
2022-23,Marcus Smart,203935,15,30.666666666666668,11.666666666666666,7.0,0.5833333333333334
2022-23,Marcus Smart,203935,16,21.0,10.0,1.0,0.75
2022-23,Marcus Smart,203935,17,26.0,6.0,5.0,0.667
2022-23,Marcus Smart,203935,20,37.0,6.0,10.0,0.4
2022-23,Marcus Smart,203935,21,33.0,13.0,9.0,0.556
2022-23,Marcus Smart,203935,22,25.0,7.5,7.5,0.28350000000000003
2022-23,Marcus Smart,203935,23,25.0,4.0,6.0,0.4
2022-23,Marcus Smart,203935,24,35.0,13.0,12.0,0.333
2022-23,Marcus Smart,203935,25,33.0,15.0,3.0,0.4
2022-23,Marcus Smart,203935,28,23.0,4.0,4.0,0.5
2022-23,Marcus Smart,203935,35,26.0,10.0,8.0,0.4
2022-23,Marcus Smart,203935,44,30.0,22.0,15.0,0.727
2022-23,Mark Williams,1631109,-23,20.0,2.0,0.0,0.2
2022-23,Mark Williams,1631109,-22,35.0,6.0,0.0,0.5
2022-23,Mark Williams,1631109,-15,26.0,15.0,0.0,0.467
2022-23,Mark Williams,1631109,-14,27.0,13.0,0.0,0.714
2022-23,Mark Williams,1631109,-7,28.0,18.0,0.0,0.75
2022-23,Mark Williams,1631109,-6,26.0,12.0,0.0,0.714
2022-23,Mark Williams,1631109,-3,30.0,11.0,2.0,0.571
2022-23,Mark Williams,1631109,-2,23.333333333333332,10.0,1.3333333333333333,0.5556666666666666
2022-23,Mark Williams,1631109,-1,21.0,17.0,2.0,1.0
2022-23,Mark Williams,1631109,3,30.0,22.0,0.0,0.9
2022-23,Mark Williams,1631109,4,29.0,15.0,0.0,0.714
2022-23,Mark Williams,1631109,7,26.5,11.0,0.0,0.54
2022-23,Mark Williams,1631109,8,27.0,7.0,0.0,0.75
2022-23,Mark Williams,1631109,10,32.0,15.0,1.0,0.556
2022-23,Mark Williams,1631109,13,29.0,15.0,3.0,0.7
2022-23,Markelle Fultz,1628365,-33,26.0,12.0,6.0,0.417
2022-23,Markelle Fultz,1628365,-20,31.0,21.0,5.0,0.643
2022-23,Markelle Fultz,1628365,-18,25.5,8.5,4.5,0.49250000000000005
2022-23,Markelle Fultz,1628365,-17,27.0,1.0,4.0,0.0
2022-23,Markelle Fultz,1628365,-16,28.0,16.0,5.0,0.8
2022-23,Markelle Fultz,1628365,-15,31.0,16.0,4.0,0.538
2022-23,Markelle Fultz,1628365,-12,28.0,13.0,3.0,0.4375
2022-23,Markelle Fultz,1628365,-11,29.0,12.0,4.5,0.3925
2022-23,Markelle Fultz,1628365,-10,35.0,16.5,8.0,0.5055000000000001
2022-23,Markelle Fultz,1628365,-8,30.75,17.75,4.5,0.58975
2022-23,Markelle Fultz,1628365,-7,32.75,20.75,5.75,0.57325
2022-23,Markelle Fultz,1628365,-6,28.0,8.0,7.5,0.36150000000000004
2022-23,Markelle Fultz,1628365,-5,31.5,21.5,3.5,0.594
2022-23,Markelle Fultz,1628365,-4,29.0,8.0,6.0,0.444
2022-23,Markelle Fultz,1628365,-3,26.0,14.5,3.5,0.5815
2022-23,Markelle Fultz,1628365,-2,32.0,21.0,6.666666666666667,0.62
2022-23,Markelle Fultz,1628365,0,31.0,16.0,9.0,0.571
2022-23,Markelle Fultz,1628365,1,23.0,7.0,4.0,0.4
2022-23,Markelle Fultz,1628365,2,28.666666666666668,12.0,5.666666666666667,0.5716666666666667
2022-23,Markelle Fultz,1628365,4,29.5,9.5,7.0,0.47800000000000004
2022-23,Markelle Fultz,1628365,5,32.0,16.5,8.0,0.53025
2022-23,Markelle Fultz,1628365,7,32.0,14.0,6.333333333333333,0.5583333333333333
2022-23,Markelle Fultz,1628365,8,32.0,20.0,2.0,0.444
2022-23,Markelle Fultz,1628365,10,27.5,9.5,5.5,0.479
2022-23,Markelle Fultz,1628365,11,33.0,9.0,4.0,0.5
2022-23,Markelle Fultz,1628365,12,30.666666666666668,15.0,8.0,0.49533333333333335
2022-23,Markelle Fultz,1628365,15,28.0,10.0,9.0,0.385
2022-23,Markelle Fultz,1628365,17,29.0,14.0,8.0,0.429
2022-23,Markelle Fultz,1628365,19,29.0,14.0,5.0,0.667
2022-23,Markelle Fultz,1628365,20,38.0,12.0,8.0,0.4
2022-23,Markieff Morris,202693,-21,26.0,10.0,2.0,0.235
2022-23,Markieff Morris,202693,10,31.0,15.0,2.0,0.571
2022-23,Markieff Morris,202693,13,20.0,5.0,5.0,0.333
2022-23,Marvin Bagley III,1628963,-22,41.0,31.0,1.0,0.632
2022-23,Marvin Bagley III,1628963,-20,28.5,16.5,2.0,0.5835
2022-23,Marvin Bagley III,1628963,-18,29.0,14.0,0.0,0.5
2022-23,Marvin Bagley III,1628963,-14,20.0,6.0,0.0,0.4
2022-23,Marvin Bagley III,1628963,-12,21.0,11.0,0.0,0.6595
2022-23,Marvin Bagley III,1628963,-11,28.0,12.5,0.5,0.4075
2022-23,Marvin Bagley III,1628963,-9,26.5,12.0,0.5,0.5
2022-23,Marvin Bagley III,1628963,-8,22.0,6.0,1.0,0.333
2022-23,Marvin Bagley III,1628963,-4,31.5,16.0,1.0,0.545
2022-23,Marvin Bagley III,1628963,-3,31.5,15.5,0.5,0.4455
2022-23,Marvin Bagley III,1628963,-2,24.0,10.0,1.0,0.714
2022-23,Marvin Bagley III,1628963,-1,22.0,14.666666666666666,1.3333333333333333,0.5936666666666667
2022-23,Marvin Bagley III,1628963,0,29.0,15.0,4.0,0.667
2022-23,Marvin Bagley III,1628963,1,20.0,14.0,1.0,0.5
2022-23,Marvin Bagley III,1628963,2,28.0,16.5,2.0,0.5225
2022-23,Marvin Bagley III,1628963,3,20.0,19.0,2.0,0.9
2022-23,Marvin Bagley III,1628963,6,22.0,14.0,1.0,0.444
2022-23,Marvin Bagley III,1628963,10,34.0,19.0,2.0,0.7
2022-23,Marvin Bagley III,1628963,21,28.0,18.0,1.0,0.5
2022-23,Mason Plumlee,203486,-31,21.0,7.0,3.0,0.6
2022-23,Mason Plumlee,203486,-22,30.0,14.0,4.0,0.857
2022-23,Mason Plumlee,203486,-21,32.0,9.0,1.0,0.4
2022-23,Mason Plumlee,203486,-20,27.0,14.0,2.0,0.714
2022-23,Mason Plumlee,203486,-19,20.0,2.0,4.0,0.5
2022-23,Mason Plumlee,203486,-17,27.0,4.0,5.0,0.4
2022-23,Mason Plumlee,203486,-16,26.0,9.0,5.0,0.667
2022-23,Mason Plumlee,203486,-15,27.25,8.25,2.5,0.7777499999999999
2022-23,Mason Plumlee,203486,-13,28.0,13.5,2.0,0.639
2022-23,Mason Plumlee,203486,-12,31.0,19.0,7.0,0.778
2022-23,Mason Plumlee,203486,-11,27.0,9.5,3.5,0.5
2022-23,Mason Plumlee,203486,-10,32.0,17.0,3.0,0.717
2022-23,Mason Plumlee,203486,-7,28.25,9.0,4.5,0.38675
2022-23,Mason Plumlee,203486,-6,26.2,13.0,3.8,0.6266
2022-23,Mason Plumlee,203486,-5,26.0,11.0,6.0,0.667
2022-23,Mason Plumlee,203486,-4,25.25,10.75,1.75,0.78125
2022-23,Mason Plumlee,203486,-3,23.0,7.0,1.0,1.0
2022-23,Mason Plumlee,203486,-2,30.5,10.5,3.5,0.7735
2022-23,Mason Plumlee,203486,-1,32.0,16.0,4.0,0.7
2022-23,Mason Plumlee,203486,0,34.0,19.0,3.0,0.7
2022-23,Mason Plumlee,203486,1,28.0,12.75,3.5,0.5802499999999999
2022-23,Mason Plumlee,203486,2,29.666666666666668,10.0,4.333333333333333,0.5
2022-23,Mason Plumlee,203486,3,21.0,15.0,2.0,0.875
2022-23,Mason Plumlee,203486,4,31.5,11.5,4.5,1.0
2022-23,Mason Plumlee,203486,5,26.5,9.5,3.0,0.4375
2022-23,Mason Plumlee,203486,6,22.333333333333332,8.0,4.666666666666667,0.6853333333333333
2022-23,Mason Plumlee,203486,9,26.0,14.0,2.0,0.857
2022-23,Mason Plumlee,203486,10,30.0,21.5,2.0,0.8375
2022-23,Mason Plumlee,203486,12,22.0,9.0,3.0,0.667
2022-23,Mason Plumlee,203486,14,27.0,8.0,4.0,1.0
2022-23,Mason Plumlee,203486,19,30.0,21.0,4.0,1.0
2022-23,Mason Plumlee,203486,28,24.0,2.0,0.0,0.5
2022-23,Mason Plumlee,203486,30,31.0,17.0,6.0,0.889
2022-23,Matisse Thybulle,1629680,-32,37.0,8.0,3.0,0.333
2022-23,Matisse Thybulle,1629680,-24,23.0,8.0,1.0,0.5
2022-23,Matisse Thybulle,1629680,-20,22.0,6.0,0.0,0.429
2022-23,Matisse Thybulle,1629680,-17,24.0,10.0,0.0,0.667
2022-23,Matisse Thybulle,1629680,-12,32.0,8.0,2.0,0.429
2022-23,Matisse Thybulle,1629680,-11,21.0,12.0,0.0,0.444
2022-23,Matisse Thybulle,1629680,-6,25.0,15.0,0.0,0.714
2022-23,Matisse Thybulle,1629680,-5,30.0,2.0,0.0,0.167
2022-23,Matisse Thybulle,1629680,-3,26.0,5.0,2.0,0.4
2022-23,Matisse Thybulle,1629680,-2,28.5,4.0,1.5,0.325
2022-23,Matisse Thybulle,1629680,1,29.0,6.5,2.25,0.386
2022-23,Matisse Thybulle,1629680,2,21.0,3.5,1.0,0.4165
2022-23,Matisse Thybulle,1629680,4,38.0,12.0,4.0,0.5
2022-23,Matisse Thybulle,1629680,5,21.0,3.0,0.0,0.333
2022-23,Matisse Thybulle,1629680,7,32.0,8.0,1.0,0.375
2022-23,Matisse Thybulle,1629680,8,32.0,6.0,2.0,0.286
2022-23,Matisse Thybulle,1629680,11,24.0,14.5,1.0,0.635
2022-23,Matisse Thybulle,1629680,14,21.0,5.0,1.0,0.4
2022-23,Matisse Thybulle,1629680,15,29.0,3.0,0.0,0.2
2022-23,Matisse Thybulle,1629680,18,27.0,2.0,2.0,0.5
2022-23,Matisse Thybulle,1629680,22,21.0,9.0,0.0,1.0
2022-23,Matisse Thybulle,1629680,29,35.0,8.0,2.0,0.5
2022-23,Matt Ryan,1630346,-4,22.0,11.0,4.0,0.5
2022-23,Matt Ryan,1630346,5,21.0,5.0,0.0,0.4
2022-23,Max Christie,1631108,-17,27.0,2.0,1.0,0.111
2022-23,Max Christie,1631108,-16,27.5,7.0,2.5,0.548
2022-23,Max Christie,1631108,-10,25.0,14.0,1.0,0.75
2022-23,Max Christie,1631108,-9,28.0,7.0,0.0,0.5
2022-23,Max Christie,1631108,-5,27.0,12.0,1.0,0.375
2022-23,Max Christie,1631108,-2,23.0,8.0,0.0,0.5
2022-23,Max Christie,1631108,0,23.0,2.0,0.0,0.5
2022-23,Max Christie,1631108,1,20.0,0.0,0.0,0.0
2022-23,Max Christie,1631108,13,24.0,5.0,1.0,0.5
2022-23,Max Strus,1629622,-25,23.0,2.0,1.0,0.2
2022-23,Max Strus,1629622,-24,25.0,11.0,2.0,0.4
2022-23,Max Strus,1629622,-23,30.0,20.0,4.0,0.438
2022-23,Max Strus,1629622,-20,27.0,6.5,1.0,0.2665
2022-23,Max Strus,1629622,-18,28.5,13.0,2.5,0.394
2022-23,Max Strus,1629622,-16,27.0,6.333333333333333,1.6666666666666667,0.19933333333333333
2022-23,Max Strus,1629622,-13,34.0,23.0,2.0,0.643
2022-23,Max Strus,1629622,-12,23.5,4.5,1.5,0.2775
2022-23,Max Strus,1629622,-11,34.0,11.0,1.0,0.267
2022-23,Max Strus,1629622,-10,29.0,10.0,2.0,0.33199999999999996
2022-23,Max Strus,1629622,-9,29.0,4.0,6.0,0.111
2022-23,Max Strus,1629622,-8,30.5,13.0,1.0,0.6085
2022-23,Max Strus,1629622,-7,35.5,17.0,1.0,0.50575
2022-23,Max Strus,1629622,-6,36.5,15.5,3.5,0.3305
2022-23,Max Strus,1629622,-5,31.5,15.5,1.5,0.479
2022-23,Max Strus,1629622,-4,35.0,23.0,2.0,0.583
2022-23,Max Strus,1629622,-3,24.0,15.0,0.5,0.5695
2022-23,Max Strus,1629622,-2,37.0,20.0,3.0,0.571
2022-23,Max Strus,1629622,-1,35.0,13.666666666666666,2.6666666666666665,0.414
2022-23,Max Strus,1629622,1,30.5,10.0,5.0,0.2915
2022-23,Max Strus,1629622,2,30.0,14.0,1.8,0.4076000000000001
2022-23,Max Strus,1629622,3,30.0,14.333333333333334,1.0,0.45366666666666666
2022-23,Max Strus,1629622,4,37.333333333333336,10.0,2.3333333333333335,0.34500000000000003
2022-23,Max Strus,1629622,5,35.5,20.5,2.5,0.4665
2022-23,Max Strus,1629622,6,23.0,13.0,0.0,0.444
2022-23,Max Strus,1629622,7,27.0,12.0,3.0,0.5
2022-23,Max Strus,1629622,8,31.5,14.5,3.5,0.47800000000000004
2022-23,Max Strus,1629622,10,31.0,8.5,1.5,0.507
2022-23,Max Strus,1629622,11,25.666666666666668,13.333333333333334,5.333333333333333,0.5846666666666667
2022-23,Max Strus,1629622,12,24.0,5.0,1.0,0.222
2022-23,Max Strus,1629622,14,41.0,10.0,4.0,0.273
2022-23,Max Strus,1629622,15,38.0,31.0,2.0,0.625
2022-23,Max Strus,1629622,16,25.666666666666668,14.666666666666666,2.3333333333333335,0.5186666666666667
2022-23,Max Strus,1629622,17,38.0,19.0,3.0,0.333
2022-23,Max Strus,1629622,18,32.0,12.0,6.0,0.364
2022-23,Max Strus,1629622,24,27.0,16.0,3.0,0.545
2022-23,Maxi Kleber,1628467,-22,20.0,2.0,2.0,0.167
2022-23,Maxi Kleber,1628467,-18,25.0,1.0,1.0,0.0
2022-23,Maxi Kleber,1628467,-12,28.0,4.0,2.0,0.333
2022-23,Maxi Kleber,1628467,-11,28.0,10.0,2.0,0.5
2022-23,Maxi Kleber,1628467,-8,26.5,3.0,2.0,0.229
2022-23,Maxi Kleber,1628467,-7,27.0,7.0,0.0,0.333
2022-23,Maxi Kleber,1628467,-6,25.5,7.5,0.5,0.667
2022-23,Maxi Kleber,1628467,-4,29.333333333333332,6.0,0.6666666666666666,0.3333333333333333
2022-23,Maxi Kleber,1628467,-1,31.0,9.5,1.5,0.607
2022-23,Maxi Kleber,1628467,0,24.5,5.5,2.5,0.4585
2022-23,Maxi Kleber,1628467,1,30.5,5.0,2.5,0.3
2022-23,Maxi Kleber,1628467,2,27.0,8.666666666666666,1.6666666666666667,0.5313333333333333
2022-23,Maxi Kleber,1628467,5,26.333333333333332,3.3333333333333335,1.3333333333333333,0.3276666666666667
2022-23,Maxi Kleber,1628467,9,23.0,9.0,2.0,0.667
2022-23,Maxi Kleber,1628467,10,24.0,8.0,0.0,0.5
2022-23,Maxi Kleber,1628467,14,21.0,9.0,0.0,0.6
2022-23,Maxi Kleber,1628467,15,32.0,15.0,1.0,0.8
2022-23,Maxi Kleber,1628467,16,22.0,13.0,1.0,0.625
2022-23,Maxi Kleber,1628467,17,24.0,2.0,2.0,0.333
2022-23,Maxi Kleber,1628467,18,29.0,5.0,1.0,0.667
2022-23,McKinley Wright IV,1630593,-17,23.0,13.0,3.0,0.429
2022-23,McKinley Wright IV,1630593,-15,22.0,11.0,2.0,0.8
2022-23,McKinley Wright IV,1630593,-13,21.0,9.0,3.0,0.333
2022-23,McKinley Wright IV,1630593,-12,28.0,13.0,4.0,0.5
2022-23,McKinley Wright IV,1630593,-5,20.0,4.0,1.0,0.5
2022-23,McKinley Wright IV,1630593,6,20.0,4.0,5.0,0.5
2022-23,McKinley Wright IV,1630593,9,23.0,2.0,3.0,1.0
2022-23,Meyers Leonard,203086,-10,30.0,10.0,1.0,0.75
2022-23,Meyers Leonard,203086,-4,25.0,9.0,0.0,0.333
2022-23,Micah Potter,1630695,-9,21.0,10.0,1.0,0.571
2022-23,Michael Porter Jr.,1629008,-24,25.0,7.0,0.0,0.3
2022-23,Michael Porter Jr.,1629008,-23,26.0,10.0,1.0,0.333
2022-23,Michael Porter Jr.,1629008,-21,24.0,10.0,2.0,0.267
2022-23,Michael Porter Jr.,1629008,-17,33.0,23.0,1.0,0.4
2022-23,Michael Porter Jr.,1629008,-12,20.0,15.0,2.0,0.429
2022-23,Michael Porter Jr.,1629008,-9,31.0,22.0,1.0,0.438
2022-23,Michael Porter Jr.,1629008,-8,29.5,14.0,2.0,0.37
2022-23,Michael Porter Jr.,1629008,-7,27.0,17.0,1.0,0.5
2022-23,Michael Porter Jr.,1629008,-6,36.0,17.0,2.0,0.5
2022-23,Michael Porter Jr.,1629008,-5,26.333333333333332,9.666666666666666,1.3333333333333333,0.38399999999999995
2022-23,Michael Porter Jr.,1629008,-4,27.0,18.0,0.0,0.667
2022-23,Michael Porter Jr.,1629008,-3,23.5,11.0,1.0,0.3335
2022-23,Michael Porter Jr.,1629008,-2,23.0,12.0,0.0,0.385
2022-23,Michael Porter Jr.,1629008,0,34.0,19.0,1.0,0.5
2022-23,Michael Porter Jr.,1629008,1,29.666666666666668,16.333333333333332,1.0,0.5
2022-23,Michael Porter Jr.,1629008,3,30.0,24.0,2.0,0.563
2022-23,Michael Porter Jr.,1629008,4,33.0,29.0,0.0,0.588
2022-23,Michael Porter Jr.,1629008,5,28.0,15.0,2.0,0.429
2022-23,Michael Porter Jr.,1629008,6,28.333333333333332,18.0,1.3333333333333333,0.5650000000000001
2022-23,Michael Porter Jr.,1629008,7,30.0,14.0,0.6666666666666666,0.47866666666666663
2022-23,Michael Porter Jr.,1629008,8,28.0,20.0,0.0,0.636
2022-23,Michael Porter Jr.,1629008,10,28.5,21.5,1.0,0.45199999999999996
2022-23,Michael Porter Jr.,1629008,11,32.333333333333336,18.0,1.6666666666666667,0.45566666666666666
2022-23,Michael Porter Jr.,1629008,12,32.0,22.0,1.0,0.5
2022-23,Michael Porter Jr.,1629008,13,29.2,18.0,0.8,0.4598
2022-23,Michael Porter Jr.,1629008,14,30.5,22.0,2.0,0.5145
2022-23,Michael Porter Jr.,1629008,15,25.5,16.5,0.5,0.4815
2022-23,Michael Porter Jr.,1629008,16,33.0,18.0,1.0,0.467
2022-23,Michael Porter Jr.,1629008,17,39.0,29.0,0.0,0.667
2022-23,Michael Porter Jr.,1629008,18,30.0,13.0,1.0,0.417
2022-23,Michael Porter Jr.,1629008,19,31.0,19.0,0.0,0.571
2022-23,Michael Porter Jr.,1629008,20,24.5,16.5,1.0,0.48850000000000005
2022-23,Michael Porter Jr.,1629008,21,29.0,21.0,0.0,0.6375
2022-23,Michael Porter Jr.,1629008,22,26.666666666666668,18.666666666666668,1.3333333333333333,0.5343333333333334
2022-23,Michael Porter Jr.,1629008,23,24.0,31.0,2.0,0.688
2022-23,Michael Porter Jr.,1629008,27,29.0,15.0,0.0,0.6
2022-23,Michael Porter Jr.,1629008,28,30.0,21.0,2.0,0.438
2022-23,Michael Porter Jr.,1629008,43,28.0,30.0,1.0,0.733
2022-23,Mikal Bridges,1628969,-33,26.5,8.5,1.0,0.28350000000000003
2022-23,Mikal Bridges,1628969,-22,29.0,21.0,3.0,0.462
2022-23,Mikal Bridges,1628969,-20,33.5,14.0,3.0,0.48350000000000004
2022-23,Mikal Bridges,1628969,-18,30.333333333333332,12.666666666666666,4.666666666666667,0.32766666666666666
2022-23,Mikal Bridges,1628969,-16,35.0,16.333333333333332,2.6666666666666665,0.36800000000000005
2022-23,Mikal Bridges,1628969,-14,34.6,19.8,2.8,0.422
2022-23,Mikal Bridges,1628969,-13,40.0,13.0,3.0,0.417
2022-23,Mikal Bridges,1628969,-12,36.5,22.0,3.0,0.33899999999999997
2022-23,Mikal Bridges,1628969,-11,34.0,44.0,1.0,0.591
2022-23,Mikal Bridges,1628969,-10,38.0,20.0,3.0,0.575
2022-23,Mikal Bridges,1628969,-9,36.5,20.25,2.5,0.368
2022-23,Mikal Bridges,1628969,-8,34.0,23.0,1.0,0.444
2022-23,Mikal Bridges,1628969,-7,35.0,11.0,3.0,0.333
2022-23,Mikal Bridges,1628969,-6,41.666666666666664,20.333333333333332,3.0,0.43533333333333335
2022-23,Mikal Bridges,1628969,-4,38.0,27.5,4.5,0.48
2022-23,Mikal Bridges,1628969,-3,40.0,13.0,7.0,0.429
2022-23,Mikal Bridges,1628969,-2,38.0,18.5,5.5,0.33699999999999997
2022-23,Mikal Bridges,1628969,-1,35.5,21.0,3.0,0.6345000000000001
2022-23,Mikal Bridges,1628969,0,37.0,19.333333333333332,3.3333333333333335,0.529
2022-23,Mikal Bridges,1628969,1,41.0,28.0,9.0,0.474
2022-23,Mikal Bridges,1628969,2,38.0,25.0,2.0,0.438
2022-23,Mikal Bridges,1628969,3,37.0,15.5,2.0,0.5265
2022-23,Mikal Bridges,1628969,4,37.0,25.5,4.0,0.5660000000000001
2022-23,Mikal Bridges,1628969,6,40.0,19.75,4.25,0.54025
2022-23,Mikal Bridges,1628969,7,37.0,18.0,2.5,0.472
2022-23,Mikal Bridges,1628969,8,39.666666666666664,31.666666666666668,2.0,0.5206666666666666
2022-23,Mikal Bridges,1628969,9,36.0,7.0,4.0,0.333
2022-23,Mikal Bridges,1628969,11,34.333333333333336,21.0,3.3333333333333335,0.4243333333333334
2022-23,Mikal Bridges,1628969,12,32.666666666666664,18.666666666666668,3.0,0.5630000000000001
2022-23,Mikal Bridges,1628969,13,39.0,17.0,4.0,0.3935
2022-23,Mikal Bridges,1628969,14,38.666666666666664,27.333333333333332,3.3333333333333335,0.4446666666666666
2022-23,Mikal Bridges,1628969,15,38.5,29.0,3.0,0.604
2022-23,Mikal Bridges,1628969,16,32.0,13.0,5.0,0.545
2022-23,Mikal Bridges,1628969,18,28.5,15.5,2.0,0.4335
2022-23,Mikal Bridges,1628969,20,36.0,21.5,3.5,0.6499999999999999
2022-23,Mikal Bridges,1628969,21,32.0,17.0,2.0,0.875
2022-23,Mikal Bridges,1628969,23,41.0,23.0,9.0,0.545
2022-23,Mikal Bridges,1628969,25,37.0,26.0,6.0,0.385
2022-23,Mikal Bridges,1628969,30,30.0,31.0,3.0,0.6515
2022-23,Mikal Bridges,1628969,31,38.0,27.0,7.0,0.368
2022-23,Mike Conley,201144,-26,27.0,9.0,7.0,0.333
2022-23,Mike Conley,201144,-21,29.0,3.0,10.0,0.125
2022-23,Mike Conley,201144,-14,24.0,6.0,3.0,0.167
2022-23,Mike Conley,201144,-13,33.5,5.0,8.0,0.1965
2022-23,Mike Conley,201144,-12,34.5,22.5,6.0,0.5940000000000001
2022-23,Mike Conley,201144,-11,28.0,7.666666666666667,6.666666666666667,0.331
2022-23,Mike Conley,201144,-10,30.333333333333332,8.666666666666666,9.666666666666666,0.375
2022-23,Mike Conley,201144,-9,25.0,4.0,4.0,0.333
2022-23,Mike Conley,201144,-8,27.0,8.0,6.0,0.429
2022-23,Mike Conley,201144,-7,28.666666666666668,13.666666666666666,6.333333333333333,0.5213333333333333
2022-23,Mike Conley,201144,-5,30.0,15.0,3.0,0.462
2022-23,Mike Conley,201144,-4,28.25,10.25,6.25,0.44199999999999995
2022-23,Mike Conley,201144,-3,32.666666666666664,8.333333333333334,5.0,0.265
2022-23,Mike Conley,201144,-2,31.5,11.0,8.5,0.4365
2022-23,Mike Conley,201144,-1,29.0,12.666666666666666,6.0,0.32766666666666666
2022-23,Mike Conley,201144,0,32.0,11.0,8.0,0.34099999999999997
2022-23,Mike Conley,201144,1,29.0,13.0,7.5,0.5625
2022-23,Mike Conley,201144,2,33.0,18.0,1.0,0.667
2022-23,Mike Conley,201144,3,29.0,6.0,7.0,0.25
2022-23,Mike Conley,201144,4,32.5,10.5,7.5,0.3375
2022-23,Mike Conley,201144,5,32.333333333333336,15.333333333333334,6.666666666666667,0.4053333333333333
2022-23,Mike Conley,201144,6,29.5,12.5,7.0,0.432
2022-23,Mike Conley,201144,7,40.0,11.0,7.0,0.231
2022-23,Mike Conley,201144,8,29.5,14.5,3.5,0.597
2022-23,Mike Conley,201144,9,29.0,12.0,7.666666666666667,0.533
2022-23,Mike Conley,201144,10,30.0,13.0,6.0,0.364
2022-23,Mike Conley,201144,11,32.333333333333336,19.666666666666668,7.333333333333333,0.561
2022-23,Mike Conley,201144,12,26.333333333333332,12.666666666666666,9.0,0.5713333333333334
2022-23,Mike Conley,201144,13,36.0,12.0,11.0,0.267
2022-23,Mike Conley,201144,15,27.0,17.5,5.0,0.6115
2022-23,Mike Conley,201144,16,32.5,8.5,9.5,0.3125
2022-23,Mike Conley,201144,17,30.0,24.0,3.0,0.583
2022-23,Mike Conley,201144,18,31.0,9.0,11.0,0.3
2022-23,Mike Conley,201144,19,27.0,21.0,6.0,0.692
2022-23,Mike Conley,201144,21,27.0,14.0,3.0,0.417
2022-23,Mike Muscala,203488,-5,31.0,12.0,2.0,0.667
2022-23,Mike Muscala,203488,-4,43.0,18.0,0.0,0.438
2022-23,Mike Muscala,203488,3,21.5,7.0,0.0,0.35
2022-23,Mike Muscala,203488,4,22.0,11.0,1.0,0.5
2022-23,Mike Muscala,203488,5,21.0,8.0,1.0,0.6
2022-23,Mike Muscala,203488,9,34.0,5.0,0.0,0.333
2022-23,Mike Muscala,203488,11,24.0,10.0,3.0,0.4
2022-23,Mike Muscala,203488,13,33.0,27.0,2.0,0.692
2022-23,Mike Muscala,203488,16,21.0,19.0,2.0,0.625
2022-23,Miles McBride,1630540,-4,20.0,5.0,2.0,0.333
2022-23,Miles McBride,1630540,-1,46.0,14.0,1.0,0.286
2022-23,Miles McBride,1630540,2,31.0,9.0,2.0,0.375
2022-23,Miles McBride,1630540,3,23.0,10.0,1.0,0.429
2022-23,Miles McBride,1630540,14,21.0,9.0,0.0,0.5
2022-23,Miles McBride,1630540,17,29.0,11.5,2.0,0.425
2022-23,Miles McBride,1630540,19,27.0,3.0,6.0,0.25
2022-23,Miles McBride,1630540,34,22.0,14.0,2.0,0.375
2022-23,Mitchell Robinson,1629011,-23,32.0,2.0,0.0,1.0
2022-23,Mitchell Robinson,1629011,-15,23.0,3.0,0.0,0.5
2022-23,Mitchell Robinson,1629011,-10,28.0,6.0,1.0,0.25
2022-23,Mitchell Robinson,1629011,-9,28.0,2.0,1.0,0.333
2022-23,Mitchell Robinson,1629011,-8,31.0,14.0,0.0,0.875
2022-23,Mitchell Robinson,1629011,-7,27.4,5.8,1.0,0.5716
2022-23,Mitchell Robinson,1629011,-4,21.0,2.0,0.0,0.5
2022-23,Mitchell Robinson,1629011,-3,33.0,11.0,0.5,0.9445
2022-23,Mitchell Robinson,1629011,-1,34.0,8.75,1.0,0.54375
2022-23,Mitchell Robinson,1629011,0,27.0,0.0,0.0,0.0
2022-23,Mitchell Robinson,1629011,2,27.5,13.0,0.5,0.9285
2022-23,Mitchell Robinson,1629011,3,37.0,10.0,1.0,0.75
2022-23,Mitchell Robinson,1629011,4,33.0,15.0,1.0,0.778
2022-23,Mitchell Robinson,1629011,5,27.0,9.0,1.0,0.9
2022-23,Mitchell Robinson,1629011,6,29.0,6.0,0.0,0.429
2022-23,Mitchell Robinson,1629011,7,29.5,11.0,0.25,0.8035
2022-23,Mitchell Robinson,1629011,8,33.5,9.5,2.5,0.9
2022-23,Mitchell Robinson,1629011,9,26.0,5.0,1.5,0.5
2022-23,Mitchell Robinson,1629011,11,24.0,8.0,3.0,0.75
2022-23,Mitchell Robinson,1629011,12,25.0,13.0,1.0,1.0
2022-23,Mitchell Robinson,1629011,13,27.0,10.0,0.0,0.833
2022-23,Mitchell Robinson,1629011,14,34.0,4.0,0.0,0.333
2022-23,Mitchell Robinson,1629011,16,25.0,8.0,4.0,0.75
2022-23,Mitchell Robinson,1629011,17,25.0,8.0,2.0,1.0
2022-23,Mitchell Robinson,1629011,18,27.0,9.0,2.0,0.4
2022-23,Mitchell Robinson,1629011,19,28.0,10.0,0.5,1.0
2022-23,Mitchell Robinson,1629011,24,33.0,6.0,1.0,0.5
2022-23,Mitchell Robinson,1629011,25,27.0,6.0,2.0,0.667
2022-23,Mitchell Robinson,1629011,27,32.0,12.0,1.5,0.588
2022-23,Mitchell Robinson,1629011,31,26.0,6.0,2.0,0.5
2022-23,Mo Bamba,1628964,-10,27.0,7.0,4.0,0.286
2022-23,Mo Bamba,1628964,-7,28.0,13.5,1.0,0.729
2022-23,Mo Bamba,1628964,-3,23.0,13.0,1.0,0.444
2022-23,Mo Bamba,1628964,0,29.0,8.0,2.0,0.364
2022-23,Mo Bamba,1628964,1,21.0,12.0,2.0,0.8
2022-23,Mo Bamba,1628964,2,20.0,11.0,2.0,0.444
2022-23,Mo Bamba,1628964,4,20.0,7.0,0.0,0.5
2022-23,Mo Bamba,1628964,7,21.0,14.0,1.0,0.5
2022-23,Mo Bamba,1628964,8,22.0,10.0,1.0,0.4
2022-23,Mo Bamba,1628964,11,23.0,18.0,1.0,1.0
2022-23,Mo Bamba,1628964,15,24.0,8.0,1.0,0.429
2022-23,Mo Bamba,1628964,18,33.0,21.0,1.0,0.429
2022-23,Monte Morris,1628420,-26,27.0,3.0,2.0,0.143
2022-23,Monte Morris,1628420,-23,22.0,7.0,6.0,0.4165
2022-23,Monte Morris,1628420,-22,25.0,11.0,1.0,0.625
2022-23,Monte Morris,1628420,-19,21.0,5.0,6.0,0.4
2022-23,Monte Morris,1628420,-16,23.0,8.0,5.0,0.4
2022-23,Monte Morris,1628420,-15,30.0,14.0,4.0,0.429
2022-23,Monte Morris,1628420,-14,25.0,10.0,3.0,0.5
2022-23,Monte Morris,1628420,-13,30.5,9.5,3.5,0.479
2022-23,Monte Morris,1628420,-12,27.0,10.0,6.5,0.525
2022-23,Monte Morris,1628420,-10,28.0,8.0,5.0,0.5
2022-23,Monte Morris,1628420,-9,31.0,13.0,3.5,0.45799999999999996
2022-23,Monte Morris,1628420,-8,20.0,7.0,3.0,0.333
2022-23,Monte Morris,1628420,-7,34.5,14.5,6.5,0.547
2022-23,Monte Morris,1628420,-5,28.0,4.0,3.0,0.333
2022-23,Monte Morris,1628420,-4,31.0,14.0,8.0,0.5
2022-23,Monte Morris,1628420,-3,26.5,12.25,7.25,0.478
2022-23,Monte Morris,1628420,-2,26.0,7.0,6.0,0.6
2022-23,Monte Morris,1628420,-1,30.0,19.0,7.5,0.5680000000000001
2022-23,Monte Morris,1628420,0,24.0,10.0,6.0,0.8
2022-23,Monte Morris,1628420,1,25.5,9.0,5.5,0.521
2022-23,Monte Morris,1628420,3,28.0,9.333333333333334,5.0,0.452
2022-23,Monte Morris,1628420,4,32.0,12.0,3.5,0.5
2022-23,Monte Morris,1628420,5,26.666666666666668,10.666666666666666,3.6666666666666665,0.5333333333333333
2022-23,Monte Morris,1628420,6,29.6,11.0,5.8,0.4064
2022-23,Monte Morris,1628420,7,26.5,12.0,3.5,0.48350000000000004
2022-23,Monte Morris,1628420,8,26.0,6.0,8.0,0.333
2022-23,Monte Morris,1628420,10,30.0,12.0,8.0,0.5
2022-23,Monte Morris,1628420,11,30.0,10.0,3.5,0.5335000000000001
2022-23,Monte Morris,1628420,15,29.0,5.0,9.0,0.222
2022-23,Monte Morris,1628420,17,25.5,10.0,5.5,0.4165
2022-23,Monte Morris,1628420,19,29.0,9.0,6.0,0.375
2022-23,Monte Morris,1628420,21,27.0,12.0,10.0,0.8
2022-23,Monte Morris,1628420,24,27.0,11.0,4.0,0.571
2022-23,Monte Morris,1628420,25,27.5,16.0,6.5,0.6
2022-23,Monte Morris,1628420,29,22.0,7.0,5.0,0.5
2022-23,Montrezl Harrell,1626149,-14,22.0,17.0,0.0,0.667
2022-23,Montrezl Harrell,1626149,-4,25.0,15.0,1.0,0.619
2022-23,Montrezl Harrell,1626149,-1,33.0,17.0,2.0,0.875
2022-23,Montrezl Harrell,1626149,3,23.0,20.0,1.0,0.727
2022-23,Montrezl Harrell,1626149,9,27.0,19.0,1.0,0.889
2022-23,Montrezl Harrell,1626149,16,28.0,14.0,1.0,0.625
2022-23,Montrezl Harrell,1626149,23,21.0,15.0,2.0,0.5
2022-23,Moritz Wagner,1629021,-28,21.0,5.0,0.0,0.286
2022-23,Moritz Wagner,1629021,-14,26.0,12.0,4.0,0.429
2022-23,Moritz Wagner,1629021,-12,25.0,15.666666666666666,2.6666666666666665,0.556
2022-23,Moritz Wagner,1629021,-7,21.333333333333332,15.0,2.3333333333333335,0.625
2022-23,Moritz Wagner,1629021,-4,30.0,12.5,4.5,0.5914999999999999
2022-23,Moritz Wagner,1629021,-3,22.0,11.0,1.0,0.5
2022-23,Moritz Wagner,1629021,-2,24.5,11.0,1.5,0.375
2022-23,Moritz Wagner,1629021,-1,27.5,14.5,1.5,0.4495
2022-23,Moritz Wagner,1629021,1,21.0,22.0,0.0,0.545
2022-23,Moritz Wagner,1629021,2,25.0,19.5,3.0,0.5509999999999999
2022-23,Moritz Wagner,1629021,3,29.0,11.0,3.0,0.25
2022-23,Moritz Wagner,1629021,5,30.0,17.0,0.0,0.778
2022-23,Moritz Wagner,1629021,6,30.0,11.0,2.0,0.364
2022-23,Moritz Wagner,1629021,8,24.333333333333332,17.333333333333332,2.0,0.6236666666666667
2022-23,Moritz Wagner,1629021,14,26.0,17.0,1.0,0.545
2022-23,Moses Brown,1629650,-2,24.5,9.0,0.0,0.5235
2022-23,Moses Brown,1629650,13,26.0,14.0,0.0,0.5
2022-23,Moses Moody,1630541,-29,32.0,10.0,1.0,0.333
2022-23,Moses Moody,1630541,-17,31.0,11.0,1.0,0.444
2022-23,Moses Moody,1630541,-14,30.0,17.0,3.0,0.636
2022-23,Moses Moody,1630541,-5,24.0,13.0,0.0,0.444
2022-23,Moses Moody,1630541,-2,22.5,10.0,1.5,0.631
2022-23,Moses Moody,1630541,4,25.0,13.0,1.0,0.714
2022-23,Moses Moody,1630541,10,32.0,14.0,1.0,0.444
2022-23,Moses Moody,1630541,14,26.0,11.0,4.0,0.444
2022-23,Moses Moody,1630541,39,29.0,25.0,4.0,0.714
2022-23,Moussa Diabate,1631217,-12,21.0,3.0,0.0,0.25
2022-23,Moussa Diabate,1631217,3,29.0,13.0,1.0,0.625
2022-23,Myles Turner,1626167,-33,27.0,4.0,0.0,0.222
2022-23,Myles Turner,1626167,-24,21.0,7.0,1.0,0.222
2022-23,Myles Turner,1626167,-21,24.0,13.5,3.5,0.403
2022-23,Myles Turner,1626167,-18,25.0,17.5,0.5,0.624
2022-23,Myles Turner,1626167,-17,20.0,9.0,0.0,0.333
2022-23,Myles Turner,1626167,-15,32.0,31.0,2.0,0.706
2022-23,Myles Turner,1626167,-12,25.0,22.5,0.5,0.639
2022-23,Myles Turner,1626167,-11,32.5,25.0,2.0,0.615
2022-23,Myles Turner,1626167,-9,32.0,14.0,1.0,0.385
2022-23,Myles Turner,1626167,-8,28.6,12.0,2.2,0.3786
2022-23,Myles Turner,1626167,-7,27.5,18.0,2.0,0.6225
2022-23,Myles Turner,1626167,-6,27.0,16.0,1.0,0.615
2022-23,Myles Turner,1626167,-4,27.0,14.666666666666666,1.0,0.6193333333333334
2022-23,Myles Turner,1626167,-3,23.0,15.0,0.0,0.545
2022-23,Myles Turner,1626167,-2,29.0,21.0,0.0,0.444
2022-23,Myles Turner,1626167,-1,31.0,18.0,1.0,0.643
2022-23,Myles Turner,1626167,0,34.5,23.0,0.5,0.469
2022-23,Myles Turner,1626167,1,29.6,18.2,1.6,0.5668
2022-23,Myles Turner,1626167,2,26.0,10.0,3.0,0.5
2022-23,Myles Turner,1626167,3,30.0,15.6,2.0,0.5758
2022-23,Myles Turner,1626167,4,38.0,14.0,1.0,0.75
2022-23,Myles Turner,1626167,5,32.0,26.0,0.0,0.524
2022-23,Myles Turner,1626167,7,28.0,17.5,0.5,0.5165
2022-23,Myles Turner,1626167,8,33.0,34.0,3.0,0.647
2022-23,Myles Turner,1626167,9,36.0,28.0,2.5,0.612
2022-23,Myles Turner,1626167,10,30.0,27.5,1.0,0.5780000000000001
2022-23,Myles Turner,1626167,11,31.0,20.0,3.0,0.7
2022-23,Myles Turner,1626167,13,33.0,23.0,0.0,0.727
2022-23,Myles Turner,1626167,14,26.5,18.0,1.0,0.5
2022-23,Myles Turner,1626167,15,36.0,17.0,1.0,0.4
2022-23,Myles Turner,1626167,16,34.0,14.0,3.0,0.545
2022-23,Myles Turner,1626167,18,28.5,15.0,2.0,0.53
2022-23,Myles Turner,1626167,20,33.0,28.0,1.0,0.5625
2022-23,Myles Turner,1626167,26,34.0,23.0,3.0,0.818
2022-23,Naji Marshall,1630230,-16,32.5,10.0,5.0,0.2875
2022-23,Naji Marshall,1630230,-15,35.0,14.0,3.0,0.583
2022-23,Naji Marshall,1630230,-14,22.0,6.0,2.0,0.4
2022-23,Naji Marshall,1630230,-13,27.666666666666668,11.333333333333334,1.6666666666666667,0.4603333333333333
2022-23,Naji Marshall,1630230,-10,38.0,9.0,3.0,0.375
2022-23,Naji Marshall,1630230,-8,35.0,15.0,2.0,0.5
2022-23,Naji Marshall,1630230,-5,29.0,13.5,3.0,0.5
2022-23,Naji Marshall,1630230,-4,30.5,12.5,5.5,0.5415
2022-23,Naji Marshall,1630230,-3,23.0,5.666666666666667,3.3333333333333335,0.12233333333333334
2022-23,Naji Marshall,1630230,-2,33.0,17.0,3.0,0.4
2022-23,Naji Marshall,1630230,-1,26.5,9.0,3.5,0.561
2022-23,Naji Marshall,1630230,1,26.0,7.0,2.0,0.37975000000000003
2022-23,Naji Marshall,1630230,2,32.0,19.0,3.0,0.6975
2022-23,Naji Marshall,1630230,3,32.5,16.5,2.0,0.5045000000000001
2022-23,Naji Marshall,1630230,4,24.0,5.0,5.0,0.25
2022-23,Naji Marshall,1630230,5,20.0,15.0,1.0,0.455
2022-23,Naji Marshall,1630230,6,22.0,8.5,1.0,0.4645
2022-23,Naji Marshall,1630230,8,23.5,4.0,3.5,0.35
2022-23,Naji Marshall,1630230,10,21.0,16.0,3.0,0.6
2022-23,Naji Marshall,1630230,11,32.0,16.0,4.0,0.417
2022-23,Naji Marshall,1630230,13,34.0,17.0,4.0,0.545
2022-23,Naji Marshall,1630230,14,28.5,9.5,1.5,0.5
2022-23,Naji Marshall,1630230,17,31.0,17.0,4.0,0.5605
2022-23,Naji Marshall,1630230,18,28.0,4.0,5.0,0.667
2022-23,Naji Marshall,1630230,19,28.0,12.0,5.5,0.39849999999999997
2022-23,Naji Marshall,1630230,22,29.0,22.0,4.0,0.571
2022-23,Naji Marshall,1630230,23,23.0,3.0,6.0,0.25
2022-23,Naji Marshall,1630230,24,27.0,9.0,1.0,0.5
2022-23,Nassir Little,1629642,-42,39.0,10.0,0.0,0.235
2022-23,Nassir Little,1629642,-25,29.0,8.0,2.0,0.5
2022-23,Nassir Little,1629642,-18,25.0,10.0,4.0,0.5
2022-23,Nassir Little,1629642,-12,33.0,26.0,2.0,0.526
2022-23,Nassir Little,1629642,-11,21.0,6.0,2.0,0.293
2022-23,Nassir Little,1629642,-8,23.0,3.0,0.0,0.2
2022-23,Nassir Little,1629642,-7,20.0,11.0,2.0,1.0
2022-23,Nassir Little,1629642,-5,31.0,28.0,0.0,0.524
2022-23,Nassir Little,1629642,-2,25.0,9.5,2.0,0.5835
2022-23,Nassir Little,1629642,-1,23.0,15.0,0.0,0.545
2022-23,Nassir Little,1629642,1,25.0,4.0,0.0,0.25
2022-23,Nassir Little,1629642,9,20.0,6.0,2.0,0.375
2022-23,Nassir Little,1629642,10,23.0,12.0,3.0,0.571
2022-23,Nassir Little,1629642,11,25.0,9.0,1.0,0.667
2022-23,Nassir Little,1629642,17,32.0,8.0,1.0,0.5
2022-23,Nassir Little,1629642,29,27.0,11.0,1.0,0.571
2022-23,Nathan Knight,1630233,8,26.0,16.0,3.0,0.75
2022-23,Nathan Knight,1630233,12,21.0,8.0,2.0,0.5
2022-23,Nathan Knight,1630233,23,24.0,19.0,0.0,0.556
2022-23,Naz Reid,1629675,-15,20.0,9.0,1.0,0.6
2022-23,Naz Reid,1629675,-12,24.0,14.0,1.0,0.4
2022-23,Naz Reid,1629675,-11,20.0,10.0,1.0,0.571
2022-23,Naz Reid,1629675,-8,21.5,12.0,0.5,0.5415
2022-23,Naz Reid,1629675,-6,28.666666666666668,17.666666666666668,1.3333333333333333,0.4363333333333334
2022-23,Naz Reid,1629675,-5,25.0,12.0,0.5,0.4375
2022-23,Naz Reid,1629675,-4,23.0,15.0,2.0,0.385
2022-23,Naz Reid,1629675,-1,25.0,14.0,2.0,0.6
2022-23,Naz Reid,1629675,0,29.0,13.0,3.0,0.5
2022-23,Naz Reid,1629675,1,22.0,8.0,0.0,0.429
2022-23,Naz Reid,1629675,2,25.0,17.0,2.0,0.444
2022-23,Naz Reid,1629675,3,25.0,26.0,0.0,0.733
2022-23,Naz Reid,1629675,5,35.0,24.0,4.0,0.455
2022-23,Naz Reid,1629675,6,25.0,13.0,1.0,0.625
2022-23,Naz Reid,1629675,8,20.0,23.0,1.0,0.588
2022-23,Naz Reid,1629675,9,20.0,15.0,2.0,0.5
2022-23,Naz Reid,1629675,13,29.0,21.0,2.0,0.533
2022-23,Naz Reid,1629675,14,21.0,8.0,3.0,0.375
2022-23,Naz Reid,1629675,16,22.0,5.0,2.0,0.333
2022-23,Naz Reid,1629675,17,39.0,27.0,1.0,0.579
2022-23,Naz Reid,1629675,21,36.0,28.0,3.0,0.611
2022-23,Nerlens Noel,203457,-22,20.0,5.0,1.0,0.4
2022-23,Nerlens Noel,203457,0,21.0,2.0,2.0,0.5
2022-23,Nic Claxton,1629651,-33,28.0,13.0,3.0,0.6
2022-23,Nic Claxton,1629651,-27,26.0,9.0,2.0,0.6
2022-23,Nic Claxton,1629651,-23,22.0,7.0,3.0,0.429
2022-23,Nic Claxton,1629651,-21,28.0,12.0,1.0,1.0
2022-23,Nic Claxton,1629651,-19,28.0,15.0,4.0,0.636
2022-23,Nic Claxton,1629651,-18,38.0,12.0,2.0,0.571
2022-23,Nic Claxton,1629651,-17,22.0,9.0,3.0,0.429
2022-23,Nic Claxton,1629651,-16,29.333333333333332,12.666666666666666,0.6666666666666666,0.627
2022-23,Nic Claxton,1629651,-15,24.0,13.0,0.0,0.857
2022-23,Nic Claxton,1629651,-12,37.0,9.0,1.0,0.8
2022-23,Nic Claxton,1629651,-11,33.0,11.0,2.0,0.5
2022-23,Nic Claxton,1629651,-10,23.0,3.0,1.0,0.25
2022-23,Nic Claxton,1629651,-9,31.0,19.0,1.0,0.75
2022-23,Nic Claxton,1629651,-8,25.0,11.0,3.0,0.714
2022-23,Nic Claxton,1629651,-6,26.8,8.4,1.6,0.5342
2022-23,Nic Claxton,1629651,-4,30.4,10.4,1.6,0.6275999999999999
2022-23,Nic Claxton,1629651,-3,33.0,15.0,0.5,0.725
2022-23,Nic Claxton,1629651,-2,32.0,18.666666666666668,0.6666666666666666,0.8723333333333333
2022-23,Nic Claxton,1629651,-1,28.0,6.0,2.0,0.5
2022-23,Nic Claxton,1629651,0,29.0,14.5,4.5,0.778
2022-23,Nic Claxton,1629651,1,21.0,12.0,0.0,0.857
2022-23,Nic Claxton,1629651,2,29.0,7.333333333333333,1.6666666666666667,0.515
2022-23,Nic Claxton,1629651,3,30.0,10.5,1.0,0.652
2022-23,Nic Claxton,1629651,4,33.0,27.0,1.0,0.846
2022-23,Nic Claxton,1629651,5,31.75,13.25,1.0,0.72575
2022-23,Nic Claxton,1629651,6,32.0,17.0,3.0,0.727
2022-23,Nic Claxton,1629651,7,34.75,14.75,3.25,0.802
2022-23,Nic Claxton,1629651,8,35.0,15.666666666666666,3.3333333333333335,0.719
2022-23,Nic Claxton,1629651,9,29.5,12.5,1.5,0.578
2022-23,Nic Claxton,1629651,12,31.0,12.0,2.0,0.667
2022-23,Nic Claxton,1629651,13,29.0,19.0,5.0,0.9
2022-23,Nic Claxton,1629651,14,31.0,14.0,1.5,0.7225
2022-23,Nic Claxton,1629651,15,28.0,6.5,2.0,0.75
2022-23,Nic Claxton,1629651,17,31.0,19.0,4.0,0.818
2022-23,Nic Claxton,1629651,18,20.0,10.0,1.0,0.625
2022-23,Nic Claxton,1629651,19,27.0,14.0,5.0,0.857
2022-23,Nic Claxton,1629651,20,34.0,14.0,2.0,0.667
2022-23,Nic Claxton,1629651,22,25.0,9.0,1.0,1.0
2022-23,Nic Claxton,1629651,23,32.0,21.0,0.5,0.7905
2022-23,Nic Claxton,1629651,24,30.0,14.0,3.0,0.857
2022-23,Nic Claxton,1629651,29,37.0,20.0,1.0,0.889
2022-23,Nic Claxton,1629651,31,29.5,12.0,4.5,0.762
2022-23,Nic Claxton,1629651,32,28.0,18.0,1.0,0.9
2022-23,Nick Richards,1630208,-18,20.0,7.0,1.0,0.75
2022-23,Nick Richards,1630208,-17,22.0,7.0,1.0,1.0
2022-23,Nick Richards,1630208,-16,20.0,11.0,2.0,0.833
2022-23,Nick Richards,1630208,-15,29.5,9.0,1.5,0.6605
2022-23,Nick Richards,1630208,-14,26.0,14.0,0.0,0.667
2022-23,Nick Richards,1630208,-13,23.5,11.5,0.5,0.657
2022-23,Nick Richards,1630208,-8,24.0,9.5,0.5,0.528
2022-23,Nick Richards,1630208,-6,20.0,9.0,0.0,0.4
2022-23,Nick Richards,1630208,-3,26.5,10.5,0.0,0.5835
2022-23,Nick Richards,1630208,-2,27.0,18.0,1.0,0.778
2022-23,Nick Richards,1630208,-1,21.0,15.0,0.0,0.857
2022-23,Nick Richards,1630208,0,29.0,13.0,1.0,0.857
2022-23,Nick Richards,1630208,3,20.5,6.5,0.5,0.625
2022-23,Nick Richards,1630208,5,23.0,11.0,1.0,0.625
2022-23,Nick Richards,1630208,10,24.0,12.0,1.5,0.5835
2022-23,Nick Richards,1630208,11,21.0,13.0,0.0,0.5
2022-23,Nick Richards,1630208,16,32.0,15.0,4.0,0.833
2022-23,Nick Richards,1630208,18,26.0,14.0,1.0,0.625
2022-23,Nick Richards,1630208,25,20.0,20.0,1.0,1.0
2022-23,Nick Richards,1630208,28,21.0,19.0,0.0,0.538
2022-23,Nickeil Alexander-Walker,1629638,-18,20.0,10.0,2.0,0.4
2022-23,Nickeil Alexander-Walker,1629638,-12,23.0,16.0,5.0,0.444
2022-23,Nickeil Alexander-Walker,1629638,-11,28.0,11.0,4.0,0.8
2022-23,Nickeil Alexander-Walker,1629638,-10,22.0,13.0,3.0,0.5
2022-23,Nickeil Alexander-Walker,1629638,-7,20.0,5.0,0.0,0.333
2022-23,Nickeil Alexander-Walker,1629638,-6,39.0,27.0,2.0,0.563
2022-23,Nickeil Alexander-Walker,1629638,-5,20.0,7.0,3.0,0.5
2022-23,Nickeil Alexander-Walker,1629638,-2,20.0,10.0,1.0,0.333
2022-23,Nickeil Alexander-Walker,1629638,-1,26.0,12.0,2.0,0.4
2022-23,Nickeil Alexander-Walker,1629638,1,24.0,13.0,1.0,0.5
2022-23,Nickeil Alexander-Walker,1629638,2,30.0,8.0,6.0,0.273
2022-23,Nickeil Alexander-Walker,1629638,3,20.0,11.0,3.0,0.5
2022-23,Nickeil Alexander-Walker,1629638,4,25.0,11.0,4.0,0.5
2022-23,Nickeil Alexander-Walker,1629638,12,25.0,19.0,6.0,0.7
2022-23,Nickeil Alexander-Walker,1629638,14,28.0,7.0,2.0,0.5
2022-23,Nickeil Alexander-Walker,1629638,24,21.0,8.0,4.0,0.5
2022-23,Nicolas Batum,201587,-14,23.5,5.0,1.5,0.475
2022-23,Nicolas Batum,201587,-13,23.0,7.0,1.0,0.429
2022-23,Nicolas Batum,201587,-10,28.5,16.5,1.0,0.75
2022-23,Nicolas Batum,201587,-7,24.0,5.0,1.0,0.5
2022-23,Nicolas Batum,201587,-6,21.5,12.0,1.0,0.7335
2022-23,Nicolas Batum,201587,-4,22.666666666666668,4.0,1.6666666666666667,0.4583333333333333
2022-23,Nicolas Batum,201587,-3,26.5,8.5,2.0,0.8
2022-23,Nicolas Batum,201587,-2,27.0,9.0,2.0,0.375
2022-23,Nicolas Batum,201587,-1,26.0,6.0,1.0,0.2
2022-23,Nicolas Batum,201587,1,24.0,3.0,2.0,0.25
2022-23,Nicolas Batum,201587,2,23.0,2.0,3.0,0.5
2022-23,Nicolas Batum,201587,3,22.666666666666668,5.0,0.6666666666666666,0.5556666666666666
2022-23,Nicolas Batum,201587,4,23.0,4.0,6.0,0.5
2022-23,Nicolas Batum,201587,5,29.5,13.5,1.5,0.5415
2022-23,Nicolas Batum,201587,6,22.0,3.0,2.0,0.333
2022-23,Nicolas Batum,201587,7,28.5,5.25,1.75,0.29325
2022-23,Nicolas Batum,201587,9,29.0,8.666666666666666,2.0,0.5333333333333333
2022-23,Nicolas Batum,201587,10,21.0,12.0,3.0,0.5
2022-23,Nicolas Batum,201587,11,23.0,4.0,2.0,0.4
2022-23,Nicolas Batum,201587,12,26.0,10.0,3.0,0.75
2022-23,Nicolas Batum,201587,13,33.0,10.5,3.0,0.34400000000000003
2022-23,Nicolas Batum,201587,14,24.0,0.0,0.0,0.0
2022-23,Nicolas Batum,201587,17,25.0,7.0,4.0,0.6
2022-23,Nicolas Batum,201587,18,25.0,9.0,2.0,0.6
2022-23,Nicolas Batum,201587,19,26.0,16.5,1.5,0.5165
2022-23,Nicolas Batum,201587,22,27.5,13.5,4.0,0.5665
2022-23,Nicolas Batum,201587,23,26.333333333333332,9.333333333333334,0.3333333333333333,0.43900000000000006
2022-23,Nicolas Batum,201587,30,30.0,13.0,2.0,0.556
2022-23,Nikola Jokic,203999,-21,24.0,14.0,4.0,0.538
2022-23,Nikola Jokic,203999,-20,26.0,15.0,3.0,0.636
2022-23,Nikola Jokic,203999,-14,33.0,24.0,6.333333333333333,0.5236666666666666
2022-23,Nikola Jokic,203999,-10,26.0,9.0,9.0,0.75
2022-23,Nikola Jokic,203999,-9,33.0,24.0,9.0,0.5
2022-23,Nikola Jokic,203999,-8,34.333333333333336,28.333333333333332,8.0,0.6653333333333333
2022-23,Nikola Jokic,203999,-6,36.0,25.0,10.0,0.733
2022-23,Nikola Jokic,203999,-5,29.5,16.5,8.0,0.5529999999999999
2022-23,Nikola Jokic,203999,-3,34.0,26.0,10.0,0.538
2022-23,Nikola Jokic,203999,-2,38.0,37.0,11.0,0.583
2022-23,Nikola Jokic,203999,-1,35.0,32.0,7.5,0.646
2022-23,Nikola Jokic,203999,0,35.0,23.0,6.0,0.5
2022-23,Nikola Jokic,203999,2,35.666666666666664,25.0,8.333333333333334,0.6110000000000001
2022-23,Nikola Jokic,203999,5,33.0,27.0,8.0,0.857
2022-23,Nikola Jokic,203999,7,36.0,17.0,9.0,0.625
2022-23,Nikola Jokic,203999,8,31.0,25.5,7.75,0.511
2022-23,Nikola Jokic,203999,9,34.0,14.0,10.0,0.667
2022-23,Nikola Jokic,203999,10,32.333333333333336,20.666666666666668,14.0,0.7760000000000001
2022-23,Nikola Jokic,203999,11,34.5,32.0,9.25,0.65675
2022-23,Nikola Jokic,203999,12,44.0,41.0,15.0,0.64
2022-23,Nikola Jokic,203999,13,35.6,23.2,10.6,0.6956
2022-23,Nikola Jokic,203999,14,35.25,27.0,12.0,0.6315
2022-23,Nikola Jokic,203999,15,34.0,20.5,12.0,0.6085
2022-23,Nikola Jokic,203999,16,34.5,17.5,12.0,0.7135
2022-23,Nikola Jokic,203999,17,28.0,21.0,9.0,0.667
2022-23,Nikola Jokic,203999,18,32.333333333333336,19.666666666666668,10.666666666666666,0.5626666666666666
2022-23,Nikola Jokic,203999,19,32.333333333333336,28.666666666666668,9.0,0.6556666666666667
2022-23,Nikola Jokic,203999,20,34.0,25.25,11.25,0.68475
2022-23,Nikola Jokic,203999,21,31.0,31.0,13.0,0.6
2022-23,Nikola Jokic,203999,22,34.0,30.0,10.0,0.5
2022-23,Nikola Jokic,203999,26,32.0,22.0,16.0,0.692
2022-23,Nikola Jokic,203999,28,33.333333333333336,35.0,8.0,0.7686666666666667
2022-23,Nikola Jokic,203999,29,27.0,8.0,14.0,1.0
2022-23,Nikola Jokic,203999,31,27.0,14.0,10.0,0.636
2022-23,Nikola Jokic,203999,40,27.0,20.0,16.0,0.8
2022-23,Nikola Jovic,1631107,-7,32.0,7.0,5.0,0.222
2022-23,Nikola Jovic,1631107,-3,23.0,13.0,1.0,0.5
2022-23,Nikola Jovic,1631107,-2,22.0,4.0,3.0,0.2
2022-23,Nikola Jovic,1631107,6,30.0,18.0,0.0,0.4
2022-23,Nikola Vucevic,202696,-31,24.0,8.0,2.0,0.4
2022-23,Nikola Vucevic,202696,-23,31.666666666666668,14.333333333333334,2.6666666666666665,0.4043333333333334
2022-23,Nikola Vucevic,202696,-22,36.0,29.0,6.0,0.75
2022-23,Nikola Vucevic,202696,-19,38.5,19.5,2.5,0.6415
2022-23,Nikola Vucevic,202696,-18,32.5,22.0,3.0,0.6335
2022-23,Nikola Vucevic,202696,-17,30.0,20.0,5.0,0.692
2022-23,Nikola Vucevic,202696,-16,23.0,9.0,0.0,0.4
2022-23,Nikola Vucevic,202696,-15,24.0,9.0,2.0,0.308
2022-23,Nikola Vucevic,202696,-14,31.0,13.0,2.0,0.4
2022-23,Nikola Vucevic,202696,-13,32.4,16.0,2.6,0.5088
2022-23,Nikola Vucevic,202696,-11,33.0,21.0,4.0,0.429
2022-23,Nikola Vucevic,202696,-10,30.4,17.8,2.2,0.5146
2022-23,Nikola Vucevic,202696,-9,37.0,28.0,6.0,0.462
2022-23,Nikola Vucevic,202696,-8,34.333333333333336,20.666666666666668,2.3333333333333335,0.44566666666666666
2022-23,Nikola Vucevic,202696,-5,33.333333333333336,15.0,2.0,0.527
2022-23,Nikola Vucevic,202696,-4,33.5,14.5,4.0,0.365
2022-23,Nikola Vucevic,202696,-3,34.25,17.5,3.5,0.531
2022-23,Nikola Vucevic,202696,-2,37.0,19.0,4.0,0.5355
2022-23,Nikola Vucevic,202696,-1,32.5,18.5,4.0,0.544
2022-23,Nikola Vucevic,202696,0,33.5,14.0,3.0,0.519
2022-23,Nikola Vucevic,202696,1,31.333333333333332,18.666666666666668,4.333333333333333,0.5453333333333333
2022-23,Nikola Vucevic,202696,2,32.0,20.0,5.0,0.643
2022-23,Nikola Vucevic,202696,3,33.0,16.0,2.0,0.471
2022-23,Nikola Vucevic,202696,4,35.0,23.0,4.0,0.6325000000000001
2022-23,Nikola Vucevic,202696,5,38.666666666666664,13.666666666666666,2.3333333333333335,0.49033333333333334
2022-23,Nikola Vucevic,202696,6,35.0,21.0,3.0,0.667
2022-23,Nikola Vucevic,202696,7,34.0,13.0,2.5,0.4425
2022-23,Nikola Vucevic,202696,8,33.0,18.0,6.0,0.467
2022-23,Nikola Vucevic,202696,9,37.0,16.0,3.6666666666666665,0.545
2022-23,Nikola Vucevic,202696,10,33.0,22.333333333333332,3.6666666666666665,0.7026666666666667
2022-23,Nikola Vucevic,202696,11,35.0,12.0,2.0,0.333
2022-23,Nikola Vucevic,202696,12,39.0,43.0,4.0,0.581
2022-23,Nikola Vucevic,202696,13,32.0,21.5,3.5,0.5625
2022-23,Nikola Vucevic,202696,15,32.0,13.0,2.0,0.6
2022-23,Nikola Vucevic,202696,16,34.0,17.25,5.0,0.485
2022-23,Nikola Vucevic,202696,17,39.5,23.0,3.5,0.48950000000000005
2022-23,Nikola Vucevic,202696,19,38.0,14.0,7.0,0.429
2022-23,Nikola Vucevic,202696,20,35.0,12.0,6.0,0.857
2022-23,Nikola Vucevic,202696,23,39.0,26.0,5.0,0.611
2022-23,Nikola Vucevic,202696,25,30.0,21.0,0.0,0.643
2022-23,Nikola Vucevic,202696,34,30.0,23.0,4.0,0.769
2022-23,Nikola Vucevic,202696,35,28.0,13.0,2.0,0.556
2022-23,Noah Vonleh,203943,7,20.0,2.0,0.0,0.5
2022-23,Norman Powell,1626181,-31,25.0,16.0,2.0,0.545
2022-23,Norman Powell,1626181,-27,31.0,26.0,0.0,0.563
2022-23,Norman Powell,1626181,-20,30.0,7.0,2.0,0.3
2022-23,Norman Powell,1626181,-17,21.5,10.5,0.5,0.5345
2022-23,Norman Powell,1626181,-16,26.0,14.666666666666666,1.3333333333333333,0.42700000000000005
2022-23,Norman Powell,1626181,-15,24.0,16.0,0.0,0.364
2022-23,Norman Powell,1626181,-14,29.0,17.0,2.0,0.429
2022-23,Norman Powell,1626181,-13,21.0,6.0,1.0,0.375
2022-23,Norman Powell,1626181,-12,27.333333333333332,14.0,2.0,0.29933333333333334
2022-23,Norman Powell,1626181,-10,20.0,2.0,1.0,0.111
2022-23,Norman Powell,1626181,-8,24.0,9.5,1.0,0.432
2022-23,Norman Powell,1626181,-7,25.0,18.0,3.0,0.5
2022-23,Norman Powell,1626181,-6,27.0,24.0,1.0,0.471
2022-23,Norman Powell,1626181,-5,29.0,18.333333333333332,2.3333333333333335,0.408
2022-23,Norman Powell,1626181,-4,35.0,27.0,4.0,0.533
2022-23,Norman Powell,1626181,-3,29.0,30.0,3.0,0.6
2022-23,Norman Powell,1626181,-2,24.5,18.5,1.5,0.5965
2022-23,Norman Powell,1626181,-1,27.0,10.0,2.5,0.34149999999999997
2022-23,Norman Powell,1626181,0,26.0,19.0,2.0,0.368
2022-23,Norman Powell,1626181,1,25.0,14.5,1.0,0.4365
2022-23,Norman Powell,1626181,3,27.0,17.0,0.0,0.833
2022-23,Norman Powell,1626181,4,24.0,17.0,3.5,0.4165
2022-23,Norman Powell,1626181,5,28.666666666666668,23.0,1.3333333333333333,0.5533333333333333
2022-23,Norman Powell,1626181,6,26.0,14.25,1.25,0.48875
2022-23,Norman Powell,1626181,7,24.5,22.5,4.0,0.5355
2022-23,Norman Powell,1626181,8,26.5,25.0,2.0,0.5800000000000001
2022-23,Norman Powell,1626181,10,31.5,26.5,3.0,0.6305000000000001
2022-23,Norman Powell,1626181,13,26.0,17.666666666666668,3.6666666666666665,0.5223333333333334
2022-23,Norman Powell,1626181,15,28.0,30.0,1.0,0.667
2022-23,Norman Powell,1626181,17,22.0,23.5,1.0,0.4945
2022-23,Norman Powell,1626181,20,30.0,19.0,1.0,0.5
2022-23,Norman Powell,1626181,27,27.0,18.0,3.0,0.455
2022-23,O.G. Anunoby,1628384,-30,34.0,7.0,1.0,0.429
2022-23,O.G. Anunoby,1628384,-29,34.5,15.5,3.5,0.32199999999999995
2022-23,O.G. Anunoby,1628384,-25,40.0,13.0,3.0,0.4
2022-23,O.G. Anunoby,1628384,-24,31.0,13.0,1.0,0.4
2022-23,O.G. Anunoby,1628384,-19,43.0,18.0,1.0,0.556
2022-23,O.G. Anunoby,1628384,-18,30.0,7.0,1.0,0.3
2022-23,O.G. Anunoby,1628384,-17,37.0,23.5,2.0,0.5315
2022-23,O.G. Anunoby,1628384,-12,37.0,16.0,1.5,0.3855
2022-23,O.G. Anunoby,1628384,-11,42.0,27.0,5.0,0.417
2022-23,O.G. Anunoby,1628384,-8,35.0,14.0,2.0,0.385
2022-23,O.G. Anunoby,1628384,-5,39.666666666666664,14.333333333333334,1.6666666666666667,0.40599999999999997
2022-23,O.G. Anunoby,1628384,-4,34.333333333333336,10.0,2.0,0.35533333333333333
2022-23,O.G. Anunoby,1628384,-3,39.0,10.0,0.5,0.2915
2022-23,O.G. Anunoby,1628384,-2,39.333333333333336,23.666666666666668,1.0,0.5446666666666666
2022-23,O.G. Anunoby,1628384,-1,37.666666666666664,12.666666666666666,2.0,0.4176666666666667
2022-23,O.G. Anunoby,1628384,0,37.666666666666664,14.666666666666666,1.3333333333333333,0.37266666666666665
2022-23,O.G. Anunoby,1628384,1,34.5,16.5,2.5,0.33999999999999997
2022-23,O.G. Anunoby,1628384,2,32.0,13.5,2.0,0.41050000000000003
2022-23,O.G. Anunoby,1628384,3,34.0,15.0,1.0,0.6
2022-23,O.G. Anunoby,1628384,4,37.5,11.5,0.5,0.345
2022-23,O.G. Anunoby,1628384,5,39.666666666666664,13.333333333333334,1.6666666666666667,0.4176666666666667
2022-23,O.G. Anunoby,1628384,6,37.0,15.0,4.0,0.4
2022-23,O.G. Anunoby,1628384,7,37.5,28.5,1.5,0.71
2022-23,O.G. Anunoby,1628384,8,43.0,32.0,3.0,0.722
2022-23,O.G. Anunoby,1628384,9,31.333333333333332,18.666666666666668,2.3333333333333335,0.5853333333333334
2022-23,O.G. Anunoby,1628384,12,32.5,18.5,2.0,0.4605
2022-23,O.G. Anunoby,1628384,13,31.5,20.5,4.0,0.6234999999999999
2022-23,O.G. Anunoby,1628384,14,29.0,16.5,2.5,0.6335
2022-23,O.G. Anunoby,1628384,16,32.0,16.6,1.4,0.5810000000000001
2022-23,O.G. Anunoby,1628384,17,38.0,22.0,5.0,0.643
2022-23,O.G. Anunoby,1628384,18,37.5,28.0,1.0,0.512
2022-23,O.G. Anunoby,1628384,21,33.0,32.0,4.0,0.706
2022-23,O.G. Anunoby,1628384,23,35.0,15.0,1.0,0.667
2022-23,O.G. Anunoby,1628384,24,34.5,16.5,2.5,0.485
2022-23,O.G. Anunoby,1628384,28,24.0,18.0,3.0,0.583
2022-23,Obi Toppin,1630167,-19,20.0,5.0,1.0,0.286
2022-23,Obi Toppin,1630167,-14,21.0,4.0,1.0,0.2
2022-23,Obi Toppin,1630167,-6,26.0,10.0,1.0,0.444
2022-23,Obi Toppin,1630167,-5,22.0,8.0,1.0,0.333
2022-23,Obi Toppin,1630167,6,20.0,17.0,0.0,0.6
2022-23,Obi Toppin,1630167,7,29.5,20.5,2.5,0.47
2022-23,Obi Toppin,1630167,13,25.0,15.0,3.0,0.4
2022-23,Obi Toppin,1630167,18,42.0,32.0,6.0,0.611
2022-23,Obi Toppin,1630167,19,33.0,21.0,4.0,0.6
2022-23,Obi Toppin,1630167,25,20.0,16.0,3.0,0.583
2022-23,Ochai Agbaji,1630534,-21,25.0,6.0,2.0,0.125
2022-23,Ochai Agbaji,1630534,-19,28.0,8.0,2.0,0.273
2022-23,Ochai Agbaji,1630534,-16,21.0,12.0,3.0,0.364
2022-23,Ochai Agbaji,1630534,-13,32.0,7.0,3.0,0.286
2022-23,Ochai Agbaji,1630534,-11,29.0,14.0,1.0,0.545
2022-23,Ochai Agbaji,1630534,-10,36.0,20.0,4.0,0.533
2022-23,Ochai Agbaji,1630534,-9,38.0,17.0,1.0,0.583
2022-23,Ochai Agbaji,1630534,-8,21.0,19.0,1.0,1.0
2022-23,Ochai Agbaji,1630534,-7,28.0,10.5,4.0,0.3205
2022-23,Ochai Agbaji,1630534,-6,21.0,0.0,0.0,0.0
2022-23,Ochai Agbaji,1630534,-3,24.666666666666668,7.0,1.6666666666666667,0.2826666666666667
2022-23,Ochai Agbaji,1630534,-1,31.25,19.75,2.5,0.40375
2022-23,Ochai Agbaji,1630534,0,27.0,7.0,1.5,0.2
2022-23,Ochai Agbaji,1630534,1,24.0,9.0,1.0,0.375
2022-23,Ochai Agbaji,1630534,3,31.0,17.0,0.0,0.75
2022-23,Ochai Agbaji,1630534,4,24.0,11.0,0.0,0.667
2022-23,Ochai Agbaji,1630534,6,21.0,4.0,0.0,0.333
2022-23,Ochai Agbaji,1630534,8,24.5,6.0,1.0,0.7145
2022-23,Ochai Agbaji,1630534,9,31.0,14.0,0.0,0.5
2022-23,Ochai Agbaji,1630534,16,36.0,16.0,3.0,0.545
2022-23,Ochai Agbaji,1630534,17,33.0,10.0,1.0,0.3
2022-23,Ochai Agbaji,1630534,18,26.5,17.5,2.5,0.5
2022-23,Ochai Agbaji,1630534,20,31.0,14.0,1.0,0.5
2022-23,Ochai Agbaji,1630534,23,25.0,3.0,2.0,0.25
2022-23,Olivier Sarr,1630846,14,42.0,22.0,1.0,0.667
2022-23,Omer Yurtseven,1630209,11,24.0,14.0,0.0,0.556
2022-23,Onyeka Okongwu,1630168,-22,33.0,7.0,5.0,0.429
2022-23,Onyeka Okongwu,1630168,-19,24.5,8.0,0.5,0.625
2022-23,Onyeka Okongwu,1630168,-17,24.5,10.0,0.5,0.833
2022-23,Onyeka Okongwu,1630168,-13,26.5,4.0,1.5,0.381
2022-23,Onyeka Okongwu,1630168,-12,24.0,9.5,0.0,0.9285
2022-23,Onyeka Okongwu,1630168,-9,20.0,6.0,0.0,0.6
2022-23,Onyeka Okongwu,1630168,-7,28.0,10.75,0.5,0.5745
2022-23,Onyeka Okongwu,1630168,-6,25.0,15.0,0.0,0.5
2022-23,Onyeka Okongwu,1630168,-4,29.0,8.0,1.5,0.5
2022-23,Onyeka Okongwu,1630168,-2,21.0,14.0,0.0,0.7085
2022-23,Onyeka Okongwu,1630168,-1,24.5,16.5,1.0,0.873
2022-23,Onyeka Okongwu,1630168,0,20.0,14.0,0.0,0.667
2022-23,Onyeka Okongwu,1630168,1,28.0,11.5,1.25,0.47925
2022-23,Onyeka Okongwu,1630168,3,35.0,12.0,1.0,0.5854999999999999
2022-23,Onyeka Okongwu,1630168,4,23.666666666666668,11.0,0.6666666666666666,0.7936666666666667
2022-23,Onyeka Okongwu,1630168,6,23.0,10.5,2.0,0.525
2022-23,Onyeka Okongwu,1630168,7,23.5,8.5,1.5,0.7855
2022-23,Onyeka Okongwu,1630168,8,20.5,11.5,0.0,0.6875
2022-23,Onyeka Okongwu,1630168,10,21.0,16.0,2.0,0.7
2022-23,Onyeka Okongwu,1630168,11,40.0,18.0,1.0,0.571
2022-23,Onyeka Okongwu,1630168,12,21.0,11.5,2.0,0.8
2022-23,Onyeka Okongwu,1630168,14,36.0,10.0,0.0,0.5
2022-23,Onyeka Okongwu,1630168,15,22.5,17.0,1.0,0.9285
2022-23,Onyeka Okongwu,1630168,16,28.0,10.0,1.0,0.6
2022-23,Onyeka Okongwu,1630168,19,39.0,18.0,4.0,0.75
2022-23,Onyeka Okongwu,1630168,21,21.0,7.5,1.0,0.7
2022-23,Onyeka Okongwu,1630168,22,22.0,12.0,2.0,0.545
2022-23,Orlando Robinson,1631115,-2,32.0,14.0,0.0,0.6
2022-23,Orlando Robinson,1631115,1,24.0,4.0,0.0,1.0
2022-23,Orlando Robinson,1631115,4,26.0,15.0,4.0,0.778
2022-23,Orlando Robinson,1631115,11,35.0,9.0,3.0,0.429
2022-23,Oshae Brissett,1629052,-22,27.0,9.0,1.0,0.375
2022-23,Oshae Brissett,1629052,-14,26.0,6.0,2.0,0.333
2022-23,Oshae Brissett,1629052,-10,23.0,5.0,0.0,0.333
2022-23,Oshae Brissett,1629052,-6,22.0,1.0,1.0,0.0
2022-23,Oshae Brissett,1629052,-4,26.0,5.0,2.0,0.667
2022-23,Oshae Brissett,1629052,-3,22.0,5.0,3.0,0.091
2022-23,Oshae Brissett,1629052,-1,21.5,8.5,1.0,0.75
2022-23,Oshae Brissett,1629052,0,20.0,6.5,0.0,0.4165
2022-23,Oshae Brissett,1629052,3,31.0,17.0,1.0,0.583
2022-23,Oshae Brissett,1629052,7,31.0,14.0,2.0,0.556
2022-23,Oshae Brissett,1629052,13,24.5,14.0,1.0,0.4365
2022-23,Oshae Brissett,1629052,14,27.0,12.0,3.0,0.267
2022-23,Oshae Brissett,1629052,15,20.0,11.0,0.0,0.5
2022-23,Oshae Brissett,1629052,19,26.0,18.0,1.0,0.556
2022-23,Otto Porter Jr.,203490,-13,26.0,6.0,3.0,0.667
2022-23,Otto Porter Jr.,203490,3,23.0,14.0,0.0,0.625
2022-23,Otto Porter Jr.,203490,7,20.0,6.0,0.0,0.667
2022-23,Ousmane Dieng,1631172,-10,21.0,9.0,3.0,0.429
2022-23,Ousmane Dieng,1631172,-6,21.0,0.0,2.0,0.0
2022-23,Ousmane Dieng,1631172,3,28.0,12.0,2.0,0.385
2022-23,Ousmane Dieng,1631172,7,22.0,10.0,1.0,0.833
2022-23,Ousmane Dieng,1631172,8,20.0,2.0,2.0,0.143
2022-23,Ousmane Dieng,1631172,10,27.0,17.0,0.0,0.467
2022-23,Ousmane Dieng,1631172,11,33.5,15.0,7.0,0.6415
2022-23,Ousmane Dieng,1631172,15,23.0,5.0,3.0,0.333
2022-23,Ousmane Dieng,1631172,17,20.0,9.0,2.0,0.5
2022-23,P.J. Tucker,200782,-30,24.0,3.0,0.0,0.5
2022-23,P.J. Tucker,200782,-26,20.0,6.0,1.0,0.5
2022-23,P.J. Tucker,200782,-23,22.0,0.0,0.0,0.0
2022-23,P.J. Tucker,200782,-18,20.0,2.0,0.0,0.5
2022-23,P.J. Tucker,200782,-16,24.0,3.0,0.0,0.5
2022-23,P.J. Tucker,200782,-11,24.5,2.5,1.5,0.2
2022-23,P.J. Tucker,200782,-7,27.0,3.6666666666666665,0.3333333333333333,0.6666666666666666
2022-23,P.J. Tucker,200782,-6,26.833333333333332,3.5,0.8333333333333334,0.44716666666666666
2022-23,P.J. Tucker,200782,-5,32.0,8.0,1.5,0.5
2022-23,P.J. Tucker,200782,-4,26.0,3.0,0.8,0.4332
2022-23,P.J. Tucker,200782,-3,23.5,2.0,0.0,0.29175
2022-23,P.J. Tucker,200782,-2,28.0,5.0,0.0,0.667
2022-23,P.J. Tucker,200782,-1,33.0,2.5,1.0,0.375
2022-23,P.J. Tucker,200782,0,23.0,6.0,1.0,1.0
2022-23,P.J. Tucker,200782,1,25.666666666666668,6.333333333333333,0.0,0.6
2022-23,P.J. Tucker,200782,2,27.0,4.333333333333333,1.3333333333333333,0.4723333333333333
2022-23,P.J. Tucker,200782,3,25.0,4.5,1.0,0.2145
2022-23,P.J. Tucker,200782,4,25.0,3.3333333333333335,0.6666666666666666,0.3666666666666667
2022-23,P.J. Tucker,200782,5,24.0,3.0,2.0,0.2
2022-23,P.J. Tucker,200782,7,39.0,5.0,2.0,0.167
2022-23,P.J. Tucker,200782,9,33.0,0.0,1.0,0.0
2022-23,P.J. Tucker,200782,10,23.0,6.0,0.0,0.667
2022-23,P.J. Tucker,200782,11,29.75,5.0,1.25,0.5835
2022-23,P.J. Tucker,200782,12,37.0,0.0,3.0,0.0
2022-23,P.J. Tucker,200782,13,25.0,0.0,1.5,0.0
2022-23,P.J. Tucker,200782,14,24.0,5.5,0.0,0.4
2022-23,P.J. Tucker,200782,15,22.0,2.5,1.0,0.3335
2022-23,P.J. Tucker,200782,17,32.0,3.0,0.0,0.0
2022-23,P.J. Tucker,200782,18,31.0,2.0,2.0,1.0
2022-23,P.J. Tucker,200782,19,20.0,10.0,0.0,0.8
2022-23,P.J. Tucker,200782,21,37.0,7.0,1.0,0.286
2022-23,P.J. Tucker,200782,22,34.0,5.0,3.0,0.4
2022-23,P.J. Tucker,200782,34,24.0,5.0,1.0,0.667
2022-23,P.J. Tucker,200782,35,21.0,6.0,1.0,0.286
2022-23,P.J. Washington,1629023,-37,26.0,16.0,2.0,0.556
2022-23,P.J. Washington,1629023,-36,30.0,12.0,1.0,0.313
2022-23,P.J. Washington,1629023,-29,27.0,10.0,0.0,0.133
2022-23,P.J. Washington,1629023,-27,30.0,25.0,0.0,0.611
2022-23,P.J. Washington,1629023,-26,32.0,9.0,2.0,0.333
2022-23,P.J. Washington,1629023,-24,30.5,10.5,2.0,0.297
2022-23,P.J. Washington,1629023,-21,36.0,22.0,3.0,0.471
2022-23,P.J. Washington,1629023,-20,31.0,13.5,2.5,0.2905
2022-23,P.J. Washington,1629023,-19,22.0,5.0,0.0,0.222
2022-23,P.J. Washington,1629023,-18,46.0,28.0,4.0,0.5
2022-23,P.J. Washington,1629023,-17,33.0,12.5,2.25,0.48125
2022-23,P.J. Washington,1629023,-16,33.0,16.0,1.0,0.40049999999999997
2022-23,P.J. Washington,1629023,-15,22.0,10.0,1.0,0.417
2022-23,P.J. Washington,1629023,-14,35.0,9.0,2.0,0.571
2022-23,P.J. Washington,1629023,-13,31.0,10.0,1.0,0.333
2022-23,P.J. Washington,1629023,-12,34.25,10.25,2.0,0.25275000000000003
2022-23,P.J. Washington,1629023,-11,35.0,8.0,3.0,0.273
2022-23,P.J. Washington,1629023,-10,34.0,15.0,2.0,0.429
2022-23,P.J. Washington,1629023,-9,31.5,23.0,2.5,0.6535
2022-23,P.J. Washington,1629023,-8,34.75,17.75,2.5,0.49174999999999996
2022-23,P.J. Washington,1629023,-7,37.0,7.0,3.0,0.2
2022-23,P.J. Washington,1629023,-6,33.0,22.0,1.0,0.571
2022-23,P.J. Washington,1629023,-5,31.0,1.5,3.5,0.0835
2022-23,P.J. Washington,1629023,-4,27.0,4.0,0.0,0.286
2022-23,P.J. Washington,1629023,-3,34.0,14.5,2.5,0.47050000000000003
2022-23,P.J. Washington,1629023,-2,34.5,14.0,3.0,0.4095
2022-23,P.J. Washington,1629023,-1,35.0,15.0,1.3333333333333333,0.4573333333333333
2022-23,P.J. Washington,1629023,0,21.0,12.0,1.0,0.5
2022-23,P.J. Washington,1629023,1,34.0,18.0,2.0,0.455
2022-23,P.J. Washington,1629023,2,35.666666666666664,21.333333333333332,4.333333333333333,0.45
2022-23,P.J. Washington,1629023,3,31.0,18.5,2.25,0.5275
2022-23,P.J. Washington,1629023,4,35.0,27.0,5.0,0.579
2022-23,P.J. Washington,1629023,5,32.0,12.0,2.0,0.5
2022-23,P.J. Washington,1629023,6,33.5,20.5,4.0,0.4105
2022-23,P.J. Washington,1629023,7,37.0,43.0,5.0,0.667
2022-23,P.J. Washington,1629023,9,32.666666666666664,13.0,2.6666666666666665,0.462
2022-23,P.J. Washington,1629023,10,29.0,28.0,3.0,0.5
2022-23,P.J. Washington,1629023,11,36.0,21.5,3.0,0.5355
2022-23,P.J. Washington,1629023,12,32.5,25.5,3.5,0.6465000000000001
2022-23,P.J. Washington,1629023,15,27.0,20.0,1.0,0.4
2022-23,P.J. Washington,1629023,18,28.0,23.0,2.0,0.643
2022-23,P.J. Washington,1629023,19,36.0,10.0,3.0,0.364
2022-23,P.J. Washington,1629023,26,30.0,9.0,4.0,0.333
2022-23,P.J. Washington,1629023,29,29.0,17.0,4.0,0.583
2022-23,PJ Dozier,1628408,-25,24.0,4.0,6.0,0.25
2022-23,PJ Dozier,1628408,10,20.0,7.0,3.0,0.3
2022-23,Paolo Banchero,1631094,-28,26.0,9.0,3.0,0.25
2022-23,Paolo Banchero,1631094,-21,34.0,20.0,5.0,0.429
2022-23,Paolo Banchero,1631094,-20,33.0,19.0,3.0,0.3746666666666667
2022-23,Paolo Banchero,1631094,-19,30.666666666666668,16.666666666666668,2.0,0.395
2022-23,Paolo Banchero,1631094,-18,33.5,19.5,2.0,0.3375
2022-23,Paolo Banchero,1631094,-16,34.0,21.0,3.6666666666666665,0.48666666666666664
2022-23,Paolo Banchero,1631094,-15,24.0,11.0,2.0,0.286
2022-23,Paolo Banchero,1631094,-14,31.5,16.5,1.5,0.3725
2022-23,Paolo Banchero,1631094,-12,29.666666666666668,11.333333333333334,3.3333333333333335,0.30000000000000004
2022-23,Paolo Banchero,1631094,-11,33.0,18.0,3.0,0.467
2022-23,Paolo Banchero,1631094,-10,33.0,20.0,2.0,0.333
2022-23,Paolo Banchero,1631094,-9,35.166666666666664,21.666666666666668,3.5,0.438
2022-23,Paolo Banchero,1631094,-8,34.333333333333336,20.666666666666668,2.3333333333333335,0.43766666666666665
2022-23,Paolo Banchero,1631094,-7,34.333333333333336,23.666666666666668,3.6666666666666665,0.4656666666666667
2022-23,Paolo Banchero,1631094,-6,28.0,15.0,4.0,0.417
2022-23,Paolo Banchero,1631094,-5,32.0,15.0,2.5,0.4585
2022-23,Paolo Banchero,1631094,-4,28.0,24.0,5.0,0.5
2022-23,Paolo Banchero,1631094,-3,32.0,23.0,3.0,0.45
2022-23,Paolo Banchero,1631094,-2,33.0,21.0,2.0,0.462
2022-23,Paolo Banchero,1631094,-1,34.666666666666664,22.666666666666668,6.0,0.441
2022-23,Paolo Banchero,1631094,1,36.0,20.0,4.75,0.40349999999999997
2022-23,Paolo Banchero,1631094,2,35.0,27.0,5.0,0.611
2022-23,Paolo Banchero,1631094,3,35.0,31.0,5.0,0.5
2022-23,Paolo Banchero,1631094,4,33.5,26.5,4.0,0.3645
2022-23,Paolo Banchero,1631094,5,35.5,20.5,4.0,0.4145
2022-23,Paolo Banchero,1631094,6,32.5,14.5,4.0,0.244
2022-23,Paolo Banchero,1631094,7,34.0,22.0,2.5,0.3815
2022-23,Paolo Banchero,1631094,9,32.5,17.5,4.0,0.40625
2022-23,Paolo Banchero,1631094,10,35.0,30.0,3.0,0.5
2022-23,Paolo Banchero,1631094,11,32.5,14.5,6.0,0.48750000000000004
2022-23,Paolo Banchero,1631094,12,34.5,26.0,3.0,0.547
2022-23,Paolo Banchero,1631094,13,32.0,21.5,5.5,0.469
2022-23,Paolo Banchero,1631094,15,34.5,24.5,4.5,0.4375
2022-23,Paolo Banchero,1631094,16,42.0,17.0,9.0,0.357
2022-23,Paolo Banchero,1631094,18,38.0,23.0,4.0,0.727
2022-23,Paolo Banchero,1631094,27,27.0,21.0,7.0,0.571
2022-23,Pascal Siakam,1627783,-24,38.0,25.0,4.0,0.421
2022-23,Pascal Siakam,1627783,-18,32.0,25.0,5.0,0.417
2022-23,Pascal Siakam,1627783,-17,35.0,23.0,3.3333333333333335,0.5326666666666666
2022-23,Pascal Siakam,1627783,-15,41.0,14.0,7.0,0.333
2022-23,Pascal Siakam,1627783,-13,30.5,17.0,5.5,0.3625
2022-23,Pascal Siakam,1627783,-12,37.333333333333336,18.666666666666668,5.333333333333333,0.44966666666666666
2022-23,Pascal Siakam,1627783,-10,39.0,13.0,6.0,0.375
2022-23,Pascal Siakam,1627783,-9,37.5,23.0,6.0,0.4585
2022-23,Pascal Siakam,1627783,-8,36.0,22.5,5.5,0.419
2022-23,Pascal Siakam,1627783,-7,35.0,21.666666666666668,5.0,0.4693333333333333
2022-23,Pascal Siakam,1627783,-6,39.0,30.5,5.5,0.55
2022-23,Pascal Siakam,1627783,-5,38.0,22.0,6.333333333333333,0.4186666666666667
2022-23,Pascal Siakam,1627783,-4,37.0,17.0,7.5,0.4375
2022-23,Pascal Siakam,1627783,-3,33.0,19.0,2.0,0.412
2022-23,Pascal Siakam,1627783,-2,36.0,21.0,4.0,0.472
2022-23,Pascal Siakam,1627783,-1,37.0,29.5,3.0,0.496
2022-23,Pascal Siakam,1627783,0,39.5,22.0,8.0,0.511
2022-23,Pascal Siakam,1627783,1,38.4,20.4,4.6,0.38339999999999996
2022-23,Pascal Siakam,1627783,2,36.0,37.0,11.0,0.714
2022-23,Pascal Siakam,1627783,3,38.666666666666664,28.666666666666668,5.333333333333333,0.49833333333333335
2022-23,Pascal Siakam,1627783,4,34.0,25.0,8.0,0.474
2022-23,Pascal Siakam,1627783,5,32.0,20.0,4.5,0.5
2022-23,Pascal Siakam,1627783,6,37.333333333333336,29.666666666666668,4.666666666666667,0.624
2022-23,Pascal Siakam,1627783,7,38.0,20.0,13.0,0.438
2022-23,Pascal Siakam,1627783,8,38.75,33.25,5.75,0.5625
2022-23,Pascal Siakam,1627783,9,41.5,16.0,5.5,0.3765
2022-23,Pascal Siakam,1627783,10,42.0,26.0,8.0,0.4635
2022-23,Pascal Siakam,1627783,11,38.0,27.0,6.0,0.421
2022-23,Pascal Siakam,1627783,12,38.0,36.0,7.0,0.481
2022-23,Pascal Siakam,1627783,15,34.0,26.0,7.0,0.458
2022-23,Pascal Siakam,1627783,16,38.0,36.0,7.0,0.667
2022-23,Pascal Siakam,1627783,17,39.0,18.0,4.0,0.452
2022-23,Pascal Siakam,1627783,18,35.0,27.0,6.0,0.5
2022-23,Pascal Siakam,1627783,20,40.0,26.0,6.0,0.471
2022-23,Pascal Siakam,1627783,22,35.5,31.0,7.0,0.607
2022-23,Pascal Siakam,1627783,25,30.0,26.0,10.0,0.6
2022-23,Pascal Siakam,1627783,26,32.5,27.0,10.0,0.579
2022-23,Pascal Siakam,1627783,30,35.0,31.0,6.0,0.381
2022-23,Pat Connaughton,1626192,-22,23.0,5.0,2.0,0.4
2022-23,Pat Connaughton,1626192,-14,31.0,9.0,1.0,0.3
2022-23,Pat Connaughton,1626192,-12,30.0,10.0,1.0,0.4
2022-23,Pat Connaughton,1626192,-10,28.5,9.5,1.5,0.3335
2022-23,Pat Connaughton,1626192,-9,29.0,8.0,3.0,0.25
2022-23,Pat Connaughton,1626192,-7,35.0,5.0,3.0,0.4
2022-23,Pat Connaughton,1626192,-6,25.25,7.75,1.5,0.33325
2022-23,Pat Connaughton,1626192,-2,30.0,14.0,1.0,0.5
2022-23,Pat Connaughton,1626192,-1,26.0,5.0,0.5,0.4665
2022-23,Pat Connaughton,1626192,0,26.5,8.0,1.0,0.34950000000000003
2022-23,Pat Connaughton,1626192,1,33.0,13.0,4.0,0.47750000000000004
2022-23,Pat Connaughton,1626192,3,32.0,11.0,2.0,0.4
2022-23,Pat Connaughton,1626192,4,24.0,7.0,1.0,0.3
2022-23,Pat Connaughton,1626192,5,32.0,12.5,1.5,0.604
2022-23,Pat Connaughton,1626192,6,33.5,11.5,1.0,0.423
2022-23,Pat Connaughton,1626192,7,23.0,3.0,1.0,0.143
2022-23,Pat Connaughton,1626192,8,26.5,9.0,1.0,0.354
2022-23,Pat Connaughton,1626192,9,23.0,8.333333333333334,1.0,0.39666666666666667
2022-23,Pat Connaughton,1626192,10,30.0,10.0,3.0,0.333
2022-23,Pat Connaughton,1626192,11,21.0,7.0,0.0,0.222
2022-23,Pat Connaughton,1626192,12,22.0,5.0,3.0,0.333
2022-23,Pat Connaughton,1626192,13,21.0,6.0,1.0,0.25
2022-23,Pat Connaughton,1626192,14,22.0,11.0,0.0,0.571
2022-23,Pat Connaughton,1626192,19,26.666666666666668,11.666666666666666,2.0,0.5176666666666666
2022-23,Pat Connaughton,1626192,20,23.0,10.0,1.0,0.3415
2022-23,Pat Connaughton,1626192,21,25.0,8.0,1.0,0.333
2022-23,Pat Connaughton,1626192,39,25.0,6.0,1.0,0.667
2022-23,Patrick Baldwin,1631116,-3,23.0,17.0,0.0,0.6
2022-23,Patrick Beverley,201976,-32,24.0,0.0,1.0,0.0
2022-23,Patrick Beverley,201976,-23,29.0,6.0,4.0,0.5
2022-23,Patrick Beverley,201976,-18,31.0,11.0,0.0,0.444
2022-23,Patrick Beverley,201976,-17,23.0,9.0,3.0,0.5
2022-23,Patrick Beverley,201976,-16,26.0,3.0,2.0,0.25
2022-23,Patrick Beverley,201976,-15,33.666666666666664,5.333333333333333,3.0,0.2796666666666667
2022-23,Patrick Beverley,201976,-13,27.5,7.0,5.5,0.44299999999999995
2022-23,Patrick Beverley,201976,-12,29.0,2.0,2.0,0.5
2022-23,Patrick Beverley,201976,-11,20.0,10.0,5.0,0.667
2022-23,Patrick Beverley,201976,-10,26.0,8.5,3.5,0.7335
2022-23,Patrick Beverley,201976,-9,26.0,6.666666666666667,2.3333333333333335,0.3833333333333333
2022-23,Patrick Beverley,201976,-8,29.0,7.0,3.0,0.47150000000000003
2022-23,Patrick Beverley,201976,-7,24.5,5.5,2.5,0.5
2022-23,Patrick Beverley,201976,-5,22.5,4.0,2.0,0.2
2022-23,Patrick Beverley,201976,-4,23.0,18.0,1.0,0.5
2022-23,Patrick Beverley,201976,-3,32.5,5.5,2.5,0.225
2022-23,Patrick Beverley,201976,-2,23.0,8.0,2.3333333333333335,0.46799999999999997
2022-23,Patrick Beverley,201976,-1,25.666666666666668,5.0,2.0,0.29533333333333334
2022-23,Patrick Beverley,201976,0,34.0,10.5,3.5,0.393
2022-23,Patrick Beverley,201976,1,25.75,7.25,2.5,0.48975
2022-23,Patrick Beverley,201976,2,26.666666666666668,5.0,3.0,0.611
2022-23,Patrick Beverley,201976,3,31.666666666666668,8.666666666666666,3.0,0.45733333333333337
2022-23,Patrick Beverley,201976,5,27.5,5.0,2.75,0.4
2022-23,Patrick Beverley,201976,6,23.0,3.0,4.0,0.25
2022-23,Patrick Beverley,201976,7,29.666666666666668,4.0,3.0,0.15866666666666668
2022-23,Patrick Beverley,201976,8,25.0,2.0,5.0,0.2
2022-23,Patrick Beverley,201976,9,26.0,0.0,1.0,0.0
2022-23,Patrick Beverley,201976,12,24.0,10.5,3.0,0.5835
2022-23,Patrick Beverley,201976,13,31.0,4.0,4.0,0.667
2022-23,Patrick Beverley,201976,16,30.5,6.0,7.0,0.625
2022-23,Patrick Beverley,201976,17,33.0,16.0,5.0,0.857
2022-23,Patrick Beverley,201976,19,23.0,4.0,4.0,0.2
2022-23,Patrick Beverley,201976,24,22.0,8.0,4.0,0.5
2022-23,Patrick Beverley,201976,27,28.0,4.0,2.0,0.667
2022-23,Patrick Williams,1630172,-31,20.0,7.0,1.0,0.333
2022-23,Patrick Williams,1630172,-30,29.0,10.0,3.0,0.444
2022-23,Patrick Williams,1630172,-28,30.0,16.0,2.0,0.6
2022-23,Patrick Williams,1630172,-26,28.0,9.0,0.0,0.5
2022-23,Patrick Williams,1630172,-24,30.0,15.0,1.0,0.667
2022-23,Patrick Williams,1630172,-23,23.0,7.0,0.0,0.4
2022-23,Patrick Williams,1630172,-21,23.0,5.0,1.0,0.5
2022-23,Patrick Williams,1630172,-19,32.0,13.0,4.0,0.444
2022-23,Patrick Williams,1630172,-16,39.0,12.0,2.0,0.5
2022-23,Patrick Williams,1630172,-15,30.0,6.0,0.0,0.182
2022-23,Patrick Williams,1630172,-14,28.0,6.5,1.5,0.25
2022-23,Patrick Williams,1630172,-13,26.0,18.0,3.0,0.545
2022-23,Patrick Williams,1630172,-12,29.0,10.0,1.0,0.375
2022-23,Patrick Williams,1630172,-11,31.0,6.0,0.0,0.333
2022-23,Patrick Williams,1630172,-9,29.5,8.5,1.5,0.402
2022-23,Patrick Williams,1630172,-8,26.0,8.666666666666666,1.0,0.45
2022-23,Patrick Williams,1630172,-7,27.666666666666668,9.0,1.3333333333333333,0.4126666666666667
2022-23,Patrick Williams,1630172,-6,26.5,13.0,0.5,0.5555
2022-23,Patrick Williams,1630172,-5,28.25,9.75,1.25,0.40725
2022-23,Patrick Williams,1630172,-4,25.5,9.75,0.25,0.57275
2022-23,Patrick Williams,1630172,-3,26.6,6.2,0.8,0.3404
2022-23,Patrick Williams,1630172,-2,32.333333333333336,10.0,1.6666666666666667,0.41100000000000003
2022-23,Patrick Williams,1630172,-1,33.333333333333336,11.0,2.0,0.46
2022-23,Patrick Williams,1630172,2,24.333333333333332,6.666666666666667,1.0,0.41100000000000003
2022-23,Patrick Williams,1630172,3,33.5,8.5,2.0,0.375
2022-23,Patrick Williams,1630172,4,33.0,17.333333333333332,1.6666666666666667,0.6316666666666667
2022-23,Patrick Williams,1630172,5,30.5,10.5,0.5,0.5625
2022-23,Patrick Williams,1630172,6,33.0,13.0,3.0,0.6
2022-23,Patrick Williams,1630172,7,31.0,11.0,1.0,0.571
2022-23,Patrick Williams,1630172,9,26.5,8.75,0.5,0.5085
2022-23,Patrick Williams,1630172,10,31.0,8.0,0.0,0.5
2022-23,Patrick Williams,1630172,11,36.0,23.0,2.0,0.5
2022-23,Patrick Williams,1630172,12,26.0,6.5,1.0,0.375
2022-23,Patrick Williams,1630172,13,26.25,11.0,1.5,0.35425
2022-23,Patrick Williams,1630172,14,33.0,12.0,1.3333333333333333,0.5556666666666666
2022-23,Patrick Williams,1630172,16,30.0,16.0,3.0,0.6
2022-23,Patrick Williams,1630172,19,32.0,16.0,1.0,0.778
2022-23,Patrick Williams,1630172,20,35.0,18.0,2.0,0.636
2022-23,Patrick Williams,1630172,21,27.0,17.0,3.0,0.625
2022-23,Patrick Williams,1630172,23,30.0,18.0,0.0,0.889
2022-23,Patty Mills,201988,-27,35.0,12.0,2.0,0.273
2022-23,Patty Mills,201988,-2,22.0,16.0,0.0,0.5
2022-23,Patty Mills,201988,8,33.0,24.0,6.0,0.5
2022-23,Patty Mills,201988,11,23.0,2.0,3.0,0.25
2022-23,Patty Mills,201988,12,30.0,13.0,0.0,0.357
2022-23,Patty Mills,201988,15,30.0,23.0,4.0,0.5
2022-23,Patty Mills,201988,26,26.0,21.0,3.0,0.583
2022-23,Paul George,202331,-25,30.0,10.0,3.0,0.333
2022-23,Paul George,202331,-19,32.5,18.0,5.0,0.293
2022-23,Paul George,202331,-18,35.0,23.0,4.0,0.462
2022-23,Paul George,202331,-16,35.0,22.0,4.0,0.389
2022-23,Paul George,202331,-12,33.0,20.0,4.0,0.4
2022-23,Paul George,202331,-10,26.5,12.5,4.0,0.2315
2022-23,Paul George,202331,-9,40.0,29.0,5.5,0.47750000000000004
2022-23,Paul George,202331,-8,27.0,19.0,7.0,0.533
2022-23,Paul George,202331,-7,35.333333333333336,26.0,5.333333333333333,0.43933333333333335
2022-23,Paul George,202331,-5,28.0,13.0,4.0,0.455
2022-23,Paul George,202331,-4,37.5,34.0,5.0,0.5135
2022-23,Paul George,202331,-2,34.0,29.0,3.0,0.5
2022-23,Paul George,202331,-1,34.0,25.0,3.0,0.476
2022-23,Paul George,202331,1,38.0,34.0,4.0,0.5
2022-23,Paul George,202331,2,37.5,27.5,5.0,0.49650000000000005
2022-23,Paul George,202331,3,41.0,30.0,5.0,0.563
2022-23,Paul George,202331,4,36.0,18.333333333333332,5.0,0.4053333333333333
2022-23,Paul George,202331,6,34.666666666666664,28.0,5.333333333333333,0.4713333333333334
2022-23,Paul George,202331,8,33.666666666666664,29.0,6.0,0.4566666666666667
2022-23,Paul George,202331,9,34.8,20.4,6.0,0.41559999999999997
2022-23,Paul George,202331,13,36.0,23.0,6.0,0.389
2022-23,Paul George,202331,14,36.0,28.0,5.0,0.5
2022-23,Paul George,202331,15,34.0,18.0,5.0,0.529
2022-23,Paul George,202331,16,36.5,27.75,5.5,0.5465
2022-23,Paul George,202331,17,31.0,16.0,12.0,0.538
2022-23,Paul George,202331,18,35.0,26.0,3.0,0.364
2022-23,Paul George,202331,21,36.0,16.5,6.5,0.363
2022-23,Paul George,202331,26,35.0,35.0,7.0,0.737
2022-23,Paul George,202331,28,30.0,22.0,8.0,0.467
2022-23,Paul Reed,1630194,-7,21.0,6.0,1.0,0.75
2022-23,Paul Reed,1630194,5,20.0,2.0,0.0,0.143
2022-23,Paul Reed,1630194,9,24.0,16.0,1.0,0.857
2022-23,Paul Reed,1630194,16,25.5,13.5,1.0,0.6000000000000001
2022-23,Paul Reed,1630194,21,31.0,19.0,0.0,0.778
2022-23,Paul Reed,1630194,26,28.0,16.0,0.0,0.7
2022-23,Paul Reed,1630194,28,30.0,12.0,3.0,1.0
2022-23,Payton Pritchard,1630202,0,30.0,5.0,4.0,0.333
2022-23,Payton Pritchard,1630202,1,42.0,10.0,4.0,0.286
2022-23,Payton Pritchard,1630202,2,21.0,7.0,2.0,0.375
2022-23,Payton Pritchard,1630202,4,26.0,9.0,2.0,0.364
2022-23,Payton Pritchard,1630202,5,24.0,14.0,4.0,0.625
2022-23,Payton Pritchard,1630202,11,45.0,30.0,11.0,0.476
2022-23,Payton Pritchard,1630202,13,24.0,22.0,5.0,0.643
2022-23,Payton Pritchard,1630202,19,25.0,12.0,2.0,0.571
2022-23,Peyton Watson,1631212,-9,26.0,13.0,0.0,0.4
2022-23,Peyton Watson,1631212,-6,25.0,3.0,2.0,0.167
2022-23,Peyton Watson,1631212,3,20.0,8.0,0.0,0.667
2022-23,Peyton Watson,1631212,5,26.0,5.0,1.0,0.333
2022-23,Precious Achiuwa,1630173,-11,30.0,10.0,0.0,0.417
2022-23,Precious Achiuwa,1630173,-9,23.0,16.0,0.0,0.6
2022-23,Precious Achiuwa,1630173,-8,28.0,12.5,1.0,0.5
2022-23,Precious Achiuwa,1630173,-7,29.0,9.0,2.0,0.286
2022-23,Precious Achiuwa,1630173,-6,34.0,11.0,1.0,0.556
2022-23,Precious Achiuwa,1630173,-5,30.0,16.0,4.0,0.636
2022-23,Precious Achiuwa,1630173,-4,27.0,14.0,1.0,0.556
2022-23,Precious Achiuwa,1630173,-1,28.0,10.0,0.0,0.667
2022-23,Precious Achiuwa,1630173,1,24.0,12.0,2.0,0.5
2022-23,Precious Achiuwa,1630173,2,22.333333333333332,12.0,2.0,0.48133333333333334
2022-23,Precious Achiuwa,1630173,3,29.333333333333332,14.666666666666666,0.6666666666666666,0.6666666666666666
2022-23,Precious Achiuwa,1630173,4,26.0,11.0,0.0,0.4
2022-23,Precious Achiuwa,1630173,5,33.0,11.0,1.0,0.4
2022-23,Precious Achiuwa,1630173,6,21.0,12.0,1.0,0.444
2022-23,Precious Achiuwa,1630173,9,28.0,14.0,1.0,0.545
2022-23,Precious Achiuwa,1630173,10,33.0,10.0,2.0,0.417
2022-23,Precious Achiuwa,1630173,11,33.0,11.0,0.0,0.571
2022-23,Precious Achiuwa,1630173,13,37.0,17.0,3.0,0.467
2022-23,Precious Achiuwa,1630173,14,21.0,7.0,4.0,0.429
2022-23,Precious Achiuwa,1630173,16,33.0,18.0,1.0,0.556
2022-23,Precious Achiuwa,1630173,27,33.0,27.0,0.0,0.688
2022-23,Quentin Grimes,1629656,-19,35.0,16.0,2.0,0.462
2022-23,Quentin Grimes,1629656,-13,29.0,9.0,1.0,0.571
2022-23,Quentin Grimes,1629656,-12,32.666666666666664,10.666666666666666,3.3333333333333335,0.391
2022-23,Quentin Grimes,1629656,-11,20.0,4.0,0.0,0.333
2022-23,Quentin Grimes,1629656,-10,32.0,14.5,2.5,0.491
2022-23,Quentin Grimes,1629656,-9,33.0,8.5,3.5,0.393
2022-23,Quentin Grimes,1629656,-7,41.0,14.666666666666666,2.0,0.39833333333333326
2022-23,Quentin Grimes,1629656,-5,30.2,8.4,1.2,0.38039999999999996
2022-23,Quentin Grimes,1629656,-4,29.25,8.25,3.5,0.59975
2022-23,Quentin Grimes,1629656,-3,22.0,8.0,0.0,0.4
2022-23,Quentin Grimes,1629656,-1,25.0,3.0,1.0,0.2
2022-23,Quentin Grimes,1629656,0,29.2,10.8,2.6,0.42700000000000005
2022-23,Quentin Grimes,1629656,1,27.5,4.5,2.5,0.125
2022-23,Quentin Grimes,1629656,2,34.333333333333336,7.0,1.3333333333333333,0.4166666666666667
2022-23,Quentin Grimes,1629656,3,35.0,14.0,2.3333333333333335,0.5569999999999999
2022-23,Quentin Grimes,1629656,4,37.0,10.0,0.0,0.364
2022-23,Quentin Grimes,1629656,5,26.0,22.0,1.0,0.667
2022-23,Quentin Grimes,1629656,7,23.0,6.0,1.0,0.286
2022-23,Quentin Grimes,1629656,8,32.25,10.5,2.0,0.4
2022-23,Quentin Grimes,1629656,9,37.333333333333336,9.666666666666666,1.6666666666666667,0.425
2022-23,Quentin Grimes,1629656,10,35.5,15.5,3.5,0.5445
2022-23,Quentin Grimes,1629656,12,30.0,9.5,1.0,0.35
2022-23,Quentin Grimes,1629656,13,37.0,14.0,6.0,0.417
2022-23,Quentin Grimes,1629656,14,35.0,22.5,3.0,0.5985
2022-23,Quentin Grimes,1629656,15,20.0,9.0,1.0,0.429
2022-23,Quentin Grimes,1629656,16,41.0,27.0,5.0,0.529
2022-23,Quentin Grimes,1629656,17,38.0,25.0,6.0,0.556
2022-23,Quentin Grimes,1629656,20,21.0,9.0,1.0,0.375
2022-23,Quentin Grimes,1629656,21,29.5,22.5,2.0,0.6635
2022-23,Quentin Grimes,1629656,33,31.0,19.0,4.0,0.556
2022-23,Quentin Grimes,1629656,37,27.0,16.0,2.0,0.857
2022-23,Quenton Jackson,1631245,-14,27.0,10.0,2.0,0.364
2022-23,Quenton Jackson,1631245,-11,22.0,6.0,2.0,0.0
2022-23,Quenton Jackson,1631245,-6,32.0,19.0,5.0,0.692
2022-23,Quenton Jackson,1631245,5,22.0,10.0,4.0,0.4
2022-23,R.J. Hampton,1630181,-20,25.0,11.0,3.0,0.333
2022-23,R.J. Hampton,1630181,-17,27.0,5.0,1.0,0.286
2022-23,R.J. Hampton,1630181,-16,21.0,4.0,0.0,0.5
2022-23,R.J. Hampton,1630181,-11,20.5,7.0,3.0,0.393
2022-23,R.J. Hampton,1630181,-8,20.0,10.0,1.0,0.571
2022-23,R.J. Hampton,1630181,-6,21.0,15.0,1.0,0.667
2022-23,R.J. Hampton,1630181,-5,27.0,18.0,1.5,0.55
2022-23,R.J. Hampton,1630181,-3,22.5,11.0,2.0,0.393
2022-23,R.J. Hampton,1630181,-1,28.0,10.0,1.0,0.364
2022-23,R.J. Hampton,1630181,1,25.0,14.0,0.0,0.625
2022-23,R.J. Hampton,1630181,2,25.5,6.0,3.0,0.299
2022-23,R.J. Hampton,1630181,5,23.0,2.0,1.0,0.167
2022-23,R.J. Hampton,1630181,6,20.0,15.0,0.0,0.667
2022-23,R.J. Hampton,1630181,8,24.0,15.0,3.0,0.625
2022-23,R.J. Hampton,1630181,11,24.0,12.0,2.0,0.333
2022-23,R.J. Hampton,1630181,14,23.0,12.0,1.0,0.571
2022-23,RJ Barrett,1629628,-24,26.0,12.0,2.0,0.273
2022-23,RJ Barrett,1629628,-22,30.0,16.0,3.0,0.357
2022-23,RJ Barrett,1629628,-21,30.0,11.0,1.0,0.417
2022-23,RJ Barrett,1629628,-20,40.5,18.5,3.0,0.4245
2022-23,RJ Barrett,1629628,-19,31.0,24.0,2.0,0.563
2022-23,RJ Barrett,1629628,-18,30.0,11.0,2.0,0.222
2022-23,RJ Barrett,1629628,-15,33.666666666666664,19.666666666666668,3.6666666666666665,0.373
2022-23,RJ Barrett,1629628,-14,36.0,27.0,4.0,0.6
2022-23,RJ Barrett,1629628,-13,33.0,19.0,5.0,0.444
2022-23,RJ Barrett,1629628,-12,41.0,30.0,5.0,0.556
2022-23,RJ Barrett,1629628,-11,32.0,25.0,2.0,0.391
2022-23,RJ Barrett,1629628,-10,39.666666666666664,25.0,4.666666666666667,0.43733333333333335
2022-23,RJ Barrett,1629628,-9,28.666666666666668,14.333333333333334,2.6666666666666665,0.4523333333333333
2022-23,RJ Barrett,1629628,-8,39.333333333333336,22.0,2.0,0.4683333333333333
2022-23,RJ Barrett,1629628,-7,24.0,4.0,0.0,0.25
2022-23,RJ Barrett,1629628,-6,32.0,14.0,3.0,0.31466666666666665
2022-23,RJ Barrett,1629628,-5,39.0,26.666666666666668,3.0,0.49900000000000005
2022-23,RJ Barrett,1629628,-4,34.666666666666664,19.333333333333332,2.6666666666666665,0.39833333333333326
2022-23,RJ Barrett,1629628,-2,30.5,19.5,4.0,0.5575
2022-23,RJ Barrett,1629628,-1,35.25,25.75,2.5,0.5265
2022-23,RJ Barrett,1629628,0,35.666666666666664,19.0,2.0,0.3426666666666667
2022-23,RJ Barrett,1629628,1,37.0,22.0,2.0,0.5
2022-23,RJ Barrett,1629628,3,37.0,21.5,3.0,0.4515
2022-23,RJ Barrett,1629628,4,34.0,20.666666666666668,3.6666666666666665,0.39333333333333337
2022-23,RJ Barrett,1629628,5,27.0,14.0,3.0,0.5
2022-23,RJ Barrett,1629628,6,33.0,20.0,3.0,0.4
2022-23,RJ Barrett,1629628,7,34.0,16.5,2.0,0.4115
2022-23,RJ Barrett,1629628,8,36.333333333333336,23.666666666666668,2.3333333333333335,0.49099999999999994
2022-23,RJ Barrett,1629628,10,29.333333333333332,15.333333333333334,1.3333333333333333,0.39433333333333337
2022-23,RJ Barrett,1629628,11,39.5,27.0,2.5,0.5569999999999999
2022-23,RJ Barrett,1629628,12,27.0,18.0,4.0,0.533
2022-23,RJ Barrett,1629628,13,34.0,21.0,2.0,0.615
2022-23,RJ Barrett,1629628,14,35.0,18.5,3.0,0.377
2022-23,RJ Barrett,1629628,17,31.5,22.5,4.5,0.5
2022-23,RJ Barrett,1629628,18,36.0,15.0,0.0,0.308
2022-23,RJ Barrett,1629628,22,37.0,20.0,1.0,0.368
2022-23,RJ Barrett,1629628,23,28.0,25.0,7.0,0.615
2022-23,RJ Barrett,1629628,28,37.0,27.0,2.0,0.45
2022-23,RJ Barrett,1629628,32,23.0,16.0,3.0,0.364
2022-23,RaiQuan Gray,1630564,-14,35.0,16.0,7.0,0.5
2022-23,Raul Neto,203526,-12,21.0,13.0,6.0,0.444
2022-23,Raul Neto,203526,2,20.0,6.0,5.0,0.5
2022-23,Raul Neto,203526,3,24.0,8.0,8.0,0.5
2022-23,Raul Neto,203526,4,21.0,14.0,0.0,0.714
2022-23,Raul Neto,203526,6,24.0,10.0,5.0,0.429
2022-23,Raul Neto,203526,23,35.0,14.0,8.0,0.455
2022-23,Reggie Bullock,203493,-27,33.0,6.0,5.0,0.4
2022-23,Reggie Bullock,203493,-25,25.0,3.0,0.0,0.2
2022-23,Reggie Bullock,203493,-21,27.0,5.0,1.0,0.333
2022-23,Reggie Bullock,203493,-20,37.0,7.0,1.0,0.4
2022-23,Reggie Bullock,203493,-18,22.0,0.0,1.0,0.0
2022-23,Reggie Bullock,203493,-17,34.0,12.5,1.5,0.46799999999999997
2022-23,Reggie Bullock,203493,-16,29.0,2.0,1.0,0.08333333333333333
2022-23,Reggie Bullock,203493,-14,26.5,3.0,2.5,0.2
2022-23,Reggie Bullock,203493,-12,31.0,1.5,1.0,0.0715
2022-23,Reggie Bullock,203493,-11,26.0,6.0,2.0,0.35
2022-23,Reggie Bullock,203493,-10,34.0,10.0,2.0,0.444
2022-23,Reggie Bullock,203493,-8,32.0,11.5,1.5,0.53125
2022-23,Reggie Bullock,203493,-7,32.0,4.5,0.5,0.325
2022-23,Reggie Bullock,203493,-5,31.2,9.8,0.4,0.4288
2022-23,Reggie Bullock,203493,-4,28.0,3.3333333333333335,0.6666666666666666,0.19433333333333333
2022-23,Reggie Bullock,203493,-3,29.666666666666668,14.0,0.6666666666666666,0.646
2022-23,Reggie Bullock,203493,-2,37.2,5.4,1.8,0.21799999999999997
2022-23,Reggie Bullock,203493,-1,34.0,6.0,0.0,0.5
2022-23,Reggie Bullock,203493,0,26.0,9.0,4.0,0.6
2022-23,Reggie Bullock,203493,1,29.0,6.5,2.5,0.5
2022-23,Reggie Bullock,203493,2,32.0,7.0,2.0,0.5
2022-23,Reggie Bullock,203493,3,23.0,3.0,1.0,1.0
2022-23,Reggie Bullock,203493,4,34.0,9.0,1.0,0.4445
2022-23,Reggie Bullock,203493,5,33.75,10.0,0.75,0.573
2022-23,Reggie Bullock,203493,6,29.5,8.5,3.0,0.2275
2022-23,Reggie Bullock,203493,7,38.0,7.0,2.0,0.4645
2022-23,Reggie Bullock,203493,8,38.5,10.5,1.5,0.473
2022-23,Reggie Bullock,203493,9,26.0,9.5,0.5,0.5
2022-23,Reggie Bullock,203493,10,34.5,12.0,3.0,0.43100000000000005
2022-23,Reggie Bullock,203493,11,45.0,20.0,2.0,0.545
2022-23,Reggie Bullock,203493,12,25.0,2.0,2.0,0.143
2022-23,Reggie Bullock,203493,13,24.0,0.0,0.0,0.0
2022-23,Reggie Bullock,203493,15,26.0,9.5,2.0,0.4875
2022-23,Reggie Bullock,203493,16,29.0,4.0,3.0,0.25
2022-23,Reggie Bullock,203493,17,38.0,15.0,1.0,0.417
2022-23,Reggie Bullock,203493,19,26.0,1.0,2.0,0.0
2022-23,Reggie Bullock,203493,20,30.0,10.0,3.0,0.571
2022-23,Reggie Bullock,203493,28,24.0,8.0,0.0,0.6
2022-23,Reggie Bullock,203493,33,28.0,15.0,1.0,0.714
2022-23,Reggie Jackson,202704,-19,30.0,9.0,6.0,0.235
2022-23,Reggie Jackson,202704,-18,28.5,7.0,4.0,0.36650000000000005
2022-23,Reggie Jackson,202704,-17,37.0,18.0,4.0,0.615
2022-23,Reggie Jackson,202704,-16,23.0,6.0,2.0,0.25
2022-23,Reggie Jackson,202704,-14,23.0,0.0,2.0,0.0
2022-23,Reggie Jackson,202704,-13,27.5,8.5,3.25,0.2915
2022-23,Reggie Jackson,202704,-10,31.0,13.0,2.0,0.385
2022-23,Reggie Jackson,202704,-8,24.5,10.0,4.5,0.3885
2022-23,Reggie Jackson,202704,-7,26.333333333333332,16.0,2.6666666666666665,0.42133333333333334
2022-23,Reggie Jackson,202704,-3,24.0,8.0,3.0,0.333
2022-23,Reggie Jackson,202704,-2,33.0,13.333333333333334,5.333333333333333,0.458
2022-23,Reggie Jackson,202704,-1,32.0,13.0,3.0,0.571
2022-23,Reggie Jackson,202704,0,27.75,12.5,4.5,0.47325
2022-23,Reggie Jackson,202704,1,25.0,9.0,8.0,0.364
2022-23,Reggie Jackson,202704,2,24.0,14.0,3.0,0.5
2022-23,Reggie Jackson,202704,4,29.5,20.0,4.5,0.47750000000000004
2022-23,Reggie Jackson,202704,6,28.0,13.0,2.5,0.5145
2022-23,Reggie Jackson,202704,7,26.25,13.0,4.5,0.48950000000000005
2022-23,Reggie Jackson,202704,9,28.5,15.5,3.5,0.45799999999999996
2022-23,Reggie Jackson,202704,11,29.0,15.5,4.0,0.451
2022-23,Reggie Jackson,202704,12,22.0,7.0,3.0,0.25
2022-23,Reggie Jackson,202704,13,27.0,2.0,4.0,0.111
2022-23,Reggie Jackson,202704,17,41.0,24.0,12.0,0.391
2022-23,Reggie Jackson,202704,21,25.0,16.0,4.0,0.636
2022-23,Reggie Jackson,202704,22,25.5,15.0,3.5,0.6635
2022-23,Reggie Jackson,202704,24,26.0,7.0,2.0,0.375
2022-23,Reggie Jackson,202704,27,26.0,12.0,2.0,0.5
2022-23,Richaun Holmes,1626158,1,21.0,5.0,0.0,0.5
2022-23,Richaun Holmes,1626158,3,23.0,8.0,2.0,0.5
2022-23,Richaun Holmes,1626158,23,30.0,16.0,1.0,1.0
2022-23,Ricky Rubio,201937,-8,25.0,8.0,8.0,0.375
2022-23,Ricky Rubio,201937,0,22.0,5.0,4.0,0.286
2022-23,Ricky Rubio,201937,1,24.0,7.5,4.5,0.2575
2022-23,Ricky Rubio,201937,8,20.0,11.0,4.0,0.455
2022-23,Ricky Rubio,201937,15,20.666666666666668,8.666666666666666,4.666666666666667,0.49333333333333335
2022-23,Robert Covington,203496,-14,24.0,10.0,2.0,0.444
2022-23,Robert Covington,203496,-13,20.0,7.0,4.0,0.273
2022-23,Robert Covington,203496,-12,23.0,4.0,1.0,0.222
2022-23,Robert Covington,203496,-7,20.0,2.0,1.0,0.333
2022-23,Robert Covington,203496,-5,30.0,15.0,1.0,0.545
2022-23,Robert Covington,203496,-3,22.0,8.0,2.0,0.667
2022-23,Robert Covington,203496,-2,20.0,10.0,2.0,0.667
2022-23,Robert Covington,203496,0,21.0,3.0,1.0,0.143
2022-23,Robert Covington,203496,1,23.0,8.0,2.0,0.333
2022-23,Robert Covington,203496,2,23.0,4.5,4.0,0.325
2022-23,Robert Covington,203496,6,22.5,9.5,1.5,0.45199999999999996
2022-23,Robert Covington,203496,7,24.0,12.0,1.0,0.429
2022-23,Robert Covington,203496,9,21.0,8.0,1.0,0.75
2022-23,Robert Covington,203496,11,31.0,27.0,2.0,0.9
2022-23,Robert Covington,203496,13,30.0,9.0,3.0,0.5
2022-23,Robert Covington,203496,19,21.0,13.0,1.0,0.714
2022-23,Robert Covington,203496,20,23.0,8.0,1.0,0.5
2022-23,Robert Williams III,1629057,-9,28.0,6.0,0.0,0.75
2022-23,Robert Williams III,1629057,-7,27.0,14.0,2.0,0.75
2022-23,Robert Williams III,1629057,-5,22.0,6.0,2.0,0.75
2022-23,Robert Williams III,1629057,0,27.0,8.0,3.0,0.8
2022-23,Robert Williams III,1629057,1,26.0,10.5,1.5,0.833
2022-23,Robert Williams III,1629057,4,24.0,5.0,1.5,0.55
2022-23,Robert Williams III,1629057,5,27.5,7.0,2.5,0.7085
2022-23,Robert Williams III,1629057,6,31.0,7.0,2.0,0.75
2022-23,Robert Williams III,1629057,7,26.0,8.0,1.5,0.528
2022-23,Robert Williams III,1629057,8,21.0,7.5,0.5,1.0
2022-23,Robert Williams III,1629057,9,29.5,9.5,2.0,0.7855
2022-23,Robert Williams III,1629057,10,31.0,14.0,1.0,1.0
2022-23,Robert Williams III,1629057,14,28.0,15.0,2.0,0.778
2022-23,Robert Williams III,1629057,15,25.0,8.0,2.0,0.8
2022-23,Robert Williams III,1629057,18,27.0,6.0,3.0,0.5
2022-23,Robert Williams III,1629057,19,20.0,11.0,2.0,1.0
2022-23,Robert Williams III,1629057,21,35.0,8.0,2.0,0.8
2022-23,Rodney McGruder,203585,-20,27.0,7.0,0.0,0.286
2022-23,Rodney McGruder,203585,-17,34.0,20.0,3.0,0.467
2022-23,Rodney McGruder,203585,-13,30.0,4.0,1.0,0.167
2022-23,Rodney McGruder,203585,-11,38.0,16.0,0.0,0.4
2022-23,Rodney McGruder,203585,-5,37.0,15.0,3.0,0.385
2022-23,Rodney McGruder,203585,-3,30.0,9.0,1.0,0.6
2022-23,Rodney McGruder,203585,-2,23.0,17.0,0.0,0.625
2022-23,Rodney McGruder,203585,1,21.0,9.0,1.0,0.444
2022-23,Rodney McGruder,203585,3,23.0,11.0,1.0,0.5
2022-23,Rodney McGruder,203585,12,31.0,18.0,2.0,0.5
2022-23,Rodney McGruder,203585,23,22.0,11.0,0.0,0.571
2022-23,Romeo Langford,1629641,-14,22.0,10.0,0.0,0.429
2022-23,Romeo Langford,1629641,-12,24.0,3.0,1.0,0.2
2022-23,Romeo Langford,1629641,-11,20.0,17.0,0.0,0.5
2022-23,Romeo Langford,1629641,-9,27.5,6.0,0.5,0.381
2022-23,Romeo Langford,1629641,-6,24.0,7.333333333333333,2.3333333333333335,0.6586666666666666
2022-23,Romeo Langford,1629641,-4,23.333333333333332,10.0,1.3333333333333333,0.5626666666666666
2022-23,Romeo Langford,1629641,-3,24.666666666666668,11.666666666666666,0.3333333333333333,0.6223333333333333
2022-23,Romeo Langford,1629641,0,31.0,14.0,1.0,0.467
2022-23,Romeo Langford,1629641,3,23.0,9.5,3.0,0.55
2022-23,Romeo Langford,1629641,4,27.0,13.0,4.0,0.545
2022-23,Romeo Langford,1629641,9,28.0,15.0,1.0,0.583
2022-23,Romeo Langford,1629641,15,28.0,11.0,5.0,0.625
2022-23,Ron Harper Jr.,1631199,6,22.0,10.0,1.0,0.667
2022-23,Royce O'Neale,1626220,-40,24.0,3.0,1.0,0.25
2022-23,Royce O'Neale,1626220,-29,26.0,7.0,4.0,0.222
2022-23,Royce O'Neale,1626220,-27,34.0,10.0,3.0,0.571
2022-23,Royce O'Neale,1626220,-26,27.0,4.0,1.0,0.2
2022-23,Royce O'Neale,1626220,-21,21.0,8.0,1.0,0.4
2022-23,Royce O'Neale,1626220,-18,21.0,5.0,0.0,0.25
2022-23,Royce O'Neale,1626220,-14,23.0,2.0,3.0,0.0
2022-23,Royce O'Neale,1626220,-13,38.0,8.5,5.0,0.625
2022-23,Royce O'Neale,1626220,-12,37.0,11.0,5.0,0.571
2022-23,Royce O'Neale,1626220,-11,38.0,11.666666666666666,3.3333333333333335,0.403
2022-23,Royce O'Neale,1626220,-10,29.5,8.5,3.5,0.28350000000000003
2022-23,Royce O'Neale,1626220,-9,35.0,8.0,4.0,0.25
2022-23,Royce O'Neale,1626220,-7,28.0,3.0,6.0,0.167
2022-23,Royce O'Neale,1626220,-6,32.2,11.2,3.8,0.39180000000000004
2022-23,Royce O'Neale,1626220,-5,31.0,4.25,2.25,0.1905
2022-23,Royce O'Neale,1626220,-4,33.5,4.0,3.0,0.15
2022-23,Royce O'Neale,1626220,-3,38.0,11.0,2.0,0.429
2022-23,Royce O'Neale,1626220,-2,34.0,9.0,2.0,0.3726666666666667
2022-23,Royce O'Neale,1626220,-1,32.0,9.0,8.5,0.4285
2022-23,Royce O'Neale,1626220,0,40.0,15.0,8.0,0.417
2022-23,Royce O'Neale,1626220,1,29.0,11.0,4.0,0.444
2022-23,Royce O'Neale,1626220,2,34.75,8.25,4.25,0.39125
2022-23,Royce O'Neale,1626220,3,37.0,3.0,4.0,0.167
2022-23,Royce O'Neale,1626220,5,31.25,9.25,4.5,0.4315
2022-23,Royce O'Neale,1626220,6,31.5,8.0,4.0,0.4145
2022-23,Royce O'Neale,1626220,7,37.0,6.0,5.0,0.4
2022-23,Royce O'Neale,1626220,8,39.0,8.0,7.0,0.222
2022-23,Royce O'Neale,1626220,9,31.666666666666668,11.666666666666666,3.0,0.598
2022-23,Royce O'Neale,1626220,10,34.0,10.0,3.5,0.472
2022-23,Royce O'Neale,1626220,11,40.0,10.0,1.0,0.364
2022-23,Royce O'Neale,1626220,12,33.5,10.0,6.5,0.5
2022-23,Royce O'Neale,1626220,13,25.0,10.0,2.0,0.4095
2022-23,Royce O'Neale,1626220,14,34.0,10.0,3.0,0.364
2022-23,Royce O'Neale,1626220,15,31.5,8.0,3.5,0.4445
2022-23,Royce O'Neale,1626220,16,30.5,13.5,5.0,0.449
2022-23,Royce O'Neale,1626220,19,37.0,15.0,8.0,0.5
2022-23,Royce O'Neale,1626220,20,32.0,14.0,6.0,0.714
2022-23,Royce O'Neale,1626220,21,32.0,11.0,3.0,0.5
2022-23,Royce O'Neale,1626220,22,28.0,13.0,8.0,0.556
2022-23,Royce O'Neale,1626220,24,27.0,17.0,0.0,0.667
2022-23,Royce O'Neale,1626220,28,26.0,14.0,2.0,0.714
2022-23,Royce O'Neale,1626220,44,33.0,6.0,5.0,0.286
2022-23,Rudy Gay,200752,24,25.0,16.0,2.0,0.75
2022-23,Rudy Gay,200752,30,22.0,8.0,0.0,0.286
2022-23,Rudy Gobert,203497,-23,35.0,8.0,2.0,0.75
2022-23,Rudy Gobert,203497,-22,28.0,19.0,0.0,1.0
2022-23,Rudy Gobert,203497,-18,29.0,8.0,2.0,0.5
2022-23,Rudy Gobert,203497,-16,30.0,14.0,3.0,0.5
2022-23,Rudy Gobert,203497,-14,29.0,7.666666666666667,1.6666666666666667,0.349
2022-23,Rudy Gobert,203497,-13,31.5,11.0,0.5,0.5
2022-23,Rudy Gobert,203497,-10,27.0,9.0,0.0,0.364
2022-23,Rudy Gobert,203497,-9,33.0,12.4,0.8,0.723
2022-23,Rudy Gobert,203497,-8,30.0,10.75,0.5,0.6537499999999999
2022-23,Rudy Gobert,203497,-7,32.0,13.5,1.0,0.5555
2022-23,Rudy Gobert,203497,-6,30.666666666666668,15.0,1.6666666666666667,0.6756666666666667
2022-23,Rudy Gobert,203497,-5,33.0,12.0,2.0,0.625
2022-23,Rudy Gobert,203497,-4,29.333333333333332,12.666666666666666,1.6666666666666667,0.7796666666666666
2022-23,Rudy Gobert,203497,-2,36.5,13.0,1.0,0.709
2022-23,Rudy Gobert,203497,-1,25.5,18.5,2.0,0.7225
2022-23,Rudy Gobert,203497,0,30.0,15.5,0.5,0.75
2022-23,Rudy Gobert,203497,3,31.25,9.0,0.75,0.534
2022-23,Rudy Gobert,203497,4,33.0,17.333333333333332,1.0,0.5903333333333333
2022-23,Rudy Gobert,203497,5,37.666666666666664,17.333333333333332,2.0,0.726
2022-23,Rudy Gobert,203497,6,32.333333333333336,13.333333333333334,2.3333333333333335,0.6666666666666666
2022-23,Rudy Gobert,203497,7,34.0,22.5,2.0,0.818
2022-23,Rudy Gobert,203497,8,37.0,22.0,2.0,0.636
2022-23,Rudy Gobert,203497,9,34.5,13.0,2.5,0.6115
2022-23,Rudy Gobert,203497,11,31.0,13.0,0.0,0.556
2022-23,Rudy Gobert,203497,12,37.0,16.0,3.0,0.778
2022-23,Rudy Gobert,203497,13,31.333333333333332,16.333333333333332,1.6666666666666667,0.6833333333333332
2022-23,Rudy Gobert,203497,15,33.5,19.0,1.0,0.6134999999999999
2022-23,Rudy Gobert,203497,16,37.0,18.0,0.0,0.667
2022-23,Rudy Gobert,203497,17,29.0,21.0,1.0,1.0
2022-23,Rudy Gobert,203497,24,32.0,16.0,1.0,0.714
2022-23,Rudy Gobert,203497,25,29.0,14.0,4.0,0.5
2022-23,Rudy Gobert,203497,31,36.0,25.0,0.0,0.733
2022-23,Rui Hachimura,1629060,-22,27.0,9.0,1.0,0.333
2022-23,Rui Hachimura,1629060,-19,24.0,10.0,0.0,0.429
2022-23,Rui Hachimura,1629060,-17,22.5,12.5,2.0,0.4305
2022-23,Rui Hachimura,1629060,-13,20.5,4.0,0.5,0.21100000000000002
2022-23,Rui Hachimura,1629060,-12,20.0,10.0,0.0,0.333
2022-23,Rui Hachimura,1629060,-11,26.5,15.0,0.5,0.588
2022-23,Rui Hachimura,1629060,-10,32.0,8.0,1.0,0.333
2022-23,Rui Hachimura,1629060,-9,28.0,11.0,1.0,0.417
2022-23,Rui Hachimura,1629060,-8,26.0,16.0,2.0,0.778
2022-23,Rui Hachimura,1629060,-6,24.0,7.0,0.0,0.429
2022-23,Rui Hachimura,1629060,-5,23.333333333333332,12.666666666666666,1.3333333333333333,0.49433333333333335
2022-23,Rui Hachimura,1629060,-4,24.666666666666668,8.666666666666666,1.0,0.48
2022-23,Rui Hachimura,1629060,-2,28.0,13.0,3.0,0.545
2022-23,Rui Hachimura,1629060,-1,21.0,8.0,1.0,0.375
2022-23,Rui Hachimura,1629060,0,22.0,15.0,0.0,0.583
2022-23,Rui Hachimura,1629060,2,27.0,9.0,2.0,0.5
2022-23,Rui Hachimura,1629060,3,29.0,16.0,1.0,0.429
2022-23,Rui Hachimura,1629060,4,27.75,16.0,0.75,0.58975
2022-23,Rui Hachimura,1629060,6,24.5,13.5,2.5,0.4875
2022-23,Rui Hachimura,1629060,7,24.0,9.0,1.0,0.286
2022-23,Rui Hachimura,1629060,8,27.0,12.0,0.0,0.556
2022-23,Rui Hachimura,1629060,10,26.0,16.0,0.0,0.5
2022-23,Rui Hachimura,1629060,12,31.0,16.0,1.0,0.545
2022-23,Rui Hachimura,1629060,14,32.0,10.0,4.0,0.385
2022-23,Rui Hachimura,1629060,17,21.5,11.5,1.5,0.598
2022-23,Rui Hachimura,1629060,18,31.0,26.0,3.0,0.611
2022-23,Rui Hachimura,1629060,19,27.0,30.0,1.0,0.846
2022-23,Rui Hachimura,1629060,20,25.0,19.0,0.3333333333333333,0.49466666666666664
2022-23,Rui Hachimura,1629060,22,25.5,18.5,0.5,0.675
2022-23,Russell Westbrook,201566,-30,24.0,17.0,4.0,0.438
2022-23,Russell Westbrook,201566,-23,24.0,22.0,5.0,0.571
2022-23,Russell Westbrook,201566,-18,28.0,16.0,4.0,0.385
2022-23,Russell Westbrook,201566,-17,25.0,14.0,5.0,0.333
2022-23,Russell Westbrook,201566,-15,37.0,14.0,9.0,0.357
2022-23,Russell Westbrook,201566,-13,28.333333333333332,14.333333333333334,6.333333333333333,0.3486666666666667
2022-23,Russell Westbrook,201566,-12,25.0,14.0,7.333333333333333,0.5186666666666667
2022-23,Russell Westbrook,201566,-11,24.0,17.0,5.0,0.308
2022-23,Russell Westbrook,201566,-10,26.6,11.0,7.6,0.31720000000000004
2022-23,Russell Westbrook,201566,-9,31.0,20.0,7.5,0.4255
2022-23,Russell Westbrook,201566,-8,31.0,19.0,10.0,0.462
2022-23,Russell Westbrook,201566,-7,37.5,18.0,10.5,0.393
2022-23,Russell Westbrook,201566,-6,28.0,11.666666666666666,6.333333333333333,0.2833333333333333
2022-23,Russell Westbrook,201566,-5,28.333333333333332,13.333333333333334,8.666666666666666,0.442
2022-23,Russell Westbrook,201566,-4,24.5,12.5,5.0,0.406
2022-23,Russell Westbrook,201566,-2,26.0,11.0,6.0,0.333
2022-23,Russell Westbrook,201566,-1,28.6,21.0,5.4,0.5052
2022-23,Russell Westbrook,201566,0,30.666666666666668,11.333333333333334,9.333333333333334,0.2843333333333333
2022-23,Russell Westbrook,201566,1,26.666666666666668,16.666666666666668,4.666666666666667,0.4673333333333334
2022-23,Russell Westbrook,201566,3,35.4,26.0,9.2,0.5502
2022-23,Russell Westbrook,201566,4,26.666666666666668,18.333333333333332,9.333333333333334,0.557
2022-23,Russell Westbrook,201566,7,24.0,20.0,6.0,0.643
2022-23,Russell Westbrook,201566,8,31.5,21.0,8.0,0.4605
2022-23,Russell Westbrook,201566,9,30.0,12.0,4.0,0.522
2022-23,Russell Westbrook,201566,10,31.0,21.0,8.5,0.5625
2022-23,Russell Westbrook,201566,11,29.5,12.0,11.5,0.404
2022-23,Russell Westbrook,201566,12,26.666666666666668,12.666666666666666,6.666666666666667,0.41
2022-23,Russell Westbrook,201566,13,33.0,9.0,10.0,0.25
2022-23,Russell Westbrook,201566,14,21.0,10.0,10.0,0.444
2022-23,Russell Westbrook,201566,15,31.5,20.5,12.0,0.5
2022-23,Russell Westbrook,201566,16,32.0,12.0,10.0,0.545
2022-23,Russell Westbrook,201566,17,32.0,24.0,4.0,0.563
2022-23,Russell Westbrook,201566,18,30.0,16.5,10.5,0.5225
2022-23,Russell Westbrook,201566,25,29.0,15.0,12.0,0.385
2022-23,Ryan Arcidiacono,1627853,-10,21.0,0.0,6.0,0.0
2022-23,Ryan Arcidiacono,1627853,-3,33.0,9.0,6.0,0.375
2022-23,Ryan Arcidiacono,1627853,4,26.0,3.0,5.0,0.167
2022-23,Ryan Arcidiacono,1627853,5,20.0,3.0,2.0,0.2
2022-23,Saben Lee,1630240,-19,24.0,9.0,2.0,0.333
2022-23,Saben Lee,1630240,-16,28.0,10.0,3.0,0.333
2022-23,Saben Lee,1630240,-9,44.0,25.0,10.0,0.381
2022-23,Saben Lee,1630240,-6,25.0,10.5,4.5,0.43900000000000006
2022-23,Saben Lee,1630240,6,29.0,12.0,4.0,0.333
2022-23,Saben Lee,1630240,25,20.0,2.0,6.0,0.167
2022-23,Saddiq Bey,1630180,-28,25.5,11.5,1.0,0.298
2022-23,Saddiq Bey,1630180,-26,27.0,9.0,0.0,0.333
2022-23,Saddiq Bey,1630180,-24,27.0,6.0,1.0,0.4
2022-23,Saddiq Bey,1630180,-22,34.5,19.5,1.5,0.3515
2022-23,Saddiq Bey,1630180,-21,29.0,7.0,0.0,0.25
2022-23,Saddiq Bey,1630180,-20,34.0,19.5,0.5,0.381
2022-23,Saddiq Bey,1630180,-17,30.0,10.0,2.0,0.308
2022-23,Saddiq Bey,1630180,-16,32.0,17.0,3.0,0.6
2022-23,Saddiq Bey,1630180,-14,25.0,13.5,2.0,0.3035
2022-23,Saddiq Bey,1630180,-13,30.0,17.0,1.5,0.4185
2022-23,Saddiq Bey,1630180,-12,23.5,8.0,1.0,0.322
2022-23,Saddiq Bey,1630180,-11,28.5,19.0,1.0,0.487
2022-23,Saddiq Bey,1630180,-10,28.5,9.5,2.5,0.33199999999999996
2022-23,Saddiq Bey,1630180,-9,25.0,10.0,2.0,0.4
2022-23,Saddiq Bey,1630180,-8,30.666666666666668,15.666666666666666,2.3333333333333335,0.449
2022-23,Saddiq Bey,1630180,-7,24.5,10.0,0.5,0.366
2022-23,Saddiq Bey,1630180,-6,27.0,11.5,1.0,0.42200000000000004
2022-23,Saddiq Bey,1630180,-3,29.5,15.0,1.1666666666666667,0.36716666666666664
2022-23,Saddiq Bey,1630180,-2,24.0,1.5,1.0,0.125
2022-23,Saddiq Bey,1630180,-1,27.0,14.0,0.0,0.455
2022-23,Saddiq Bey,1630180,0,23.5,13.5,0.5,0.49450000000000005
2022-23,Saddiq Bey,1630180,2,29.5,18.0,1.5,0.479
2022-23,Saddiq Bey,1630180,3,29.5,19.5,1.0,0.625
2022-23,Saddiq Bey,1630180,5,33.0,17.0,3.5,0.323
2022-23,Saddiq Bey,1630180,6,28.333333333333332,18.333333333333332,1.6666666666666667,0.47633333333333333
2022-23,Saddiq Bey,1630180,7,25.5,13.5,1.5,0.363
2022-23,Saddiq Bey,1630180,9,24.5,14.0,1.0,0.441
2022-23,Saddiq Bey,1630180,10,38.0,13.0,2.0,0.462
2022-23,Saddiq Bey,1630180,11,28.0,10.0,3.0,0.2
2022-23,Saddiq Bey,1630180,12,28.0,15.5,4.5,0.4065
2022-23,Saddiq Bey,1630180,13,31.0,6.0,0.0,0.333
2022-23,Saddiq Bey,1630180,15,25.0,14.0,0.0,0.625
2022-23,Saddiq Bey,1630180,17,26.0,13.0,1.0,0.333
2022-23,Saddiq Bey,1630180,19,33.0,18.0,4.0,0.615
2022-23,Saddiq Bey,1630180,20,32.333333333333336,25.0,2.6666666666666665,0.5653333333333334
2022-23,Saddiq Bey,1630180,23,21.0,11.0,3.0,0.5
2022-23,Saddiq Bey,1630180,29,36.0,25.0,2.0,0.471
2022-23,Saddiq Bey,1630180,30,30.0,14.0,4.0,0.4
2022-23,Sam Hauser,1630573,-5,23.0,6.0,0.0,0.333
2022-23,Sam Hauser,1630573,-4,21.0,14.0,1.0,0.8
2022-23,Sam Hauser,1630573,-2,21.0,6.0,2.0,0.286
2022-23,Sam Hauser,1630573,-1,25.333333333333332,9.666666666666666,1.0,0.2953333333333333
2022-23,Sam Hauser,1630573,0,21.0,6.0,0.0,0.286
2022-23,Sam Hauser,1630573,1,31.0,20.0,0.0,0.583
2022-23,Sam Hauser,1630573,6,38.0,26.0,6.0,0.563
2022-23,Sam Hauser,1630573,7,26.75,13.0,1.0,0.6759999999999999
2022-23,Sam Hauser,1630573,11,25.75,9.0,2.0,0.45625
2022-23,Sam Hauser,1630573,12,28.0,15.5,1.5,0.4555
2022-23,Sam Hauser,1630573,13,28.0,6.0,2.0,0.333
2022-23,Sam Hauser,1630573,14,21.0,17.0,2.0,0.667
2022-23,Sam Hauser,1630573,15,22.0,5.0,1.0,0.5
2022-23,Sam Hauser,1630573,19,32.0,11.0,0.0,0.333
2022-23,Sam Hauser,1630573,20,31.0,12.0,3.0,0.364
2022-23,Sam Hauser,1630573,21,21.0,9.0,1.0,0.5
2022-23,Sam Hauser,1630573,35,27.0,15.0,0.0,0.833
2022-23,Sam Merrill,1630241,-11,25.0,17.0,1.0,0.5
2022-23,Sam Merrill,1630241,15,21.0,6.0,3.0,0.333
2022-23,Sandro Mamukelashvili,1630572,-25,27.0,12.0,2.0,0.462
2022-23,Sandro Mamukelashvili,1630572,-15,33.0,10.0,2.0,0.308
2022-23,Sandro Mamukelashvili,1630572,-13,22.0,13.0,3.0,0.5
2022-23,Sandro Mamukelashvili,1630572,-11,25.0,20.0,3.0,0.5
2022-23,Sandro Mamukelashvili,1630572,-9,25.0,16.0,4.0,0.538
2022-23,Sandro Mamukelashvili,1630572,-6,28.0,13.0,2.0,0.667
2022-23,Sandro Mamukelashvili,1630572,-5,26.333333333333332,9.666666666666666,3.0,0.486
2022-23,Sandro Mamukelashvili,1630572,-3,21.0,7.0,3.0,0.4
2022-23,Sandro Mamukelashvili,1630572,1,21.0,4.0,1.0,0.25
2022-23,Sandro Mamukelashvili,1630572,7,28.0,17.0,5.0,0.5
2022-23,Sandro Mamukelashvili,1630572,17,23.0,8.0,2.0,0.6
2022-23,Sandro Mamukelashvili,1630572,26,23.0,3.0,6.0,0.5
2022-23,Sandro Mamukelashvili,1630572,27,31.0,23.0,4.0,0.471
2022-23,Santi Aldama,1630583,-17,27.0,9.0,1.0,0.182
2022-23,Santi Aldama,1630583,-14,24.5,9.0,1.5,0.3335
2022-23,Santi Aldama,1630583,-13,21.0,8.0,1.0,0.286
2022-23,Santi Aldama,1630583,-11,20.0,9.0,1.0,0.667
2022-23,Santi Aldama,1630583,-10,24.5,9.0,0.5,0.5
2022-23,Santi Aldama,1630583,-8,20.0,7.0,3.0,0.3395
2022-23,Santi Aldama,1630583,-4,33.0,21.0,1.0,0.467
2022-23,Santi Aldama,1630583,-2,24.0,8.0,1.0,0.5
2022-23,Santi Aldama,1630583,-1,32.0,17.0,1.0,0.857
2022-23,Santi Aldama,1630583,0,25.333333333333332,9.333333333333334,0.6666666666666666,0.4443333333333333
2022-23,Santi Aldama,1630583,1,29.0,4.0,1.0,0.333
2022-23,Santi Aldama,1630583,2,21.5,14.0,0.5,0.722
2022-23,Santi Aldama,1630583,3,23.666666666666668,9.333333333333334,1.3333333333333333,0.41966666666666663
2022-23,Santi Aldama,1630583,4,23.333333333333332,16.333333333333332,1.0,0.6166666666666667
2022-23,Santi Aldama,1630583,5,26.0,15.5,3.0,0.47750000000000004
2022-23,Santi Aldama,1630583,6,27.0,10.666666666666666,1.6666666666666667,0.463
2022-23,Santi Aldama,1630583,7,22.0,7.0,1.0,0.6
2022-23,Santi Aldama,1630583,8,23.0,8.0,4.0,0.429
2022-23,Santi Aldama,1630583,9,21.5,9.5,2.0,0.5125
2022-23,Santi Aldama,1630583,10,27.5,12.5,1.5,0.607
2022-23,Santi Aldama,1630583,11,21.5,8.5,1.5,0.55
2022-23,Santi Aldama,1630583,14,22.0,5.0,1.0,0.333
2022-23,Santi Aldama,1630583,16,29.0,15.0,1.0,0.556
2022-23,Santi Aldama,1630583,17,26.0,12.5,1.0,0.625
2022-23,Santi Aldama,1630583,18,29.5,14.0,1.5,0.5
2022-23,Santi Aldama,1630583,19,21.0,12.0,1.0,0.556
2022-23,Santi Aldama,1630583,22,31.0,8.0,3.0,0.273
2022-23,Santi Aldama,1630583,28,26.0,11.0,1.5,0.8335
2022-23,Scottie Barnes,1630567,-24,32.0,6.0,2.0,0.429
2022-23,Scottie Barnes,1630567,-21,28.0,13.0,1.0,0.571
2022-23,Scottie Barnes,1630567,-18,39.0,8.0,5.0,0.25
2022-23,Scottie Barnes,1630567,-16,33.5,6.5,1.5,0.1655
2022-23,Scottie Barnes,1630567,-15,30.0,10.0,4.0,0.3425
2022-23,Scottie Barnes,1630567,-14,27.0,8.0,3.5,0.27999999999999997
2022-23,Scottie Barnes,1630567,-13,31.0,13.0,4.0,0.5
2022-23,Scottie Barnes,1630567,-12,31.0,17.0,4.0,0.438
2022-23,Scottie Barnes,1630567,-11,37.0,17.0,3.0,0.5
2022-23,Scottie Barnes,1630567,-10,36.0,23.5,3.0,0.4245
2022-23,Scottie Barnes,1630567,-8,35.0,11.5,5.0,0.3145
2022-23,Scottie Barnes,1630567,-7,38.0,20.0,4.0,0.42200000000000004
2022-23,Scottie Barnes,1630567,-6,35.0,15.5,6.0,0.461
2022-23,Scottie Barnes,1630567,-4,28.0,15.0,4.0,0.385
2022-23,Scottie Barnes,1630567,-3,32.0,7.0,4.0,0.2
2022-23,Scottie Barnes,1630567,-2,36.8,17.4,6.0,0.4438
2022-23,Scottie Barnes,1630567,-1,39.5,19.5,5.0,0.45599999999999996
2022-23,Scottie Barnes,1630567,1,36.666666666666664,14.333333333333334,5.666666666666667,0.4571666666666667
2022-23,Scottie Barnes,1630567,2,36.0,15.0,3.5,0.432
2022-23,Scottie Barnes,1630567,3,34.25,16.0,5.25,0.493
2022-23,Scottie Barnes,1630567,4,41.0,19.0,6.0,0.643
2022-23,Scottie Barnes,1630567,5,38.75,22.25,4.0,0.6000000000000001
2022-23,Scottie Barnes,1630567,6,32.0,9.0,5.0,0.2985
2022-23,Scottie Barnes,1630567,7,35.0,16.0,2.0,0.467
2022-23,Scottie Barnes,1630567,8,33.666666666666664,17.0,5.0,0.448
2022-23,Scottie Barnes,1630567,9,29.0,22.0,4.0,0.583
2022-23,Scottie Barnes,1630567,10,32.0,13.0,6.0,0.357
2022-23,Scottie Barnes,1630567,11,36.0,19.0,6.0,0.467
2022-23,Scottie Barnes,1630567,12,33.0,18.0,4.5,0.521
2022-23,Scottie Barnes,1630567,14,39.5,16.5,7.5,0.479
2022-23,Scottie Barnes,1630567,15,35.0,15.0,6.0,0.5386666666666667
2022-23,Scottie Barnes,1630567,16,39.0,23.0,8.0,0.571
2022-23,Scottie Barnes,1630567,19,35.0,11.0,4.0,0.333
2022-23,Scottie Barnes,1630567,20,32.0,15.0,7.0,0.5
2022-23,Scottie Barnes,1630567,22,38.0,7.0,10.0,0.375
2022-23,Scottie Barnes,1630567,24,37.0,18.0,5.0,0.5
2022-23,Scottie Barnes,1630567,25,34.0,19.0,6.0,0.533
2022-23,Scottie Barnes,1630567,26,37.0,18.0,7.0,0.583
2022-23,Scottie Barnes,1630567,30,28.0,15.0,5.0,0.538
2022-23,Scottie Barnes,1630567,31,33.0,21.0,8.0,0.5
2022-23,Scottie Barnes,1630567,34,32.0,17.0,4.0,0.8
2022-23,Serge Ibaka,201586,1,24.0,8.0,2.0,0.4
2022-23,Seth Curry,203552,-24,24.0,7.0,1.0,0.333
2022-23,Seth Curry,203552,-14,27.0,13.0,1.5,0.3875
2022-23,Seth Curry,203552,-11,23.5,21.0,2.0,0.6635
2022-23,Seth Curry,203552,-9,21.0,6.0,0.0,0.273
2022-23,Seth Curry,203552,-8,23.0,14.0,2.0,0.417
2022-23,Seth Curry,203552,-6,26.4,9.8,2.2,0.47140000000000004
2022-23,Seth Curry,203552,-5,27.0,14.0,5.0,0.556
2022-23,Seth Curry,203552,-4,28.0,12.5,1.0,0.521
2022-23,Seth Curry,203552,-2,26.0,22.0,2.0,0.727
2022-23,Seth Curry,203552,1,28.5,15.0,1.5,0.55
2022-23,Seth Curry,203552,4,22.0,2.0,1.0,0.25
2022-23,Seth Curry,203552,5,29.666666666666668,17.333333333333332,3.3333333333333335,0.4256666666666667
2022-23,Seth Curry,203552,6,24.0,5.0,0.0,0.222
2022-23,Seth Curry,203552,9,22.666666666666668,7.0,2.3333333333333335,0.3333333333333333
2022-23,Seth Curry,203552,11,23.0,23.0,2.0,0.538
2022-23,Seth Curry,203552,12,26.0,16.0,4.0,0.55
2022-23,Seth Curry,203552,14,28.0,29.0,1.0,0.733
2022-23,Seth Curry,203552,15,21.0,12.0,2.0,0.667
2022-23,Seth Curry,203552,16,20.0,4.0,5.0,0.2
2022-23,Seth Curry,203552,24,22.0,16.0,1.0,0.5
2022-23,Shaedon Sharpe,1631101,-36,34.0,12.0,1.0,0.385
2022-23,Shaedon Sharpe,1631101,-35,28.0,18.0,4.0,0.389
2022-23,Shaedon Sharpe,1631101,-28,44.0,30.0,7.0,0.37
2022-23,Shaedon Sharpe,1631101,-21,22.0,9.0,1.0,0.286
2022-23,Shaedon Sharpe,1631101,-20,36.0,27.0,5.0,0.5
2022-23,Shaedon Sharpe,1631101,-19,38.0,24.0,2.0,0.45
2022-23,Shaedon Sharpe,1631101,-15,24.0,0.0,3.0,0.0
2022-23,Shaedon Sharpe,1631101,-14,27.0,16.0,0.0,0.583
2022-23,Shaedon Sharpe,1631101,-13,28.0,9.0,4.0,0.375
2022-23,Shaedon Sharpe,1631101,-12,28.666666666666668,16.666666666666668,3.6666666666666665,0.41
2022-23,Shaedon Sharpe,1631101,-10,28.0,11.333333333333334,1.0,0.463
2022-23,Shaedon Sharpe,1631101,-9,23.666666666666668,10.666666666666666,1.3333333333333333,0.4873333333333334
2022-23,Shaedon Sharpe,1631101,-8,25.0,12.0,1.0,0.5
2022-23,Shaedon Sharpe,1631101,-6,24.5,6.25,1.75,0.35075
2022-23,Shaedon Sharpe,1631101,-5,20.0,2.0,1.0,0.167
2022-23,Shaedon Sharpe,1631101,-4,26.0,13.0,0.0,0.5
2022-23,Shaedon Sharpe,1631101,-3,27.5,15.5,3.5,0.362
2022-23,Shaedon Sharpe,1631101,-1,23.333333333333332,11.333333333333334,1.6666666666666667,0.7656666666666666
2022-23,Shaedon Sharpe,1631101,0,21.75,12.0,0.5,0.66475
2022-23,Shaedon Sharpe,1631101,1,27.0,13.0,1.0,0.714
2022-23,Shaedon Sharpe,1631101,2,20.0,14.0,1.0,0.583
2022-23,Shaedon Sharpe,1631101,4,20.0,10.0,0.0,0.5
2022-23,Shaedon Sharpe,1631101,5,24.0,10.0,1.0,0.444
2022-23,Shaedon Sharpe,1631101,6,20.0,2.0,0.0,0.25
2022-23,Shaedon Sharpe,1631101,8,23.0,12.0,0.0,0.714
2022-23,Shaedon Sharpe,1631101,11,29.0,18.0,1.3333333333333333,0.6076666666666667
2022-23,Shaedon Sharpe,1631101,18,20.0,5.0,1.0,0.333
2022-23,Shaedon Sharpe,1631101,19,25.0,15.0,4.0,0.6
2022-23,Shaedon Sharpe,1631101,26,27.0,19.0,0.0,0.667
2022-23,Shaedon Sharpe,1631101,28,39.0,24.0,3.0,0.474
2022-23,Shaedon Sharpe,1631101,30,28.0,17.0,0.0,0.7
2022-23,Shai Gilgeous-Alexander,1628983,-19,31.0,18.0,3.0,0.438
2022-23,Shai Gilgeous-Alexander,1628983,-17,31.5,21.5,3.75,0.453
2022-23,Shai Gilgeous-Alexander,1628983,-15,36.0,31.0,7.0,0.417
2022-23,Shai Gilgeous-Alexander,1628983,-13,33.0,15.0,6.0,0.333
2022-23,Shai Gilgeous-Alexander,1628983,-12,33.0,26.0,7.0,0.286
2022-23,Shai Gilgeous-Alexander,1628983,-10,36.5,35.0,6.5,0.6395
2022-23,Shai Gilgeous-Alexander,1628983,-9,32.5,30.75,4.75,0.50725
2022-23,Shai Gilgeous-Alexander,1628983,-8,38.0,33.0,5.0,0.565
2022-23,Shai Gilgeous-Alexander,1628983,-7,34.0,27.0,5.5,0.3565
2022-23,Shai Gilgeous-Alexander,1628983,-6,36.4,36.2,5.4,0.5793999999999999
2022-23,Shai Gilgeous-Alexander,1628983,-5,36.0,31.0,4.0,0.48
2022-23,Shai Gilgeous-Alexander,1628983,-3,35.0,35.0,6.0,0.4605
2022-23,Shai Gilgeous-Alexander,1628983,-2,34.5,32.0,7.0,0.5980000000000001
2022-23,Shai Gilgeous-Alexander,1628983,-1,33.25,31.0,4.25,0.50675
2022-23,Shai Gilgeous-Alexander,1628983,0,37.5,33.5,4.0,0.4665
2022-23,Shai Gilgeous-Alexander,1628983,1,35.0,31.0,3.0,0.529
2022-23,Shai Gilgeous-Alexander,1628983,2,38.333333333333336,28.0,7.666666666666667,0.4363333333333333
2022-23,Shai Gilgeous-Alexander,1628983,3,46.0,39.0,4.0,0.52
2022-23,Shai Gilgeous-Alexander,1628983,4,35.666666666666664,32.333333333333336,6.0,0.5303333333333333
2022-23,Shai Gilgeous-Alexander,1628983,5,36.666666666666664,35.666666666666664,4.666666666666667,0.5616666666666666
2022-23,Shai Gilgeous-Alexander,1628983,6,37.0,42.0,3.0,0.609
2022-23,Shai Gilgeous-Alexander,1628983,7,36.5,27.5,6.0,0.5075000000000001
2022-23,Shai Gilgeous-Alexander,1628983,9,37.0,33.0,6.5,0.49724999999999997
2022-23,Shai Gilgeous-Alexander,1628983,10,35.5,33.5,5.5,0.5
2022-23,Shai Gilgeous-Alexander,1628983,11,33.5,32.5,7.0,0.634
2022-23,Shai Gilgeous-Alexander,1628983,12,35.25,32.25,4.25,0.46699999999999997
2022-23,Shai Gilgeous-Alexander,1628983,13,28.0,20.0,4.0,0.571
2022-23,Shai Gilgeous-Alexander,1628983,14,35.0,35.0,8.0,0.571
2022-23,Shai Gilgeous-Alexander,1628983,20,41.0,38.0,9.0,0.556
2022-23,Shai Gilgeous-Alexander,1628983,22,39.0,44.0,7.0,0.813
2022-23,Shai Gilgeous-Alexander,1628983,23,36.0,33.0,8.0,0.5
2022-23,Shai Gilgeous-Alexander,1628983,25,33.0,30.0,4.0,0.522
2022-23,Shai Gilgeous-Alexander,1628983,27,29.0,29.0,6.0,0.5
2022-23,Shai Gilgeous-Alexander,1628983,38,29.5,32.5,6.0,0.5105
2022-23,Shake Milton,1629003,-30,32.0,14.0,3.0,0.5
2022-23,Shake Milton,1629003,-22,26.0,11.0,10.0,0.571
2022-23,Shake Milton,1629003,-16,24.0,7.0,6.0,0.222
2022-23,Shake Milton,1629003,-15,39.0,17.0,5.0,0.429
2022-23,Shake Milton,1629003,-14,23.0,7.0,3.0,0.429
2022-23,Shake Milton,1629003,-13,26.0,11.0,4.0,0.5
2022-23,Shake Milton,1629003,-10,22.0,13.0,0.0,0.6
2022-23,Shake Milton,1629003,-6,20.0,11.0,2.0,0.8
2022-23,Shake Milton,1629003,-3,20.0,11.0,3.0,0.625
2022-23,Shake Milton,1629003,-2,33.5,21.0,2.5,0.5835
2022-23,Shake Milton,1629003,-1,31.5,15.0,7.5,0.496
2022-23,Shake Milton,1629003,0,29.0,15.0,7.0,0.417
2022-23,Shake Milton,1629003,1,23.0,11.0,7.0,0.667
2022-23,Shake Milton,1629003,2,20.0,11.0,3.0,0.571
2022-23,Shake Milton,1629003,3,30.0,15.5,2.5,0.5415
2022-23,Shake Milton,1629003,5,23.0,5.0,4.0,0.4
2022-23,Shake Milton,1629003,6,21.0,2.0,3.0,0.0
2022-23,Shake Milton,1629003,8,32.0,12.5,5.0,0.4645
2022-23,Shake Milton,1629003,9,28.0,14.333333333333334,3.6666666666666665,0.5403333333333333
2022-23,Shake Milton,1629003,10,24.0,6.0,3.0,0.375
2022-23,Shake Milton,1629003,11,25.5,7.5,4.0,0.5835
2022-23,Shake Milton,1629003,12,42.0,15.0,16.0,0.318
2022-23,Shake Milton,1629003,14,36.5,16.5,7.5,0.4565
2022-23,Shake Milton,1629003,16,20.0,12.0,2.0,0.455
2022-23,Shake Milton,1629003,17,31.0,15.0,6.0,0.5
2022-23,Shake Milton,1629003,19,38.0,18.0,7.0,0.5
2022-23,Shake Milton,1629003,23,36.0,20.0,8.0,0.615
2022-23,Shake Milton,1629003,24,25.0,12.0,2.0,0.75
2022-23,Shake Milton,1629003,26,37.0,29.0,7.0,0.769
2022-23,Shaquille Harrison,1627885,-9,24.0,6.0,4.0,0.5
2022-23,Shaquille Harrison,1627885,0,26.5,13.0,5.5,0.4275
2022-23,Shaquille Harrison,1627885,6,24.0,10.0,9.0,0.375
2022-23,Simone Fontecchio,1631323,-31,25.0,26.0,0.0,0.563
2022-23,Simone Fontecchio,1631323,-13,24.0,14.666666666666666,1.0,0.49833333333333335
2022-23,Simone Fontecchio,1631323,-11,24.0,7.0,2.0,0.375
2022-23,Simone Fontecchio,1631323,-4,25.5,7.0,1.5,0.28200000000000003
2022-23,Simone Fontecchio,1631323,-3,30.0,12.0,1.0,0.385
2022-23,Simone Fontecchio,1631323,-2,26.25,11.75,1.5,0.438
2022-23,Simone Fontecchio,1631323,1,25.5,19.0,2.5,0.4355
2022-23,Simone Fontecchio,1631323,5,28.0,6.0,1.0,0.25
2022-23,Simone Fontecchio,1631323,10,22.0,7.0,2.0,0.333
2022-23,Skylar Mays,1630219,-44,40.0,21.0,12.0,0.412
2022-23,Skylar Mays,1630219,-17,30.0,14.0,6.0,0.625
2022-23,Skylar Mays,1630219,-11,29.0,9.0,9.0,0.273
2022-23,Skylar Mays,1630219,-2,35.0,24.0,7.0,0.563
2022-23,Skylar Mays,1630219,0,26.0,12.0,8.0,0.619
2022-23,Spencer Dinwiddie,203915,-31,24.0,2.0,5.0,0.0
2022-23,Spencer Dinwiddie,203915,-30,32.0,10.0,7.0,0.5
2022-23,Spencer Dinwiddie,203915,-24,27.0,8.0,11.0,0.5
2022-23,Spencer Dinwiddie,203915,-23,35.5,16.5,4.5,0.575
2022-23,Spencer Dinwiddie,203915,-20,27.0,11.0,5.0,0.5
2022-23,Spencer Dinwiddie,203915,-18,31.5,19.5,9.5,0.3835
2022-23,Spencer Dinwiddie,203915,-17,40.0,13.0,5.0,0.571
2022-23,Spencer Dinwiddie,203915,-16,31.0,22.0,2.0,0.615
2022-23,Spencer Dinwiddie,203915,-15,33.0,25.5,6.5,0.5665
2022-23,Spencer Dinwiddie,203915,-14,33.666666666666664,17.333333333333332,8.0,0.43766666666666665
2022-23,Spencer Dinwiddie,203915,-13,37.0,20.0,7.0,0.462
2022-23,Spencer Dinwiddie,203915,-10,32.0,9.0,10.0,0.167
2022-23,Spencer Dinwiddie,203915,-9,31.0,12.0,5.0,0.385
2022-23,Spencer Dinwiddie,203915,-8,33.5,23.0,4.5,0.48650000000000004
2022-23,Spencer Dinwiddie,203915,-7,40.5,25.5,7.0,0.439
2022-23,Spencer Dinwiddie,203915,-6,35.0,11.0,3.0,0.417
2022-23,Spencer Dinwiddie,203915,-5,38.0,24.5,6.0,0.45899999999999996
2022-23,Spencer Dinwiddie,203915,-4,34.2,21.0,5.0,0.3668
2022-23,Spencer Dinwiddie,203915,-3,30.75,16.5,5.0,0.34375
2022-23,Spencer Dinwiddie,203915,-2,33.666666666666664,12.666666666666666,9.666666666666666,0.236
2022-23,Spencer Dinwiddie,203915,0,30.333333333333332,18.333333333333332,5.0,0.508
2022-23,Spencer Dinwiddie,203915,1,36.0,17.0,3.5,0.4235
2022-23,Spencer Dinwiddie,203915,2,31.0,14.666666666666666,3.6666666666666665,0.45333333333333337
2022-23,Spencer Dinwiddie,203915,3,34.0,22.333333333333332,3.6666666666666665,0.5073333333333333
2022-23,Spencer Dinwiddie,203915,4,34.0,17.0,12.0,0.385
2022-23,Spencer Dinwiddie,203915,5,32.0,16.0,7.5,0.487
2022-23,Spencer Dinwiddie,203915,6,35.333333333333336,13.333333333333334,7.333333333333333,0.4026666666666667
2022-23,Spencer Dinwiddie,203915,7,36.5,16.0,6.0,0.469
2022-23,Spencer Dinwiddie,203915,8,41.2,13.4,7.0,0.3706
2022-23,Spencer Dinwiddie,203915,9,38.666666666666664,27.0,8.666666666666666,0.5186666666666667
2022-23,Spencer Dinwiddie,203915,12,38.0,19.0,11.0,0.4
2022-23,Spencer Dinwiddie,203915,13,32.25,19.5,5.25,0.5405
2022-23,Spencer Dinwiddie,203915,15,28.5,9.5,10.0,0.33549999999999996
2022-23,Spencer Dinwiddie,203915,16,34.0,20.0,8.0,0.4
2022-23,Spencer Dinwiddie,203915,17,35.0,15.0,9.0,0.364
2022-23,Spencer Dinwiddie,203915,19,34.0,15.0,6.0,0.75
2022-23,Spencer Dinwiddie,203915,20,38.0,20.0,11.0,0.727
2022-23,Spencer Dinwiddie,203915,21,33.0,9.0,12.0,0.333
2022-23,Spencer Dinwiddie,203915,23,28.0,15.0,2.0,0.462
2022-23,Spencer Dinwiddie,203915,25,38.0,25.0,6.0,0.471
2022-23,Spencer Dinwiddie,203915,35,30.0,17.0,9.0,0.375
2022-23,Stanley Johnson,1626169,-21,22.0,10.0,2.0,0.667
2022-23,Stanley Johnson,1626169,-18,22.0,7.0,3.0,0.6
2022-23,Stanley Johnson,1626169,-12,28.0,13.0,4.0,0.714
2022-23,Stanley Johnson,1626169,-6,25.0,7.0,2.0,0.375
2022-23,Stanley Johnson,1626169,3,32.0,8.0,1.0,0.333
2022-23,Stephen Curry,201939,-20,27.0,20.0,1.0,0.353
2022-23,Stephen Curry,201939,-19,31.0,24.0,3.0,0.364
2022-23,Stephen Curry,201939,-17,33.0,16.5,7.0,0.294
2022-23,Stephen Curry,201939,-16,33.0,28.0,5.0,0.588
2022-23,Stephen Curry,201939,-14,36.0,50.0,6.0,0.607
2022-23,Stephen Curry,201939,-12,34.333333333333336,30.333333333333332,4.666666666666667,0.425
2022-23,Stephen Curry,201939,-11,38.0,50.0,6.0,0.714
2022-23,Stephen Curry,201939,-10,30.0,16.0,5.0,0.333
2022-23,Stephen Curry,201939,-9,34.0,20.0,4.0,0.533
2022-23,Stephen Curry,201939,-8,37.0,26.0,7.0,0.438
2022-23,Stephen Curry,201939,-6,33.5,34.5,6.5,0.517
2022-23,Stephen Curry,201939,-5,39.0,25.0,3.5,0.3335
2022-23,Stephen Curry,201939,-3,33.0,33.5,4.0,0.525
2022-23,Stephen Curry,201939,-2,35.0,40.0,7.0,0.609
2022-23,Stephen Curry,201939,-1,35.0,25.0,5.5,0.4095
2022-23,Stephen Curry,201939,0,36.0,27.0,4.0,0.529
2022-23,Stephen Curry,201939,2,35.0,24.5,6.5,0.437
2022-23,Stephen Curry,201939,3,34.0,23.0,13.0,0.5
2022-23,Stephen Curry,201939,4,38.0,39.0,9.0,0.591
2022-23,Stephen Curry,201939,5,36.0,30.0,5.0,0.435
2022-23,Stephen Curry,201939,7,34.0,40.0,5.0,0.652
2022-23,Stephen Curry,201939,9,39.0,31.5,5.5,0.4075
2022-23,Stephen Curry,201939,10,38.5,28.0,8.5,0.4905
2022-23,Stephen Curry,201939,12,29.5,27.0,5.5,0.53
2022-23,Stephen Curry,201939,13,37.0,34.0,10.0,0.605
2022-23,Stephen Curry,201939,14,32.75,29.75,5.0,0.51075
2022-23,Stephen Curry,201939,17,31.5,27.0,8.5,0.5275
2022-23,Stephen Curry,201939,18,32.0,23.0,9.5,0.46199999999999997
2022-23,Stephen Curry,201939,19,33.333333333333336,32.0,5.333333333333333,0.5136666666666666
2022-23,Stephen Curry,201939,20,36.0,35.25,6.25,0.5725
2022-23,Stephen Curry,201939,22,34.0,29.0,11.5,0.481
2022-23,Stephen Curry,201939,26,22.0,26.0,7.0,0.6
2022-23,Stephen Curry,201939,33,32.0,25.0,6.0,0.571
2022-23,Steven Adams,203500,-30,22.0,2.0,1.0,0.333
2022-23,Steven Adams,203500,-13,25.0,6.0,1.0,0.6
2022-23,Steven Adams,203500,-8,29.0,8.5,3.0,0.575
2022-23,Steven Adams,203500,-6,33.0,14.0,5.0,0.667
2022-23,Steven Adams,203500,-5,30.0,4.0,0.0,0.4
2022-23,Steven Adams,203500,-3,29.0,8.0,2.0,0.375
2022-23,Steven Adams,203500,-2,27.0,8.0,1.0,0.667
2022-23,Steven Adams,203500,-1,29.25,9.5,3.5,0.597
2022-23,Steven Adams,203500,1,31.0,7.5,1.0,0.36650000000000005
2022-23,Steven Adams,203500,2,25.0,11.333333333333334,2.3333333333333335,0.5556666666666666
2022-23,Steven Adams,203500,3,28.0,15.0,2.0,0.7
2022-23,Steven Adams,203500,4,31.5,11.5,4.5,0.5835
2022-23,Steven Adams,203500,5,37.0,7.0,2.0,0.75
2022-23,Steven Adams,203500,6,26.0,3.0,3.0,0.333
2022-23,Steven Adams,203500,7,28.0,9.0,2.0,0.6
2022-23,Steven Adams,203500,9,22.0,4.0,1.0,1.0
2022-23,Steven Adams,203500,10,20.0,8.0,2.0,1.0
2022-23,Steven Adams,203500,11,28.0,13.0,4.0,0.714
2022-23,Steven Adams,203500,14,32.0,11.0,5.0,0.714
2022-23,Steven Adams,203500,15,25.0,6.0,0.0,1.0
2022-23,Steven Adams,203500,16,22.0,8.0,2.0,0.8
2022-23,Steven Adams,203500,17,26.333333333333332,10.666666666666666,3.0,0.6869999999999999
2022-23,Steven Adams,203500,20,31.0,9.0,2.0,0.6
2022-23,Steven Adams,203500,21,20.0,10.0,1.0,0.5
2022-23,Steven Adams,203500,23,33.0,6.0,2.0,0.75
2022-23,Steven Adams,203500,24,27.0,9.0,2.0,0.429
2022-23,Steven Adams,203500,26,25.0,15.0,1.0,0.7
2022-23,Steven Adams,203500,31,21.0,13.0,4.0,0.6
2022-23,Svi Mykhailiuk,1629004,-27,33.0,16.0,5.0,0.583
2022-23,Svi Mykhailiuk,1629004,-25,20.0,9.0,1.0,0.5
2022-23,Svi Mykhailiuk,1629004,-9,33.0,26.0,5.0,0.588
2022-23,Svi Mykhailiuk,1629004,-6,29.0,15.0,1.0,0.5
2022-23,Svi Mykhailiuk,1629004,-2,31.0,25.0,5.0,0.381
2022-23,Svi Mykhailiuk,1629004,4,24.0,12.0,0.0,0.417
2022-23,Svi Mykhailiuk,1629004,5,35.0,16.0,6.0,0.333
2022-23,Svi Mykhailiuk,1629004,7,36.0,18.0,8.0,0.462
2022-23,Svi Mykhailiuk,1629004,10,34.5,15.0,5.0,0.5
2022-23,Svi Mykhailiuk,1629004,16,33.0,7.0,3.0,0.143
2022-23,T.J. McConnell,204456,-15,27.0,14.0,4.5,0.857
2022-23,T.J. McConnell,204456,-14,27.0,15.0,7.0,0.538
2022-23,T.J. McConnell,204456,-13,22.0,5.0,4.0,0.25
2022-23,T.J. McConnell,204456,-12,20.0,9.0,3.0,0.444
2022-23,T.J. McConnell,204456,-11,20.0,2.0,7.0,0.0
2022-23,T.J. McConnell,204456,-8,20.0,12.0,6.0,0.75
2022-23,T.J. McConnell,204456,-7,23.0,5.0,10.0,0.333
2022-23,T.J. McConnell,204456,-5,23.5,12.0,6.5,0.5655
2022-23,T.J. McConnell,204456,-4,20.5,8.0,5.0,0.3835
2022-23,T.J. McConnell,204456,-1,23.5,12.5,5.0,0.607
2022-23,T.J. McConnell,204456,0,32.0,17.666666666666668,10.0,0.657
2022-23,T.J. McConnell,204456,2,28.5,12.0,6.0,0.5505
2022-23,T.J. McConnell,204456,4,21.0,6.0,5.0,0.6
2022-23,T.J. McConnell,204456,5,22.0,9.5,6.5,0.5145
2022-23,T.J. McConnell,204456,6,23.0,9.5,7.5,0.4875
2022-23,T.J. McConnell,204456,9,33.0,19.0,8.333333333333334,0.6789999999999999
2022-23,T.J. McConnell,204456,11,21.0,11.5,4.0,0.5835
2022-23,T.J. McConnell,204456,12,22.0,4.0,4.0,0.333
2022-23,T.J. McConnell,204456,13,22.0,18.0,12.0,0.636
2022-23,T.J. McConnell,204456,16,29.0,21.0,8.0,0.667
2022-23,T.J. McConnell,204456,17,23.0,8.0,8.0,0.222
2022-23,T.J. McConnell,204456,22,31.0,19.0,10.0,0.875
2022-23,T.J. McConnell,204456,36,29.0,19.0,12.0,0.75
2022-23,T.J. Warren,203933,-12,28.0,20.0,1.0,0.5
2022-23,T.J. Warren,203933,-5,23.5,7.0,2.0,0.3275
2022-23,T.J. Warren,203933,1,22.0,9.0,1.0,0.375
2022-23,T.J. Warren,203933,2,23.0,19.0,0.0,0.538
2022-23,T.J. Warren,203933,6,21.5,15.5,1.5,0.675
2022-23,T.J. Warren,203933,7,28.0,15.0,1.0,0.538
2022-23,T.J. Warren,203933,9,31.0,10.0,1.0,0.429
2022-23,T.J. Warren,203933,10,23.0,18.0,0.0,0.692
2022-23,T.J. Warren,203933,15,22.0,13.5,2.0,0.5625
2022-23,T.J. Warren,203933,16,27.0,23.0,2.0,0.643
2022-23,T.J. Warren,203933,24,21.0,9.0,1.0,0.444
2022-23,T.J. Warren,203933,25,26.0,16.0,0.0,0.583
2022-23,Taj Gibson,201959,-3,25.0,6.0,1.0,1.0
2022-23,Taj Gibson,201959,6,24.0,9.0,3.0,0.429
2022-23,Talen Horton-Tucker,1629659,-38,26.0,13.0,8.0,0.294
2022-23,Talen Horton-Tucker,1629659,-17,24.0,13.0,4.5,0.432
2022-23,Talen Horton-Tucker,1629659,-15,21.0,6.0,2.0,0.273
2022-23,Talen Horton-Tucker,1629659,-11,26.0,10.0,7.5,0.3375
2022-23,Talen Horton-Tucker,1629659,-10,28.0,9.0,4.0,0.3
2022-23,Talen Horton-Tucker,1629659,-9,34.0,16.0,8.0,0.389
2022-23,Talen Horton-Tucker,1629659,-8,26.5,15.5,4.0,0.4165
2022-23,Talen Horton-Tucker,1629659,-6,33.0,19.0,4.0,0.444
2022-23,Talen Horton-Tucker,1629659,-5,31.0,28.0,7.0,0.429
2022-23,Talen Horton-Tucker,1629659,-4,27.0,23.0,7.0,0.667
2022-23,Talen Horton-Tucker,1629659,-2,37.0,23.0,7.0,0.333
2022-23,Talen Horton-Tucker,1629659,-1,21.0,6.0,5.0,0.75
2022-23,Talen Horton-Tucker,1629659,2,24.5,27.5,3.5,0.5780000000000001
2022-23,Talen Horton-Tucker,1629659,7,34.0,32.0,8.0,0.48
2022-23,Talen Horton-Tucker,1629659,8,28.0,14.0,4.0,0.455
2022-23,Talen Horton-Tucker,1629659,9,28.0,16.0,8.0,0.41450000000000004
2022-23,Talen Horton-Tucker,1629659,10,34.0,9.0,6.0,0.182
2022-23,Talen Horton-Tucker,1629659,11,28.666666666666668,18.0,4.666666666666667,0.41100000000000003
2022-23,Talen Horton-Tucker,1629659,12,31.0,8.0,2.0,0.364
2022-23,Talen Horton-Tucker,1629659,14,26.5,14.0,3.5,0.472
2022-23,Talen Horton-Tucker,1629659,17,32.0,37.0,10.0,0.583
2022-23,Talen Horton-Tucker,1629659,18,20.0,12.0,5.0,0.667
2022-23,Talen Horton-Tucker,1629659,19,21.0,11.0,4.5,0.5225
2022-23,Talen Horton-Tucker,1629659,26,21.0,6.0,9.0,0.333
2022-23,Tari Eason,1631106,-23,25.0,9.0,2.0,0.286
2022-23,Tari Eason,1631106,-22,27.0,8.0,1.0,0.6
2022-23,Tari Eason,1631106,-21,29.0,21.0,3.0,0.692
2022-23,Tari Eason,1631106,-15,20.0,8.0,0.5,0.55
2022-23,Tari Eason,1631106,-11,27.0,9.333333333333334,1.3333333333333333,0.36233333333333334
2022-23,Tari Eason,1631106,-10,21.0,8.0,1.0,0.444
2022-23,Tari Eason,1631106,-8,31.0,17.0,2.0,0.7
2022-23,Tari Eason,1631106,-6,25.333333333333332,12.0,0.6666666666666666,0.3336666666666667
2022-23,Tari Eason,1631106,-5,24.0,12.0,1.3333333333333333,0.5383333333333333
2022-23,Tari Eason,1631106,-4,24.5,7.5,1.0,0.4165
2022-23,Tari Eason,1631106,-3,25.666666666666668,13.0,1.0,0.49866666666666665
2022-23,Tari Eason,1631106,-2,24.0,10.0,1.0,0.35250000000000004
2022-23,Tari Eason,1631106,-1,23.0,11.0,1.0,0.5155000000000001
2022-23,Tari Eason,1631106,0,24.75,14.5,1.5,0.56525
2022-23,Tari Eason,1631106,2,23.0,17.0,2.0,0.75
2022-23,Tari Eason,1631106,4,28.5,9.5,1.5,0.429
2022-23,Tari Eason,1631106,6,21.5,12.0,2.0,0.4105
2022-23,Tari Eason,1631106,7,22.0,4.0,1.5,0.375
2022-23,Tari Eason,1631106,9,23.5,15.0,4.5,0.43900000000000006
2022-23,Tari Eason,1631106,10,24.5,8.5,1.5,0.5
2022-23,Tari Eason,1631106,11,31.5,13.5,1.0,0.5115000000000001
2022-23,Tari Eason,1631106,24,29.0,17.0,1.0,0.538
2022-23,Tari Eason,1631106,29,22.0,9.0,0.0,0.5
2022-23,Taurean Prince,1627752,-23,23.0,6.0,4.0,0.5
2022-23,Taurean Prince,1627752,-22,20.0,6.0,1.0,0.2
2022-23,Taurean Prince,1627752,-21,27.0,9.0,2.0,0.333
2022-23,Taurean Prince,1627752,-11,23.0,8.0,0.0,0.286
2022-23,Taurean Prince,1627752,-10,23.333333333333332,6.333333333333333,1.6666666666666667,0.278
2022-23,Taurean Prince,1627752,-7,21.0,4.0,0.5,0.4165
2022-23,Taurean Prince,1627752,-6,30.0,4.0,2.0,0.143
2022-23,Taurean Prince,1627752,-4,26.0,10.0,1.0,0.333
2022-23,Taurean Prince,1627752,-2,22.0,12.0,0.0,0.571
2022-23,Taurean Prince,1627752,-1,25.0,13.0,0.0,0.5
2022-23,Taurean Prince,1627752,0,20.0,5.0,1.0,0.286
2022-23,Taurean Prince,1627752,1,28.0,15.0,3.0,0.5
2022-23,Taurean Prince,1627752,2,30.0,7.0,2.0,0.429
2022-23,Taurean Prince,1627752,3,22.0,8.5,2.0,0.432
2022-23,Taurean Prince,1627752,4,20.0,13.0,4.0,0.364
2022-23,Taurean Prince,1627752,5,31.0,14.0,1.0,0.556
2022-23,Taurean Prince,1627752,6,22.0,12.333333333333334,1.3333333333333333,0.637
2022-23,Taurean Prince,1627752,8,21.666666666666668,8.333333333333334,1.6666666666666667,0.6026666666666666
2022-23,Taurean Prince,1627752,12,25.0,7.0,2.0,0.333
2022-23,Taurean Prince,1627752,14,35.0,18.0,0.0,0.5
2022-23,Taurean Prince,1627752,16,31.0,16.0,2.0,0.5
2022-23,Taurean Prince,1627752,18,23.0,11.0,3.0,0.5
2022-23,Taurean Prince,1627752,19,26.333333333333332,13.666666666666666,4.333333333333333,0.6256666666666667
2022-23,Taurean Prince,1627752,23,26.0,9.0,2.0,0.333
2022-23,Taurean Prince,1627752,28,32.0,35.0,2.0,0.923
2022-23,Terance Mann,1629611,-24,23.0,7.5,2.0,0.4
2022-23,Terance Mann,1629611,-23,26.0,5.0,1.0,0.4
2022-23,Terance Mann,1629611,-20,23.0,10.0,1.5,0.528
2022-23,Terance Mann,1629611,-17,23.0,8.5,2.5,0.356
2022-23,Terance Mann,1629611,-14,23.0,10.333333333333334,1.3333333333333333,0.6629999999999999
2022-23,Terance Mann,1629611,-13,24.0,6.0,3.0,0.333
2022-23,Terance Mann,1629611,-10,36.0,19.0,4.0,0.7
2022-23,Terance Mann,1629611,-9,23.0,8.5,2.5,0.4875
2022-23,Terance Mann,1629611,-8,21.666666666666668,4.333333333333333,2.3333333333333335,0.3223333333333333
2022-23,Terance Mann,1629611,-6,27.333333333333332,12.0,2.6666666666666665,0.598
2022-23,Terance Mann,1629611,-4,33.0,11.0,4.0,0.442
2022-23,Terance Mann,1629611,-3,32.5,14.5,3.0,0.5680000000000001
2022-23,Terance Mann,1629611,-2,25.0,8.0,4.0,0.429
2022-23,Terance Mann,1629611,0,30.5,15.25,3.25,0.711
2022-23,Terance Mann,1629611,2,25.5,16.5,4.5,0.6499999999999999
2022-23,Terance Mann,1629611,3,24.0,8.666666666666666,1.3333333333333333,0.4493333333333333
2022-23,Terance Mann,1629611,5,25.0,7.0,3.0,0.429
2022-23,Terance Mann,1629611,6,26.25,7.75,3.0,0.5635
2022-23,Terance Mann,1629611,7,25.0,17.0,2.0,0.5
2022-23,Terance Mann,1629611,8,24.0,10.0,2.0,0.7284999999999999
2022-23,Terance Mann,1629611,10,35.0,26.0,3.0,0.833
2022-23,Terance Mann,1629611,15,34.0,10.0,6.0,0.333
2022-23,Terance Mann,1629611,16,28.0,13.333333333333334,2.6666666666666665,0.504
2022-23,Terance Mann,1629611,17,38.0,14.0,5.0,0.385
2022-23,Terance Mann,1629611,18,35.0,11.0,3.0,0.5
2022-23,Terance Mann,1629611,20,30.0,16.0,5.0,0.667
2022-23,Terance Mann,1629611,21,23.0,8.0,3.0,0.667
2022-23,Terance Mann,1629611,24,41.0,12.0,1.0,0.417
2022-23,Terance Mann,1629611,28,21.0,6.0,2.0,0.5
2022-23,Terance Mann,1629611,32,27.0,14.0,3.0,0.4
2022-23,Terence Davis,1629056,-15,31.0,10.0,3.0,0.25
2022-23,Terence Davis,1629056,-8,25.0,14.0,1.0,0.444
2022-23,Terence Davis,1629056,1,24.0,19.0,2.0,0.5
2022-23,Terence Davis,1629056,5,21.0,10.0,1.0,0.625
2022-23,Terence Davis,1629056,7,20.0,12.0,0.0,0.444
2022-23,Terence Davis,1629056,9,22.0,6.0,2.0,0.286
2022-23,Terence Davis,1629056,12,31.0,22.0,3.0,0.588
2022-23,Terence Davis,1629056,18,29.0,21.0,0.0,0.615
2022-23,Terence Davis,1629056,26,30.0,22.0,3.0,0.5
2022-23,Terence Davis,1629056,35,26.0,31.0,4.0,0.75
2022-23,Terrence Ross,203082,-21,23.0,6.0,1.0,0.3
2022-23,Terrence Ross,203082,-18,25.0,14.0,3.5,0.49650000000000005
2022-23,Terrence Ross,203082,-17,31.0,7.0,2.0,0.3
2022-23,Terrence Ross,203082,-15,25.0,14.0,3.0,0.455
2022-23,Terrence Ross,203082,-14,20.5,6.5,1.5,0.3
2022-23,Terrence Ross,203082,-9,31.0,13.0,4.0,0.333
2022-23,Terrence Ross,203082,-8,28.0,8.5,2.0,0.393
2022-23,Terrence Ross,203082,-7,27.5,8.0,1.0,0.381
2022-23,Terrence Ross,203082,-6,25.0,16.0,4.0,0.412
2022-23,Terrence Ross,203082,-5,22.0,5.0,2.0,0.2
2022-23,Terrence Ross,203082,-4,21.5,6.0,1.0,0.3095
2022-23,Terrence Ross,203082,-3,32.5,25.0,1.5,0.6105
2022-23,Terrence Ross,203082,-2,26.0,6.0,2.0,0.25
2022-23,Terrence Ross,203082,-1,22.0,12.0,1.0,0.455
2022-23,Terrence Ross,203082,1,23.666666666666668,7.333333333333333,1.0,0.393
2022-23,Terrence Ross,203082,4,21.0,3.0,4.0,0.167
2022-23,Terrence Ross,203082,5,31.0,13.0,1.0,0.417
2022-23,Terrence Ross,203082,8,25.25,15.5,1.25,0.5469999999999999
2022-23,Terrence Ross,203082,9,23.666666666666668,16.333333333333332,1.6666666666666667,0.5383333333333333
2022-23,Terrence Ross,203082,11,22.0,12.0,3.0,0.4645
2022-23,Terrence Ross,203082,12,23.0,5.0,3.0,0.667
2022-23,Terrence Ross,203082,13,27.0,7.0,2.0,0.375
2022-23,Terrence Ross,203082,16,22.5,8.0,1.0,0.75
2022-23,Terrence Ross,203082,17,24.0,18.0,0.0,1.0
2022-23,Terrence Ross,203082,18,23.0,5.0,1.0,0.286
2022-23,Terry Rozier,1626179,-26,33.0,10.5,5.0,0.2255
2022-23,Terry Rozier,1626179,-25,36.0,23.0,1.0,0.381
2022-23,Terry Rozier,1626179,-22,31.5,14.5,6.0,0.349
2022-23,Terry Rozier,1626179,-21,35.0,21.0,3.0,0.471
2022-23,Terry Rozier,1626179,-19,34.0,22.0,6.0,0.471
2022-23,Terry Rozier,1626179,-18,36.0,19.0,6.0,0.35
2022-23,Terry Rozier,1626179,-17,35.0,15.0,6.5,0.3245
2022-23,Terry Rozier,1626179,-16,36.0,22.0,6.0,0.438
2022-23,Terry Rozier,1626179,-15,41.0,25.0,2.0,0.286
2022-23,Terry Rozier,1626179,-14,33.5,17.5,3.5,0.345
2022-23,Terry Rozier,1626179,-13,34.0,13.0,6.5,0.32899999999999996
2022-23,Terry Rozier,1626179,-12,39.0,22.25,4.5,0.36475
2022-23,Terry Rozier,1626179,-11,35.0,20.0,3.0,0.3
2022-23,Terry Rozier,1626179,-9,33.666666666666664,25.0,6.333333333333333,0.5086666666666667
2022-23,Terry Rozier,1626179,-8,35.5,20.0,6.0,0.378
2022-23,Terry Rozier,1626179,-7,37.0,23.0,6.0,0.6
2022-23,Terry Rozier,1626179,-6,37.5,26.0,3.0,0.508
2022-23,Terry Rozier,1626179,-5,36.0,19.666666666666668,7.0,0.29433333333333334
2022-23,Terry Rozier,1626179,-4,35.0,27.0,3.0,0.45
2022-23,Terry Rozier,1626179,-3,37.0,21.0,5.0,0.5
2022-23,Terry Rozier,1626179,-2,35.0,29.5,4.5,0.6065
2022-23,Terry Rozier,1626179,-1,36.0,31.0,7.0,0.579
2022-23,Terry Rozier,1626179,0,36.0,23.5,7.5,0.4335
2022-23,Terry Rozier,1626179,1,40.5,28.0,4.0,0.38
2022-23,Terry Rozier,1626179,2,34.5,17.0,6.5,0.458
2022-23,Terry Rozier,1626179,3,33.5,24.0,4.5,0.484
2022-23,Terry Rozier,1626179,4,34.0,27.0,4.0,0.55
2022-23,Terry Rozier,1626179,5,32.0,9.0,5.0,0.2
2022-23,Terry Rozier,1626179,6,37.0,26.0,4.5,0.4505
2022-23,Terry Rozier,1626179,7,37.0,22.0,8.0,0.364
2022-23,Terry Rozier,1626179,9,34.0,18.0,5.0,0.3
2022-23,Terry Rozier,1626179,11,37.0,22.0,3.0,0.474
2022-23,Terry Rozier,1626179,13,40.0,22.0,6.0,0.5
2022-23,Terry Rozier,1626179,16,36.0,23.0,9.0,0.368
2022-23,Terry Rozier,1626179,17,33.0,17.0,2.0,0.467
2022-23,Terry Rozier,1626179,18,29.0,24.0,6.0,0.526
2022-23,Terry Rozier,1626179,20,38.0,25.0,7.0,0.455
2022-23,Terry Rozier,1626179,21,35.0,28.0,2.0,0.474
2022-23,Terry Rozier,1626179,27,34.0,39.0,4.0,0.517
2022-23,Terry Taylor,1630678,-8,24.0,8.0,1.0,0.333
2022-23,Terry Taylor,1630678,-7,22.0,9.0,2.0,0.571
2022-23,Terry Taylor,1630678,3,20.0,11.0,1.0,0.455
2022-23,Terry Taylor,1630678,10,20.0,0.0,2.0,0.0
2022-23,Thaddeus Young,201152,-15,23.0,8.0,2.0,0.571
2022-23,Thaddeus Young,201152,-13,30.5,13.5,3.0,0.6
2022-23,Thaddeus Young,201152,-12,23.0,8.0,1.0,0.667
2022-23,Thaddeus Young,201152,-9,24.0,4.0,2.0,0.4
2022-23,Thaddeus Young,201152,-6,35.0,18.0,4.0,0.75
2022-23,Thaddeus Young,201152,-2,27.0,6.0,1.0,0.6
2022-23,Thaddeus Young,201152,2,27.0,12.0,2.0,0.667
2022-23,Thaddeus Young,201152,4,27.0,4.0,4.0,0.167
2022-23,Thaddeus Young,201152,5,26.0,6.0,4.0,0.5
2022-23,Thaddeus Young,201152,11,23.0,2.0,0.0,0.333
2022-23,Thaddeus Young,201152,12,25.0,14.0,4.0,0.625
2022-23,Thaddeus Young,201152,13,26.0,10.0,3.0,0.571
2022-23,Thaddeus Young,201152,21,26.0,0.0,2.0,0.0
2022-23,Thanasis Antetokounmpo,203648,-31,38.0,12.0,4.0,0.545
2022-23,Thanasis Antetokounmpo,203648,-2,27.0,14.0,3.0,0.5
2022-23,Theo Maledon,1630177,-28,33.0,9.0,9.0,0.308
2022-23,Theo Maledon,1630177,-23,39.0,11.0,8.0,0.308
2022-23,Theo Maledon,1630177,-16,40.0,8.0,14.0,0.25
2022-23,Theo Maledon,1630177,-12,21.0,0.0,4.0,0.0
2022-23,Theo Maledon,1630177,-8,39.0,13.0,11.0,0.357
2022-23,Theo Maledon,1630177,-7,26.0,8.0,3.0,0.5
2022-23,Theo Maledon,1630177,-6,20.0,8.0,3.0,0.6
2022-23,Theo Maledon,1630177,-2,21.0,7.0,1.0,0.5
2022-23,Theo Maledon,1630177,0,24.0,14.0,3.0,1.0
2022-23,Theo Maledon,1630177,1,38.0,22.0,8.0,0.533
2022-23,Theo Maledon,1630177,2,25.0,14.0,3.0,0.571
2022-23,Theo Maledon,1630177,6,26.0,12.0,3.0,0.4
2022-23,Theo Maledon,1630177,13,38.0,19.0,9.0,0.467
2022-23,Theo Maledon,1630177,17,41.0,18.0,6.0,0.538
2022-23,Theo Pinson,1629033,-11,40.0,23.0,12.0,0.5
2022-23,Theo Pinson,1629033,-6,21.0,3.0,5.0,0.333
2022-23,Theo Pinson,1629033,4,25.0,4.0,3.5,0.15
2022-23,Thomas Bryant,1628418,-22,22.0,11.0,0.0,0.833
2022-23,Thomas Bryant,1628418,-17,23.0,11.0,0.0,0.5
2022-23,Thomas Bryant,1628418,-15,26.5,16.5,0.5,0.4645
2022-23,Thomas Bryant,1628418,-12,31.0,17.0,4.0,0.667
2022-23,Thomas Bryant,1628418,-10,20.0,9.0,0.0,0.528
2022-23,Thomas Bryant,1628418,-7,36.0,18.0,2.0,0.529
2022-23,Thomas Bryant,1628418,-6,28.0,15.0,0.0,0.545
2022-23,Thomas Bryant,1628418,-2,31.0,16.0,2.0,0.6
2022-23,Thomas Bryant,1628418,-1,22.0,15.0,1.0,1.0
2022-23,Thomas Bryant,1628418,0,32.0,16.0,2.0,0.538
2022-23,Thomas Bryant,1628418,1,23.5,13.0,0.0,0.771
2022-23,Thomas Bryant,1628418,2,24.0,10.5,0.0,0.4585
2022-23,Thomas Bryant,1628418,3,28.0,21.0,1.0,0.818
2022-23,Thomas Bryant,1628418,6,29.0,20.0,1.0,0.7335
2022-23,Thomas Bryant,1628418,7,29.333333333333332,18.666666666666668,0.6666666666666666,0.6773333333333333
2022-23,Thomas Bryant,1628418,10,23.0,21.0,1.0,0.818
2022-23,Thomas Bryant,1628418,11,33.0,8.0,1.0,0.375
2022-23,Thomas Bryant,1628418,12,21.0,12.0,0.0,0.625
2022-23,Thomas Bryant,1628418,22,33.0,31.0,1.0,0.8
2022-23,Tim Hardaway Jr.,203501,-21,20.5,10.0,0.5,0.3685
2022-23,Tim Hardaway Jr.,203501,-19,38.0,22.0,1.0,0.471
2022-23,Tim Hardaway Jr.,203501,-18,39.0,16.0,0.0,0.545
2022-23,Tim Hardaway Jr.,203501,-17,33.0,10.0,1.0,0.27875
2022-23,Tim Hardaway Jr.,203501,-15,26.5,3.5,1.0,0.225
2022-23,Tim Hardaway Jr.,203501,-14,20.0,6.0,0.0,0.25
2022-23,Tim Hardaway Jr.,203501,-11,22.0,0.0,3.0,0.0
2022-23,Tim Hardaway Jr.,203501,-9,29.0,8.0,1.0,0.3
2022-23,Tim Hardaway Jr.,203501,-8,33.0,28.0,3.0,0.385
2022-23,Tim Hardaway Jr.,203501,-7,28.0,16.0,1.0,0.417
2022-23,Tim Hardaway Jr.,203501,-6,30.333333333333332,8.0,2.6666666666666665,0.23633333333333337
2022-23,Tim Hardaway Jr.,203501,-3,30.666666666666668,8.0,2.0,0.23333333333333336
2022-23,Tim Hardaway Jr.,203501,-2,29.0,14.25,1.75,0.34550000000000003
2022-23,Tim Hardaway Jr.,203501,-1,34.5,14.5,2.0,0.41300000000000003
2022-23,Tim Hardaway Jr.,203501,0,37.5,23.5,1.5,0.456
2022-23,Tim Hardaway Jr.,203501,1,27.0,17.0,1.5,0.55
2022-23,Tim Hardaway Jr.,203501,2,28.0,8.0,0.0,0.333
2022-23,Tim Hardaway Jr.,203501,3,22.0,8.0,1.0,0.286
2022-23,Tim Hardaway Jr.,203501,4,36.333333333333336,18.666666666666668,1.3333333333333333,0.5056666666666666
2022-23,Tim Hardaway Jr.,203501,6,22.0,2.0,2.0,0.143
2022-23,Tim Hardaway Jr.,203501,7,38.5,15.5,3.0,0.5035000000000001
2022-23,Tim Hardaway Jr.,203501,8,31.4,13.2,3.2,0.311
2022-23,Tim Hardaway Jr.,203501,9,28.333333333333332,19.666666666666668,2.3333333333333335,0.45533333333333337
2022-23,Tim Hardaway Jr.,203501,10,36.666666666666664,24.0,4.333333333333333,0.539
2022-23,Tim Hardaway Jr.,203501,11,37.0,21.0,1.0,0.538
2022-23,Tim Hardaway Jr.,203501,15,29.0,20.0,0.0,0.375
2022-23,Tim Hardaway Jr.,203501,16,48.0,22.0,0.0,0.429
2022-23,Tim Hardaway Jr.,203501,17,34.0,19.5,2.5,0.512
2022-23,Tim Hardaway Jr.,203501,18,25.333333333333332,17.333333333333332,2.0,0.5943333333333333
2022-23,Tim Hardaway Jr.,203501,19,30.5,20.0,1.5,0.639
2022-23,Tim Hardaway Jr.,203501,21,38.0,26.0,1.0,0.526
2022-23,Tim Hardaway Jr.,203501,23,28.75,19.5,2.25,0.42674999999999996
2022-23,Tim Hardaway Jr.,203501,25,26.0,8.0,2.0,0.1
2022-23,Tobias Harris,202699,-26,23.0,3.0,3.0,0.0
2022-23,Tobias Harris,202699,-22,29.0,9.0,2.5,0.47000000000000003
2022-23,Tobias Harris,202699,-16,28.0,16.0,2.0,0.5
2022-23,Tobias Harris,202699,-13,33.0,12.0,3.0,0.333
2022-23,Tobias Harris,202699,-12,32.5,14.0,2.0,0.475
2022-23,Tobias Harris,202699,-11,32.0,10.5,1.0,0.3335
2022-23,Tobias Harris,202699,-10,34.0,13.0,3.0,0.333
2022-23,Tobias Harris,202699,-9,32.0,13.0,1.0,0.385
2022-23,Tobias Harris,202699,-7,37.5,17.75,2.25,0.5785
2022-23,Tobias Harris,202699,-6,36.0,17.0,1.0,0.49750000000000005
2022-23,Tobias Harris,202699,-5,36.0,8.0,2.0,0.4
2022-23,Tobias Harris,202699,-4,23.0,11.0,2.0,0.5
2022-23,Tobias Harris,202699,-3,25.0,17.0,6.0,0.538
2022-23,Tobias Harris,202699,-2,35.333333333333336,18.333333333333332,3.3333333333333335,0.5703333333333334
2022-23,Tobias Harris,202699,-1,32.5,11.5,0.5,0.45
2022-23,Tobias Harris,202699,0,31.0,15.0,2.25,0.50575
2022-23,Tobias Harris,202699,1,37.5,22.0,2.0,0.6665
2022-23,Tobias Harris,202699,2,35.666666666666664,8.666666666666666,1.6666666666666667,0.35200000000000004
2022-23,Tobias Harris,202699,3,34.0,14.666666666666666,3.3333333333333335,0.6
2022-23,Tobias Harris,202699,4,38.0,14.0,3.0,0.417
2022-23,Tobias Harris,202699,5,36.333333333333336,21.666666666666668,4.333333333333333,0.4676666666666667
2022-23,Tobias Harris,202699,6,34.0,2.0,1.0,0.25
2022-23,Tobias Harris,202699,7,37.0,16.0,1.0,0.6165
2022-23,Tobias Harris,202699,8,33.5,16.75,2.25,0.5305
2022-23,Tobias Harris,202699,9,30.0,6.5,2.5,0.4105
2022-23,Tobias Harris,202699,10,29.5,15.5,3.0,0.5155000000000001
2022-23,Tobias Harris,202699,11,31.0,15.0,3.0,0.538
2022-23,Tobias Harris,202699,12,30.5,16.25,1.75,0.49824999999999997
2022-23,Tobias Harris,202699,14,29.5,13.0,2.0,0.4165
2022-23,Tobias Harris,202699,15,41.0,14.0,4.0,0.455
2022-23,Tobias Harris,202699,16,30.5,15.0,2.5,0.5455
2022-23,Tobias Harris,202699,17,31.5,12.0,1.5,0.4345
2022-23,Tobias Harris,202699,18,37.0,19.0,1.0,0.667
2022-23,Tobias Harris,202699,19,32.0,24.0,4.0,0.75
2022-23,Tobias Harris,202699,20,28.0,18.0,2.5,0.6695
2022-23,Tobias Harris,202699,21,31.5,22.0,6.5,0.5585
2022-23,Tobias Harris,202699,26,33.0,10.0,4.0,0.25
2022-23,Tobias Harris,202699,40,29.5,17.0,5.5,0.778
2022-23,Torrey Craig,1628470,-36,23.0,11.0,1.0,0.556
2022-23,Torrey Craig,1628470,-30,25.0,4.0,1.0,0.286
2022-23,Torrey Craig,1628470,-23,23.0,16.0,0.0,1.0
2022-23,Torrey Craig,1628470,-21,30.0,13.0,1.0,0.556
2022-23,Torrey Craig,1628470,-19,28.666666666666668,7.333333333333333,1.3333333333333333,0.46799999999999997
2022-23,Torrey Craig,1628470,-15,35.0,13.0,2.0,0.625
2022-23,Torrey Craig,1628470,-14,25.333333333333332,3.6666666666666665,0.3333333333333333,0.262
2022-23,Torrey Craig,1628470,-13,30.0,14.0,3.0,0.556
2022-23,Torrey Craig,1628470,-12,31.0,10.0,0.5,0.4165
2022-23,Torrey Craig,1628470,-11,29.0,7.0,2.0,0.222
2022-23,Torrey Craig,1628470,-10,26.0,14.0,1.0,0.5
2022-23,Torrey Craig,1628470,-8,29.0,11.5,2.5,0.44299999999999995
2022-23,Torrey Craig,1628470,-7,30.333333333333332,12.333333333333334,2.0,0.5223333333333334
2022-23,Torrey Craig,1628470,-6,26.0,6.0,1.0,0.4
2022-23,Torrey Craig,1628470,-5,22.5,3.5,2.0,0.25
2022-23,Torrey Craig,1628470,-4,24.5,5.5,3.0,0.286
2022-23,Torrey Craig,1628470,-3,25.666666666666668,2.3333333333333335,1.6666666666666667,0.16666666666666666
2022-23,Torrey Craig,1628470,-2,25.333333333333332,7.666666666666667,1.3333333333333333,0.3453333333333333
2022-23,Torrey Craig,1628470,-1,28.0,6.5,2.5,0.35
2022-23,Torrey Craig,1628470,0,27.2,10.6,1.0,0.5126000000000001
2022-23,Torrey Craig,1628470,1,24.5,8.5,2.0,0.4645
2022-23,Torrey Craig,1628470,2,25.5,6.5,0.5,0.4165
2022-23,Torrey Craig,1628470,3,22.0,4.0,1.0,0.667
2022-23,Torrey Craig,1628470,4,28.0,5.0,2.5,0.3145
2022-23,Torrey Craig,1628470,5,28.0,2.0,1.0,0.25
2022-23,Torrey Craig,1628470,6,33.0,2.0,1.0,0.143
2022-23,Torrey Craig,1628470,7,30.0,6.0,3.0,0.333
2022-23,Torrey Craig,1628470,8,25.0,8.0,3.0,0.479
2022-23,Torrey Craig,1628470,9,30.0,13.0,2.0,0.469
2022-23,Torrey Craig,1628470,10,25.0,6.5,1.5,0.3125
2022-23,Torrey Craig,1628470,12,25.0,8.5,1.0,0.5
2022-23,Torrey Craig,1628470,13,31.0,17.0,4.0,0.857
2022-23,Torrey Craig,1628470,22,21.0,5.0,4.0,0.4
2022-23,Torrey Craig,1628470,23,35.0,11.0,3.0,0.714
2022-23,Torrey Craig,1628470,26,21.0,3.0,2.0,0.333
2022-23,Torrey Craig,1628470,28,24.0,15.0,3.0,0.778
2022-23,Trae Young,1629027,-33,32.0,10.0,6.0,0.25
2022-23,Trae Young,1629027,-29,32.0,14.0,10.0,0.231
2022-23,Trae Young,1629027,-26,30.0,19.0,6.0,0.45
2022-23,Trae Young,1629027,-19,35.0,25.0,10.0,0.455
2022-23,Trae Young,1629027,-17,38.0,19.0,16.0,0.4
2022-23,Trae Young,1629027,-15,34.0,22.0,10.0,0.333
2022-23,Trae Young,1629027,-14,29.0,9.0,6.0,0.267
2022-23,Trae Young,1629027,-13,33.5,26.5,10.0,0.354
2022-23,Trae Young,1629027,-11,35.0,28.0,10.5,0.40800000000000003
2022-23,Trae Young,1629027,-10,31.5,31.0,11.0,0.4395
2022-23,Trae Young,1629027,-9,35.0,26.333333333333332,8.666666666666666,0.39566666666666667
2022-23,Trae Young,1629027,-8,32.333333333333336,25.0,8.666666666666666,0.444
2022-23,Trae Young,1629027,-7,34.0,18.0,10.0,0.429
2022-23,Trae Young,1629027,-6,37.25,34.75,8.25,0.4125
2022-23,Trae Young,1629027,-5,35.5,27.5,10.5,0.472
2022-23,Trae Young,1629027,-4,33.0,41.0,7.0,0.6
2022-23,Trae Young,1629027,-1,33.0,16.5,12.0,0.2715
2022-23,Trae Young,1629027,0,34.0,25.666666666666668,10.666666666666666,0.5723333333333334
2022-23,Trae Young,1629027,1,35.0,24.0,8.0,0.462
2022-23,Trae Young,1629027,2,36.666666666666664,29.333333333333332,9.666666666666666,0.375
2022-23,Trae Young,1629027,3,33.0,31.0,9.0,0.444
2022-23,Trae Young,1629027,4,34.0,30.666666666666668,9.333333333333334,0.5
2022-23,Trae Young,1629027,5,37.0,25.0,13.0,0.292
2022-23,Trae Young,1629027,6,34.0,21.0,9.5,0.5105
2022-23,Trae Young,1629027,7,37.5,22.0,10.5,0.4035
2022-23,Trae Young,1629027,8,37.666666666666664,23.666666666666668,11.0,0.36633333333333334
2022-23,Trae Young,1629027,10,37.333333333333336,27.666666666666668,11.666666666666666,0.4323333333333333
2022-23,Trae Young,1629027,11,35.666666666666664,30.0,8.666666666666666,0.5096666666666666
2022-23,Trae Young,1629027,12,30.0,36.0,12.0,0.6
2022-23,Trae Young,1629027,13,34.666666666666664,28.333333333333332,11.666666666666666,0.47433333333333333
2022-23,Trae Young,1629027,15,37.5,32.5,10.5,0.5425
2022-23,Trae Young,1629027,16,34.0,27.666666666666668,9.666666666666666,0.365
2022-23,Trae Young,1629027,17,29.0,21.5,10.0,0.45899999999999996
2022-23,Trae Young,1629027,20,36.0,26.0,11.0,0.375
2022-23,Trae Young,1629027,21,27.0,20.0,12.0,0.471
2022-23,Trae Young,1629027,24,34.0,27.0,15.5,0.498
2022-23,Trae Young,1629027,25,29.0,23.0,11.0,0.429
2022-23,Trae Young,1629027,28,30.0,30.0,12.0,0.368
2022-23,Tre Jones,1630200,-27,30.0,21.0,5.0,0.636
2022-23,Tre Jones,1630200,-26,26.0,11.0,4.0,0.444
2022-23,Tre Jones,1630200,-23,21.0,7.0,7.0,0.333
2022-23,Tre Jones,1630200,-22,29.0,10.0,3.0,0.455
2022-23,Tre Jones,1630200,-20,22.0,6.0,7.0,0.375
2022-23,Tre Jones,1630200,-19,32.0,13.0,5.0,0.545
2022-23,Tre Jones,1630200,-18,28.666666666666668,10.666666666666666,5.666666666666667,0.37933333333333336
2022-23,Tre Jones,1630200,-17,26.0,11.25,6.5,0.465
2022-23,Tre Jones,1630200,-16,28.666666666666668,13.333333333333334,5.666666666666667,0.5
2022-23,Tre Jones,1630200,-14,27.666666666666668,14.0,6.0,0.4306666666666667
2022-23,Tre Jones,1630200,-13,28.5,7.5,7.5,0.1625
2022-23,Tre Jones,1630200,-12,27.0,7.0,4.0,0.3
2022-23,Tre Jones,1630200,-11,28.0,13.5,2.5,0.4375
2022-23,Tre Jones,1630200,-10,34.5,17.0,6.0,0.519
2022-23,Tre Jones,1630200,-9,28.5,15.5,6.0,0.49650000000000005
2022-23,Tre Jones,1630200,-8,32.0,15.0,5.0,0.429
2022-23,Tre Jones,1630200,-7,26.0,16.0,8.0,0.7
2022-23,Tre Jones,1630200,-6,33.0,20.0,9.0,0.692
2022-23,Tre Jones,1630200,-5,29.0,7.666666666666667,9.0,0.3546666666666667
2022-23,Tre Jones,1630200,-4,30.25,14.0,6.5,0.43875000000000003
2022-23,Tre Jones,1630200,-3,31.166666666666668,15.166666666666666,7.0,0.5011666666666666
2022-23,Tre Jones,1630200,-1,33.5,14.0,7.5,0.404
2022-23,Tre Jones,1630200,0,30.5,22.5,4.0,0.604
2022-23,Tre Jones,1630200,1,22.0,13.0,8.0,0.667
2022-23,Tre Jones,1630200,2,23.0,8.0,5.5,0.28350000000000003
2022-23,Tre Jones,1630200,6,33.0,10.0,6.0,0.20850000000000002
2022-23,Tre Jones,1630200,7,28.0,13.5,9.0,0.6115
2022-23,Tre Jones,1630200,8,29.0,12.666666666666666,8.0,0.5086666666666667
2022-23,Tre Jones,1630200,10,28.0,10.5,8.0,0.3425
2022-23,Tre Jones,1630200,11,32.0,25.0,3.0,0.611
2022-23,Tre Jones,1630200,12,35.0,23.0,13.0,0.692
2022-23,Tre Jones,1630200,14,22.0,2.0,10.0,0.167
2022-23,Tre Jones,1630200,15,33.0,13.0,5.0,0.286
2022-23,Tre Jones,1630200,21,25.0,14.0,8.0,0.714
2022-23,Tre Jones,1630200,23,32.0,11.0,8.0,0.375
2022-23,Tre Jones,1630200,24,33.0,17.0,11.0,0.636
2022-23,Tre Mann,1630544,-22,23.0,12.0,0.0,0.444
2022-23,Tre Mann,1630544,-14,26.0,4.0,3.0,0.222
2022-23,Tre Mann,1630544,-10,25.0,18.0,1.0,0.471
2022-23,Tre Mann,1630544,-6,22.0,10.0,2.5,0.41450000000000004
2022-23,Tre Mann,1630544,-5,23.0,12.0,2.0,0.364
2022-23,Tre Mann,1630544,-3,27.0,10.0,3.0,0.417
2022-23,Tre Mann,1630544,-2,23.666666666666668,9.0,4.0,0.296
2022-23,Tre Mann,1630544,0,21.0,6.5,4.5,0.30000000000000004
2022-23,Tre Mann,1630544,4,26.75,15.75,1.75,0.43975000000000003
2022-23,Tre Mann,1630544,5,20.0,9.0,3.0,0.375
2022-23,Tre Mann,1630544,6,22.0,9.0,1.0,0.4
2022-23,Tre Mann,1630544,9,27.0,13.0,1.0,0.385
2022-23,Tre Mann,1630544,10,24.0,2.0,0.0,0.091
2022-23,Tre Mann,1630544,13,34.0,18.0,6.333333333333333,0.49099999999999994
2022-23,Tre Mann,1630544,14,29.0,19.5,3.5,0.417
2022-23,Tre Mann,1630544,21,26.0,13.0,3.0,0.5
2022-23,Tre Mann,1630544,31,32.0,21.0,3.0,0.727
2022-23,Trendon Watford,1630570,-22,22.0,8.0,2.0,0.5
2022-23,Trendon Watford,1630570,-18,27.0,15.0,3.0,0.5
2022-23,Trendon Watford,1630570,-14,30.0,10.0,1.0,0.667
2022-23,Trendon Watford,1630570,-13,22.0,2.0,7.0,0.25
2022-23,Trendon Watford,1630570,-11,34.0,10.0,8.0,0.571
2022-23,Trendon Watford,1630570,-7,23.5,7.0,1.0,0.5
2022-23,Trendon Watford,1630570,-6,31.0,10.0,3.5,0.479
2022-23,Trendon Watford,1630570,-5,24.5,11.5,2.5,0.8285
2022-23,Trendon Watford,1630570,-4,26.0,24.0,3.0,0.667
2022-23,Trendon Watford,1630570,-3,25.0,6.0,2.0,0.75
2022-23,Trendon Watford,1630570,-2,27.5,5.0,5.0,0.45199999999999996
2022-23,Trendon Watford,1630570,-1,30.0,10.0,2.5,0.5635
2022-23,Trendon Watford,1630570,0,28.0,6.0,1.5,0.75
2022-23,Trendon Watford,1630570,2,25.0,12.0,0.0,0.357
2022-23,Trendon Watford,1630570,6,22.5,10.5,4.0,0.479
2022-23,Trendon Watford,1630570,7,34.0,21.0,5.0,0.563
2022-23,Trendon Watford,1630570,9,23.0,6.0,2.0,0.667
2022-23,Trendon Watford,1630570,11,22.0,7.0,1.0,0.5
2022-23,Trendon Watford,1630570,16,25.0,8.0,6.0,0.75
2022-23,Trendon Watford,1630570,19,29.0,21.0,5.0,0.75
2022-23,Trent Forrest,1630235,-27,29.0,4.0,4.0,0.222
2022-23,Trent Forrest,1630235,-6,28.0,11.0,3.0,0.714
2022-23,Trent Forrest,1630235,0,33.0,7.0,2.0,0.5
2022-23,Trent Forrest,1630235,4,28.0,6.0,5.0,0.75
2022-23,Trevelin Queen,1630243,12,23.0,13.0,1.0,0.455
2022-23,Trey Lyles,1626168,-14,22.0,6.0,5.0,0.2
2022-23,Trey Lyles,1626168,-9,25.0,3.0,2.0,0.167
2022-23,Trey Lyles,1626168,-6,20.0,11.0,1.0,0.5854999999999999
2022-23,Trey Lyles,1626168,-5,20.0,7.0,1.0,0.333
2022-23,Trey Lyles,1626168,-4,24.0,11.0,1.0,0.4
2022-23,Trey Lyles,1626168,-2,22.0,13.5,0.5,0.75
2022-23,Trey Lyles,1626168,0,24.0,16.0,0.0,0.571
2022-23,Trey Lyles,1626168,3,20.0,5.0,0.0,0.667
2022-23,Trey Lyles,1626168,4,25.0,16.0,3.0,0.625
2022-23,Trey Lyles,1626168,6,23.5,5.5,2.0,0.22649999999999998
2022-23,Trey Lyles,1626168,8,22.0,14.0,1.0,1.0
2022-23,Trey Lyles,1626168,10,25.0,12.5,1.5,0.55
2022-23,Trey Lyles,1626168,11,21.0,6.0,3.0,0.25
2022-23,Trey Lyles,1626168,13,24.0,5.0,4.0,0.667
2022-23,Trey Lyles,1626168,14,25.0,14.0,3.0,0.714
2022-23,Trey Lyles,1626168,15,20.0,20.0,0.0,0.75
2022-23,Trey Lyles,1626168,16,21.0,13.0,1.0,0.5
2022-23,Trey Lyles,1626168,20,20.0,7.0,2.0,0.5
2022-23,Trey Lyles,1626168,23,30.0,13.0,2.0,0.667
2022-23,Trey Lyles,1626168,25,25.0,24.0,0.0,0.727
2022-23,Trey Lyles,1626168,34,21.0,8.0,0.0,0.222
2022-23,Trey Murphy III,1630530,-29,36.0,16.0,2.0,0.545
2022-23,Trey Murphy III,1630530,-24,37.0,20.0,1.0,0.5
2022-23,Trey Murphy III,1630530,-21,28.0,5.0,3.0,0.222
2022-23,Trey Murphy III,1630530,-18,38.0,19.5,2.5,0.7225
2022-23,Trey Murphy III,1630530,-17,26.0,21.0,1.0,0.5
2022-23,Trey Murphy III,1630530,-16,33.0,17.0,2.0,0.5
2022-23,Trey Murphy III,1630530,-15,20.0,2.0,0.0,0.0
2022-23,Trey Murphy III,1630530,-14,25.5,5.5,2.0,0.222
2022-23,Trey Murphy III,1630530,-13,23.0,15.0,0.0,0.714
2022-23,Trey Murphy III,1630530,-11,33.6,14.8,0.6,0.529
2022-23,Trey Murphy III,1630530,-10,38.0,18.5,2.0,0.5725
2022-23,Trey Murphy III,1630530,-9,27.333333333333332,12.0,1.0,0.4666666666666666
2022-23,Trey Murphy III,1630530,-7,29.5,14.75,1.75,0.57575
2022-23,Trey Murphy III,1630530,-5,27.0,10.0,1.0,0.312
2022-23,Trey Murphy III,1630530,-4,33.0,12.666666666666666,1.6666666666666667,0.452
2022-23,Trey Murphy III,1630530,-3,25.5,5.0,1.0,0.3145
2022-23,Trey Murphy III,1630530,-2,33.0,9.0,2.0,0.375
2022-23,Trey Murphy III,1630530,0,26.0,8.5,2.0,0.35050000000000003
2022-23,Trey Murphy III,1630530,1,32.0,16.0,0.6666666666666666,0.6283333333333333
2022-23,Trey Murphy III,1630530,2,33.0,9.0,2.0,0.5
2022-23,Trey Murphy III,1630530,3,39.0,21.5,2.5,0.472
2022-23,Trey Murphy III,1630530,4,23.0,16.0,2.0,0.714
2022-23,Trey Murphy III,1630530,5,31.0,8.0,0.0,0.333
2022-23,Trey Murphy III,1630530,6,39.0,23.0,1.0,0.615
2022-23,Trey Murphy III,1630530,7,27.0,15.0,1.0,0.625
2022-23,Trey Murphy III,1630530,8,30.8,16.8,1.4,0.5122
2022-23,Trey Murphy III,1630530,9,31.666666666666668,14.0,1.0,0.4326666666666667
2022-23,Trey Murphy III,1630530,10,31.0,18.75,1.75,0.55125
2022-23,Trey Murphy III,1630530,11,30.0,17.0,0.0,0.5
2022-23,Trey Murphy III,1630530,13,31.0,12.0,1.0,0.273
2022-23,Trey Murphy III,1630530,14,39.0,16.0,1.0,0.545
2022-23,Trey Murphy III,1630530,16,31.0,9.0,3.0,0.3
2022-23,Trey Murphy III,1630530,17,24.0,19.0,1.0,0.778
2022-23,Trey Murphy III,1630530,18,27.0,10.0,4.0,0.429
2022-23,Trey Murphy III,1630530,19,37.0,22.5,1.5,0.575
2022-23,Trey Murphy III,1630530,21,37.0,20.5,1.0,0.423
2022-23,Trey Murphy III,1630530,26,39.0,23.0,2.5,0.4165
2022-23,Trey Murphy III,1630530,34,35.0,30.0,2.0,0.818
2022-23,Trey Murphy III,1630530,44,29.0,41.0,1.0,0.65
2022-23,Troy Brown Jr.,1628972,-14,22.75,4.75,0.5,0.42750000000000005
2022-23,Troy Brown Jr.,1628972,-13,29.0,8.0,1.6666666666666667,0.45766666666666667
2022-23,Troy Brown Jr.,1628972,-10,23.5,7.0,0.0,0.65
2022-23,Troy Brown Jr.,1628972,-9,29.5,8.5,2.25,0.3365
2022-23,Troy Brown Jr.,1628972,-8,29.0,12.0,1.0,0.4585
2022-23,Troy Brown Jr.,1628972,-7,24.0,3.3333333333333335,0.3333333333333333,0.20833333333333334
2022-23,Troy Brown Jr.,1628972,-6,22.5,4.0,0.5,0.3
2022-23,Troy Brown Jr.,1628972,-4,22.0,4.0,3.0,0.5
2022-23,Troy Brown Jr.,1628972,-3,26.0,5.0,1.25,0.325
2022-23,Troy Brown Jr.,1628972,-2,20.0,13.0,2.0,0.556
2022-23,Troy Brown Jr.,1628972,-1,31.0,14.0,0.0,0.6
2022-23,Troy Brown Jr.,1628972,0,27.0,9.0,0.6666666666666666,0.5473333333333333
2022-23,Troy Brown Jr.,1628972,1,25.0,8.0,2.0,0.6
2022-23,Troy Brown Jr.,1628972,2,27.5,6.75,1.5,0.302
2022-23,Troy Brown Jr.,1628972,3,25.285714285714285,10.142857142857142,1.8571428571428572,0.5112857142857142
2022-23,Troy Brown Jr.,1628972,4,36.0,13.0,0.0,0.455
2022-23,Troy Brown Jr.,1628972,5,33.0,19.0,4.0,0.7
2022-23,Troy Brown Jr.,1628972,6,23.5,10.0,1.0,0.4855
2022-23,Troy Brown Jr.,1628972,7,34.0,12.0,2.0,0.5
2022-23,Troy Brown Jr.,1628972,8,25.0,7.0,2.0,1.0
2022-23,Troy Brown Jr.,1628972,9,22.0,9.0,1.0,0.667
2022-23,Troy Brown Jr.,1628972,10,32.0,8.0,2.0,0.375
2022-23,Troy Brown Jr.,1628972,11,26.0,7.333333333333333,2.3333333333333335,0.48133333333333334
2022-23,Troy Brown Jr.,1628972,12,30.0,2.0,0.0,0.333
2022-23,Troy Brown Jr.,1628972,16,25.0,5.0,0.0,0.333
2022-23,Troy Brown Jr.,1628972,19,28.0,8.0,5.0,0.6
2022-23,Troy Brown Jr.,1628972,20,33.0,13.0,2.0,0.4
2022-23,Troy Brown Jr.,1628972,22,35.0,9.0,1.0,0.571
2022-23,Ty Jerome,1629660,-26,26.0,7.0,3.0,0.5
2022-23,Ty Jerome,1629660,-14,26.0,14.0,7.0,0.556
2022-23,Ty Jerome,1629660,-11,20.0,9.0,4.0,0.4
2022-23,Ty Jerome,1629660,-10,23.0,11.0,3.0,0.75
2022-23,Ty Jerome,1629660,-8,23.0,4.0,2.0,0.333
2022-23,Ty Jerome,1629660,-7,30.0,19.0,4.0,0.558
2022-23,Ty Jerome,1629660,-4,21.0,2.0,4.0,0.2
2022-23,Ty Jerome,1629660,-3,21.0,3.5,4.5,0.21100000000000002
2022-23,Ty Jerome,1629660,-2,26.0,18.0,3.0,0.636
2022-23,Ty Jerome,1629660,0,24.0,11.0,3.0,0.714
2022-23,Ty Jerome,1629660,1,23.0,9.0,3.0,0.4
2022-23,Ty Jerome,1629660,2,21.0,3.0,2.0,0.167
2022-23,Ty Jerome,1629660,3,41.0,22.0,8.0,0.692
2022-23,Ty Jerome,1629660,6,24.0,9.0,3.0,0.571
2022-23,Ty Jerome,1629660,7,29.0,17.0,2.0,0.5
2022-23,Ty Jerome,1629660,23,22.0,14.0,1.0,0.667
2022-23,TyTy Washington Jr.,1631102,-15,25.0,20.0,2.0,0.563
2022-23,TyTy Washington Jr.,1631102,-11,20.0,4.0,3.0,0.4
2022-23,TyTy Washington Jr.,1631102,-4,29.5,11.0,4.0,0.4
2022-23,TyTy Washington Jr.,1631102,-3,20.0,10.0,3.0,0.4
2022-23,TyTy Washington Jr.,1631102,2,26.5,11.5,2.0,0.5085
2022-23,TyTy Washington Jr.,1631102,3,28.0,10.0,3.0,0.4
2022-23,TyTy Washington Jr.,1631102,10,22.0,6.0,6.0,0.286
2022-23,Tyler Herro,1629639,-21,33.0,23.0,3.0,0.563
2022-23,Tyler Herro,1629639,-20,42.0,19.0,7.0,0.438
2022-23,Tyler Herro,1629639,-18,34.0,23.0,1.0,0.533
2022-23,Tyler Herro,1629639,-16,28.0,14.0,1.0,0.333
2022-23,Tyler Herro,1629639,-12,39.0,22.0,4.0,0.444
2022-23,Tyler Herro,1629639,-10,33.75,17.5,5.0,0.399
2022-23,Tyler Herro,1629639,-9,34.0,20.5,4.5,0.5
2022-23,Tyler Herro,1629639,-8,33.666666666666664,19.0,4.333333333333333,0.37166666666666665
2022-23,Tyler Herro,1629639,-7,36.0,33.0,6.0,0.619
2022-23,Tyler Herro,1629639,-6,34.333333333333336,23.0,4.666666666666667,0.49733333333333335
2022-23,Tyler Herro,1629639,-4,32.5,21.5,4.5,0.5365
2022-23,Tyler Herro,1629639,-3,35.0,18.5,6.5,0.434
2022-23,Tyler Herro,1629639,-2,36.0,29.0,5.5,0.45
2022-23,Tyler Herro,1629639,-1,36.0,17.666666666666668,3.0,0.38199999999999995
2022-23,Tyler Herro,1629639,0,30.5,24.5,4.0,0.511
2022-23,Tyler Herro,1629639,1,37.5,19.0,3.5,0.4275
2022-23,Tyler Herro,1629639,3,34.0,8.0,2.0,0.231
2022-23,Tyler Herro,1629639,5,34.333333333333336,22.333333333333332,3.0,0.434
2022-23,Tyler Herro,1629639,6,36.666666666666664,19.666666666666668,2.6666666666666665,0.436
2022-23,Tyler Herro,1629639,7,37.4,23.0,4.4,0.46159999999999995
2022-23,Tyler Herro,1629639,8,39.666666666666664,20.0,5.0,0.3706666666666667
2022-23,Tyler Herro,1629639,10,32.5,16.0,3.0,0.349
2022-23,Tyler Herro,1629639,11,37.0,24.25,4.5,0.403
2022-23,Tyler Herro,1629639,13,31.5,14.5,3.5,0.3725
2022-23,Tyler Herro,1629639,14,38.0,20.0,5.0,0.381
2022-23,Tyler Herro,1629639,15,35.0,25.0,3.0,0.607
2022-23,Tyler Herro,1629639,16,36.5,13.5,4.5,0.313
2022-23,Tyler Herro,1629639,17,24.0,14.0,7.0,0.462
2022-23,Tyler Herro,1629639,18,37.0,18.0,2.0,0.438
2022-23,Tyler Herro,1629639,19,34.0,27.5,6.5,0.481
2022-23,Tyler Herro,1629639,23,39.0,23.0,3.0,0.467
2022-23,Tyler Herro,1629639,29,36.0,18.0,9.0,0.353
2022-23,Tyrese Haliburton,1630169,-30,31.0,15.0,11.0,0.5
2022-23,Tyrese Haliburton,1630169,-24,25.0,9.0,10.0,0.308
2022-23,Tyrese Haliburton,1630169,-21,25.0,18.0,5.0,0.778
2022-23,Tyrese Haliburton,1630169,-19,33.0,11.0,10.0,0.30000000000000004
2022-23,Tyrese Haliburton,1630169,-17,35.0,21.0,7.0,0.5
2022-23,Tyrese Haliburton,1630169,-15,27.5,17.5,8.0,0.519
2022-23,Tyrese Haliburton,1630169,-12,33.0,19.0,8.333333333333334,0.492
2022-23,Tyrese Haliburton,1630169,-10,27.0,27.0,12.0,0.5
2022-23,Tyrese Haliburton,1630169,-9,33.5,13.0,10.5,0.375
2022-23,Tyrese Haliburton,1630169,-8,31.0,19.0,10.0,0.636
2022-23,Tyrese Haliburton,1630169,-7,33.0,24.0,12.0,0.5925
2022-23,Tyrese Haliburton,1630169,-5,35.0,26.0,7.0,0.556
2022-23,Tyrese Haliburton,1630169,-3,34.5,23.0,7.0,0.5820000000000001
2022-23,Tyrese Haliburton,1630169,-2,36.0,23.0,8.5,0.4645
2022-23,Tyrese Haliburton,1630169,-1,32.5,24.0,7.0,0.48350000000000004
2022-23,Tyrese Haliburton,1630169,0,35.0,20.0,11.5,0.4525
2022-23,Tyrese Haliburton,1630169,1,33.333333333333336,29.0,10.0,0.47933333333333333
2022-23,Tyrese Haliburton,1630169,2,34.75,18.5,12.0,0.414
2022-23,Tyrese Haliburton,1630169,3,33.5,20.0,11.5,0.5075000000000001
2022-23,Tyrese Haliburton,1630169,4,35.0,32.5,10.5,0.6315
2022-23,Tyrese Haliburton,1630169,5,34.0,18.333333333333332,11.333333333333334,0.4143333333333334
2022-23,Tyrese Haliburton,1630169,6,33.0,26.0,8.0,0.438
2022-23,Tyrese Haliburton,1630169,7,34.0,20.0,11.666666666666666,0.37733333333333335
2022-23,Tyrese Haliburton,1630169,9,35.5,22.5,12.5,0.5715
2022-23,Tyrese Haliburton,1630169,10,30.0,23.0,7.0,0.563
2022-23,Tyrese Haliburton,1630169,11,32.0,22.0,11.0,0.6
2022-23,Tyrese Haliburton,1630169,12,35.333333333333336,26.666666666666668,12.0,0.5773333333333334
2022-23,Tyrese Haliburton,1630169,13,27.0,18.0,14.0,0.583
2022-23,Tyrese Haliburton,1630169,14,38.0,29.0,19.0,0.45
2022-23,Tyrese Haliburton,1630169,15,33.0,15.0,14.0,0.556
2022-23,Tyrese Haliburton,1630169,18,34.0,10.0,9.0,0.333
2022-23,Tyrese Haliburton,1630169,26,39.0,8.0,15.0,0.214
2022-23,Tyrese Maxey,1630178,-23,23.0,12.0,0.0,0.5
2022-23,Tyrese Maxey,1630178,-17,32.5,14.5,3.5,0.441
2022-23,Tyrese Maxey,1630178,-13,34.0,29.0,2.0,0.6
2022-23,Tyrese Maxey,1630178,-11,32.0,16.5,4.0,0.42200000000000004
2022-23,Tyrese Maxey,1630178,-10,27.333333333333332,17.0,3.0,0.4283333333333333
2022-23,Tyrese Maxey,1630178,-9,34.0,26.0,4.0,0.5155
2022-23,Tyrese Maxey,1630178,-7,34.0,15.0,0.0,0.462
2022-23,Tyrese Maxey,1630178,-6,34.0,24.0,3.5,0.5355
2022-23,Tyrese Maxey,1630178,-4,31.2,23.2,4.4,0.5508
2022-23,Tyrese Maxey,1630178,-2,43.0,32.0,4.0,0.55
2022-23,Tyrese Maxey,1630178,-1,38.5,23.5,2.5,0.6194999999999999
2022-23,Tyrese Maxey,1630178,0,31.5,18.0,4.0,0.5625
2022-23,Tyrese Maxey,1630178,1,36.0,26.0,6.0,0.533
2022-23,Tyrese Maxey,1630178,2,32.333333333333336,19.666666666666668,3.3333333333333335,0.38799999999999996
2022-23,Tyrese Maxey,1630178,3,34.0,29.0,2.0,0.571
2022-23,Tyrese Maxey,1630178,4,37.0,8.0,3.0,0.273
2022-23,Tyrese Maxey,1630178,5,30.666666666666668,18.666666666666668,4.333333333333333,0.4216666666666667
2022-23,Tyrese Maxey,1630178,6,38.0,21.0,1.0,0.35
2022-23,Tyrese Maxey,1630178,7,28.0,8.0,1.0,0.333
2022-23,Tyrese Maxey,1630178,8,36.25,18.0,4.25,0.397
2022-23,Tyrese Maxey,1630178,9,38.5,16.0,4.0,0.32799999999999996
2022-23,Tyrese Maxey,1630178,11,37.0,27.0,7.0,0.588
2022-23,Tyrese Maxey,1630178,14,30.0,13.0,6.0,0.364
2022-23,Tyrese Maxey,1630178,15,35.5,24.5,5.0,0.5
2022-23,Tyrese Maxey,1630178,17,36.0,8.5,2.0,0.307
2022-23,Tyrese Maxey,1630178,19,33.0,23.0,2.0,0.444
2022-23,Tyrese Maxey,1630178,21,28.0,13.0,2.0,0.4
2022-23,Tyrese Maxey,1630178,23,27.0,22.0,2.0,0.583
2022-23,Tyrese Maxey,1630178,24,35.0,26.0,9.0,0.556
2022-23,Tyrese Maxey,1630178,26,30.0,27.0,5.0,0.563
2022-23,Tyrese Maxey,1630178,27,32.0,27.0,2.0,0.563
2022-23,Tyrese Maxey,1630178,28,34.0,26.0,6.0,0.625
2022-23,Tyrese Maxey,1630178,29,39.0,44.0,4.0,0.75
2022-23,Tyrese Maxey,1630178,31,23.0,16.0,2.0,0.545
2022-23,Tyrese Maxey,1630178,35,37.0,21.0,4.0,0.421
2022-23,Tyus Jones,1626145,-25,42.0,13.0,12.0,0.556
2022-23,Tyus Jones,1626145,-23,28.0,11.0,5.0,0.5
2022-23,Tyus Jones,1626145,-21,24.0,10.0,5.0,0.375
2022-23,Tyus Jones,1626145,-18,27.0,12.0,2.0,0.556
2022-23,Tyus Jones,1626145,-15,23.0,6.0,3.0,0.25
2022-23,Tyus Jones,1626145,-13,33.0,16.0,3.0,0.429
2022-23,Tyus Jones,1626145,-12,24.0,8.0,1.0,0.4
2022-23,Tyus Jones,1626145,-11,24.0,9.5,5.0,0.3205
2022-23,Tyus Jones,1626145,-10,21.0,2.0,5.0,0.0
2022-23,Tyus Jones,1626145,-9,32.0,23.0,10.0,0.667
2022-23,Tyus Jones,1626145,-8,29.0,13.0,1.0,0.5
2022-23,Tyus Jones,1626145,-7,24.333333333333332,11.666666666666666,6.666666666666667,0.4996666666666667
2022-23,Tyus Jones,1626145,-6,29.0,5.0,4.0,0.333
2022-23,Tyus Jones,1626145,-5,33.5,10.0,7.0,0.375
2022-23,Tyus Jones,1626145,-4,28.666666666666668,15.333333333333334,5.0,0.39366666666666666
2022-23,Tyus Jones,1626145,-3,29.0,10.0,4.0,0.4
2022-23,Tyus Jones,1626145,-2,33.0,14.0,2.0,0.357
2022-23,Tyus Jones,1626145,-1,25.666666666666668,7.0,6.0,0.2776666666666667
2022-23,Tyus Jones,1626145,1,23.0,13.0,5.0,0.571
2022-23,Tyus Jones,1626145,3,29.0,19.0,8.5,0.634
2022-23,Tyus Jones,1626145,4,20.0,5.0,4.0,0.286
2022-23,Tyus Jones,1626145,5,33.0,21.0,6.0,0.467
2022-23,Tyus Jones,1626145,6,32.5,11.0,5.0,0.472
2022-23,Tyus Jones,1626145,7,27.5,12.0,7.0,0.725
2022-23,Tyus Jones,1626145,8,36.0,28.0,10.0,0.625
2022-23,Tyus Jones,1626145,9,20.5,8.0,5.0,0.4665
2022-23,Tyus Jones,1626145,10,23.333333333333332,11.0,7.0,0.4146666666666667
2022-23,Tyus Jones,1626145,11,21.0,6.0,5.5,0.3145
2022-23,Tyus Jones,1626145,12,30.0,13.0,14.0,0.545
2022-23,Tyus Jones,1626145,14,33.5,21.0,7.0,0.5395
2022-23,Tyus Jones,1626145,15,23.0,11.0,9.0,0.5
2022-23,Tyus Jones,1626145,16,23.0,8.0,5.0,0.25
2022-23,Tyus Jones,1626145,18,22.5,10.5,5.5,0.4225
2022-23,Tyus Jones,1626145,19,42.0,20.0,10.0,0.467
2022-23,Tyus Jones,1626145,20,33.0,22.0,11.0,0.471
2022-23,Tyus Jones,1626145,21,25.0,22.0,11.0,0.571
2022-23,Udoka Azubuike,1628962,-20,26.0,12.0,1.0,1.0
2022-23,Udoka Azubuike,1628962,-15,21.0,9.0,0.0,0.571
2022-23,Udoka Azubuike,1628962,-14,25.0,12.0,0.0,0.75
2022-23,Udoka Azubuike,1628962,-8,23.0,12.0,1.0,1.0
2022-23,Udoka Azubuike,1628962,-6,20.0,2.0,0.0,1.0
2022-23,Udoka Azubuike,1628962,12,30.0,8.0,1.0,0.75
2022-23,Udonis Haslem,2617,1,24.0,24.0,0.0,0.529
2022-23,Usman Garuba,1630586,-16,24.0,7.0,1.0,0.5
2022-23,Usman Garuba,1630586,-12,25.0,6.0,2.0,0.667
2022-23,Usman Garuba,1630586,-8,22.0,3.0,1.0,0.25
2022-23,Usman Garuba,1630586,1,23.0,4.0,0.0,0.5
2022-23,Usman Garuba,1630586,12,20.0,2.0,3.0,1.0
2022-23,Usman Garuba,1630586,16,21.0,12.0,3.0,1.0
2022-23,Victor Oladipo,203506,-18,21.0,0.0,1.0,0.0
2022-23,Victor Oladipo,203506,-14,28.0,15.333333333333334,1.6666666666666667,0.457
2022-23,Victor Oladipo,203506,-13,21.0,9.0,0.0,0.5
2022-23,Victor Oladipo,203506,-12,23.0,11.0,3.0,0.571
2022-23,Victor Oladipo,203506,-10,34.0,7.0,10.0,0.375
2022-23,Victor Oladipo,203506,-9,23.75,5.75,2.75,0.26999999999999996
2022-23,Victor Oladipo,203506,-8,31.0,12.0,5.0,0.4
2022-23,Victor Oladipo,203506,-6,20.0,11.0,2.0,0.8
2022-23,Victor Oladipo,203506,-5,21.0,2.0,2.0,0.125
2022-23,Victor Oladipo,203506,-4,32.0,9.0,5.0,0.333
2022-23,Victor Oladipo,203506,-2,33.0,7.0,3.0,0.429
2022-23,Victor Oladipo,203506,0,29.5,9.0,4.5,0.238
2022-23,Victor Oladipo,203506,1,23.0,9.0,3.0,0.231
2022-23,Victor Oladipo,203506,2,33.5,22.5,3.0,0.569
2022-23,Victor Oladipo,203506,3,20.0,6.0,2.0,0.375
2022-23,Victor Oladipo,203506,4,30.666666666666668,12.333333333333334,5.0,0.33899999999999997
2022-23,Victor Oladipo,203506,7,25.5,11.5,3.0,0.487
2022-23,Victor Oladipo,203506,8,28.5,15.0,4.5,0.35
2022-23,Victor Oladipo,203506,10,28.0,15.0,6.5,0.5135
2022-23,Victor Oladipo,203506,13,25.0,7.0,4.0,0.5
2022-23,Victor Oladipo,203506,18,30.333333333333332,20.666666666666668,4.0,0.47633333333333333
2022-23,Vince Williams Jr.,1631246,-15,48.0,15.0,1.0,0.286
2022-23,Vit Krejci,1630249,-6,20.0,0.0,3.0,0.0
2022-23,Vlatko Cancar,1628427,-19,23.0,8.0,2.0,0.429
2022-23,Vlatko Cancar,1628427,-9,29.0,6.0,3.0,0.4
2022-23,Vlatko Cancar,1628427,-3,29.0,8.0,3.0,0.6
2022-23,Vlatko Cancar,1628427,-2,20.5,6.5,1.0,0.4165
2022-23,Vlatko Cancar,1628427,-1,28.0,10.0,6.0,0.667
2022-23,Vlatko Cancar,1628427,2,24.0,10.5,3.0,0.5625
2022-23,Vlatko Cancar,1628427,3,22.0,5.0,3.0,0.2
2022-23,Vlatko Cancar,1628427,6,34.0,19.0,5.0,0.389
2022-23,Vlatko Cancar,1628427,7,25.0,7.0,2.0,0.35250000000000004
2022-23,Vlatko Cancar,1628427,9,26.0,12.5,1.0,0.5
2022-23,Vlatko Cancar,1628427,10,24.0,13.0,2.0,0.444
2022-23,Vlatko Cancar,1628427,12,23.0,12.0,2.0,0.556
2022-23,Vlatko Cancar,1628427,18,21.0,13.0,0.0,0.833
2022-23,Vlatko Cancar,1628427,23,32.0,17.0,3.0,0.7
2022-23,Walker Kessler,1631117,-19,26.5,12.0,1.0,0.6335
2022-23,Walker Kessler,1631117,-18,20.0,1.0,2.0,0.0
2022-23,Walker Kessler,1631117,-14,24.0,2.0,0.0,0.25
2022-23,Walker Kessler,1631117,-13,25.0,10.0,0.0,1.0
2022-23,Walker Kessler,1631117,-11,30.0,7.0,1.0,0.75
2022-23,Walker Kessler,1631117,-9,25.0,11.0,1.0,1.0
2022-23,Walker Kessler,1631117,-8,26.0,13.0,1.0,0.667
2022-23,Walker Kessler,1631117,-6,23.0,10.0,1.0,0.714
2022-23,Walker Kessler,1631117,-5,31.0,16.0,0.0,0.8634999999999999
2022-23,Walker Kessler,1631117,-4,20.666666666666668,5.666666666666667,0.3333333333333333,0.7000000000000001
2022-23,Walker Kessler,1631117,-3,33.0,20.0,2.0,0.769
2022-23,Walker Kessler,1631117,-2,27.0,19.0,1.0,0.6875
2022-23,Walker Kessler,1631117,-1,29.0,11.5,0.0,0.6665
2022-23,Walker Kessler,1631117,0,27.5,10.0,1.5,0.7355
2022-23,Walker Kessler,1631117,2,26.0,15.5,0.5,0.9165
2022-23,Walker Kessler,1631117,4,25.0,15.666666666666666,0.6666666666666666,0.8223333333333334
2022-23,Walker Kessler,1631117,5,32.0,10.0,2.0,0.571
2022-23,Walker Kessler,1631117,6,30.0,6.0,2.0,0.333
2022-23,Walker Kessler,1631117,7,28.666666666666668,12.666666666666666,1.3333333333333333,0.727
2022-23,Walker Kessler,1631117,8,29.333333333333332,5.666666666666667,0.6666666666666666,0.5833333333333334
2022-23,Walker Kessler,1631117,9,23.333333333333332,10.666666666666666,1.3333333333333333,0.619
2022-23,Walker Kessler,1631117,10,27.0,9.0,2.0,0.667
2022-23,Walker Kessler,1631117,12,25.5,11.5,1.0,1.0
2022-23,Walker Kessler,1631117,15,28.75,12.75,1.75,0.8035
2022-23,Walker Kessler,1631117,16,32.0,12.0,1.0,0.714
2022-23,Walker Kessler,1631117,17,27.0,14.0,1.0,0.9
2022-23,Walker Kessler,1631117,20,20.0,9.0,4.0,0.5
2022-23,Wendell Carter Jr.,1628976,-21,24.0,11.0,2.0,0.5
2022-23,Wendell Carter Jr.,1628976,-15,24.0,19.0,0.0,0.462
2022-23,Wendell Carter Jr.,1628976,-14,28.0,8.666666666666666,2.3333333333333335,0.29733333333333334
2022-23,Wendell Carter Jr.,1628976,-13,32.0,12.0,1.0,0.444
2022-23,Wendell Carter Jr.,1628976,-12,31.333333333333332,16.0,3.0,0.5776666666666667
2022-23,Wendell Carter Jr.,1628976,-11,31.333333333333332,19.666666666666668,2.0,0.5903333333333333
2022-23,Wendell Carter Jr.,1628976,-9,32.0,16.0,3.0,0.636
2022-23,Wendell Carter Jr.,1628976,-7,27.0,17.25,2.25,0.5435
2022-23,Wendell Carter Jr.,1628976,-6,29.5,15.0,3.0,0.5
2022-23,Wendell Carter Jr.,1628976,-4,34.0,15.0,5.0,0.462
2022-23,Wendell Carter Jr.,1628976,-3,30.666666666666668,13.333333333333334,2.3333333333333335,0.5826666666666668
2022-23,Wendell Carter Jr.,1628976,-2,29.0,13.0,2.25,0.44975
2022-23,Wendell Carter Jr.,1628976,-1,26.0,11.0,3.0,0.455
2022-23,Wendell Carter Jr.,1628976,0,30.5,12.5,2.5,0.5625
2022-23,Wendell Carter Jr.,1628976,1,27.0,18.0,2.0,0.7
2022-23,Wendell Carter Jr.,1628976,2,30.0,18.0,0.0,0.583
2022-23,Wendell Carter Jr.,1628976,3,31.0,14.0,2.0,0.385
2022-23,Wendell Carter Jr.,1628976,4,31.0,18.75,1.75,0.5660000000000001
2022-23,Wendell Carter Jr.,1628976,5,29.0,20.0,3.0,0.583
2022-23,Wendell Carter Jr.,1628976,9,25.0,11.0,1.0,0.5
2022-23,Wendell Carter Jr.,1628976,10,35.666666666666664,20.0,3.3333333333333335,0.5763333333333334
2022-23,Wendell Carter Jr.,1628976,11,33.0,16.0,0.0,0.545
2022-23,Wendell Carter Jr.,1628976,12,30.25,16.5,2.25,0.64625
2022-23,Wendell Carter Jr.,1628976,13,32.5,24.0,3.5,0.571
2022-23,Wendell Carter Jr.,1628976,14,30.0,15.333333333333334,2.6666666666666665,0.543
2022-23,Wendell Carter Jr.,1628976,20,25.0,15.0,4.0,0.462
2022-23,Wendell Moore Jr.,1631111,-4,20.0,7.0,2.0,0.5
2022-23,Wenyen Gabriel,1629117,-13,21.0,5.0,0.0,0.4
2022-23,Wenyen Gabriel,1629117,-12,26.0,4.0,0.0,0.4
2022-23,Wenyen Gabriel,1629117,-9,23.0,4.0,2.0,0.667
2022-23,Wenyen Gabriel,1629117,-3,25.5,8.0,0.5,0.6125
2022-23,Wenyen Gabriel,1629117,1,21.0,15.0,1.0,0.625
2022-23,Wenyen Gabriel,1629117,4,26.0,14.0,0.0,0.636
2022-23,Wenyen Gabriel,1629117,5,23.0,9.0,2.0,0.375
2022-23,Wenyen Gabriel,1629117,7,22.0,5.0,0.0,0.286
2022-23,Wenyen Gabriel,1629117,9,33.0,14.0,0.0,0.75
2022-23,Wenyen Gabriel,1629117,10,21.0,8.0,1.0,0.5
2022-23,Wenyen Gabriel,1629117,12,33.0,6.0,1.0,0.4
2022-23,Wenyen Gabriel,1629117,15,24.0,14.0,1.0,0.625
2022-23,Wenyen Gabriel,1629117,25,20.0,6.0,1.0,0.667
2022-23,Wesley Matthews,202083,-11,22.0,3.0,1.0,0.0
2022-23,Wesley Matthews,202083,-3,23.333333333333332,5.0,0.3333333333333333,0.373
2022-23,Wesley Matthews,202083,1,30.0,3.0,1.0,0.2
2022-23,Wesley Matthews,202083,2,20.0,5.5,1.0,0.375
2022-23,Wesley Matthews,202083,3,23.0,2.0,1.0,0.333
2022-23,Wesley Matthews,202083,4,22.0,2.0,1.0,0.0
2022-23,Wesley Matthews,202083,5,26.0,6.5,1.0,0.4145
2022-23,Wesley Matthews,202083,8,24.0,3.0,0.0,0.0
2022-23,Wesley Matthews,202083,13,29.0,9.0,0.0,0.75
2022-23,Wesley Matthews,202083,14,20.0,7.0,1.0,0.75
2022-23,Wesley Matthews,202083,16,22.0,2.0,1.0,0.2
2022-23,Will Barton,203115,-17,21.0,7.0,1.0,0.333
2022-23,Will Barton,203115,-14,35.0,22.0,9.0,0.467
2022-23,Will Barton,203115,-10,29.0,13.0,7.0,0.5
2022-23,Will Barton,203115,-7,30.333333333333332,11.0,1.6666666666666667,0.442
2022-23,Will Barton,203115,-3,22.0,4.0,0.0,0.25
2022-23,Will Barton,203115,-2,26.0,3.0,3.5,0.125
2022-23,Will Barton,203115,-1,20.0,3.0,2.0,0.167
2022-23,Will Barton,203115,0,24.0,14.0,2.5,0.4085
2022-23,Will Barton,203115,2,22.0,7.0,3.0,0.333
2022-23,Will Barton,203115,3,23.5,11.5,4.0,0.4305
2022-23,Will Barton,203115,4,33.0,22.0,7.0,0.533
2022-23,Will Barton,203115,5,24.0,9.0,2.0,0.3
2022-23,Will Barton,203115,7,28.0,14.0,4.0,0.333
2022-23,Will Barton,203115,8,23.0,6.5,1.0,0.44999999999999996
2022-23,Will Barton,203115,18,29.0,16.0,4.0,0.667
2022-23,Will Barton,203115,26,20.0,20.0,2.0,0.583
2022-23,Willy Hernangomez,1626195,-11,20.0,5.0,0.0,0.333
2022-23,Willy Hernangomez,1626195,-5,24.0,14.5,3.0,0.362
2022-23,Willy Hernangomez,1626195,-1,22.0,13.0,5.0,0.5
2022-23,Willy Hernangomez,1626195,13,23.0,12.0,2.0,0.714
2022-23,Xavier Cooks,1641645,-22,22.0,10.0,0.0,0.8
2022-23,Xavier Cooks,1641645,3,38.0,10.0,0.0,0.455
2022-23,Xavier Cooks,1641645,5,26.0,8.0,1.0,0.8
2022-23,Xavier Tillman,1630214,-20,29.0,6.0,1.0,1.0
2022-23,Xavier Tillman,1630214,-17,29.0,11.0,4.0,0.5
2022-23,Xavier Tillman,1630214,-16,31.0,16.0,5.0,0.875
2022-23,Xavier Tillman,1630214,-13,29.0,10.0,2.0,0.833
2022-23,Xavier Tillman,1630214,-11,21.0,12.0,3.0,0.625
2022-23,Xavier Tillman,1630214,-10,27.0,9.5,2.5,0.6115
2022-23,Xavier Tillman,1630214,-9,26.0,3.0,2.0,0.25
2022-23,Xavier Tillman,1630214,-8,27.0,12.0,2.0,0.75
2022-23,Xavier Tillman,1630214,-4,32.0,8.0,2.0,0.333
2022-23,Xavier Tillman,1630214,-1,28.5,9.0,2.5,0.5355
2022-23,Xavier Tillman,1630214,0,24.333333333333332,9.333333333333334,2.0,0.6256666666666667
2022-23,Xavier Tillman,1630214,2,24.0,6.0,1.0,1.0
2022-23,Xavier Tillman,1630214,4,34.0,13.0,3.0,0.429
2022-23,Xavier Tillman,1630214,5,25.25,9.5,2.25,0.63325
2022-23,Xavier Tillman,1630214,8,35.0,20.0,1.0,0.833
2022-23,Xavier Tillman,1630214,9,22.0,10.0,2.0,0.714
2022-23,Xavier Tillman,1630214,10,32.0,18.0,2.0,0.529
2022-23,Xavier Tillman,1630214,11,24.0,8.0,2.0,0.75
2022-23,Xavier Tillman,1630214,12,27.0,4.0,5.0,0.25
2022-23,Xavier Tillman,1630214,13,27.0,6.0,3.0,1.0
2022-23,Xavier Tillman,1630214,14,21.0,8.0,0.0,1.0
2022-23,Xavier Tillman,1630214,25,28.5,13.0,4.5,0.8
2022-23,Xavier Tillman,1630214,27,32.0,14.0,2.0,0.636
2022-23,Yuta Watanabe,1629139,-16,21.5,5.0,0.5,0.45
2022-23,Yuta Watanabe,1629139,-14,33.0,9.0,1.0,0.375
2022-23,Yuta Watanabe,1629139,-12,27.0,10.0,0.0,0.667
2022-23,Yuta Watanabe,1629139,-10,28.0,20.0,2.0,0.714
2022-23,Yuta Watanabe,1629139,-9,22.0,11.0,2.0,0.625
2022-23,Yuta Watanabe,1629139,-7,22.0,5.0,0.0,0.333
2022-23,Yuta Watanabe,1629139,-5,20.0,0.0,3.0,0.0
2022-23,Yuta Watanabe,1629139,-3,23.0,4.0,0.0,0.333
2022-23,Yuta Watanabe,1629139,-1,24.0,9.5,2.0,0.5
2022-23,Yuta Watanabe,1629139,2,25.0,3.0,3.0,0.25
2022-23,Yuta Watanabe,1629139,4,24.0,6.666666666666667,1.6666666666666667,0.41133333333333333
2022-23,Yuta Watanabe,1629139,8,23.0,8.0,0.0,0.4
2022-23,Yuta Watanabe,1629139,9,22.0,14.0,2.0,0.714
2022-23,Yuta Watanabe,1629139,10,22.0,6.5,2.5,0.4165
2022-23,Yuta Watanabe,1629139,11,21.0,12.0,0.0,0.714
2022-23,Yuta Watanabe,1629139,12,20.0,17.0,1.0,0.857
2022-23,Yuta Watanabe,1629139,13,21.0,2.0,1.0,0.167
2022-23,Yuta Watanabe,1629139,16,25.0,11.0,2.0,0.571
2022-23,Yuta Watanabe,1629139,21,24.0,14.0,0.0,0.75
2022-23,Zach Collins,1628380,-28,21.0,7.0,3.0,0.273
2022-23,Zach Collins,1628380,-26,30.0,21.0,4.0,0.444
2022-23,Zach Collins,1628380,-17,22.5,8.5,2.0,0.4355
2022-23,Zach Collins,1628380,-16,31.0,11.0,6.0,0.571
2022-23,Zach Collins,1628380,-11,25.75,10.25,3.0,0.43900000000000006
2022-23,Zach Collins,1628380,-10,29.0,14.0,3.0,0.429
2022-23,Zach Collins,1628380,-9,27.0,9.0,5.0,0.571
2022-23,Zach Collins,1628380,-8,23.0,10.0,0.0,1.0
2022-23,Zach Collins,1628380,-7,22.333333333333332,6.333333333333333,2.0,0.37766666666666665
2022-23,Zach Collins,1628380,-6,35.0,29.0,3.0,0.688
2022-23,Zach Collins,1628380,-5,21.0,11.0,3.0,0.5
2022-23,Zach Collins,1628380,-4,34.0,18.0,5.0,0.615
2022-23,Zach Collins,1628380,-3,21.666666666666668,14.0,2.6666666666666665,0.6813333333333333
2022-23,Zach Collins,1628380,-1,24.0,14.333333333333334,2.3333333333333335,0.737
2022-23,Zach Collins,1628380,0,29.0,20.0,3.5,0.45
2022-23,Zach Collins,1628380,2,30.0,16.0,2.0,0.857
2022-23,Zach Collins,1628380,3,30.0,22.0,4.0,0.5715
2022-23,Zach Collins,1628380,4,22.0,14.0,4.0,0.5
2022-23,Zach Collins,1628380,5,24.0,13.0,5.0,0.8
2022-23,Zach Collins,1628380,6,28.0,13.5,3.5,0.4645
2022-23,Zach Collins,1628380,7,31.0,14.0,5.0,0.455
2022-23,Zach Collins,1628380,10,31.0,18.0,5.0,0.636
2022-23,Zach Collins,1628380,15,28.0,25.0,5.0,0.714
2022-23,Zach Collins,1628380,16,21.0,9.0,2.0,0.571
2022-23,Zach Collins,1628380,17,31.0,19.0,3.0,0.615
2022-23,Zach Collins,1628380,18,22.0,10.0,3.0,0.5
2022-23,Zach Collins,1628380,21,22.0,9.0,2.0,0.5
2022-23,Zach LaVine,203897,-31,30.0,17.0,3.0,0.583
2022-23,Zach LaVine,203897,-25,35.0,18.0,2.0,0.421
2022-23,Zach LaVine,203897,-24,35.0,16.0,6.0,0.571
2022-23,Zach LaVine,203897,-21,31.5,24.0,6.0,0.512
2022-23,Zach LaVine,203897,-20,35.0,19.0,4.5,0.437
2022-23,Zach LaVine,203897,-19,26.5,13.5,3.0,0.3
2022-23,Zach LaVine,203897,-18,35.5,23.0,4.5,0.398
2022-23,Zach LaVine,203897,-17,34.0,21.0,7.0,0.467
2022-23,Zach LaVine,203897,-15,33.5,22.5,3.0,0.347
2022-23,Zach LaVine,203897,-14,32.0,23.0,3.0,0.571
2022-23,Zach LaVine,203897,-13,33.0,18.0,5.0,0.353
2022-23,Zach LaVine,203897,-12,39.0,25.0,5.666666666666667,0.43533333333333335
2022-23,Zach LaVine,203897,-11,36.0,16.0,3.0,0.462
2022-23,Zach LaVine,203897,-10,36.5,22.0,2.0,0.4415
2022-23,Zach LaVine,203897,-9,38.0,19.5,6.0,0.372
2022-23,Zach LaVine,203897,-8,39.0,21.0,3.0,0.563
2022-23,Zach LaVine,203897,-7,37.0,21.5,6.5,0.419
2022-23,Zach LaVine,203897,-5,36.0,23.333333333333332,3.3333333333333335,0.5426666666666667
2022-23,Zach LaVine,203897,-4,45.0,27.0,5.0,0.391
2022-23,Zach LaVine,203897,-3,37.0,25.0,3.75,0.41325
2022-23,Zach LaVine,203897,-1,37.0,32.5,3.0,0.5325
2022-23,Zach LaVine,203897,1,35.0,28.0,2.6666666666666665,0.46399999999999997
2022-23,Zach LaVine,203897,2,36.0,32.5,2.5,0.6255
2022-23,Zach LaVine,203897,3,37.0,33.0,3.0,0.545
2022-23,Zach LaVine,203897,4,32.0,24.5,3.5,0.4415
2022-23,Zach LaVine,203897,5,40.666666666666664,25.666666666666668,4.333333333333333,0.43333333333333335
2022-23,Zach LaVine,203897,6,36.5,28.5,4.25,0.5545
2022-23,Zach LaVine,203897,7,37.0,29.0,5.0,0.476
2022-23,Zach LaVine,203897,8,29.333333333333332,16.0,2.3333333333333335,0.4703333333333333
2022-23,Zach LaVine,203897,10,41.0,25.5,5.0,0.4165
2022-23,Zach LaVine,203897,11,38.5,28.0,5.0,0.444
2022-23,Zach LaVine,203897,12,34.0,28.0,5.0,0.462
2022-23,Zach LaVine,203897,14,33.5,23.5,5.0,0.4105
2022-23,Zach LaVine,203897,15,31.5,31.0,6.0,0.6335
2022-23,Zach LaVine,203897,17,42.0,40.0,5.5,0.6685
2022-23,Zach LaVine,203897,19,34.666666666666664,27.666666666666668,5.333333333333333,0.5
2022-23,Zach LaVine,203897,20,35.0,10.0,4.0,0.375
2022-23,Zach LaVine,203897,21,36.0,21.0,7.0,0.538
2022-23,Zach LaVine,203897,24,36.0,32.0,2.0,0.611
2022-23,Zach LaVine,203897,25,31.0,29.5,6.0,0.5365
2022-23,Zach LaVine,203897,27,37.0,36.0,5.0,0.611
2022-23,Zach LaVine,203897,35,28.0,32.0,2.0,0.706
2022-23,Zeke Nnaji,1630192,-21,23.0,10.0,0.0,0.8
2022-23,Zeke Nnaji,1630192,-18,21.0,4.0,1.0,1.0
2022-23,Zeke Nnaji,1630192,-2,22.5,7.5,0.5,0.393
2022-23,Zeke Nnaji,1630192,2,27.666666666666668,13.0,0.3333333333333333,0.6973333333333334
2022-23,Zeke Nnaji,1630192,3,24.0,4.0,0.0,0.2
2022-23,Zeke Nnaji,1630192,13,24.5,10.0,1.5,0.6665
2022-23,Zeke Nnaji,1630192,19,25.0,18.0,1.0,0.5
2022-23,Ziaire Williams,1630533,-19,23.0,2.0,0.0,0.143
2022-23,Ziaire Williams,1630533,-7,29.0,15.5,4.5,0.5369999999999999
2022-23,Ziaire Williams,1630533,-3,21.5,5.0,2.0,0.3715
2022-23,Ziaire Williams,1630533,4,22.0,11.0,0.0,0.444
2022-23,Ziaire Williams,1630533,5,25.0,16.0,0.0,0.545
2022-23,Ziaire Williams,1630533,7,25.0,9.0,1.0,0.5
2022-23,Ziaire Williams,1630533,9,21.0,9.0,1.0,0.47750000000000004
2022-23,Ziaire Williams,1630533,14,27.0,13.0,2.0,0.667
2022-23,Zion Williamson,1629627,-32,30.0,14.0,4.0,0.5
2022-23,Zion Williamson,1629627,-16,28.0,20.0,1.0,0.375
2022-23,Zion Williamson,1629627,-15,25.0,26.0,5.0,0.625
2022-23,Zion Williamson,1629627,-13,36.0,27.0,7.0,0.524
2022-23,Zion Williamson,1629627,-12,31.0,29.0,3.0,0.643
2022-23,Zion Williamson,1629627,-9,33.0,26.0,7.0,0.667
2022-23,Zion Williamson,1629627,-7,29.0,25.0,1.0,0.625
2022-23,Zion Williamson,1629627,-4,33.5,32.5,3.0,0.617
2022-23,Zion Williamson,1629627,-2,40.0,18.0,7.0,0.438
2022-23,Zion Williamson,1629627,1,32.0,29.0,5.0,0.688
2022-23,Zion Williamson,1629627,2,40.0,30.5,8.5,0.65
2022-23,Zion Williamson,1629627,3,31.5,31.0,3.0,0.6060000000000001
2022-23,Zion Williamson,1629627,6,28.0,26.0,7.0,0.833
2022-23,Zion Williamson,1629627,9,27.0,16.0,1.0,0.636
2022-23,Zion Williamson,1629627,11,35.0,25.0,4.0,0.529
2022-23,Zion Williamson,1629627,13,30.0,20.5,3.0,0.434
2022-23,Zion Williamson,1629627,16,42.0,35.0,3.0,0.667
2022-23,Zion Williamson,1629627,19,34.0,25.666666666666668,6.666666666666667,0.6466666666666666
2022-23,Zion Williamson,1629627,20,26.0,32.0,1.0,0.778
2022-23,Zion Williamson,1629627,21,35.0,26.0,6.0,0.889
2022-23,Zion Williamson,1629627,28,28.0,19.5,6.0,0.536
2022-23,Zion Williamson,1629627,30,36.0,35.0,4.0,0.765
