season_year,personName,personId,plusMinusPoints,minutes,points,assists,fieldGoalsPercentage
2020-21,Aaron Gordon,203932,-27,28.0,9.0,2.0,0.308
2020-21,Aaron Gordon,203932,-23,23.0,4.5,3.0,0.118
2020-21,Aaron Gordon,203932,-17,35.0,21.0,8.0,0.571
2020-21,Aaron Gordon,203932,-15,23.0,9.0,3.0,0.6
2020-21,Aaron Gordon,203932,-14,29.0,10.0,1.0,0.571
2020-21,Aaron Gordon,203932,-12,28.0,17.0,3.0,0.417
2020-21,Aaron Gordon,203932,-11,28.0,7.0,2.0,0.4
2020-21,Aaron Gordon,203932,-9,32.0,12.0,5.0,0.231
2020-21,Aaron Gordon,203932,-8,22.0,14.0,3.0,0.5
2020-21,Aaron Gordon,203932,-7,29.0,14.0,2.0,0.5
2020-21,Aaron Gordon,203932,-6,21.0,2.0,3.0,0.143
2020-21,Aaron Gordon,203932,-5,30.0,11.0,6.0,0.364
2020-21,Aaron Gordon,203932,-3,35.0,16.0,5.0,0.375
2020-21,Aaron Gordon,203932,-2,31.666666666666668,13.666666666666666,4.666666666666667,0.3983333333333334
2020-21,Aaron Gordon,203932,0,23.0,9.0,4.0,0.444
2020-21,Aaron Gordon,203932,1,26.0,11.0,1.5,0.528
2020-21,Aaron Gordon,203932,2,26.5,10.5,3.0,0.432
2020-21,Aaron Gordon,203932,5,36.0,38.0,4.0,0.7
2020-21,Aaron Gordon,203932,6,32.0,20.5,5.0,0.5645
2020-21,Aaron Gordon,203932,8,26.8,10.4,3.2,0.429
2020-21,Aaron Gordon,203932,9,26.333333333333332,12.333333333333334,4.0,0.4776666666666667
2020-21,Aaron Gordon,203932,10,28.5,11.5,2.5,0.518
2020-21,Aaron Gordon,203932,11,28.0,17.0,3.0,0.571
2020-21,Aaron Gordon,203932,12,31.0,15.333333333333334,3.3333333333333335,0.577
2020-21,Aaron Gordon,203932,14,33.0,12.0,7.0,0.333
2020-21,Aaron Gordon,203932,15,35.0,18.0,10.0,0.333
2020-21,Aaron Gordon,203932,16,29.0,15.0,3.0,0.5
2020-21,Aaron Gordon,203932,17,23.0,16.5,0.5,0.6970000000000001
2020-21,Aaron Gordon,203932,19,24.0,6.0,1.0,0.75
2020-21,Aaron Holiday,1628988,-15,21.0,4.0,1.0,0.25
2020-21,Aaron Holiday,1628988,-12,27.0,5.0,4.0,0.222
2020-21,Aaron Holiday,1628988,-9,24.0,3.0,1.0,0.333
2020-21,Aaron Holiday,1628988,-8,25.5,12.0,1.5,0.3035
2020-21,Aaron Holiday,1628988,-6,24.0,6.666666666666667,3.0,0.236
2020-21,Aaron Holiday,1628988,-1,27.0,15.0,2.0,0.556
2020-21,Aaron Holiday,1628988,0,25.0,0.0,1.0,0.0
2020-21,Aaron Holiday,1628988,4,21.0,4.0,5.0,0.143
2020-21,Aaron Holiday,1628988,7,22.0,11.0,6.0,0.75
2020-21,Aaron Holiday,1628988,9,26.5,18.5,4.0,0.7085
2020-21,Aaron Holiday,1628988,11,24.0,12.25,3.25,0.64525
2020-21,Aaron Holiday,1628988,12,23.0,20.0,2.0,0.5
2020-21,Aaron Holiday,1628988,14,21.0,6.0,1.0,0.6
2020-21,Aaron Holiday,1628988,15,22.0,18.0,1.0,0.636
2020-21,Aaron Holiday,1628988,19,28.0,16.0,12.0,0.375
2020-21,Aaron Holiday,1628988,22,21.0,6.0,3.0,0.5
2020-21,Aaron Holiday,1628988,23,22.0,18.0,3.0,0.636
2020-21,Aaron Nesmith,1630174,-8,26.0,10.0,0.0,0.75
2020-21,Aaron Nesmith,1630174,-7,22.0,8.0,2.0,0.3
2020-21,Aaron Nesmith,1630174,-1,22.0,9.0,1.0,0.5
2020-21,Aaron Nesmith,1630174,2,21.0,2.0,2.0,0.5
2020-21,Aaron Nesmith,1630174,3,20.0,5.0,0.0,0.667
2020-21,Aaron Nesmith,1630174,4,31.0,15.0,0.0,0.5
2020-21,Aaron Nesmith,1630174,5,22.0,0.0,0.0,0.0
2020-21,Aaron Nesmith,1630174,10,28.0,5.0,0.0,0.25
2020-21,Aaron Nesmith,1630174,11,20.0,16.0,0.0,0.857
2020-21,Aaron Nesmith,1630174,12,30.0,16.0,1.0,0.778
2020-21,Aaron Nesmith,1630174,20,24.0,9.0,0.0,0.5
2020-21,Abdel Nader,1627846,-24,29.0,6.0,2.0,0.286
2020-21,Abdel Nader,1627846,-4,23.0,8.0,1.0,0.4
2020-21,Abdel Nader,1627846,-1,20.0,14.0,1.0,0.5
2020-21,Abdel Nader,1627846,7,20.0,5.0,1.0,0.667
2020-21,Abdel Nader,1627846,9,22.0,7.0,2.0,0.25
2020-21,Abdel Nader,1627846,12,25.0,16.0,3.0,0.4
2020-21,Abdel Nader,1627846,22,24.0,14.0,0.0,0.5
2020-21,Al Horford,201143,-33,24.0,6.0,2.0,0.273
2020-21,Al Horford,201143,-21,26.5,11.5,2.5,0.343
2020-21,Al Horford,201143,-20,29.0,10.0,1.0,0.417
2020-21,Al Horford,201143,-19,29.0,10.0,4.0,0.286
2020-21,Al Horford,201143,-18,25.0,12.0,3.0,0.385
2020-21,Al Horford,201143,-13,34.0,14.0,3.0,0.3
2020-21,Al Horford,201143,-12,27.0,16.0,0.0,0.778
2020-21,Al Horford,201143,-7,24.5,15.0,4.5,0.6615
2020-21,Al Horford,201143,-6,28.0,16.0,4.0,0.4
2020-21,Al Horford,201143,-5,21.0,2.0,1.0,0.167
2020-21,Al Horford,201143,-2,26.8,15.2,2.4,0.48
2020-21,Al Horford,201143,3,27.5,12.5,3.0,0.36450000000000005
2020-21,Al Horford,201143,4,27.0,8.0,1.0,0.273
2020-21,Al Horford,201143,5,33.0,25.0,8.0,0.611
2020-21,Al Horford,201143,6,28.0,10.0,3.0,0.385
2020-21,Al Horford,201143,7,29.0,11.0,4.0,0.4
2020-21,Al Horford,201143,9,27.0,21.0,2.0,0.533
2020-21,Al Horford,201143,10,29.5,18.0,8.0,0.469
2020-21,Al Horford,201143,14,29.0,21.0,2.0,0.667
2020-21,Al Horford,201143,20,29.0,26.0,8.0,0.526
2020-21,Al-Farouq Aminu,202329,-16,24.0,4.0,0.0,0.333
2020-21,Al-Farouq Aminu,202329,-14,22.0,7.0,0.0,0.5
2020-21,Al-Farouq Aminu,202329,-13,22.0,7.0,2.0,0.5
2020-21,Al-Farouq Aminu,202329,-12,22.0,2.5,2.5,0.25
2020-21,Al-Farouq Aminu,202329,-9,24.5,8.0,1.5,0.404
2020-21,Al-Farouq Aminu,202329,-8,27.0,5.0,2.0,0.333
2020-21,Al-Farouq Aminu,202329,-4,23.0,5.0,3.0,0.4
2020-21,Al-Farouq Aminu,202329,0,27.0,6.0,1.0,0.375
2020-21,Al-Farouq Aminu,202329,3,24.0,7.0,0.0,0.5
2020-21,Al-Farouq Aminu,202329,4,21.0,0.0,1.0,0.0
2020-21,Al-Farouq Aminu,202329,11,29.0,17.0,6.0,0.727
2020-21,Alec Burks,202692,-15,21.0,4.0,2.0,0.111
2020-21,Alec Burks,202692,-12,33.0,21.0,2.0,0.5
2020-21,Alec Burks,202692,-11,25.0,12.5,4.0,0.45799999999999996
2020-21,Alec Burks,202692,-8,20.0,6.0,2.0,0.4
2020-21,Alec Burks,202692,-7,22.5,10.0,2.5,0.396
2020-21,Alec Burks,202692,-6,29.0,20.0,4.0,0.471
2020-21,Alec Burks,202692,-5,25.0,13.5,1.0,0.4405
2020-21,Alec Burks,202692,-4,28.75,16.5,2.0,0.45175000000000004
2020-21,Alec Burks,202692,-3,26.0,15.0,0.5,0.4
2020-21,Alec Burks,202692,-2,26.0,16.0,3.0,0.538
2020-21,Alec Burks,202692,-1,28.0,13.0,2.0,0.556
2020-21,Alec Burks,202692,0,26.0,8.0,2.0,0.222
2020-21,Alec Burks,202692,1,25.0,17.0,0.0,0.6
2020-21,Alec Burks,202692,2,23.0,8.0,3.0,0.222
2020-21,Alec Burks,202692,3,26.0,6.0,3.0,0.5
2020-21,Alec Burks,202692,4,27.75,13.0,2.75,0.43274999999999997
2020-21,Alec Burks,202692,5,27.0,16.0,1.0,0.375
2020-21,Alec Burks,202692,7,30.0,11.0,1.0,0.25
2020-21,Alec Burks,202692,9,25.0,11.0,2.0,0.5
2020-21,Alec Burks,202692,11,29.0,20.0,3.0,0.5
2020-21,Alec Burks,202692,13,37.0,25.5,3.5,0.544
2020-21,Alec Burks,202692,15,27.0,15.0,0.0,0.333
2020-21,Alec Burks,202692,16,33.0,19.0,2.0,0.333
2020-21,Alec Burks,202692,17,28.5,17.5,0.5,0.372
2020-21,Alec Burks,202692,19,23.0,3.0,4.0,0.143
2020-21,Alec Burks,202692,21,22.5,9.0,3.0,0.357
2020-21,Alec Burks,202692,22,24.0,24.0,2.0,0.667
2020-21,Alec Burks,202692,24,22.0,21.0,1.0,0.583
2020-21,Aleksej Pokusevski,1630197,-42,30.0,8.0,4.0,0.231
2020-21,Aleksej Pokusevski,1630197,-32,32.0,20.0,4.0,0.5
2020-21,Aleksej Pokusevski,1630197,-30,29.0,4.0,1.0,0.222
2020-21,Aleksej Pokusevski,1630197,-28,29.0,8.0,5.0,0.273
2020-21,Aleksej Pokusevski,1630197,-27,29.0,14.5,1.0,0.3355
2020-21,Aleksej Pokusevski,1630197,-25,27.0,4.0,2.0,0.182
2020-21,Aleksej Pokusevski,1630197,-22,20.0,3.0,4.0,0.25
2020-21,Aleksej Pokusevski,1630197,-19,25.0,8.0,0.0,0.3
2020-21,Aleksej Pokusevski,1630197,-18,31.0,6.0,1.0,0.3
2020-21,Aleksej Pokusevski,1630197,-15,30.0,9.0,3.5,0.393
2020-21,Aleksej Pokusevski,1630197,-14,33.0,21.0,2.0,0.471
2020-21,Aleksej Pokusevski,1630197,-12,26.0,13.0,5.0,0.455
2020-21,Aleksej Pokusevski,1630197,-10,29.0,4.0,2.0,0.182
2020-21,Aleksej Pokusevski,1630197,-9,20.0,2.0,1.0,0.25
2020-21,Aleksej Pokusevski,1630197,-8,28.0,6.5,3.5,0.3125
2020-21,Aleksej Pokusevski,1630197,-7,25.5,9.0,3.5,0.372
2020-21,Aleksej Pokusevski,1630197,-4,25.0,8.0,2.0,0.2985
2020-21,Aleksej Pokusevski,1630197,-3,33.0,13.0,2.0,0.385
2020-21,Aleksej Pokusevski,1630197,-2,30.0,8.0,5.0,0.273
2020-21,Aleksej Pokusevski,1630197,1,26.5,15.5,3.0,0.5715
2020-21,Aleksej Pokusevski,1630197,2,40.0,29.0,2.0,0.526
2020-21,Aleksej Pokusevski,1630197,3,27.0,8.0,1.0,0.188
2020-21,Aleksej Pokusevski,1630197,4,29.0,14.0,3.0,0.364
2020-21,Aleksej Pokusevski,1630197,11,27.0,12.0,4.0,0.417
2020-21,Aleksej Pokusevski,1630197,18,39.0,23.0,4.0,0.538
2020-21,Alex Caruso,1627936,-25,28.0,8.0,7.0,0.375
2020-21,Alex Caruso,1627936,-20,25.0,2.0,3.0,0.2
2020-21,Alex Caruso,1627936,-13,24.0,10.0,2.0,0.6
2020-21,Alex Caruso,1627936,-8,26.666666666666668,11.666666666666666,2.0,0.5333333333333333
2020-21,Alex Caruso,1627936,-6,25.0,7.0,4.5,0.36650000000000005
2020-21,Alex Caruso,1627936,-4,21.0,5.0,6.0,0.667
2020-21,Alex Caruso,1627936,-3,28.0,6.0,2.0,0.429
2020-21,Alex Caruso,1627936,-2,22.0,6.0,2.0,1.0
2020-21,Alex Caruso,1627936,1,23.0,7.0,4.0,0.333
2020-21,Alex Caruso,1627936,2,31.0,11.0,3.0,0.4
2020-21,Alex Caruso,1627936,3,22.0,4.0,2.5,0.4335
2020-21,Alex Caruso,1627936,4,25.0,6.333333333333333,3.3333333333333335,0.3256666666666667
2020-21,Alex Caruso,1627936,7,23.0,8.0,1.5,0.6665
2020-21,Alex Caruso,1627936,8,20.0,3.0,2.0,0.333
2020-21,Alex Caruso,1627936,9,31.0,17.0,8.0,0.545
2020-21,Alex Caruso,1627936,10,25.0,9.0,3.5,0.357
2020-21,Alex Caruso,1627936,11,26.5,7.5,1.5,0.325
2020-21,Alex Caruso,1627936,13,24.0,8.0,2.0,0.571
2020-21,Alex Caruso,1627936,16,20.0,13.0,4.0,0.625
2020-21,Alex Caruso,1627936,21,24.0,13.0,6.0,0.667
2020-21,Alex Caruso,1627936,24,20.0,2.0,6.0,0.25
2020-21,Alex Len,203458,-20,21.0,14.0,0.0,0.583
2020-21,Alex Len,203458,-13,20.0,11.0,1.0,0.667
2020-21,Alex Len,203458,-8,20.0,13.0,1.0,1.0
2020-21,Alex Len,203458,-2,21.333333333333332,12.0,1.3333333333333333,0.6136666666666667
2020-21,Alex Len,203458,0,23.0,6.0,2.0,0.333
2020-21,Alex Len,203458,2,22.333333333333332,12.0,1.3333333333333333,0.8053333333333333
2020-21,Alex Len,203458,3,21.0,2.0,2.0,1.0
2020-21,Alex Len,203458,4,20.0,10.0,0.0,0.833
2020-21,Alex Len,203458,5,28.0,20.0,1.0,0.667
2020-21,Alex Len,203458,6,23.0,17.0,1.0,0.889
2020-21,Alex Len,203458,7,27.0,10.0,3.0,0.75
2020-21,Alex Len,203458,9,32.0,10.0,2.0,0.75
2020-21,Alex Len,203458,11,29.0,13.0,0.0,0.6
2020-21,Alex Len,203458,12,24.0,18.0,1.0,0.538
2020-21,Alex Len,203458,13,22.0,7.0,1.0,0.6
2020-21,Alfonzo McKinnie,1628035,17,26.0,10.0,4.0,0.667
2020-21,Alize Johnson,1628993,-4,32.0,23.0,3.0,0.733
2020-21,Alize Johnson,1628993,7,32.0,20.0,3.0,0.583
2020-21,Amir Coffey,1629599,-14,25.0,13.0,0.0,0.833
2020-21,Amir Coffey,1629599,-7,23.0,8.0,2.0,0.5
2020-21,Amir Coffey,1629599,-5,23.0,12.0,0.0,0.444
2020-21,Amir Coffey,1629599,7,27.0,8.0,2.0,0.167
2020-21,Amir Coffey,1629599,8,32.0,15.0,2.0,0.714
2020-21,Amir Coffey,1629599,9,25.0,10.0,3.0,0.4
2020-21,Amir Coffey,1629599,21,27.0,6.0,1.0,0.4
2020-21,Andre Drummond,203083,-33,22.0,13.0,2.0,0.308
2020-21,Andre Drummond,203083,-20,34.0,19.0,3.0,0.5
2020-21,Andre Drummond,203083,-19,29.0,6.0,1.0,0.6
2020-21,Andre Drummond,203083,-16,32.0,10.0,4.0,0.357
2020-21,Andre Drummond,203083,-15,28.0,8.0,4.0,0.25
2020-21,Andre Drummond,203083,-12,26.0,19.0,1.0,0.563
2020-21,Andre Drummond,203083,-11,21.0,4.0,1.0,0.4
2020-21,Andre Drummond,203083,-9,20.0,17.0,2.0,0.667
2020-21,Andre Drummond,203083,-8,20.0,12.0,0.0,0.6
2020-21,Andre Drummond,203083,-7,22.0,9.0,0.0,0.6
2020-21,Andre Drummond,203083,-5,26.8,10.4,2.0,0.4016
2020-21,Andre Drummond,203083,-4,30.0,28.0,2.0,0.706
2020-21,Andre Drummond,203083,-3,26.5,17.5,2.0,0.5549999999999999
2020-21,Andre Drummond,203083,-2,31.0,15.0,2.5,0.489
2020-21,Andre Drummond,203083,-1,23.5,14.0,1.5,0.5505
2020-21,Andre Drummond,203083,0,37.0,22.0,3.0,0.45
2020-21,Andre Drummond,203083,1,27.5,14.5,3.0,0.393
2020-21,Andre Drummond,203083,3,30.0,17.0,1.5,0.577
2020-21,Andre Drummond,203083,4,28.0,25.0,1.0,0.524
2020-21,Andre Drummond,203083,5,25.0,11.0,4.0,0.364
2020-21,Andre Drummond,203083,6,26.5,18.0,1.0,0.5625
2020-21,Andre Drummond,203083,8,35.0,16.0,3.0,0.545
2020-21,Andre Drummond,203083,9,21.0,20.0,2.0,0.692
2020-21,Andre Drummond,203083,10,35.5,17.0,2.5,0.3885
2020-21,Andre Drummond,203083,12,39.0,33.0,3.0,0.556
2020-21,Andre Drummond,203083,13,27.0,19.0,4.0,0.615
2020-21,Andre Drummond,203083,14,30.0,14.0,3.0,0.5
2020-21,Andre Drummond,203083,18,26.0,23.5,1.5,0.6000000000000001
2020-21,Andre Drummond,203083,27,25.0,24.0,3.0,0.611
2020-21,Andre Iguodala,2738,-21,20.0,9.0,1.0,0.6
2020-21,Andre Iguodala,2738,-17,23.0,1.0,3.0,0.1665
2020-21,Andre Iguodala,2738,-16,21.0,0.0,0.0,0.0
2020-21,Andre Iguodala,2738,-15,20.0,2.0,2.0,0.0
2020-21,Andre Iguodala,2738,-13,21.0,5.0,1.0,0.333
2020-21,Andre Iguodala,2738,-11,22.5,2.5,5.0,0.6665
2020-21,Andre Iguodala,2738,-10,23.5,3.5,2.5,0.45
2020-21,Andre Iguodala,2738,-9,23.0,2.5,3.75,0.2
2020-21,Andre Iguodala,2738,-8,21.0,0.0,1.0,0.0
2020-21,Andre Iguodala,2738,-5,24.0,6.0,3.0,0.25
2020-21,Andre Iguodala,2738,-4,23.0,10.0,2.0,0.5
2020-21,Andre Iguodala,2738,-1,22.5,5.0,1.5,0.45
2020-21,Andre Iguodala,2738,1,24.5,5.5,2.5,0.5
2020-21,Andre Iguodala,2738,2,21.0,13.0,1.0,0.833
2020-21,Andre Iguodala,2738,3,22.666666666666668,1.6666666666666667,1.0,0.19433333333333333
2020-21,Andre Iguodala,2738,4,23.666666666666668,7.333333333333333,2.6666666666666665,0.454
2020-21,Andre Iguodala,2738,5,23.0,10.0,2.0,0.333
2020-21,Andre Iguodala,2738,7,23.666666666666668,5.666666666666667,1.3333333333333333,0.37766666666666665
2020-21,Andre Iguodala,2738,8,23.666666666666668,2.3333333333333335,3.0,0.16666666666666666
2020-21,Andre Iguodala,2738,9,25.0,2.0,0.0,0.5
2020-21,Andre Iguodala,2738,11,22.5,6.0,2.0,0.4
2020-21,Andre Iguodala,2738,13,22.0,7.0,3.0,0.5
2020-21,Andre Iguodala,2738,17,26.0,6.0,3.0,0.4
2020-21,Andre Iguodala,2738,19,22.0,8.0,3.0,0.5
2020-21,Andre Iguodala,2738,38,28.0,16.0,7.0,0.545
2020-21,Andrew Wiggins,203952,-37,26.0,15.0,2.0,0.556
2020-21,Andrew Wiggins,203952,-35,30.0,15.0,5.0,0.273
2020-21,Andrew Wiggins,203952,-29,33.0,14.0,1.0,0.4
2020-21,Andrew Wiggins,203952,-28,31.0,13.0,1.0,0.25
2020-21,Andrew Wiggins,203952,-27,25.0,13.0,2.0,0.556
2020-21,Andrew Wiggins,203952,-26,26.5,9.0,0.5,0.3085
2020-21,Andrew Wiggins,203952,-25,28.0,15.0,1.0,0.417
2020-21,Andrew Wiggins,203952,-23,33.0,29.0,3.0,0.526
2020-21,Andrew Wiggins,203952,-22,31.5,16.5,3.0,0.47850000000000004
2020-21,Andrew Wiggins,203952,-19,24.0,12.0,0.0,0.333
2020-21,Andrew Wiggins,203952,-18,30.0,16.5,1.5,0.5035000000000001
2020-21,Andrew Wiggins,203952,-15,33.0,19.0,2.5,0.4395
2020-21,Andrew Wiggins,203952,-14,33.0,15.0,4.0,0.385
2020-21,Andrew Wiggins,203952,-13,35.5,22.0,2.5,0.5085000000000001
2020-21,Andrew Wiggins,203952,-12,28.0,16.0,1.0,0.5
2020-21,Andrew Wiggins,203952,-9,33.0,26.0,4.0,0.556
2020-21,Andrew Wiggins,203952,-8,32.833333333333336,17.833333333333332,2.1666666666666665,0.4406666666666667
2020-21,Andrew Wiggins,203952,-7,33.0,19.0,3.0,0.667
2020-21,Andrew Wiggins,203952,-6,28.0,22.0,1.0,0.75
2020-21,Andrew Wiggins,203952,-5,33.0,19.0,4.0,0.533
2020-21,Andrew Wiggins,203952,-3,35.5,10.0,3.0,0.30000000000000004
2020-21,Andrew Wiggins,203952,-1,40.0,22.0,0.0,0.533
2020-21,Andrew Wiggins,203952,0,38.0,19.666666666666668,2.3333333333333335,0.46166666666666667
2020-21,Andrew Wiggins,203952,1,34.0,21.0,3.0,0.615
2020-21,Andrew Wiggins,203952,2,36.0,16.5,3.5,0.4
2020-21,Andrew Wiggins,203952,3,38.0,16.0,2.0,0.5225
2020-21,Andrew Wiggins,203952,6,37.0,14.0,0.0,0.25
2020-21,Andrew Wiggins,203952,7,29.0,15.0,2.0,0.385
2020-21,Andrew Wiggins,203952,8,33.5,17.5,2.25,0.473
2020-21,Andrew Wiggins,203952,9,35.0,25.0,3.0,0.524
2020-21,Andrew Wiggins,203952,10,38.0,15.0,3.0,0.375
2020-21,Andrew Wiggins,203952,12,34.5,18.0,5.5,0.5355000000000001
2020-21,Andrew Wiggins,203952,13,38.0,26.0,0.0,0.526
2020-21,Andrew Wiggins,203952,14,39.0,38.0,3.0,0.708
2020-21,Andrew Wiggins,203952,15,29.666666666666668,17.333333333333332,3.6666666666666665,0.41500000000000004
2020-21,Andrew Wiggins,203952,16,37.0,16.0,1.0,0.462
2020-21,Andrew Wiggins,203952,19,36.25,22.5,2.0,0.52025
2020-21,Andrew Wiggins,203952,20,34.0,23.0,6.0,0.563
2020-21,Andrew Wiggins,203952,22,29.0,23.0,0.0,0.526
2020-21,Andrew Wiggins,203952,23,30.0,19.0,1.0,0.615
2020-21,Andrew Wiggins,203952,24,33.5,30.0,3.0,0.577
2020-21,Andrew Wiggins,203952,25,38.0,23.0,0.0,0.5
2020-21,Andrew Wiggins,203952,27,30.0,18.0,3.0,0.583
2020-21,Andrew Wiggins,203952,28,25.0,20.0,3.0,0.471
2020-21,Andrew Wiggins,203952,30,24.0,18.0,4.0,0.615
2020-21,Andrew Wiggins,203952,33,26.0,16.0,1.0,0.5
2020-21,Anfernee Simons,1629014,-15,28.0,10.5,3.0,0.2915
2020-21,Anfernee Simons,1629014,-10,22.0,11.0,0.0,0.25
2020-21,Anfernee Simons,1629014,-9,26.5,16.5,2.0,0.494
2020-21,Anfernee Simons,1629014,-8,28.0,14.0,0.0,0.385
2020-21,Anfernee Simons,1629014,-7,20.0,9.0,2.0,0.5
2020-21,Anfernee Simons,1629014,-5,24.0,12.0,1.0,0.667
2020-21,Anfernee Simons,1629014,-3,21.0,5.0,2.0,0.167
2020-21,Anfernee Simons,1629014,-1,27.0,8.0,1.0,0.3
2020-21,Anfernee Simons,1629014,3,21.0,11.0,2.0,0.364
2020-21,Anfernee Simons,1629014,4,23.0,16.0,2.0,0.667
2020-21,Anfernee Simons,1629014,5,30.0,16.0,1.0,0.4
2020-21,Anfernee Simons,1629014,6,26.0,8.0,3.0,0.4165
2020-21,Anfernee Simons,1629014,8,22.0,16.0,2.0,0.455
2020-21,Anfernee Simons,1629014,11,21.0,10.0,0.0,0.5
2020-21,Anfernee Simons,1629014,12,23.5,9.5,2.0,0.4375
2020-21,Anfernee Simons,1629014,15,21.0,8.0,1.0,0.375
2020-21,Anfernee Simons,1629014,16,29.0,16.0,2.0,0.5
2020-21,Anfernee Simons,1629014,18,24.0,15.0,3.0,0.714
2020-21,Anfernee Simons,1629014,26,25.0,10.0,1.0,0.667
2020-21,Anfernee Simons,1629014,42,24.0,27.0,4.0,0.692
2020-21,Anthony Davis,203076,-19,28.0,17.0,3.0,0.263
2020-21,Anthony Davis,203076,-16,32.0,20.5,2.5,0.5900000000000001
2020-21,Anthony Davis,203076,-13,31.0,26.0,2.0,0.5
2020-21,Anthony Davis,203076,-11,36.0,24.0,6.0,0.4175
2020-21,Anthony Davis,203076,-10,35.0,27.0,2.0,0.44
2020-21,Anthony Davis,203076,-8,34.0,22.0,3.0,0.474
2020-21,Anthony Davis,203076,-5,35.0,17.0,4.0,0.313
2020-21,Anthony Davis,203076,-4,34.0,23.0,2.0,0.5
2020-21,Anthony Davis,203076,0,35.333333333333336,29.0,4.0,0.5123333333333333
2020-21,Anthony Davis,203076,2,35.0,25.0,2.0,0.714
2020-21,Anthony Davis,203076,3,33.0,25.0,1.0,0.474
2020-21,Anthony Davis,203076,5,32.333333333333336,22.333333333333332,3.0,0.49866666666666665
2020-21,Anthony Davis,203076,6,31.0,18.0,3.0,0.533
2020-21,Anthony Davis,203076,7,43.0,20.0,4.0,0.348
2020-21,Anthony Davis,203076,9,39.5,29.0,4.0,0.5455
2020-21,Anthony Davis,203076,12,33.666666666666664,19.333333333333332,4.0,0.4306666666666667
2020-21,Anthony Davis,203076,16,27.0,23.0,3.0,0.62
2020-21,Anthony Davis,203076,17,31.0,20.0,3.0,0.6
2020-21,Anthony Davis,203076,20,33.0,17.0,5.0,0.313
2020-21,Anthony Davis,203076,21,30.5,16.0,2.0,0.75
2020-21,Anthony Davis,203076,26,40.0,42.0,5.0,0.481
2020-21,Anthony Davis,203076,29,29.0,27.0,1.0,0.75
2020-21,Anthony Edwards,1630162,-39,33.0,27.0,2.0,0.364
2020-21,Anthony Edwards,1630162,-25,28.0,15.0,3.0,0.385
2020-21,Anthony Edwards,1630162,-24,33.0,19.0,3.0,0.348
2020-21,Anthony Edwards,1630162,-23,38.0,8.0,4.0,0.2
2020-21,Anthony Edwards,1630162,-21,27.0,18.0,1.5,0.3905
2020-21,Anthony Edwards,1630162,-17,32.666666666666664,22.666666666666668,2.3333333333333335,0.4166666666666667
2020-21,Anthony Edwards,1630162,-15,33.0,25.0,1.0,0.39649999999999996
2020-21,Anthony Edwards,1630162,-14,28.0,15.0,2.0,0.286
2020-21,Anthony Edwards,1630162,-13,29.333333333333332,11.333333333333334,3.0,0.26733333333333337
2020-21,Anthony Edwards,1630162,-12,34.0,15.333333333333334,4.666666666666667,0.30033333333333334
2020-21,Anthony Edwards,1630162,-10,27.0,12.0,2.0,0.2695
2020-21,Anthony Edwards,1630162,-9,33.0,21.0,1.0,0.3755
2020-21,Anthony Edwards,1630162,-8,30.333333333333332,15.333333333333334,4.666666666666667,0.40066666666666667
2020-21,Anthony Edwards,1630162,-7,33.0,26.666666666666668,2.3333333333333335,0.443
2020-21,Anthony Edwards,1630162,-6,33.333333333333336,19.666666666666668,4.333333333333333,0.38599999999999995
2020-21,Anthony Edwards,1630162,-5,31.666666666666668,21.0,3.3333333333333335,0.524
2020-21,Anthony Edwards,1630162,-4,33.0,21.0,3.0,0.429
2020-21,Anthony Edwards,1630162,-3,29.0,14.5,2.0,0.4085
2020-21,Anthony Edwards,1630162,-2,32.0,25.0,2.0,0.474
2020-21,Anthony Edwards,1630162,-1,40.5,24.5,4.0,0.5545
2020-21,Anthony Edwards,1630162,0,32.0,25.5,4.5,0.538
2020-21,Anthony Edwards,1630162,1,32.0,12.333333333333334,2.6666666666666665,0.35033333333333333
2020-21,Anthony Edwards,1630162,2,31.5,18.25,2.5,0.44325000000000003
2020-21,Anthony Edwards,1630162,4,32.333333333333336,19.333333333333332,3.0,0.4326666666666667
2020-21,Anthony Edwards,1630162,5,34.8,23.8,3.2,0.4566
2020-21,Anthony Edwards,1630162,6,22.0,18.0,1.0,0.667
2020-21,Anthony Edwards,1630162,9,32.0,30.0,2.6666666666666665,0.439
2020-21,Anthony Edwards,1630162,11,37.5,34.5,4.5,0.614
2020-21,Anthony Edwards,1630162,13,22.0,8.0,0.0,0.214
2020-21,Anthony Edwards,1630162,14,34.5,21.0,3.0,0.515
2020-21,Anthony Edwards,1630162,15,37.0,19.0,5.0,0.333
2020-21,Anthony Edwards,1630162,19,30.0,12.0,5.0,0.385
2020-21,Anthony Edwards,1630162,25,28.0,16.0,5.0,0.636
2020-21,Anthony Edwards,1630162,30,34.0,22.0,2.0,0.438
2020-21,Anthony Gill,1630264,6,22.0,2.0,2.0,0.25
2020-21,Anthony Gill,1630264,16,21.0,12.0,1.0,0.5
2020-21,Anthony Gill,1630264,20,20.0,9.0,1.0,0.8
2020-21,Anthony Lamb,1630237,-23,42.0,7.0,4.0,0.333
2020-21,Anthony Lamb,1630237,-19,31.0,3.0,0.0,0.167
2020-21,Anthony Lamb,1630237,-18,34.0,9.0,4.0,0.571
2020-21,Anthony Lamb,1630237,-16,26.0,9.0,1.0,0.429
2020-21,Anthony Lamb,1630237,-8,35.0,22.0,2.0,0.467
2020-21,Anthony Lamb,1630237,-2,34.0,14.0,2.0,0.417
2020-21,Anthony Lamb,1630237,0,30.0,21.0,1.0,0.571
2020-21,Anthony Lamb,1630237,6,22.0,3.0,1.0,0.143
2020-21,Anthony Lamb,1630237,19,30.0,17.0,3.0,0.6
2020-21,Anthony Tolliver,201229,-18,21.0,0.0,0.0,0.0
2020-21,Armoni Brooks,1629717,-32,34.0,6.0,4.0,0.182
2020-21,Armoni Brooks,1629717,-31,34.0,18.0,0.0,0.316
2020-21,Armoni Brooks,1629717,-22,42.0,12.0,5.0,0.333
2020-21,Armoni Brooks,1629717,-20,20.0,4.0,3.0,0.333
2020-21,Armoni Brooks,1629717,-19,30.0,10.0,1.0,0.231
2020-21,Armoni Brooks,1629717,-13,30.0,20.0,1.0,0.438
2020-21,Armoni Brooks,1629717,-5,26.0,16.0,1.0,0.714
2020-21,Armoni Brooks,1629717,-3,25.0,8.0,0.0,0.25
2020-21,Armoni Brooks,1629717,-1,36.0,24.0,1.0,0.5
2020-21,Armoni Brooks,1629717,1,24.0,18.0,1.0,0.667
2020-21,Armoni Brooks,1629717,3,34.0,19.0,6.0,0.5
2020-21,Armoni Brooks,1629717,5,30.0,9.0,0.0,0.375
2020-21,Armoni Brooks,1629717,7,33.0,15.0,3.0,0.556
2020-21,Armoni Brooks,1629717,12,35.0,15.0,3.0,0.545
2020-21,Aron Baynes,203382,-17,28.0,11.0,0.0,0.556
2020-21,Aron Baynes,203382,-13,22.0,2.0,1.0,0.125
2020-21,Aron Baynes,203382,-12,22.0,11.0,2.0,0.417
2020-21,Aron Baynes,203382,-11,24.5,10.5,3.0,0.5555
2020-21,Aron Baynes,203382,-10,29.0,11.0,1.0,0.3835
2020-21,Aron Baynes,203382,-7,23.0,6.0,0.0,0.333
2020-21,Aron Baynes,203382,-5,26.0,14.0,0.0,0.455
2020-21,Aron Baynes,203382,-4,23.0,13.0,1.0,0.571
2020-21,Aron Baynes,203382,-3,21.5,7.0,2.0,0.5355
2020-21,Aron Baynes,203382,0,23.0,6.0,1.0,0.429
2020-21,Aron Baynes,203382,3,21.0,8.0,4.0,0.5
2020-21,Aron Baynes,203382,5,23.0,3.0,1.0,0.2
2020-21,Aron Baynes,203382,6,21.0,0.0,1.0,0.0
2020-21,Aron Baynes,203382,9,26.0,9.0,1.0,0.5
2020-21,Aron Baynes,203382,11,29.0,8.0,0.0,0.444
2020-21,Aron Baynes,203382,12,21.0,13.0,1.0,0.833
2020-21,Aron Baynes,203382,18,29.0,8.0,1.0,0.5
2020-21,Aron Baynes,203382,20,20.0,10.0,1.0,0.444
2020-21,Aron Baynes,203382,21,24.0,5.0,1.0,0.667
2020-21,Aron Baynes,203382,25,32.0,4.0,1.0,0.5
2020-21,Austin Rivers,203085,-22,22.0,6.0,1.0,0.333
2020-21,Austin Rivers,203085,-21,37.0,13.0,1.0,0.417
2020-21,Austin Rivers,203085,-19,32.0,12.0,6.0,0.417
2020-21,Austin Rivers,203085,-17,22.0,6.0,2.0,0.429
2020-21,Austin Rivers,203085,-15,20.0,4.0,3.0,0.4
2020-21,Austin Rivers,203085,-13,27.0,25.0,1.0,0.714
2020-21,Austin Rivers,203085,-12,26.0,18.0,3.0,0.6
2020-21,Austin Rivers,203085,-4,21.0,7.0,5.0,0.5
2020-21,Austin Rivers,203085,-1,30.5,6.0,1.5,0.278
2020-21,Austin Rivers,203085,1,33.0,3.0,6.0,0.333
2020-21,Austin Rivers,203085,2,32.0,23.0,2.0,0.643
2020-21,Austin Rivers,203085,4,33.0,8.0,1.0,0.5
2020-21,Austin Rivers,203085,5,31.0,8.5,3.5,0.3645
2020-21,Austin Rivers,203085,6,28.0,3.0,3.0,0.333
2020-21,Austin Rivers,203085,9,23.0,8.0,3.0,0.429
2020-21,Austin Rivers,203085,12,30.5,10.5,2.0,0.3875
2020-21,Austin Rivers,203085,13,28.0,25.0,3.0,0.538
2020-21,Austin Rivers,203085,15,28.0,6.0,3.0,0.375
2020-21,Austin Rivers,203085,17,25.0,12.0,2.5,0.49450000000000005
2020-21,Austin Rivers,203085,22,25.0,3.0,4.0,0.143
2020-21,Avery Bradley,202340,-22,24.0,14.0,1.0,0.556
2020-21,Avery Bradley,202340,-18,23.0,5.0,2.0,0.2655
2020-21,Avery Bradley,202340,-14,20.0,0.0,0.0,0.0
2020-21,Avery Bradley,202340,-10,21.0,6.0,2.0,0.286
2020-21,Avery Bradley,202340,-9,20.5,3.5,2.5,0.3
2020-21,Avery Bradley,202340,-6,25.0,6.0,0.0,0.4
2020-21,Avery Bradley,202340,-5,24.5,9.0,2.0,0.375
2020-21,Avery Bradley,202340,-4,26.0,5.0,3.0,0.222
2020-21,Avery Bradley,202340,-3,23.0,0.0,4.0,0.0
2020-21,Avery Bradley,202340,0,26.0,3.0,1.0,0.167
2020-21,Avery Bradley,202340,1,32.0,6.0,3.0,0.5
2020-21,Avery Bradley,202340,2,29.0,16.0,0.0,0.545
2020-21,Avery Bradley,202340,7,33.0,7.0,3.0,0.25
2020-21,Avery Bradley,202340,23,28.0,12.0,4.0,0.571
2020-21,Axel Toupane,1626253,-11,27.0,2.0,1.0,0.25
2020-21,Bam Adebayo,1628389,-32,25.0,12.0,4.0,0.714
2020-21,Bam Adebayo,1628389,-23,33.0,15.0,6.0,0.462
2020-21,Bam Adebayo,1628389,-22,30.0,11.0,11.0,0.4
2020-21,Bam Adebayo,1628389,-20,33.0,24.0,7.0,0.625
2020-21,Bam Adebayo,1628389,-16,36.0,23.0,2.0,0.643
2020-21,Bam Adebayo,1628389,-15,32.0,16.0,6.0,0.444
2020-21,Bam Adebayo,1628389,-13,31.5,24.5,4.0,0.5825
2020-21,Bam Adebayo,1628389,-12,34.0,25.0,4.0,0.688
2020-21,Bam Adebayo,1628389,-11,36.0,14.0,6.0,0.412
2020-21,Bam Adebayo,1628389,-9,33.0,15.0,10.0,0.5
2020-21,Bam Adebayo,1628389,-8,35.0,17.666666666666668,6.0,0.6033333333333334
2020-21,Bam Adebayo,1628389,-7,29.5,12.5,6.5,0.4745
2020-21,Bam Adebayo,1628389,-6,33.666666666666664,18.0,3.6666666666666665,0.6703333333333333
2020-21,Bam Adebayo,1628389,-5,34.25,18.5,3.5,0.536
2020-21,Bam Adebayo,1628389,-4,32.0,15.0,4.0,0.6
2020-21,Bam Adebayo,1628389,-3,32.75,19.0,5.25,0.5825
2020-21,Bam Adebayo,1628389,-2,38.0,23.0,2.0,0.667
2020-21,Bam Adebayo,1628389,-1,34.5,20.0,3.0,0.6395
2020-21,Bam Adebayo,1628389,0,35.0,20.0,10.0,0.538
2020-21,Bam Adebayo,1628389,1,32.5,18.5,4.5,0.5645
2020-21,Bam Adebayo,1628389,2,33.333333333333336,14.0,6.0,0.543
2020-21,Bam Adebayo,1628389,3,30.5,11.5,6.0,0.4375
2020-21,Bam Adebayo,1628389,4,31.0,23.0,5.666666666666667,0.612
2020-21,Bam Adebayo,1628389,5,34.0,22.333333333333332,7.333333333333333,0.5973333333333333
2020-21,Bam Adebayo,1628389,7,34.0,16.0,5.0,0.5
2020-21,Bam Adebayo,1628389,8,34.0,20.0,6.5,0.6795
2020-21,Bam Adebayo,1628389,9,30.0,19.0,4.333333333333333,0.5013333333333333
2020-21,Bam Adebayo,1628389,10,37.5,22.0,4.5,0.5585
2020-21,Bam Adebayo,1628389,11,33.0,25.5,8.5,0.6755
2020-21,Bam Adebayo,1628389,13,33.5,18.5,5.0,0.725
2020-21,Bam Adebayo,1628389,14,35.0,15.0,6.0,0.455
2020-21,Bam Adebayo,1628389,16,34.0,16.0,7.0,0.4
2020-21,Bam Adebayo,1628389,18,35.0,16.0,10.0,0.462
2020-21,Bam Adebayo,1628389,22,36.0,29.0,2.0,0.524
2020-21,Bam Adebayo,1628389,23,33.0,13.0,6.0,0.462
2020-21,Bam Adebayo,1628389,25,28.0,20.0,4.0,0.9
2020-21,Bam Adebayo,1628389,29,27.0,21.0,3.0,0.5
2020-21,Ben McLemore,203463,-23,20.0,7.0,0.0,0.2
2020-21,Ben McLemore,203463,-17,24.0,8.0,0.0,0.214
2020-21,Ben McLemore,203463,-16,28.0,5.0,1.0,0.333
2020-21,Ben McLemore,203463,-13,24.0,9.0,2.0,0.333
2020-21,Ben McLemore,203463,-12,23.0,14.0,0.0,0.4
2020-21,Ben McLemore,203463,-9,22.0,9.0,1.0,0.429
2020-21,Ben McLemore,203463,-7,21.0,3.0,4.0,0.167
2020-21,Ben McLemore,203463,-6,38.0,21.0,1.0,0.5
2020-21,Ben McLemore,203463,-5,22.0,12.0,0.0,0.5
2020-21,Ben McLemore,203463,-3,22.0,16.0,1.0,0.313
2020-21,Ben McLemore,203463,-1,25.0,7.0,2.0,0.5
2020-21,Ben McLemore,203463,0,29.0,20.0,0.0,0.583
2020-21,Ben McLemore,203463,1,21.5,9.0,0.5,0.3035
2020-21,Ben McLemore,203463,5,35.0,21.0,3.0,0.467
2020-21,Ben McLemore,203463,6,20.0,11.0,0.0,0.417
2020-21,Ben McLemore,203463,7,23.0,6.0,1.5,0.182
2020-21,Ben McLemore,203463,11,23.0,17.0,2.0,0.583
2020-21,Ben McLemore,203463,17,22.0,17.0,0.0,0.5
2020-21,Ben Simmons,1627732,-22,31.0,11.0,2.0,0.308
2020-21,Ben Simmons,1627732,-21,28.0,15.0,4.0,0.625
2020-21,Ben Simmons,1627732,-18,36.0,20.0,7.0,0.563
2020-21,Ben Simmons,1627732,-16,26.0,7.0,4.0,0.333
2020-21,Ben Simmons,1627732,-14,26.0,9.5,4.5,0.5355
2020-21,Ben Simmons,1627732,-12,26.0,15.0,2.0,0.6
2020-21,Ben Simmons,1627732,-11,39.0,17.0,10.0,0.533
2020-21,Ben Simmons,1627732,-7,45.0,13.0,12.0,0.375
2020-21,Ben Simmons,1627732,-5,36.0,30.0,8.0,0.622
2020-21,Ben Simmons,1627732,-3,38.5,20.0,6.0,0.5589999999999999
2020-21,Ben Simmons,1627732,-2,26.5,13.5,5.5,0.5695
2020-21,Ben Simmons,1627732,-1,34.0,17.0,9.0,0.545
2020-21,Ben Simmons,1627732,0,36.0,11.0,9.0,0.333
2020-21,Ben Simmons,1627732,1,34.0,5.0,5.0,0.333
2020-21,Ben Simmons,1627732,2,33.0,11.75,8.5,0.6065
2020-21,Ben Simmons,1627732,3,24.0,5.0,5.0,0.182
2020-21,Ben Simmons,1627732,4,33.5,17.5,6.5,0.653
2020-21,Ben Simmons,1627732,5,33.0,10.0,6.0,0.5
2020-21,Ben Simmons,1627732,6,35.0,17.0,12.0,0.778
2020-21,Ben Simmons,1627732,7,35.0,16.666666666666668,8.666666666666666,0.6649999999999999
2020-21,Ben Simmons,1627732,8,38.0,9.0,12.0,0.143
2020-21,Ben Simmons,1627732,9,33.6,18.4,6.4,0.67
2020-21,Ben Simmons,1627732,10,37.0,12.666666666666666,8.333333333333334,0.5
2020-21,Ben Simmons,1627732,11,36.0,13.5,8.5,0.619
2020-21,Ben Simmons,1627732,13,28.5,8.0,8.5,0.5
2020-21,Ben Simmons,1627732,14,29.0,13.0,5.5,0.6625
2020-21,Ben Simmons,1627732,15,32.0,15.0,7.0,0.545
2020-21,Ben Simmons,1627732,16,34.0,15.0,9.0,0.583
2020-21,Ben Simmons,1627732,18,25.0,11.0,7.0,0.4
2020-21,Ben Simmons,1627732,20,22.0,12.0,4.0,0.75
2020-21,Ben Simmons,1627732,21,26.0,14.0,9.0,0.667
2020-21,Ben Simmons,1627732,22,30.0,14.0,4.5,0.556
2020-21,Ben Simmons,1627732,23,34.0,22.0,4.0,0.467
2020-21,Ben Simmons,1627732,25,25.666666666666668,13.333333333333334,6.333333333333333,0.5633333333333334
2020-21,Ben Simmons,1627732,29,33.0,15.0,5.0,0.857
2020-21,Bismack Biyombo,202687,-20,22.0,4.0,4.0,0.286
2020-21,Bismack Biyombo,202687,-19,26.0,6.0,1.0,0.75
2020-21,Bismack Biyombo,202687,-17,28.0,16.0,2.0,0.7
2020-21,Bismack Biyombo,202687,-16,22.0,3.0,0.0,1.0
2020-21,Bismack Biyombo,202687,-15,26.0,7.0,1.0,0.429
2020-21,Bismack Biyombo,202687,-13,22.0,4.0,1.0,0.667
2020-21,Bismack Biyombo,202687,-11,27.0,5.5,3.5,0.7145
2020-21,Bismack Biyombo,202687,-10,23.0,3.0,1.5,0.5
2020-21,Bismack Biyombo,202687,-8,26.0,11.0,1.0,0.833
2020-21,Bismack Biyombo,202687,-7,24.0,2.0,1.0,0.333
2020-21,Bismack Biyombo,202687,-6,25.5,6.0,1.0,0.5625
2020-21,Bismack Biyombo,202687,-5,24.4,5.6,1.8,0.4640000000000001
2020-21,Bismack Biyombo,202687,-3,24.0,5.75,1.25,0.58325
2020-21,Bismack Biyombo,202687,-2,21.0,4.0,1.0,0.3335
2020-21,Bismack Biyombo,202687,0,24.0,11.0,0.0,1.0
2020-21,Bismack Biyombo,202687,1,23.0,11.0,1.0,0.8
2020-21,Bismack Biyombo,202687,3,26.0,11.0,0.0,0.8
2020-21,Bismack Biyombo,202687,4,30.5,6.0,2.0,0.5895
2020-21,Bismack Biyombo,202687,5,23.5,6.0,0.0,0.675
2020-21,Bismack Biyombo,202687,6,27.0,6.0,2.0,0.667
2020-21,Bismack Biyombo,202687,8,29.0,8.0,2.0,0.611
2020-21,Bismack Biyombo,202687,10,23.5,8.5,1.5,0.8335
2020-21,Bismack Biyombo,202687,11,25.5,2.5,2.0,0.25
2020-21,Bismack Biyombo,202687,23,29.0,8.0,4.0,1.0
2020-21,Blake Griffin,201933,-28,21.0,5.0,2.0,0.125
2020-21,Blake Griffin,201933,-19,26.0,9.0,5.0,0.222
2020-21,Blake Griffin,201933,-17,33.0,16.0,6.0,0.385
2020-21,Blake Griffin,201933,-16,36.5,18.5,3.0,0.3685
2020-21,Blake Griffin,201933,-15,35.0,15.0,2.0,0.462
2020-21,Blake Griffin,201933,-14,28.0,7.0,3.0,0.25
2020-21,Blake Griffin,201933,-13,39.0,17.0,4.0,0.5
2020-21,Blake Griffin,201933,-10,22.0,10.0,2.0,0.444
2020-21,Blake Griffin,201933,-7,32.0,10.0,5.0,0.333
2020-21,Blake Griffin,201933,-6,27.5,10.5,3.5,0.333
2020-21,Blake Griffin,201933,-5,24.0,4.0,2.0,0.0
2020-21,Blake Griffin,201933,-4,28.0,14.5,3.5,0.374
2020-21,Blake Griffin,201933,-2,27.0,10.0,3.0,0.4
2020-21,Blake Griffin,201933,0,22.0,17.0,1.0,0.545
2020-21,Blake Griffin,201933,1,26.0,16.0,4.0,0.667
2020-21,Blake Griffin,201933,3,31.0,9.0,2.0,0.364
2020-21,Blake Griffin,201933,4,29.0,11.5,5.0,0.34850000000000003
2020-21,Blake Griffin,201933,5,20.0,17.0,2.0,0.625
2020-21,Blake Griffin,201933,6,24.0,13.0,4.0,0.625
2020-21,Blake Griffin,201933,9,27.5,9.0,2.5,0.4375
2020-21,Blake Griffin,201933,10,25.5,13.5,2.5,0.525
2020-21,Blake Griffin,201933,13,27.0,9.0,2.0,0.6
2020-21,Blake Griffin,201933,14,26.0,7.0,4.0,0.286
2020-21,Blake Griffin,201933,19,35.5,15.5,6.5,0.4235
2020-21,Blake Griffin,201933,20,23.0,13.0,3.0,0.455
2020-21,Blake Griffin,201933,22,20.0,10.0,3.0,0.6
2020-21,Blake Griffin,201933,23,21.0,11.0,4.0,0.8
2020-21,Blake Griffin,201933,24,28.0,16.0,4.0,0.5
2020-21,Boban Marjanovic,1626246,2,28.0,13.0,3.0,0.545
2020-21,Boban Marjanovic,1626246,14,23.0,15.0,0.0,0.455
2020-21,Bobby Portis,1626171,-17,34.0,20.0,2.0,0.421
2020-21,Bobby Portis,1626171,-12,20.0,9.0,1.0,0.6
2020-21,Bobby Portis,1626171,-11,22.0,11.0,0.0,0.556
2020-21,Bobby Portis,1626171,-10,22.5,15.5,0.5,0.6234999999999999
2020-21,Bobby Portis,1626171,-9,28.0,16.0,1.0,0.7
2020-21,Bobby Portis,1626171,-6,20.0,15.0,1.0,0.538
2020-21,Bobby Portis,1626171,-2,22.666666666666668,12.0,1.3333333333333333,0.4443333333333333
2020-21,Bobby Portis,1626171,-1,26.5,18.5,2.5,0.5994999999999999
2020-21,Bobby Portis,1626171,1,22.0,10.0,0.0,0.429
2020-21,Bobby Portis,1626171,3,23.0,10.0,3.0,0.5
2020-21,Bobby Portis,1626171,5,22.0,10.0,1.0,0.625
2020-21,Bobby Portis,1626171,6,28.5,17.0,1.25,0.5905
2020-21,Bobby Portis,1626171,8,20.0,18.0,1.0,0.889
2020-21,Bobby Portis,1626171,9,25.0,13.0,1.0,0.667
2020-21,Bobby Portis,1626171,11,25.0,18.0,4.0,0.571
2020-21,Bobby Portis,1626171,13,21.0,14.0,1.0,0.417
2020-21,Bobby Portis,1626171,14,24.0,16.5,2.5,0.577
2020-21,Bobby Portis,1626171,16,20.5,9.0,1.0,0.4365
2020-21,Bobby Portis,1626171,17,23.0,14.0,0.0,0.5
2020-21,Bobby Portis,1626171,19,31.0,12.0,0.0,0.556
2020-21,Bobby Portis,1626171,20,25.0,10.0,2.0,0.556
2020-21,Bobby Portis,1626171,21,22.0,14.0,2.0,0.545
2020-21,Bobby Portis,1626171,23,23.0,16.0,1.0,0.5
2020-21,Bobby Portis,1626171,27,26.0,11.0,1.0,0.4
2020-21,Bobby Portis,1626171,28,20.0,3.0,1.0,0.2
2020-21,Bobby Portis,1626171,31,23.0,21.0,2.0,0.692
2020-21,Bogdan Bogdanovic,203992,-22,35.0,17.0,5.0,0.368
2020-21,Bogdan Bogdanovic,203992,-16,36.0,24.0,3.0,0.45
2020-21,Bogdan Bogdanovic,203992,-13,32.0,14.5,2.5,0.4325
2020-21,Bogdan Bogdanovic,203992,-11,29.0,10.0,3.0,0.4
2020-21,Bogdan Bogdanovic,203992,-8,23.0,11.0,2.0,0.333
2020-21,Bogdan Bogdanovic,203992,-6,28.0,22.0,1.0,0.5
2020-21,Bogdan Bogdanovic,203992,-5,23.0,16.0,6.0,0.545
2020-21,Bogdan Bogdanovic,203992,-4,26.0,17.0,2.0,0.452
2020-21,Bogdan Bogdanovic,203992,-3,33.0,10.0,5.0,0.3
2020-21,Bogdan Bogdanovic,203992,-1,29.5,20.0,4.5,0.4585
2020-21,Bogdan Bogdanovic,203992,0,25.666666666666668,11.0,3.0,0.391
2020-21,Bogdan Bogdanovic,203992,1,35.5,24.5,5.0,0.5745
2020-21,Bogdan Bogdanovic,203992,3,31.0,20.0,1.0,0.636
2020-21,Bogdan Bogdanovic,203992,4,39.0,23.0,4.0,0.5
2020-21,Bogdan Bogdanovic,203992,5,35.0,25.0,4.0,0.471
2020-21,Bogdan Bogdanovic,203992,6,29.0,23.0,3.0,0.643
2020-21,Bogdan Bogdanovic,203992,7,35.75,23.5,4.0,0.56925
2020-21,Bogdan Bogdanovic,203992,8,31.0,14.0,2.0,0.375
2020-21,Bogdan Bogdanovic,203992,9,27.5,12.0,3.0,0.4665
2020-21,Bogdan Bogdanovic,203992,10,37.0,23.0,3.0,0.5
2020-21,Bogdan Bogdanovic,203992,11,30.0,19.5,2.5,0.392
2020-21,Bogdan Bogdanovic,203992,12,40.0,20.0,3.0,0.533
2020-21,Bogdan Bogdanovic,203992,13,21.0,6.0,1.0,0.167
2020-21,Bogdan Bogdanovic,203992,17,34.5,12.5,3.5,0.45
2020-21,Bogdan Bogdanovic,203992,18,32.0,26.0,7.0,0.529
2020-21,Bogdan Bogdanovic,203992,23,26.0,27.0,5.0,0.75
2020-21,Bogdan Bogdanovic,203992,29,29.0,21.0,4.0,0.727
2020-21,Bojan Bogdanovic,202711,-24,26.0,9.0,1.0,0.222
2020-21,Bojan Bogdanovic,202711,-23,26.0,4.0,1.0,0.286
2020-21,Bojan Bogdanovic,202711,-19,27.0,22.0,0.0,0.545
2020-21,Bojan Bogdanovic,202711,-18,29.0,17.0,0.0,0.455
2020-21,Bojan Bogdanovic,202711,-16,33.5,12.5,1.5,0.2665
2020-21,Bojan Bogdanovic,202711,-14,34.0,18.0,0.0,0.467
2020-21,Bojan Bogdanovic,202711,-13,33.0,6.0,1.0,0.25
2020-21,Bojan Bogdanovic,202711,-9,32.5,14.0,1.5,0.3605
2020-21,Bojan Bogdanovic,202711,-8,29.5,11.0,1.0,0.4285
2020-21,Bojan Bogdanovic,202711,-7,34.0,9.0,1.0,0.188
2020-21,Bojan Bogdanovic,202711,-6,29.0,7.0,0.0,0.091
2020-21,Bojan Bogdanovic,202711,-5,27.0,4.666666666666667,0.6666666666666666,0.12233333333333334
2020-21,Bojan Bogdanovic,202711,-4,27.333333333333332,12.666666666666666,1.6666666666666667,0.35400000000000004
2020-21,Bojan Bogdanovic,202711,-3,32.333333333333336,21.333333333333332,1.3333333333333333,0.443
2020-21,Bojan Bogdanovic,202711,-1,30.666666666666668,20.0,1.0,0.4633333333333334
2020-21,Bojan Bogdanovic,202711,0,35.0,31.5,3.0,0.5800000000000001
2020-21,Bojan Bogdanovic,202711,1,32.5,15.5,1.5,0.3215
2020-21,Bojan Bogdanovic,202711,2,29.666666666666668,12.333333333333334,1.6666666666666667,0.38400000000000006
2020-21,Bojan Bogdanovic,202711,3,34.0,18.0,2.0,0.357
2020-21,Bojan Bogdanovic,202711,4,39.0,48.0,2.0,0.696
2020-21,Bojan Bogdanovic,202711,5,32.666666666666664,23.0,1.3333333333333333,0.5083333333333333
2020-21,Bojan Bogdanovic,202711,6,32.0,23.0,3.0,0.353
2020-21,Bojan Bogdanovic,202711,7,36.0,32.0,3.0,0.6115
2020-21,Bojan Bogdanovic,202711,8,29.666666666666668,12.333333333333334,2.3333333333333335,0.42
2020-21,Bojan Bogdanovic,202711,10,35.0,6.0,1.0,0.333
2020-21,Bojan Bogdanovic,202711,11,29.5,13.5,2.0,0.35550000000000004
2020-21,Bojan Bogdanovic,202711,12,26.0,17.0,1.0,0.5
2020-21,Bojan Bogdanovic,202711,14,28.5,22.0,3.5,0.6345000000000001
2020-21,Bojan Bogdanovic,202711,15,30.333333333333332,19.666666666666668,3.0,0.5403333333333333
2020-21,Bojan Bogdanovic,202711,17,27.5,21.5,1.5,0.6535
2020-21,Bojan Bogdanovic,202711,18,29.0,9.0,1.6666666666666667,0.31433333333333335
2020-21,Bojan Bogdanovic,202711,19,30.0,18.0,4.0,0.333
2020-21,Bojan Bogdanovic,202711,21,32.0,32.0,2.0,0.625
2020-21,Bojan Bogdanovic,202711,22,28.0,14.5,3.0,0.3325
2020-21,Bojan Bogdanovic,202711,23,31.0,20.5,1.5,0.476
2020-21,Bojan Bogdanovic,202711,24,27.0,19.0,2.6666666666666665,0.4723333333333333
2020-21,Bojan Bogdanovic,202711,26,32.0,15.0,3.0,0.3
2020-21,Bojan Bogdanovic,202711,32,29.0,21.0,1.0,0.643
2020-21,Bojan Bogdanovic,202711,36,24.5,16.0,5.5,0.428
2020-21,Bojan Bogdanovic,202711,37,29.0,24.0,4.0,0.438
2020-21,Brad Wanamaker,202954,-26,23.0,4.0,5.0,0.091
2020-21,Brad Wanamaker,202954,-17,21.0,2.0,3.0,0.333
2020-21,Brad Wanamaker,202954,-11,20.0,6.0,2.0,0.5
2020-21,Brad Wanamaker,202954,-10,28.0,13.0,5.0,0.5625
2020-21,Brad Wanamaker,202954,-8,21.0,10.5,4.0,0.482
2020-21,Brad Wanamaker,202954,-3,24.0,12.0,1.0,0.5
2020-21,Brad Wanamaker,202954,-2,22.0,9.0,6.0,0.333
2020-21,Brad Wanamaker,202954,0,20.5,6.5,6.0,0.75
2020-21,Brad Wanamaker,202954,1,21.0,3.0,3.0,0.0
2020-21,Brad Wanamaker,202954,2,28.5,14.0,4.5,0.585
2020-21,Brad Wanamaker,202954,11,21.0,4.5,5.5,0.25
2020-21,Brad Wanamaker,202954,12,20.0,2.0,3.0,0.0
2020-21,Brad Wanamaker,202954,13,23.0,4.0,4.0,0.0
2020-21,Brad Wanamaker,202954,15,33.0,14.0,5.0,0.333
2020-21,Bradley Beal,203078,-27,28.0,31.0,0.0,0.5
2020-21,Bradley Beal,203078,-25,31.0,15.0,4.0,0.2575
2020-21,Bradley Beal,203078,-20,34.5,23.0,4.5,0.4
2020-21,Bradley Beal,203078,-17,35.5,36.5,4.5,0.42200000000000004
2020-21,Bradley Beal,203078,-16,28.0,19.0,1.0,0.615
2020-21,Bradley Beal,203078,-13,42.0,30.0,6.0,0.345
2020-21,Bradley Beal,203078,-12,36.0,31.6,4.2,0.4646
2020-21,Bradley Beal,203078,-9,37.5,49.5,5.0,0.577
2020-21,Bradley Beal,203078,-8,38.0,42.0,3.0,0.583
2020-21,Bradley Beal,203078,-7,38.0,41.0,3.0,0.552
2020-21,Bradley Beal,203078,-5,36.5,31.5,8.5,0.4585
2020-21,Bradley Beal,203078,-4,38.0,34.0,4.333333333333333,0.5303333333333333
2020-21,Bradley Beal,203078,-3,35.0,29.0,5.0,0.6
2020-21,Bradley Beal,203078,-2,34.0,29.0,4.5,0.404
2020-21,Bradley Beal,203078,-1,38.2,31.2,6.0,0.4178
2020-21,Bradley Beal,203078,0,36.0,29.0,3.0,0.45
2020-21,Bradley Beal,203078,1,29.0,20.0,6.0,0.438
2020-21,Bradley Beal,203078,2,37.5,39.5,3.0,0.539
2020-21,Bradley Beal,203078,3,36.0,22.5,4.0,0.4105
2020-21,Bradley Beal,203078,4,36.0,33.0,3.0,0.391
2020-21,Bradley Beal,203078,6,32.5,32.5,4.5,0.511
2020-21,Bradley Beal,203078,7,42.0,31.333333333333332,4.666666666666667,0.514
2020-21,Bradley Beal,203078,8,37.0,43.5,2.0,0.603
2020-21,Bradley Beal,203078,9,26.0,19.0,3.0,0.333
2020-21,Bradley Beal,203078,12,35.333333333333336,29.0,3.6666666666666665,0.39233333333333337
2020-21,Bradley Beal,203078,13,35.0,30.0,2.0,0.571
2020-21,Bradley Beal,203078,14,37.333333333333336,32.0,4.666666666666667,0.5786666666666667
2020-21,Bradley Beal,203078,15,35.0,37.0,3.0,0.583
2020-21,Bradley Beal,203078,18,25.0,21.5,5.5,0.562
2020-21,Bradley Beal,203078,19,35.0,34.0,9.0,0.545
2020-21,Bradley Beal,203078,22,33.0,35.0,5.0,0.556
2020-21,Bradley Beal,203078,23,27.0,31.0,7.0,0.6
2020-21,Bradley Beal,203078,25,34.0,37.0,3.0,0.591
2020-21,Brandon Clarke,1629634,-24,26.0,13.0,0.0,0.462
2020-21,Brandon Clarke,1629634,-22,25.0,9.0,2.0,0.571
2020-21,Brandon Clarke,1629634,-20,22.0,12.0,2.0,0.556
2020-21,Brandon Clarke,1629634,-15,24.0,6.0,0.5,0.325
2020-21,Brandon Clarke,1629634,-13,21.0,12.0,1.0,0.714
2020-21,Brandon Clarke,1629634,-12,29.0,11.0,2.0,0.267
2020-21,Brandon Clarke,1629634,-11,26.0,11.0,0.0,0.5
2020-21,Brandon Clarke,1629634,-10,28.0,12.0,1.0,0.455
2020-21,Brandon Clarke,1629634,-9,28.0,16.5,3.5,0.517
2020-21,Brandon Clarke,1629634,-8,23.5,11.5,0.0,0.556
2020-21,Brandon Clarke,1629634,-7,25.0,10.0,1.0,0.308
2020-21,Brandon Clarke,1629634,-6,34.0,17.0,3.0,0.615
2020-21,Brandon Clarke,1629634,-5,22.0,7.0,2.5,0.5355
2020-21,Brandon Clarke,1629634,-4,22.0,16.0,1.0,0.778
2020-21,Brandon Clarke,1629634,-3,21.0,15.0,2.0,0.6
2020-21,Brandon Clarke,1629634,-2,25.0,8.0,2.0,0.5
2020-21,Brandon Clarke,1629634,-1,29.333333333333332,14.333333333333334,2.3333333333333335,0.5786666666666667
2020-21,Brandon Clarke,1629634,0,28.0,16.0,2.0,0.545
2020-21,Brandon Clarke,1629634,1,21.0,6.0,1.0,0.273
2020-21,Brandon Clarke,1629634,2,23.0,12.0,1.0,0.455
2020-21,Brandon Clarke,1629634,3,25.0,14.0,3.0,0.6025
2020-21,Brandon Clarke,1629634,4,22.0,10.0,1.0,0.667
2020-21,Brandon Clarke,1629634,5,29.0,6.0,1.0,0.5
2020-21,Brandon Clarke,1629634,7,22.0,6.0,3.0,0.6
2020-21,Brandon Clarke,1629634,8,24.0,15.666666666666666,1.3333333333333333,0.646
2020-21,Brandon Clarke,1629634,10,21.0,13.0,4.0,0.8
2020-21,Brandon Clarke,1629634,12,26.666666666666668,9.0,2.3333333333333335,0.49833333333333335
2020-21,Brandon Clarke,1629634,13,26.0,7.0,3.0,0.5
2020-21,Brandon Clarke,1629634,14,23.0,6.0,1.0,0.6
2020-21,Brandon Clarke,1629634,17,26.0,14.0,0.0,0.545
2020-21,Brandon Clarke,1629634,18,24.0,11.0,2.0,0.4
2020-21,Brandon Clarke,1629634,20,22.0,9.0,1.0,0.667
2020-21,Brandon Clarke,1629634,27,33.0,12.0,2.0,0.556
2020-21,Brandon Clarke,1629634,28,27.0,15.0,1.5,0.7225
2020-21,Brandon Goodwin,1629164,-39,32.0,5.0,2.0,0.182
2020-21,Brandon Goodwin,1629164,-14,27.0,6.0,7.0,0.214
2020-21,Brandon Goodwin,1629164,-2,22.0,15.0,4.0,0.417
2020-21,Brandon Goodwin,1629164,6,37.0,18.0,3.0,0.5
2020-21,Brandon Goodwin,1629164,9,20.0,9.0,2.0,0.4
2020-21,Brandon Goodwin,1629164,11,27.0,10.0,5.0,0.4
2020-21,Brandon Goodwin,1629164,19,21.0,17.0,4.0,0.6
2020-21,Brandon Goodwin,1629164,20,37.0,17.0,8.0,0.7
2020-21,Brandon Ingram,1627742,-29,36.0,13.0,5.0,0.294
2020-21,Brandon Ingram,1627742,-25,28.0,13.0,6.0,0.545
2020-21,Brandon Ingram,1627742,-24,34.0,20.0,5.0,0.6
2020-21,Brandon Ingram,1627742,-18,35.0,17.0,4.0,0.444
2020-21,Brandon Ingram,1627742,-16,35.0,19.0,4.0,0.455
2020-21,Brandon Ingram,1627742,-15,30.5,18.0,3.0,0.46399999999999997
2020-21,Brandon Ingram,1627742,-13,28.0,17.5,4.0,0.402
2020-21,Brandon Ingram,1627742,-11,32.0,20.0,3.5,0.4165
2020-21,Brandon Ingram,1627742,-10,36.0,25.5,4.5,0.397
2020-21,Brandon Ingram,1627742,-8,36.333333333333336,24.333333333333332,5.666666666666667,0.4003333333333334
2020-21,Brandon Ingram,1627742,-7,34.0,17.0,8.5,0.3865
2020-21,Brandon Ingram,1627742,-6,36.5,27.5,7.0,0.40800000000000003
2020-21,Brandon Ingram,1627742,-5,33.0,34.0,7.0,0.611
2020-21,Brandon Ingram,1627742,-4,32.333333333333336,24.333333333333332,3.0,0.446
2020-21,Brandon Ingram,1627742,-3,32.5,27.0,5.0,0.544
2020-21,Brandon Ingram,1627742,-1,35.4,23.2,4.2,0.393
2020-21,Brandon Ingram,1627742,1,36.0,29.0,5.0,0.478
2020-21,Brandon Ingram,1627742,2,37.666666666666664,26.0,2.6666666666666665,0.3833333333333333
2020-21,Brandon Ingram,1627742,3,35.0,30.5,6.0,0.4745
2020-21,Brandon Ingram,1627742,4,36.0,25.666666666666668,5.0,0.5043333333333333
2020-21,Brandon Ingram,1627742,5,37.666666666666664,27.0,3.6666666666666665,0.49466666666666664
2020-21,Brandon Ingram,1627742,6,38.5,22.5,4.5,0.4415
2020-21,Brandon Ingram,1627742,7,32.5,17.0,4.0,0.3675
2020-21,Brandon Ingram,1627742,8,30.0,24.0,3.0,0.5
2020-21,Brandon Ingram,1627742,10,26.0,17.0,5.0,0.462
2020-21,Brandon Ingram,1627742,11,28.0,22.0,3.0,0.692
2020-21,Brandon Ingram,1627742,14,36.0,27.0,8.0,0.5
2020-21,Brandon Ingram,1627742,15,34.5,32.0,5.0,0.529
2020-21,Brandon Ingram,1627742,16,31.0,22.0,7.0,0.615
2020-21,Brandon Ingram,1627742,17,37.0,24.0,11.0,0.526
2020-21,Brandon Ingram,1627742,20,34.0,27.0,3.0,0.55
2020-21,Brandon Ingram,1627742,21,29.0,23.0,5.5,0.49749999999999994
2020-21,Brandon Ingram,1627742,28,36.0,32.0,8.0,0.632
2020-21,Brandon Ingram,1627742,33,25.0,28.0,4.0,0.786
2020-21,Brandon Ingram,1627742,36,29.0,29.0,6.0,0.647
2020-21,Brodric Thomas,1630271,-25,23.0,6.0,3.0,0.375
2020-21,Brodric Thomas,1630271,-24,26.0,5.0,0.0,0.2
2020-21,Brodric Thomas,1630271,-19,22.0,13.0,1.0,0.667
2020-21,Brodric Thomas,1630271,-8,24.0,5.0,0.0,0.667
2020-21,Brodric Thomas,1630271,-1,33.0,5.0,3.0,0.25
2020-21,Brodric Thomas,1630271,6,31.0,14.0,0.0,0.5
2020-21,Brodric Thomas,1630271,7,34.0,5.0,3.0,0.286
2020-21,Brodric Thomas,1630271,8,31.0,7.0,1.0,0.25
2020-21,Brook Lopez,201572,-25,20.0,6.0,0.0,0.286
2020-21,Brook Lopez,201572,-18,30.0,15.0,1.0,0.636
2020-21,Brook Lopez,201572,-17,29.0,9.0,0.0,0.4
2020-21,Brook Lopez,201572,-14,23.5,15.0,0.5,0.472
2020-21,Brook Lopez,201572,-12,30.0,12.5,0.5,0.44975000000000004
2020-21,Brook Lopez,201572,-11,24.0,13.333333333333334,0.3333333333333333,0.5356666666666666
2020-21,Brook Lopez,201572,-7,28.0,12.0,0.0,0.4165
2020-21,Brook Lopez,201572,-6,26.0,9.0,1.0,0.444
2020-21,Brook Lopez,201572,-5,29.0,8.0,1.0,0.30300000000000005
2020-21,Brook Lopez,201572,-4,31.0,19.0,0.0,0.7
2020-21,Brook Lopez,201572,-3,27.5,14.5,0.5,0.42000000000000004
2020-21,Brook Lopez,201572,-2,25.5,7.5,0.5,0.4285
2020-21,Brook Lopez,201572,0,33.0,7.0,0.0,0.375
2020-21,Brook Lopez,201572,2,27.666666666666668,15.666666666666666,1.3333333333333333,0.5983333333333333
2020-21,Brook Lopez,201572,3,30.0,14.5,0.0,0.5905
2020-21,Brook Lopez,201572,4,27.0,11.0,0.0,0.375
2020-21,Brook Lopez,201572,5,34.0,12.0,1.0,0.625
2020-21,Brook Lopez,201572,6,28.0,20.5,0.0,0.6955
2020-21,Brook Lopez,201572,7,27.666666666666668,10.333333333333334,0.3333333333333333,0.47633333333333333
2020-21,Brook Lopez,201572,8,29.0,19.0,0.0,0.8135
2020-21,Brook Lopez,201572,9,30.0,10.0,1.0,0.375
2020-21,Brook Lopez,201572,10,28.5,9.5,0.5,0.354
2020-21,Brook Lopez,201572,11,32.5,11.5,1.5,0.41500000000000004
2020-21,Brook Lopez,201572,12,28.5,17.0,1.0,0.667
2020-21,Brook Lopez,201572,13,26.5,13.5,1.25,0.51675
2020-21,Brook Lopez,201572,14,28.75,8.0,1.5,0.35975
2020-21,Brook Lopez,201572,15,29.0,10.5,1.5,0.5835
2020-21,Brook Lopez,201572,17,25.5,9.0,1.5,0.4375
2020-21,Brook Lopez,201572,20,23.5,20.0,1.0,0.7375
2020-21,Brook Lopez,201572,22,29.0,7.0,0.0,0.75
2020-21,Brook Lopez,201572,26,25.0,14.0,2.0,0.545
2020-21,Brook Lopez,201572,28,22.0,18.0,0.0,0.667
2020-21,Brook Lopez,201572,30,33.0,22.0,3.0,0.6
2020-21,Bruce Brown,1628971,-42,34.0,10.0,2.0,0.364
2020-21,Bruce Brown,1628971,-20,21.0,4.0,3.0,0.4
2020-21,Bruce Brown,1628971,-16,24.5,7.5,1.0,0.5625
2020-21,Bruce Brown,1628971,-14,25.0,13.0,2.0,0.556
2020-21,Bruce Brown,1628971,-12,26.0,10.5,3.0,0.525
2020-21,Bruce Brown,1628971,-9,30.0,15.0,2.0,0.462
2020-21,Bruce Brown,1628971,-8,20.0,2.0,0.0,1.0
2020-21,Bruce Brown,1628971,-7,27.0,15.0,1.0,0.875
2020-21,Bruce Brown,1628971,-5,24.0,3.0,1.0,0.25
2020-21,Bruce Brown,1628971,-4,27.25,9.5,1.75,0.5245
2020-21,Bruce Brown,1628971,-3,30.0,8.0,2.0,0.571
2020-21,Bruce Brown,1628971,-2,21.0,8.0,0.0,0.5
2020-21,Bruce Brown,1628971,-1,24.0,4.5,2.0,0.243
2020-21,Bruce Brown,1628971,1,22.5,4.5,0.5,0.5415
2020-21,Bruce Brown,1628971,2,27.0,20.0,1.0,0.6944999999999999
2020-21,Bruce Brown,1628971,3,32.5,8.0,2.5,0.55
2020-21,Bruce Brown,1628971,4,25.0,14.0,1.5,0.5
2020-21,Bruce Brown,1628971,5,22.0,8.0,0.0,0.5
2020-21,Bruce Brown,1628971,6,24.0,8.0,2.0,0.5
2020-21,Bruce Brown,1628971,7,27.5,15.5,1.0,0.6699999999999999
2020-21,Bruce Brown,1628971,8,28.0,16.0,3.0,0.615
2020-21,Bruce Brown,1628971,9,27.333333333333332,13.666666666666666,2.3333333333333335,0.662
2020-21,Bruce Brown,1628971,12,26.5,14.0,3.5,0.6475
2020-21,Bruce Brown,1628971,14,25.0,14.0,3.0,0.667
2020-21,Bruce Brown,1628971,20,24.0,17.5,3.5,0.723
2020-21,Bruce Brown,1628971,21,32.0,14.0,1.0,0.667
2020-21,Bruce Brown,1628971,22,23.0,9.0,3.0,0.267
2020-21,Bruce Brown,1628971,24,21.0,9.0,6.0,0.571
2020-21,Bruce Brown,1628971,26,25.0,12.0,4.0,0.8
2020-21,Bruce Brown,1628971,28,29.0,14.0,0.0,0.7
2020-21,Bruno Fernando,1628981,-6,20.0,2.0,2.0,0.25
2020-21,Bruno Fernando,1628981,10,21.0,10.0,1.0,0.4
2020-21,Bryn Forbes,1627854,-15,26.0,18.0,2.0,0.5
2020-21,Bryn Forbes,1627854,-11,25.0,11.0,0.0,0.429
2020-21,Bryn Forbes,1627854,-10,21.5,7.0,1.5,0.45
2020-21,Bryn Forbes,1627854,-8,22.0,20.0,1.0,0.533
2020-21,Bryn Forbes,1627854,-7,22.5,7.5,1.0,0.36650000000000005
2020-21,Bryn Forbes,1627854,-3,21.5,5.5,0.5,0.347
2020-21,Bryn Forbes,1627854,0,25.0,14.0,3.0,0.6
2020-21,Bryn Forbes,1627854,1,31.0,19.0,1.0,0.538
2020-21,Bryn Forbes,1627854,3,24.5,9.5,1.0,0.55
2020-21,Bryn Forbes,1627854,5,27.75,11.0,1.25,0.37475
2020-21,Bryn Forbes,1627854,6,20.0,9.0,0.0,0.429
2020-21,Bryn Forbes,1627854,7,27.5,16.0,0.5,0.667
2020-21,Bryn Forbes,1627854,9,22.0,18.0,0.0,0.667
2020-21,Bryn Forbes,1627854,10,28.0,30.0,0.0,0.647
2020-21,Bryn Forbes,1627854,20,24.5,13.5,1.5,0.5
2020-21,Bryn Forbes,1627854,21,26.0,10.0,1.0,0.444
2020-21,Bryn Forbes,1627854,22,25.0,23.0,3.0,0.615
2020-21,Buddy Hield,1627741,-26,27.0,8.5,3.0,0.2865
2020-21,Buddy Hield,1627741,-22,30.0,9.0,1.0,0.333
2020-21,Buddy Hield,1627741,-21,29.5,14.0,4.0,0.375
2020-21,Buddy Hield,1627741,-19,31.666666666666668,17.0,3.3333333333333335,0.42300000000000004
2020-21,Buddy Hield,1627741,-18,32.5,16.0,4.5,0.402
2020-21,Buddy Hield,1627741,-16,30.0,13.0,9.0,0.417
2020-21,Buddy Hield,1627741,-15,34.5,15.5,4.5,0.394
2020-21,Buddy Hield,1627741,-12,29.5,13.5,2.0,0.34750000000000003
2020-21,Buddy Hield,1627741,-11,31.0,8.0,1.0,0.2
2020-21,Buddy Hield,1627741,-10,27.0,9.0,3.0,0.21550000000000002
2020-21,Buddy Hield,1627741,-9,36.5,22.0,4.0,0.5405
2020-21,Buddy Hield,1627741,-8,33.0,18.666666666666668,2.6666666666666665,0.4126666666666667
2020-21,Buddy Hield,1627741,-7,34.0,13.0,2.0,0.359
2020-21,Buddy Hield,1627741,-5,37.0,21.0,3.0,0.471
2020-21,Buddy Hield,1627741,-4,36.0,16.5,6.0,0.355
2020-21,Buddy Hield,1627741,-3,34.333333333333336,14.0,3.3333333333333335,0.35833333333333334
2020-21,Buddy Hield,1627741,-2,34.25,19.5,4.25,0.45375
2020-21,Buddy Hield,1627741,-1,30.0,16.0,3.0,0.308
2020-21,Buddy Hield,1627741,0,30.0,18.0,3.0,0.545
2020-21,Buddy Hield,1627741,1,38.333333333333336,16.0,4.333333333333333,0.36999999999999994
2020-21,Buddy Hield,1627741,2,36.0,18.5,3.0,0.381
2020-21,Buddy Hield,1627741,3,38.0,26.0,5.0,0.429
2020-21,Buddy Hield,1627741,4,36.0,18.0,3.0,0.4
2020-21,Buddy Hield,1627741,6,35.5,21.0,2.5,0.5165
2020-21,Buddy Hield,1627741,7,37.0,18.0,2.3333333333333335,0.39066666666666666
2020-21,Buddy Hield,1627741,8,31.333333333333332,9.666666666666666,1.3333333333333333,0.30433333333333334
2020-21,Buddy Hield,1627741,9,31.0,10.0,1.0,0.444
2020-21,Buddy Hield,1627741,10,34.0,19.0,4.0,0.475
2020-21,Buddy Hield,1627741,11,37.0,18.0,4.0,0.313
2020-21,Buddy Hield,1627741,12,33.75,18.25,4.5,0.43674999999999997
2020-21,Buddy Hield,1627741,13,34.5,17.25,4.0,0.4335
2020-21,Buddy Hield,1627741,14,38.0,20.0,7.0,0.368
2020-21,Buddy Hield,1627741,16,37.0,29.0,3.0,0.588
2020-21,Buddy Hield,1627741,17,37.0,21.333333333333332,5.666666666666667,0.4606666666666667
2020-21,Buddy Hield,1627741,19,38.0,19.0,2.0,0.412
2020-21,Buddy Hield,1627741,30,28.0,14.0,7.0,0.455
2020-21,CJ Elleby,1629604,5,31.0,15.0,1.0,0.556
2020-21,CJ McCollum,203468,-24,23.0,13.0,1.0,0.4
2020-21,CJ McCollum,203468,-19,34.0,19.0,2.0,0.381
2020-21,CJ McCollum,203468,-17,34.5,24.0,6.0,0.4395
2020-21,CJ McCollum,203468,-12,28.0,25.0,3.0,0.471
2020-21,CJ McCollum,203468,-11,34.0,23.0,3.0,0.368
2020-21,CJ McCollum,203468,-9,37.5,25.0,5.5,0.39349999999999996
2020-21,CJ McCollum,203468,-8,30.5,13.5,3.0,0.331
2020-21,CJ McCollum,203468,-7,36.0,26.0,4.5,0.485
2020-21,CJ McCollum,203468,-5,36.5,21.0,6.5,0.519
2020-21,CJ McCollum,203468,-3,37.0,19.0,5.5,0.2855
2020-21,CJ McCollum,203468,-1,38.0,21.0,4.0,0.368
2020-21,CJ McCollum,203468,0,35.0,26.0,4.0,0.476
2020-21,CJ McCollum,203468,1,38.0,14.0,5.0,0.462
2020-21,CJ McCollum,203468,2,39.0,27.0,6.0,0.579
2020-21,CJ McCollum,203468,3,37.0,29.0,6.0,0.5
2020-21,CJ McCollum,203468,4,34.0,24.5,4.0,0.512
2020-21,CJ McCollum,203468,5,37.0,35.0,8.0,0.56
2020-21,CJ McCollum,203468,6,30.5,23.5,3.5,0.584
2020-21,CJ McCollum,203468,7,26.0,10.5,1.5,0.2605
2020-21,CJ McCollum,203468,8,41.0,31.333333333333332,8.333333333333334,0.5006666666666667
2020-21,CJ McCollum,203468,11,31.5,26.0,7.5,0.398
2020-21,CJ McCollum,203468,13,37.0,24.5,5.0,0.45799999999999996
2020-21,CJ McCollum,203468,14,35.0,24.0,6.0,0.5
2020-21,CJ McCollum,203468,15,34.5,25.0,4.5,0.537
2020-21,CJ McCollum,203468,18,35.0,28.0,7.0,0.471
2020-21,CJ McCollum,203468,22,32.5,18.0,5.5,0.4405
2020-21,CJ McCollum,203468,23,32.0,27.0,2.0,0.476
2020-21,CJ McCollum,203468,26,29.0,37.0,3.0,0.591
2020-21,CJ McCollum,203468,30,33.0,28.0,4.0,0.524
2020-21,CJ McCollum,203468,33,25.0,20.0,4.0,0.429
2020-21,CJ McCollum,203468,43,25.0,20.0,4.0,0.571
2020-21,Caleb Martin,1628997,-19,30.0,10.0,1.0,0.3
2020-21,Caleb Martin,1628997,-18,26.0,7.0,0.0,0.429
2020-21,Caleb Martin,1628997,-13,23.0,0.0,1.0,0.0
2020-21,Caleb Martin,1628997,-11,22.0,11.0,0.0,0.5
2020-21,Caleb Martin,1628997,-8,24.0,5.0,4.0,0.143
2020-21,Caleb Martin,1628997,-1,26.0,7.0,1.0,0.333
2020-21,Caleb Martin,1628997,0,22.0,9.0,1.3333333333333333,0.5223333333333334
2020-21,Caleb Martin,1628997,1,22.0,3.0,5.0,0.0
2020-21,Caleb Martin,1628997,2,33.0,17.0,2.0,0.429
2020-21,Caleb Martin,1628997,4,22.0,3.0,1.0,0.167
2020-21,Caleb Martin,1628997,6,25.0,7.0,1.0,0.429
2020-21,Caleb Martin,1628997,8,35.0,17.0,5.0,0.5
2020-21,Caleb Martin,1628997,14,26.0,7.0,1.0,0.375
2020-21,Cam Reddish,1629629,-34,28.0,20.0,0.0,0.615
2020-21,Cam Reddish,1629629,-31,21.0,6.0,1.0,0.25
2020-21,Cam Reddish,1629629,-24,30.0,9.0,0.0,0.231
2020-21,Cam Reddish,1629629,-22,30.0,12.0,3.0,0.357
2020-21,Cam Reddish,1629629,-10,22.0,2.0,1.0,0.125
2020-21,Cam Reddish,1629629,-8,28.0,11.5,1.0,0.3625
2020-21,Cam Reddish,1629629,-6,29.0,6.0,3.0,0.375
2020-21,Cam Reddish,1629629,-5,31.5,15.5,1.0,0.3585
2020-21,Cam Reddish,1629629,-4,35.0,16.0,2.0,0.333
2020-21,Cam Reddish,1629629,-3,29.333333333333332,14.333333333333334,2.0,0.37633333333333335
2020-21,Cam Reddish,1629629,0,29.0,6.0,2.5,0.268
2020-21,Cam Reddish,1629629,3,27.0,11.0,1.0,0.35250000000000004
2020-21,Cam Reddish,1629629,5,27.0,8.0,1.0,0.25
2020-21,Cam Reddish,1629629,6,31.0,12.0,1.0,0.273
2020-21,Cam Reddish,1629629,8,30.0,10.0,1.0,0.5
2020-21,Cam Reddish,1629629,10,32.0,7.0,0.0,0.286
2020-21,Cam Reddish,1629629,14,34.0,13.0,3.0,0.625
2020-21,Cam Reddish,1629629,19,24.0,15.0,2.0,0.3
2020-21,Cam Reddish,1629629,22,23.0,10.0,0.0,0.375
2020-21,Cam Reddish,1629629,27,23.0,15.0,0.0,0.545
2020-21,Cam Reynolds,1629244,-23,31.0,9.0,2.0,0.214
2020-21,Cameron Johnson,1629661,-25,26.0,8.0,3.0,0.333
2020-21,Cameron Johnson,1629661,-24,24.0,5.0,2.0,0.25
2020-21,Cameron Johnson,1629661,-18,20.0,6.0,2.0,0.4
2020-21,Cameron Johnson,1629661,-14,31.0,5.0,1.0,0.286
2020-21,Cameron Johnson,1629661,-10,29.0,8.5,1.0,0.35
2020-21,Cameron Johnson,1629661,-8,22.0,6.0,3.0,0.25
2020-21,Cameron Johnson,1629661,-6,27.0,17.0,1.0,0.5
2020-21,Cameron Johnson,1629661,-5,33.0,7.0,0.5,0.2615
2020-21,Cameron Johnson,1629661,-4,21.0,12.0,0.0,0.444
2020-21,Cameron Johnson,1629661,-3,23.0,11.0,4.0,0.571
2020-21,Cameron Johnson,1629661,-1,31.0,8.0,2.0,0.375
2020-21,Cameron Johnson,1629661,0,30.0,14.0,1.0,0.455
2020-21,Cameron Johnson,1629661,1,22.0,8.0,1.0,0.333
2020-21,Cameron Johnson,1629661,2,20.0,12.0,0.0,0.5
2020-21,Cameron Johnson,1629661,3,20.0,9.0,1.0,0.429
2020-21,Cameron Johnson,1629661,4,28.0,2.0,1.0,0.143
2020-21,Cameron Johnson,1629661,5,36.0,11.0,2.0,0.5
2020-21,Cameron Johnson,1629661,6,29.5,13.5,3.0,0.36750000000000005
2020-21,Cameron Johnson,1629661,7,22.0,10.0,3.0,0.444
2020-21,Cameron Johnson,1629661,8,28.75,12.0,1.25,0.44
2020-21,Cameron Johnson,1629661,9,26.5,13.5,1.75,0.49725
2020-21,Cameron Johnson,1629661,10,35.0,10.0,0.0,0.375
2020-21,Cameron Johnson,1629661,11,26.0,6.0,2.0,0.143
2020-21,Cameron Johnson,1629661,13,28.0,8.0,1.0,0.273
2020-21,Cameron Johnson,1629661,14,22.0,9.0,2.0,0.333
2020-21,Cameron Johnson,1629661,18,27.0,10.0,2.0,0.333
2020-21,Cameron Johnson,1629661,19,21.0,13.0,1.0,0.4
2020-21,Cameron Johnson,1629661,21,26.0,12.0,2.0,0.6475
2020-21,Cameron Johnson,1629661,22,20.0,14.0,3.0,0.6
2020-21,Cameron Johnson,1629661,23,22.0,18.0,0.0,0.462
2020-21,Cameron Johnson,1629661,25,21.0,21.0,1.0,0.778
2020-21,Cameron Oliver,1628419,-23,28.0,10.0,1.0,0.556
2020-21,Cameron Oliver,1628419,3,22.0,17.0,1.0,0.7
2020-21,Cameron Payne,1626166,-7,21.0,9.0,5.0,0.375
2020-21,Cameron Payne,1626166,-6,21.0,15.0,4.0,0.429
2020-21,Cameron Payne,1626166,-4,20.0,24.0,0.0,0.9
2020-21,Cameron Payne,1626166,-3,20.0,8.0,3.0,0.333
2020-21,Cameron Payne,1626166,-1,25.0,12.0,3.0,0.455
2020-21,Cameron Payne,1626166,2,21.0,7.0,6.0,0.429
2020-21,Cameron Payne,1626166,3,25.0,17.5,6.0,0.667
2020-21,Cameron Payne,1626166,11,25.0,16.0,5.0,0.5355
2020-21,Cameron Payne,1626166,14,20.0,11.0,3.0,0.556
2020-21,Cameron Payne,1626166,15,20.5,13.0,3.5,0.4165
2020-21,Cameron Payne,1626166,16,22.5,13.5,7.0,0.528
2020-21,Cameron Payne,1626166,18,25.0,19.0,7.0,0.7
2020-21,Cameron Payne,1626166,19,22.0,11.0,1.0,0.333
2020-21,Cameron Payne,1626166,21,26.0,13.0,9.0,0.54
2020-21,Cameron Payne,1626166,24,20.0,13.0,6.0,0.8
2020-21,Caris LeVert,1627747,-24,28.5,16.0,3.5,0.4425
2020-21,Caris LeVert,1627747,-19,26.5,14.5,2.5,0.377
2020-21,Caris LeVert,1627747,-18,37.0,26.0,9.0,0.526
2020-21,Caris LeVert,1627747,-17,33.5,27.5,5.0,0.49749999999999994
2020-21,Caris LeVert,1627747,-16,38.0,33.0,5.0,0.393
2020-21,Caris LeVert,1627747,-15,26.0,8.0,3.0,0.4
2020-21,Caris LeVert,1627747,-14,29.0,15.5,2.5,0.41150000000000003
2020-21,Caris LeVert,1627747,-12,29.0,14.5,4.5,0.354
2020-21,Caris LeVert,1627747,-11,32.0,20.0,5.0,0.5
2020-21,Caris LeVert,1627747,-10,33.0,24.0,2.0,0.417
2020-21,Caris LeVert,1627747,-8,32.0,14.0,6.0,0.417
2020-21,Caris LeVert,1627747,-6,33.0,14.5,5.0,0.34249999999999997
2020-21,Caris LeVert,1627747,-5,24.0,6.0,5.0,0.231
2020-21,Caris LeVert,1627747,-3,27.5,20.0,1.5,0.4285
2020-21,Caris LeVert,1627747,-2,33.0,18.0,4.0,0.5
2020-21,Caris LeVert,1627747,-1,25.0,20.0,6.0,0.533
2020-21,Caris LeVert,1627747,0,39.0,28.0,9.0,0.45899999999999996
2020-21,Caris LeVert,1627747,1,34.0,13.0,3.0,0.278
2020-21,Caris LeVert,1627747,2,40.0,31.0,12.0,0.6
2020-21,Caris LeVert,1627747,3,37.0,22.5,5.5,0.34299999999999997
2020-21,Caris LeVert,1627747,5,36.0,26.0,6.0,0.389
2020-21,Caris LeVert,1627747,6,28.0,11.0,3.0,0.333
2020-21,Caris LeVert,1627747,7,34.0,26.5,7.0,0.44399999999999995
2020-21,Caris LeVert,1627747,8,35.0,43.0,6.0,0.652
2020-21,Caris LeVert,1627747,11,22.5,11.5,7.0,0.404
2020-21,Caris LeVert,1627747,12,34.0,34.0,3.0,0.7
2020-21,Caris LeVert,1627747,13,37.0,20.0,10.0,0.421
2020-21,Caris LeVert,1627747,14,33.0,28.0,4.0,0.526
2020-21,Caris LeVert,1627747,16,21.0,24.0,5.0,0.5
2020-21,Caris LeVert,1627747,17,39.0,24.0,5.0,0.4
2020-21,Caris LeVert,1627747,18,24.0,20.0,5.0,0.353
2020-21,Caris LeVert,1627747,21,32.0,8.0,7.0,0.364
2020-21,Caris LeVert,1627747,23,32.0,22.0,10.0,0.36
2020-21,Caris LeVert,1627747,25,29.0,18.0,6.0,0.5
2020-21,Caris LeVert,1627747,47,27.0,25.0,6.0,0.6
2020-21,Carmelo Anthony,2546,-22,21.0,10.0,2.0,0.444
2020-21,Carmelo Anthony,2546,-21,21.0,6.0,1.0,0.222
2020-21,Carmelo Anthony,2546,-18,25.0,15.0,2.0,0.6
2020-21,Carmelo Anthony,2546,-17,24.0,14.0,1.0,0.4585
2020-21,Carmelo Anthony,2546,-16,20.0,5.0,2.0,0.222
2020-21,Carmelo Anthony,2546,-13,21.0,10.0,1.0,0.364
2020-21,Carmelo Anthony,2546,-10,23.0,15.0,1.0,0.5
2020-21,Carmelo Anthony,2546,-9,25.5,14.0,1.5,0.49450000000000005
2020-21,Carmelo Anthony,2546,-8,24.5,15.5,2.0,0.3055
2020-21,Carmelo Anthony,2546,-7,26.666666666666668,15.666666666666666,0.6666666666666666,0.377
2020-21,Carmelo Anthony,2546,-6,32.0,24.0,1.0,0.529
2020-21,Carmelo Anthony,2546,-5,26.0,21.0,1.0,0.5
2020-21,Carmelo Anthony,2546,-4,21.0,13.0,0.0,0.333
2020-21,Carmelo Anthony,2546,-3,26.0,13.0,0.5,0.39049999999999996
2020-21,Carmelo Anthony,2546,-1,24.0,11.5,0.5,0.34400000000000003
2020-21,Carmelo Anthony,2546,0,23.5,10.25,0.75,0.42125
2020-21,Carmelo Anthony,2546,1,30.0,9.0,6.0,0.4
2020-21,Carmelo Anthony,2546,2,24.75,15.5,1.0,0.43075
2020-21,Carmelo Anthony,2546,3,27.0,10.0,3.0,0.286
2020-21,Carmelo Anthony,2546,5,29.5,23.0,3.0,0.518
2020-21,Carmelo Anthony,2546,6,27.6,22.8,1.0,0.5098
2020-21,Carmelo Anthony,2546,8,29.0,16.0,5.0,0.4
2020-21,Carmelo Anthony,2546,9,31.25,16.25,2.75,0.43025
2020-21,Carmelo Anthony,2546,10,23.0,15.0,2.0,0.5
2020-21,Carmelo Anthony,2546,11,28.0,8.0,2.0,0.333
2020-21,Carmelo Anthony,2546,12,26.0,10.5,1.5,0.4305
2020-21,Carmelo Anthony,2546,13,21.0,9.0,3.0,0.444
2020-21,Carmelo Anthony,2546,14,21.0,10.0,3.0,0.3
2020-21,Carmelo Anthony,2546,15,34.0,22.0,1.0,0.429
2020-21,Carmelo Anthony,2546,22,20.0,15.0,3.0,0.455
2020-21,Carmelo Anthony,2546,26,31.0,22.0,5.0,0.571
2020-21,Carmelo Anthony,2546,27,22.0,18.0,0.0,0.636
2020-21,Carmelo Anthony,2546,29,21.0,16.0,3.0,0.625
2020-21,Carsen Edwards,1629035,8,26.0,10.0,0.0,0.308
2020-21,Carsen Edwards,1629035,9,29.0,16.0,2.0,0.625
2020-21,Cassius Winston,1630216,-16,21.0,8.0,2.0,0.429
2020-21,Cedi Osman,1626224,-35,35.0,17.0,2.0,0.4
2020-21,Cedi Osman,1626224,-29,37.0,17.0,6.0,0.467
2020-21,Cedi Osman,1626224,-23,23.0,6.0,1.0,0.111
2020-21,Cedi Osman,1626224,-20,32.0,4.0,7.0,0.083
2020-21,Cedi Osman,1626224,-19,29.5,4.5,2.5,0.1735
2020-21,Cedi Osman,1626224,-16,21.0,2.0,1.0,0.2
2020-21,Cedi Osman,1626224,-14,28.0,6.0,3.0,0.167
2020-21,Cedi Osman,1626224,-13,31.0,5.0,3.0,0.2
2020-21,Cedi Osman,1626224,-12,31.0,18.25,3.5,0.5217499999999999
2020-21,Cedi Osman,1626224,-11,45.0,16.0,4.0,0.357
2020-21,Cedi Osman,1626224,-10,33.0,16.5,7.0,0.5325
2020-21,Cedi Osman,1626224,-9,24.0,11.5,4.0,0.3695
2020-21,Cedi Osman,1626224,-7,26.0,14.0,2.0,0.455
2020-21,Cedi Osman,1626224,-5,26.5,9.0,1.0,0.404
2020-21,Cedi Osman,1626224,-4,27.0,7.0,5.5,0.3125
2020-21,Cedi Osman,1626224,-2,24.0,20.0,2.0,0.5
2020-21,Cedi Osman,1626224,-1,34.0,16.0,6.0,0.4363333333333334
2020-21,Cedi Osman,1626224,1,24.0,6.0,0.0,0.25
2020-21,Cedi Osman,1626224,3,26.0,10.0,2.0,0.364
2020-21,Cedi Osman,1626224,4,25.333333333333332,10.666666666666666,3.0,0.45966666666666667
2020-21,Cedi Osman,1626224,5,25.0,11.0,2.0,0.333
2020-21,Cedi Osman,1626224,7,38.0,16.0,7.0,0.316
2020-21,Cedi Osman,1626224,8,32.0,20.0,2.0,0.545
2020-21,Cedi Osman,1626224,10,23.0,5.0,6.0,0.167
2020-21,Cedi Osman,1626224,11,21.0,8.0,2.0,0.286
2020-21,Cedi Osman,1626224,16,20.0,7.0,2.0,0.375
2020-21,Cedi Osman,1626224,18,50.0,25.0,7.0,0.529
2020-21,Cedi Osman,1626224,20,21.0,14.0,2.0,0.625
2020-21,Cedi Osman,1626224,24,39.0,25.0,5.0,0.5
2020-21,Chandler Hutchison,1628990,-7,20.0,5.0,2.0,0.167
2020-21,Chandler Hutchison,1628990,-5,20.0,5.0,1.0,0.4
2020-21,Chandler Hutchison,1628990,-4,22.0,6.0,0.0,0.4
2020-21,Chandler Hutchison,1628990,6,25.0,6.0,1.0,0.5
2020-21,Chandler Hutchison,1628990,12,25.0,18.0,0.0,0.727
2020-21,Charlie Brown Jr.,1629718,-28,26.0,8.0,2.0,0.3
2020-21,Charlie Brown Jr.,1629718,-8,31.0,7.0,2.0,0.2
2020-21,Charlie Brown Jr.,1629718,5,21.0,6.0,0.0,0.5
2020-21,Chasson Randle,1626184,-40,32.0,5.0,0.0,0.333
2020-21,Chasson Randle,1626184,-30,36.0,5.0,3.0,0.286
2020-21,Chasson Randle,1626184,-29,24.0,6.0,0.0,0.4
2020-21,Chasson Randle,1626184,-20,26.0,4.0,0.0,0.4
2020-21,Chasson Randle,1626184,-14,30.0,12.0,1.0,0.364
2020-21,Chasson Randle,1626184,-13,21.0,4.0,2.0,0.143
2020-21,Chasson Randle,1626184,-12,29.0,5.0,3.0,0.25
2020-21,Chasson Randle,1626184,-10,30.666666666666668,11.333333333333334,3.0,0.414
2020-21,Chasson Randle,1626184,-8,20.0,4.0,0.0,1.0
2020-21,Chasson Randle,1626184,-6,29.0,18.0,3.0,0.6
2020-21,Chasson Randle,1626184,-5,25.0,8.0,3.0,0.375
2020-21,Chasson Randle,1626184,-3,23.0,2.0,2.0,0.143
2020-21,Chasson Randle,1626184,-2,21.5,10.5,4.0,0.375
2020-21,Chasson Randle,1626184,-1,24.0,9.0,0.0,0.375
2020-21,Chasson Randle,1626184,0,23.0,4.0,1.0,0.5
2020-21,Chasson Randle,1626184,2,22.0,8.0,7.0,0.429
2020-21,Chasson Randle,1626184,5,23.0,7.0,2.5,0.45199999999999996
2020-21,Chasson Randle,1626184,13,26.0,13.0,3.0,0.571
2020-21,Chimezie Metu,1629002,-14,33.0,6.0,3.0,0.333
2020-21,Chimezie Metu,1629002,-11,31.0,8.0,0.0,0.4
2020-21,Chimezie Metu,1629002,-7,34.0,17.0,2.0,0.375
2020-21,Chimezie Metu,1629002,-2,22.0,15.0,1.0,0.6
2020-21,Chimezie Metu,1629002,4,26.0,13.0,2.0,0.4
2020-21,Chimezie Metu,1629002,9,29.0,11.0,2.0,0.667
2020-21,Chris Boucher,1628449,-24,24.0,18.0,1.0,0.455
2020-21,Chris Boucher,1628449,-17,22.0,8.0,2.0,0.429
2020-21,Chris Boucher,1628449,-15,29.0,9.0,2.0,0.25
2020-21,Chris Boucher,1628449,-14,23.0,12.5,0.5,0.4165
2020-21,Chris Boucher,1628449,-11,29.0,21.0,3.0,0.625
2020-21,Chris Boucher,1628449,-10,28.5,16.0,0.0,0.4665
2020-21,Chris Boucher,1628449,-9,28.0,22.0,1.0,0.692
2020-21,Chris Boucher,1628449,-7,23.5,8.0,0.5,0.3215
2020-21,Chris Boucher,1628449,-6,21.0,12.0,1.0,0.417
2020-21,Chris Boucher,1628449,-4,26.0,13.0,0.75,0.5
2020-21,Chris Boucher,1628449,-2,31.0,11.0,2.0,0.5
2020-21,Chris Boucher,1628449,-1,32.0,29.0,1.0,0.769
2020-21,Chris Boucher,1628449,1,30.5,22.5,1.5,0.625
2020-21,Chris Boucher,1628449,2,33.5,21.0,0.5,0.6445000000000001
2020-21,Chris Boucher,1628449,3,26.25,12.0,1.5,0.44275
2020-21,Chris Boucher,1628449,4,22.0,8.0,1.0,0.571
2020-21,Chris Boucher,1628449,5,26.5,22.0,0.5,0.6335
2020-21,Chris Boucher,1628449,7,21.0,9.0,2.0,0.333
2020-21,Chris Boucher,1628449,11,26.0,16.5,1.5,0.4355
2020-21,Chris Boucher,1628449,13,30.0,14.0,1.0,0.5
2020-21,Chris Boucher,1628449,14,29.0,23.0,2.0,0.75
2020-21,Chris Boucher,1628449,15,29.0,19.25,1.5,0.5685
2020-21,Chris Boucher,1628449,16,30.0,27.5,1.0,0.5415
2020-21,Chris Boucher,1628449,19,27.0,21.0,2.0,0.667
2020-21,Chris Boucher,1628449,20,29.0,12.0,2.0,0.364
2020-21,Chris Boucher,1628449,29,25.0,10.0,2.0,0.5
2020-21,Chris Boucher,1628449,32,25.0,17.0,1.0,0.75
2020-21,Chris Chiozza,1629185,-9,26.0,14.0,4.0,0.357
2020-21,Chris Chiozza,1629185,7,23.0,3.0,7.0,0.125
2020-21,Chris Chiozza,1629185,8,28.0,10.0,11.0,0.25
2020-21,Chris Paul,101108,-26,23.0,9.0,6.0,0.273
2020-21,Chris Paul,101108,-25,22.0,6.0,6.0,0.3
2020-21,Chris Paul,101108,-20,25.0,10.0,4.0,0.571
2020-21,Chris Paul,101108,-19,37.0,11.0,9.0,0.455
2020-21,Chris Paul,101108,-16,31.0,13.0,3.0,0.364
2020-21,Chris Paul,101108,-12,31.0,19.0,7.0,0.467
2020-21,Chris Paul,101108,-10,31.666666666666668,15.333333333333334,8.666666666666666,0.454
2020-21,Chris Paul,101108,-9,33.0,16.333333333333332,10.666666666666666,0.39433333333333326
2020-21,Chris Paul,101108,-8,33.0,15.333333333333334,6.333333333333333,0.48500000000000004
2020-21,Chris Paul,101108,-7,38.0,22.0,8.0,0.5
2020-21,Chris Paul,101108,-5,27.0,8.0,12.0,0.4
2020-21,Chris Paul,101108,-4,32.0,21.0,6.0,0.5
2020-21,Chris Paul,101108,-3,34.0,29.333333333333332,7.666666666666667,0.662
2020-21,Chris Paul,101108,-1,33.0,17.5,11.0,0.4415
2020-21,Chris Paul,101108,0,33.0,8.0,10.0,0.25
2020-21,Chris Paul,101108,1,30.0,12.666666666666666,4.0,0.38199999999999995
2020-21,Chris Paul,101108,2,30.0,18.0,10.5,0.5765
2020-21,Chris Paul,101108,3,33.4,23.4,8.2,0.5918
2020-21,Chris Paul,101108,4,28.0,12.2,7.6,0.4572
2020-21,Chris Paul,101108,5,33.0,22.5,9.5,0.491
2020-21,Chris Paul,101108,6,34.0,8.0,10.0,0.2
2020-21,Chris Paul,101108,8,32.0,11.0,13.0,0.273
2020-21,Chris Paul,101108,9,35.5,21.0,9.5,0.5835
2020-21,Chris Paul,101108,10,32.0,23.5,12.0,0.6025
2020-21,Chris Paul,101108,11,35.0,20.0,9.5,0.5
2020-21,Chris Paul,101108,12,29.0,11.0,8.0,0.308
2020-21,Chris Paul,101108,13,32.0,18.5,9.5,0.5585
2020-21,Chris Paul,101108,14,28.0,18.0,7.0,0.818
2020-21,Chris Paul,101108,16,21.0,17.0,12.0,1.0
2020-21,Chris Paul,101108,17,42.0,29.0,9.0,0.5
2020-21,Chris Paul,101108,18,30.5,12.0,13.0,0.5625
2020-21,Chris Paul,101108,19,27.333333333333332,10.666666666666666,6.666666666666667,0.5
2020-21,Chris Paul,101108,20,29.75,15.0,13.25,0.41400000000000003
2020-21,Chris Paul,101108,21,29.0,17.0,11.0,0.545
2020-21,Chris Paul,101108,25,26.5,12.5,9.5,0.5505
2020-21,Chris Paul,101108,26,24.0,16.0,10.0,0.7
2020-21,Chris Paul,101108,27,27.0,13.0,4.0,0.462
2020-21,Chris Paul,101108,28,34.0,14.0,15.0,0.455
2020-21,Chris Silva,1629735,1,20.0,13.0,1.0,0.667
2020-21,Christian Wood,1626174,-24,31.5,14.5,3.0,0.348
2020-21,Christian Wood,1626174,-23,25.0,18.0,1.0,0.444
2020-21,Christian Wood,1626174,-21,31.0,23.0,1.0,0.5
2020-21,Christian Wood,1626174,-19,32.0,19.0,3.0,0.5
2020-21,Christian Wood,1626174,-18,32.0,23.0,0.0,0.533
2020-21,Christian Wood,1626174,-15,30.2,15.6,2.2,0.42699999999999994
2020-21,Christian Wood,1626174,-14,28.5,17.0,1.0,0.5355
2020-21,Christian Wood,1626174,-13,29.0,11.0,0.0,0.286
2020-21,Christian Wood,1626174,-11,24.0,15.0,1.0,0.5
2020-21,Christian Wood,1626174,-8,35.0,18.0,3.0,0.571
2020-21,Christian Wood,1626174,-7,34.0,25.0,3.0,0.667
2020-21,Christian Wood,1626174,-6,34.0,25.0,1.6666666666666667,0.5613333333333334
2020-21,Christian Wood,1626174,-4,36.0,24.0,1.0,0.563
2020-21,Christian Wood,1626174,-3,37.0,24.0,5.0,0.563
2020-21,Christian Wood,1626174,-2,38.0,23.5,2.0,0.45
2020-21,Christian Wood,1626174,2,35.0,22.0,1.5,0.432
2020-21,Christian Wood,1626174,3,33.5,23.5,1.5,0.5
2020-21,Christian Wood,1626174,7,28.0,19.0,1.0,0.533
2020-21,Christian Wood,1626174,8,36.0,25.0,2.0,0.524
2020-21,Christian Wood,1626174,9,36.0,27.0,2.0,0.563
2020-21,Christian Wood,1626174,11,39.0,25.0,3.0,0.5
2020-21,Christian Wood,1626174,13,31.0,21.0,3.0,0.643
2020-21,Christian Wood,1626174,15,30.0,30.0,1.0,0.688
2020-21,Christian Wood,1626174,16,29.0,20.0,0.5,0.641
2020-21,Christian Wood,1626174,17,39.0,31.0,4.0,0.476
2020-21,Christian Wood,1626174,18,31.0,22.0,0.5,0.5
2020-21,Christian Wood,1626174,20,20.0,17.0,1.0,0.7
2020-21,Christian Wood,1626174,23,27.0,27.0,0.0,0.846
2020-21,Chuma Okeke,1629643,-23,31.0,6.0,1.0,0.375
2020-21,Chuma Okeke,1629643,-22,26.0,7.0,2.0,0.273
2020-21,Chuma Okeke,1629643,-20,32.0,16.0,3.0,0.467
2020-21,Chuma Okeke,1629643,-18,39.0,19.0,5.0,0.412
2020-21,Chuma Okeke,1629643,-17,29.0,4.0,2.0,0.083
2020-21,Chuma Okeke,1629643,-13,31.0,18.0,2.0,0.583
2020-21,Chuma Okeke,1629643,-11,27.75,7.5,2.0,0.3715
2020-21,Chuma Okeke,1629643,-10,31.0,10.0,3.5,0.375
2020-21,Chuma Okeke,1629643,-9,27.0,8.0,2.0,0.222
2020-21,Chuma Okeke,1629643,-8,20.0,5.0,2.0,0.4
2020-21,Chuma Okeke,1629643,-5,26.0,5.5,1.5,0.3885
2020-21,Chuma Okeke,1629643,-4,28.0,8.0,7.0,0.6
2020-21,Chuma Okeke,1629643,-2,31.0,12.0,2.0,0.3
2020-21,Chuma Okeke,1629643,-1,22.0,5.0,2.0,0.286
2020-21,Chuma Okeke,1629643,0,29.0,9.0,2.0,0.4
2020-21,Chuma Okeke,1629643,1,21.0,11.0,1.0,0.8335
2020-21,Chuma Okeke,1629643,2,27.0,2.0,5.0,0.2
2020-21,Chuma Okeke,1629643,3,29.0,14.0,3.0,0.455
2020-21,Chuma Okeke,1629643,4,25.0,2.0,1.0,0.25
2020-21,Chuma Okeke,1629643,5,23.25,10.0,3.0,0.44575
2020-21,Chuma Okeke,1629643,8,26.0,7.666666666666667,3.0,0.361
2020-21,Chuma Okeke,1629643,9,22.0,6.0,2.0,0.667
2020-21,Chuma Okeke,1629643,15,28.0,18.0,2.0,0.636
2020-21,Clint Capela,203991,-28,21.0,14.0,0.0,0.636
2020-21,Clint Capela,203991,-23,27.0,9.0,0.0,0.571
2020-21,Clint Capela,203991,-22,27.0,10.0,0.0,0.455
2020-21,Clint Capela,203991,-20,26.0,6.0,1.0,0.214
2020-21,Clint Capela,203991,-19,27.0,16.0,0.0,0.889
2020-21,Clint Capela,203991,-18,24.0,9.0,0.0,0.308
2020-21,Clint Capela,203991,-17,28.0,12.0,2.0,0.375
2020-21,Clint Capela,203991,-15,29.0,10.0,2.0,0.625
2020-21,Clint Capela,203991,-6,36.0,15.0,1.0,0.636
2020-21,Clint Capela,203991,-4,27.75,14.75,0.5,0.5865
2020-21,Clint Capela,203991,-3,32.0,24.0,0.0,0.625
2020-21,Clint Capela,203991,-1,32.5,16.0,0.5,0.6214999999999999
2020-21,Clint Capela,203991,0,33.666666666666664,24.0,1.0,0.7153333333333333
2020-21,Clint Capela,203991,1,28.2,11.8,0.6,0.6666000000000001
2020-21,Clint Capela,203991,2,33.666666666666664,15.0,1.0,0.5419999999999999
2020-21,Clint Capela,203991,3,36.0,21.0,0.3333333333333333,0.6343333333333333
2020-21,Clint Capela,203991,4,30.0,10.0,0.0,0.5
2020-21,Clint Capela,203991,5,33.666666666666664,18.0,0.3333333333333333,0.7520000000000001
2020-21,Clint Capela,203991,6,34.0,10.0,1.0,0.5
2020-21,Clint Capela,203991,7,30.0,17.0,0.0,0.727
2020-21,Clint Capela,203991,8,30.0,25.0,2.0,0.833
2020-21,Clint Capela,203991,9,30.0,23.5,0.0,0.769
2020-21,Clint Capela,203991,10,27.0,17.0,0.0,1.0
2020-21,Clint Capela,203991,12,31.0,19.333333333333332,2.6666666666666665,0.713
2020-21,Clint Capela,203991,13,21.0,9.0,1.0,0.5
2020-21,Clint Capela,203991,14,28.666666666666668,13.666666666666666,1.6666666666666667,0.45733333333333337
2020-21,Clint Capela,203991,15,29.0,13.0,3.0,0.429
2020-21,Clint Capela,203991,16,34.0,6.0,1.0,0.333
2020-21,Clint Capela,203991,17,34.333333333333336,19.0,1.0,0.606
2020-21,Clint Capela,203991,19,29.0,14.5,0.0,0.6445000000000001
2020-21,Clint Capela,203991,20,26.5,10.0,0.5,0.4555
2020-21,Clint Capela,203991,23,26.0,14.0,0.0,0.455
2020-21,Clint Capela,203991,25,35.0,25.0,0.0,0.588
2020-21,Clint Capela,203991,26,26.0,12.0,1.0,0.333
2020-21,Clint Capela,203991,31,28.0,12.0,1.0,0.714
2020-21,Coby White,1629632,-23,29.0,11.0,6.0,0.359
2020-21,Coby White,1629632,-22,23.0,5.0,1.0,0.333
2020-21,Coby White,1629632,-21,28.0,12.0,3.0,0.308
2020-21,Coby White,1629632,-18,31.0,14.0,5.0,0.429
2020-21,Coby White,1629632,-17,33.5,11.5,6.0,0.3225
2020-21,Coby White,1629632,-16,24.0,12.0,3.0,0.4
2020-21,Coby White,1629632,-15,30.5,13.5,3.5,0.3585
2020-21,Coby White,1629632,-13,30.0,9.0,7.0,0.182
2020-21,Coby White,1629632,-11,24.0,18.0,4.0,0.438
2020-21,Coby White,1629632,-10,24.0,9.0,2.5,0.3185
2020-21,Coby White,1629632,-9,30.0,14.6,4.0,0.4236
2020-21,Coby White,1629632,-8,31.666666666666668,11.666666666666666,5.666666666666667,0.3463333333333334
2020-21,Coby White,1629632,-7,35.0,20.0,5.0,0.421
2020-21,Coby White,1629632,-6,39.0,21.5,7.0,0.4
2020-21,Coby White,1629632,-5,36.333333333333336,21.333333333333332,4.666666666666667,0.43933333333333335
2020-21,Coby White,1629632,-4,33.75,25.25,5.0,0.47875
2020-21,Coby White,1629632,-3,25.0,0.0,4.0,0.0
2020-21,Coby White,1629632,-2,30.0,13.6,5.4,0.3828
2020-21,Coby White,1629632,-1,33.0,19.0,3.5,0.47950000000000004
2020-21,Coby White,1629632,0,30.0,21.0,3.0,0.5
2020-21,Coby White,1629632,1,30.0,8.0,3.0,0.3
2020-21,Coby White,1629632,2,30.5,17.0,3.0,0.479
2020-21,Coby White,1629632,3,29.0,19.0,7.0,0.357
2020-21,Coby White,1629632,6,25.0,13.0,4.0,0.417
2020-21,Coby White,1629632,7,29.25,18.25,3.75,0.47925
2020-21,Coby White,1629632,8,32.0,8.0,9.0,0.2
2020-21,Coby White,1629632,9,33.5,18.5,5.0,0.4145
2020-21,Coby White,1629632,10,31.333333333333332,16.333333333333332,5.0,0.4303333333333334
2020-21,Coby White,1629632,11,28.0,4.0,3.0,0.286
2020-21,Coby White,1629632,12,35.0,17.0,6.0,0.357
2020-21,Coby White,1629632,13,35.0,19.0,5.5,0.49
2020-21,Coby White,1629632,14,37.333333333333336,15.333333333333334,8.666666666666666,0.484
2020-21,Coby White,1629632,16,43.0,19.0,8.0,0.389
2020-21,Coby White,1629632,19,27.0,13.0,3.0,0.417
2020-21,Coby White,1629632,24,27.0,13.0,5.0,0.417
2020-21,Coby White,1629632,25,28.0,18.0,3.0,0.7
2020-21,Cody Martin,1628998,-16,20.0,6.0,1.0,0.5
2020-21,Cody Martin,1628998,-9,23.0,6.0,0.0,0.5
2020-21,Cody Martin,1628998,-7,26.0,8.0,4.0,0.5
2020-21,Cody Martin,1628998,-5,30.0,10.0,1.0,0.444
2020-21,Cody Martin,1628998,-2,35.0,6.0,5.0,0.333
2020-21,Cody Martin,1628998,0,29.0,5.0,4.0,0.286
2020-21,Cody Martin,1628998,1,26.0,8.0,2.0,0.444
2020-21,Cody Martin,1628998,2,21.0,5.0,4.0,0.667
2020-21,Cody Martin,1628998,4,24.0,5.0,3.0,0.4
2020-21,Cody Martin,1628998,6,24.0,8.0,2.0,0.5
2020-21,Cody Martin,1628998,8,20.0,2.0,2.0,0.333
2020-21,Cody Martin,1628998,9,27.0,9.0,3.0,0.8
2020-21,Cody Martin,1628998,10,24.0,4.0,3.0,0.5
2020-21,Cody Martin,1628998,11,30.5,2.5,5.0,0.2
2020-21,Cody Martin,1628998,12,25.0,2.0,1.0,0.25
2020-21,Cody Martin,1628998,29,31.5,10.5,3.5,0.403
2020-21,Cody Zeller,203469,-18,20.0,5.0,0.0,0.667
2020-21,Cody Zeller,203469,-14,22.0,6.0,4.0,0.286
2020-21,Cody Zeller,203469,-9,39.0,19.0,2.0,0.533
2020-21,Cody Zeller,203469,-6,20.0,6.0,2.0,0.667
2020-21,Cody Zeller,203469,-5,31.0,9.0,4.0,0.333
2020-21,Cody Zeller,203469,-4,26.666666666666668,9.666666666666666,3.3333333333333335,0.5306666666666667
2020-21,Cody Zeller,203469,-3,21.0,8.5,3.5,0.3885
2020-21,Cody Zeller,203469,-2,29.0,11.0,2.0,0.5
2020-21,Cody Zeller,203469,0,21.0,5.0,2.0,0.5
2020-21,Cody Zeller,203469,2,28.5,8.5,2.0,0.45
2020-21,Cody Zeller,203469,3,27.0,15.0,1.5,0.5
2020-21,Cody Zeller,203469,5,22.0,17.0,1.0,0.667
2020-21,Cody Zeller,203469,8,27.5,10.0,2.5,0.6665
2020-21,Cody Zeller,203469,11,24.0,16.0,2.0,0.538
2020-21,Cody Zeller,203469,13,21.0,10.0,3.0,0.625
2020-21,Cody Zeller,203469,17,25.0,17.0,1.0,0.875
2020-21,Cody Zeller,203469,23,29.0,15.0,3.0,0.778
2020-21,Cody Zeller,203469,27,22.0,10.0,1.0,1.0
2020-21,Cody Zeller,203469,28,27.0,17.0,1.0,1.0
2020-21,Cole Anthony,1630175,-34,29.0,11.0,5.0,0.313
2020-21,Cole Anthony,1630175,-33,25.0,14.0,3.0,0.462
2020-21,Cole Anthony,1630175,-29,24.0,11.0,3.0,0.308
2020-21,Cole Anthony,1630175,-27,28.0,15.0,3.0,0.429
2020-21,Cole Anthony,1630175,-26,26.0,12.0,5.0,0.313
2020-21,Cole Anthony,1630175,-22,25.0,13.5,4.5,0.403
2020-21,Cole Anthony,1630175,-19,25.0,13.5,2.5,0.5135
2020-21,Cole Anthony,1630175,-18,21.0,12.0,3.0,0.625
2020-21,Cole Anthony,1630175,-17,37.0,37.0,2.0,0.4
2020-21,Cole Anthony,1630175,-16,21.0,4.0,4.0,0.2
2020-21,Cole Anthony,1630175,-15,25.0,8.0,5.0,0.25
2020-21,Cole Anthony,1630175,-14,27.0,6.0,1.0,0.167
2020-21,Cole Anthony,1630175,-12,35.0,9.0,2.0,0.429
2020-21,Cole Anthony,1630175,-10,32.0,16.0,6.0,0.5
2020-21,Cole Anthony,1630175,-9,28.5,10.5,5.0,0.3035
2020-21,Cole Anthony,1630175,-8,30.0,6.0,6.0,0.2
2020-21,Cole Anthony,1630175,-7,28.75,14.75,3.75,0.4275
2020-21,Cole Anthony,1630175,-5,29.0,20.0,1.0,0.429
2020-21,Cole Anthony,1630175,-4,30.666666666666668,15.666666666666666,4.333333333333333,0.37833333333333335
2020-21,Cole Anthony,1630175,-3,30.0,7.0,6.0,0.222
2020-21,Cole Anthony,1630175,-2,25.0,13.5,6.5,0.5569999999999999
2020-21,Cole Anthony,1630175,0,30.5,15.0,7.0,0.43100000000000005
2020-21,Cole Anthony,1630175,2,31.333333333333332,22.0,4.666666666666667,0.5223333333333334
2020-21,Cole Anthony,1630175,8,21.0,8.0,4.0,0.429
2020-21,Cole Anthony,1630175,9,31.0,18.0,3.0,0.5
2020-21,Cole Anthony,1630175,10,27.0,13.0,3.0,0.714
2020-21,Cole Anthony,1630175,11,32.0,8.0,3.0,0.333
2020-21,Cole Anthony,1630175,14,21.0,9.0,4.0,0.222
2020-21,Cole Anthony,1630175,16,32.0,17.0,9.0,0.6
2020-21,Collin Sexton,1629012,-31,33.0,20.5,1.5,0.4445
2020-21,Collin Sexton,1629012,-29,34.0,30.0,2.0,0.526
2020-21,Collin Sexton,1629012,-26,34.5,13.5,6.5,0.2805
2020-21,Collin Sexton,1629012,-25,28.0,15.0,7.0,0.4
2020-21,Collin Sexton,1629012,-24,31.0,16.0,2.0,0.3135
2020-21,Collin Sexton,1629012,-22,35.5,22.25,4.0,0.4655
2020-21,Collin Sexton,1629012,-21,34.0,25.5,6.0,0.45
2020-21,Collin Sexton,1629012,-19,38.0,24.0,2.0,0.526
2020-21,Collin Sexton,1629012,-18,35.0,20.0,2.0,0.444
2020-21,Collin Sexton,1629012,-17,36.5,29.0,6.0,0.479
2020-21,Collin Sexton,1629012,-13,35.5,24.0,4.0,0.45
2020-21,Collin Sexton,1629012,-10,34.0,17.0,5.0,0.333
2020-21,Collin Sexton,1629012,-9,32.5,26.5,6.0,0.492
2020-21,Collin Sexton,1629012,-8,37.0,27.0,5.0,0.3745
2020-21,Collin Sexton,1629012,-7,34.0,22.2,4.0,0.46799999999999997
2020-21,Collin Sexton,1629012,-6,35.0,26.0,3.0,0.647
2020-21,Collin Sexton,1629012,-5,34.0,23.0,5.0,0.667
2020-21,Collin Sexton,1629012,-4,35.0,25.333333333333332,2.6666666666666665,0.46833333333333327
2020-21,Collin Sexton,1629012,-2,34.0,21.666666666666668,4.0,0.42166666666666663
2020-21,Collin Sexton,1629012,0,33.5,27.5,5.5,0.5115000000000001
2020-21,Collin Sexton,1629012,1,41.0,25.5,3.0,0.4405
2020-21,Collin Sexton,1629012,2,33.0,22.0,5.0,0.412
2020-21,Collin Sexton,1629012,4,37.0,19.0,4.0,0.412
2020-21,Collin Sexton,1629012,5,34.5,26.0,3.0,0.521
2020-21,Collin Sexton,1629012,6,37.0,27.0,5.0,0.563
2020-21,Collin Sexton,1629012,8,43.0,32.0,10.0,0.48
2020-21,Collin Sexton,1629012,9,38.333333333333336,31.0,4.666666666666667,0.5950000000000001
2020-21,Collin Sexton,1629012,11,34.5,29.0,5.5,0.6234999999999999
2020-21,Collin Sexton,1629012,12,41.0,26.0,3.0,0.412
2020-21,Collin Sexton,1629012,14,38.0,42.0,5.0,0.552
2020-21,Collin Sexton,1629012,18,29.0,25.0,9.0,0.421
2020-21,Collin Sexton,1629012,19,34.5,28.0,5.0,0.5145
2020-21,Collin Sexton,1629012,25,34.0,29.0,5.0,0.714
2020-21,Cory Joseph,202709,-30,22.0,8.0,4.0,0.667
2020-21,Cory Joseph,202709,-21,22.0,6.0,3.0,0.5
2020-21,Cory Joseph,202709,-16,36.0,24.0,5.0,0.6
2020-21,Cory Joseph,202709,-14,22.0,6.0,2.0,0.5
2020-21,Cory Joseph,202709,-13,32.0,8.0,3.0,0.333
2020-21,Cory Joseph,202709,-11,21.0,6.0,3.0,1.0
2020-21,Cory Joseph,202709,-10,22.0,12.5,3.0,0.5835
2020-21,Cory Joseph,202709,-8,27.5,13.0,3.5,0.527
2020-21,Cory Joseph,202709,-7,28.5,11.5,6.5,0.528
2020-21,Cory Joseph,202709,-6,30.0,11.0,2.0,0.556
2020-21,Cory Joseph,202709,-3,31.0,9.0,1.0,0.2915
2020-21,Cory Joseph,202709,-2,26.333333333333332,10.0,2.6666666666666665,0.38133333333333336
2020-21,Cory Joseph,202709,-1,25.0,7.0,3.0,0.3165
2020-21,Cory Joseph,202709,0,26.0,9.0,6.0,0.4165
2020-21,Cory Joseph,202709,2,27.0,12.5,7.5,0.45199999999999996
2020-21,Cory Joseph,202709,5,24.0,10.0,7.0,0.5
2020-21,Cory Joseph,202709,6,30.0,16.0,5.5,0.482
2020-21,Cory Joseph,202709,7,24.666666666666668,12.333333333333334,4.333333333333333,0.6033333333333334
2020-21,Cory Joseph,202709,8,29.0,15.0,4.0,0.6
2020-21,Cory Joseph,202709,9,22.0,3.0,3.0,0.143
2020-21,Cory Joseph,202709,11,33.0,13.0,3.0,0.444
2020-21,Cory Joseph,202709,12,27.0,10.5,6.5,0.4555
2020-21,Cory Joseph,202709,14,34.0,18.0,11.0,0.5
2020-21,Cory Joseph,202709,16,34.0,13.0,5.0,0.714
2020-21,D'Angelo Russell,1626156,-32,25.0,14.0,3.0,0.375
2020-21,D'Angelo Russell,1626156,-31,20.0,4.0,3.0,0.286
2020-21,D'Angelo Russell,1626156,-26,31.0,22.0,4.0,0.474
2020-21,D'Angelo Russell,1626156,-21,27.5,16.0,5.5,0.37
2020-21,D'Angelo Russell,1626156,-20,22.0,11.0,4.0,0.385
2020-21,D'Angelo Russell,1626156,-15,28.0,26.0,3.0,0.563
2020-21,D'Angelo Russell,1626156,-14,20.0,15.0,1.0,0.417
2020-21,D'Angelo Russell,1626156,-13,31.0,19.0,6.0,0.412
2020-21,D'Angelo Russell,1626156,-11,28.0,17.0,6.0,0.349
2020-21,D'Angelo Russell,1626156,-10,28.333333333333332,18.0,8.333333333333334,0.4066666666666667
2020-21,D'Angelo Russell,1626156,-9,31.0,17.666666666666668,4.333333333333333,0.47633333333333333
2020-21,D'Angelo Russell,1626156,-6,25.0,15.0,7.5,0.393
2020-21,D'Angelo Russell,1626156,-4,29.5,19.0,4.5,0.384
2020-21,D'Angelo Russell,1626156,-3,30.666666666666668,21.333333333333332,6.0,0.38366666666666666
2020-21,D'Angelo Russell,1626156,-1,27.5,24.5,6.0,0.6535
2020-21,D'Angelo Russell,1626156,1,32.0,22.333333333333332,7.666666666666667,0.38633333333333336
2020-21,D'Angelo Russell,1626156,2,25.0,27.0,4.0,0.692
2020-21,D'Angelo Russell,1626156,3,24.5,12.0,6.0,0.3865
2020-21,D'Angelo Russell,1626156,4,31.0,27.0,5.0,0.429
2020-21,D'Angelo Russell,1626156,5,33.0,18.0,4.0,0.438
2020-21,D'Angelo Russell,1626156,8,24.0,25.0,3.0,0.368
2020-21,D'Angelo Russell,1626156,9,32.333333333333336,24.0,9.0,0.5103333333333333
2020-21,D'Angelo Russell,1626156,10,29.0,15.0,10.0,0.278
2020-21,D'Angelo Russell,1626156,13,35.0,23.0,10.0,0.421
2020-21,D'Angelo Russell,1626156,33,29.0,27.0,7.0,0.429
2020-21,D.J. Augustin,201571,-23,23.0,5.0,7.0,0.25
2020-21,D.J. Augustin,201571,-20,28.0,17.0,5.0,0.429
2020-21,D.J. Augustin,201571,-16,24.0,9.0,1.0,0.333
2020-21,D.J. Augustin,201571,-14,22.0,18.0,5.0,0.455
2020-21,D.J. Augustin,201571,-13,21.0,1.0,7.0,0.0
2020-21,D.J. Augustin,201571,-12,22.0,19.0,6.0,0.556
2020-21,D.J. Augustin,201571,-10,20.0,13.0,5.0,0.571
2020-21,D.J. Augustin,201571,-8,20.0,13.0,4.0,0.8
2020-21,D.J. Augustin,201571,-6,22.0,11.0,6.0,0.6
2020-21,D.J. Augustin,201571,-5,25.0,21.0,2.0,0.6
2020-21,D.J. Augustin,201571,-4,26.0,7.0,3.0,0.4
2020-21,D.J. Augustin,201571,-3,23.0,8.0,4.0,0.286
2020-21,D.J. Augustin,201571,-2,29.0,13.0,5.0,0.417
2020-21,D.J. Augustin,201571,1,20.0,6.0,4.0,0.333
2020-21,D.J. Augustin,201571,2,20.5,5.0,1.0,0.4165
2020-21,D.J. Augustin,201571,4,29.0,12.0,3.0,0.286
2020-21,D.J. Augustin,201571,5,20.0,6.0,4.0,0.5
2020-21,D.J. Augustin,201571,7,20.0,5.0,5.0,0.286
2020-21,D.J. Augustin,201571,8,20.0,8.0,4.0,0.333
2020-21,D.J. Augustin,201571,10,26.0,7.0,5.0,0.4335
2020-21,D.J. Augustin,201571,12,22.0,8.0,6.0,0.5
2020-21,D.J. Augustin,201571,13,28.0,15.5,4.5,0.5355
2020-21,D.J. Augustin,201571,17,26.0,6.0,2.0,0.4
2020-21,D.J. Augustin,201571,21,20.0,10.0,2.0,0.6
2020-21,D.J. Wilson,1628391,-9,24.0,6.0,1.0,0.286
2020-21,D.J. Wilson,1628391,-2,32.0,20.0,2.5,0.5215
2020-21,DaQuan Jeffries,1629610,-21,32.0,12.0,1.0,0.833
2020-21,DaQuan Jeffries,1629610,-12,38.0,11.0,4.0,0.35
2020-21,DaQuan Jeffries,1629610,-10,20.0,2.0,0.0,0.2
2020-21,DaQuan Jeffries,1629610,0,39.0,18.0,2.0,0.385
2020-21,DaQuan Jeffries,1629610,2,21.0,7.0,3.0,0.5
2020-21,DaQuan Jeffries,1629610,8,29.0,5.0,0.0,0.333
2020-21,DaQuan Jeffries,1629610,13,21.0,5.0,1.0,0.667
2020-21,Dakota Mathias,1629751,-17,40.0,13.0,4.5,0.3925
2020-21,Damian Jones,1627745,-14,21.0,7.0,2.0,1.0
2020-21,Damian Jones,1627745,-13,35.0,19.0,1.0,0.692
2020-21,Damian Jones,1627745,-3,22.0,6.666666666666667,2.3333333333333335,0.47633333333333333
2020-21,Damian Jones,1627745,-1,21.0,11.0,2.0,0.833
2020-21,Damian Jones,1627745,0,34.0,17.0,3.0,0.857
2020-21,Damian Jones,1627745,7,21.0,8.0,1.0,1.0
2020-21,Damian Jones,1627745,9,21.0,8.0,1.0,1.0
2020-21,Damian Jones,1627745,12,23.0,9.0,2.0,1.0
2020-21,Damian Lillard,203081,-32,27.0,19.0,7.0,0.462
2020-21,Damian Lillard,203081,-29,28.5,21.5,5.5,0.48350000000000004
2020-21,Damian Lillard,203081,-27,34.0,32.0,5.0,0.526
2020-21,Damian Lillard,203081,-21,33.0,9.0,7.0,0.333
2020-21,Damian Lillard,203081,-20,29.0,20.0,4.0,0.214
2020-21,Damian Lillard,203081,-16,33.0,23.0,6.0,0.381
2020-21,Damian Lillard,203081,-15,34.0,25.0,13.0,0.429
2020-21,Damian Lillard,203081,-13,35.5,22.0,7.0,0.361
2020-21,Damian Lillard,203081,-10,37.8,26.6,4.8,0.4192
2020-21,Damian Lillard,203081,-8,35.0,30.0,7.0,0.286
2020-21,Damian Lillard,203081,-6,36.666666666666664,27.0,7.0,0.45766666666666667
2020-21,Damian Lillard,203081,-5,37.0,24.5,5.0,0.3775
2020-21,Damian Lillard,203081,-3,35.0,30.0,8.0,0.40149999999999997
2020-21,Damian Lillard,203081,-2,38.666666666666664,33.666666666666664,6.666666666666667,0.5333333333333333
2020-21,Damian Lillard,203081,0,36.25,34.25,6.25,0.503
2020-21,Damian Lillard,203081,1,37.0,30.0,9.0,0.478
2020-21,Damian Lillard,203081,2,35.5,33.5,9.0,0.519
2020-21,Damian Lillard,203081,3,34.0,23.0,10.0,0.381
2020-21,Damian Lillard,203081,4,38.0,35.0,12.0,0.333
2020-21,Damian Lillard,203081,5,36.5,27.0,7.5,0.4265
2020-21,Damian Lillard,203081,6,37.0,33.0,6.5,0.4265
2020-21,Damian Lillard,203081,7,37.0,22.0,9.0,0.294
2020-21,Damian Lillard,203081,8,39.0,38.0,7.0,0.667
2020-21,Damian Lillard,203081,9,40.5,36.25,9.25,0.50525
2020-21,Damian Lillard,203081,10,35.5,29.0,5.5,0.3625
2020-21,Damian Lillard,203081,11,36.0,34.0,11.0,0.462
2020-21,Damian Lillard,203081,12,28.0,39.0,7.0,0.619
2020-21,Damian Lillard,203081,14,34.0,37.5,12.5,0.544
2020-21,Damian Lillard,203081,15,31.0,23.0,5.0,0.4
2020-21,Damian Lillard,203081,16,36.0,33.0,10.0,0.474
2020-21,Damian Lillard,203081,17,35.25,29.75,10.0,0.485
2020-21,Damian Lillard,203081,18,42.0,36.0,7.0,0.435
2020-21,Damian Lillard,203081,19,35.0,34.0,6.0,0.55
2020-21,Damian Lillard,203081,20,31.5,23.5,9.5,0.444
2020-21,Damian Lillard,203081,22,39.0,32.0,8.0,0.391
2020-21,Damian Lillard,203081,24,31.0,22.0,10.0,0.538
2020-21,Damian Lillard,203081,26,29.0,17.0,6.0,0.313
2020-21,Damian Lillard,203081,32,31.0,23.0,6.0,0.429
2020-21,Damian Lillard,203081,33,35.0,34.0,8.0,0.524
2020-21,Damian Lillard,203081,42,25.0,16.0,6.0,0.4
2020-21,Damion Lee,1627814,-14,26.0,12.0,0.0,0.455
2020-21,Damion Lee,1627814,-13,23.0,9.0,1.0,0.5
2020-21,Damion Lee,1627814,-12,25.0,2.0,3.0,0.2
2020-21,Damion Lee,1627814,-9,20.0,2.0,1.0,0.2
2020-21,Damion Lee,1627814,-7,22.0,1.0,2.0,0.0
2020-21,Damion Lee,1627814,-3,21.5,13.5,0.0,0.8165
2020-21,Damion Lee,1627814,-1,22.0,7.5,3.5,0.4645
2020-21,Damion Lee,1627814,0,22.0,3.0,1.0,0.333
2020-21,Damion Lee,1627814,1,21.0,0.0,1.0,0.0
2020-21,Damion Lee,1627814,2,20.0,3.0,2.0,0.25
2020-21,Damion Lee,1627814,3,22.0,7.0,1.0,0.4
2020-21,Damion Lee,1627814,4,22.0,11.0,2.0,0.571
2020-21,Damion Lee,1627814,6,23.0,16.0,0.0,0.857
2020-21,Damion Lee,1627814,7,27.0,21.0,2.0,0.571
2020-21,Damion Lee,1627814,11,20.0,7.0,1.0,0.38549999999999995
2020-21,Damion Lee,1627814,16,25.333333333333332,12.333333333333334,1.3333333333333333,0.6943333333333334
2020-21,Damion Lee,1627814,17,24.0,17.0,1.0,0.857
2020-21,Damion Lee,1627814,22,21.0,8.0,2.0,0.5
2020-21,Damyean Dotson,1628422,-32,22.0,2.0,1.0,0.25
2020-21,Damyean Dotson,1628422,-24,30.0,11.0,3.0,0.455
2020-21,Damyean Dotson,1628422,-21,25.0,10.0,2.0,0.4
2020-21,Damyean Dotson,1628422,-19,29.0,16.0,2.0,0.6
2020-21,Damyean Dotson,1628422,-8,20.0,3.0,1.0,0.5
2020-21,Damyean Dotson,1628422,-7,23.0,11.0,2.0,0.444
2020-21,Damyean Dotson,1628422,-6,27.0,12.0,3.0,0.444
2020-21,Damyean Dotson,1628422,-5,39.0,13.0,4.0,0.267
2020-21,Damyean Dotson,1628422,-4,28.0,17.0,3.0,0.778
2020-21,Damyean Dotson,1628422,-3,20.0,3.0,1.0,0.143
2020-21,Damyean Dotson,1628422,-2,41.0,21.0,8.0,0.471
2020-21,Damyean Dotson,1628422,0,28.0,8.666666666666666,2.6666666666666665,0.3873333333333333
2020-21,Damyean Dotson,1628422,2,25.0,7.0,1.0,0.5
2020-21,Damyean Dotson,1628422,8,22.0,9.0,4.0,0.8
2020-21,Damyean Dotson,1628422,10,35.0,9.0,6.0,0.25
2020-21,Damyean Dotson,1628422,12,24.0,9.0,2.0,0.667
2020-21,Damyean Dotson,1628422,14,24.0,15.0,1.0,0.5
2020-21,Daniel Gafford,1629655,-7,25.0,9.0,0.0,0.8
2020-21,Daniel Gafford,1629655,1,21.0,12.0,0.0,0.75
2020-21,Daniel Gafford,1629655,13,24.0,19.0,0.0,0.636
2020-21,Daniel Gafford,1629655,14,26.0,12.0,2.0,0.714
2020-21,Daniel Gafford,1629655,15,21.0,12.0,0.0,0.6
2020-21,Daniel Gafford,1629655,16,25.0,18.0,0.0,0.636
2020-21,Daniel Gafford,1629655,23,22.0,15.0,2.0,0.875
2020-21,Daniel Gafford,1629655,28,21.0,13.0,0.0,0.857
2020-21,Daniel Oturu,1630187,-2,37.0,13.0,2.0,0.238
2020-21,Daniel Theis,1628464,-23,20.0,6.0,0.0,0.333
2020-21,Daniel Theis,1628464,-18,20.0,4.0,2.0,0.2
2020-21,Daniel Theis,1628464,-15,22.0,6.0,3.0,0.6
2020-21,Daniel Theis,1628464,-14,23.0,2.0,3.0,0.333
2020-21,Daniel Theis,1628464,-13,24.0,14.0,2.0,0.7085
2020-21,Daniel Theis,1628464,-12,26.0,15.0,6.0,0.538
2020-21,Daniel Theis,1628464,-11,35.5,10.5,2.0,0.42200000000000004
2020-21,Daniel Theis,1628464,-10,20.0,7.0,3.0,0.5
2020-21,Daniel Theis,1628464,-9,25.5,4.5,0.0,0.4375
2020-21,Daniel Theis,1628464,-8,24.0,10.0,0.5,0.514
2020-21,Daniel Theis,1628464,-7,25.0,13.0,4.0,0.417
2020-21,Daniel Theis,1628464,-5,25.0,9.0,1.5,0.393
2020-21,Daniel Theis,1628464,-4,25.6,11.4,1.6,0.5482
2020-21,Daniel Theis,1628464,-3,25.0,10.75,1.5,0.48125
2020-21,Daniel Theis,1628464,-2,25.0,2.0,0.0,0.25
2020-21,Daniel Theis,1628464,-1,25.0,7.5,3.0,0.4375
2020-21,Daniel Theis,1628464,0,24.0,7.0,1.0,0.667
2020-21,Daniel Theis,1628464,1,28.0,6.0,4.0,0.333
2020-21,Daniel Theis,1628464,2,31.0,11.0,1.0,0.333
2020-21,Daniel Theis,1628464,3,33.333333333333336,10.0,2.0,0.44733333333333336
2020-21,Daniel Theis,1628464,4,27.0,23.0,1.0,0.909
2020-21,Daniel Theis,1628464,5,29.666666666666668,17.333333333333332,3.0,0.6416666666666667
2020-21,Daniel Theis,1628464,6,28.0,17.0,0.0,0.7
2020-21,Daniel Theis,1628464,7,26.0,10.333333333333334,1.6666666666666667,0.486
2020-21,Daniel Theis,1628464,8,34.0,14.0,1.0,0.455
2020-21,Daniel Theis,1628464,10,25.0,12.5,0.5,0.7335
2020-21,Daniel Theis,1628464,16,26.0,14.0,3.0,0.667
2020-21,Daniel Theis,1628464,20,32.0,14.0,4.0,0.778
2020-21,Daniel Theis,1628464,21,28.0,19.0,3.0,0.667
2020-21,Daniel Theis,1628464,24,28.0,8.0,1.0,0.429
2020-21,Daniel Theis,1628464,27,31.0,13.0,3.0,0.545
2020-21,Daniel Theis,1628464,28,27.0,8.0,3.0,0.571
2020-21,Daniel Theis,1628464,33,24.0,17.0,1.0,0.667
2020-21,Danilo Gallinari,201568,-29,24.0,16.0,2.0,0.5
2020-21,Danilo Gallinari,201568,-20,26.0,20.0,0.0,0.5
2020-21,Danilo Gallinari,201568,-17,21.0,8.0,2.0,0.571
2020-21,Danilo Gallinari,201568,-14,26.0,16.0,0.0,0.6
2020-21,Danilo Gallinari,201568,-13,21.0,4.0,1.0,0.111
2020-21,Danilo Gallinari,201568,-10,24.0,6.5,1.5,0.1965
2020-21,Danilo Gallinari,201568,-8,26.0,15.0,2.75,0.45425
2020-21,Danilo Gallinari,201568,-5,23.0,12.0,1.0,0.5
2020-21,Danilo Gallinari,201568,-3,23.0,10.5,1.5,0.4165
2020-21,Danilo Gallinari,201568,-2,26.5,10.5,2.0,0.23349999999999999
2020-21,Danilo Gallinari,201568,-1,20.0,17.0,2.0,0.3695
2020-21,Danilo Gallinari,201568,0,22.666666666666668,9.0,0.6666666666666666,0.36200000000000004
2020-21,Danilo Gallinari,201568,5,23.666666666666668,17.333333333333332,2.0,0.552
2020-21,Danilo Gallinari,201568,6,24.0,8.0,1.0,0.333
2020-21,Danilo Gallinari,201568,7,39.0,23.0,6.0,0.444
2020-21,Danilo Gallinari,201568,9,24.0,11.5,3.5,0.405
2020-21,Danilo Gallinari,201568,10,29.0,20.0,1.0,0.6
2020-21,Danilo Gallinari,201568,11,28.0,20.0,0.0,0.417
2020-21,Danilo Gallinari,201568,12,32.0,20.5,0.5,0.521
2020-21,Danilo Gallinari,201568,13,26.0,18.5,1.0,0.41500000000000004
2020-21,Danilo Gallinari,201568,14,23.0,6.0,2.0,0.222
2020-21,Danilo Gallinari,201568,17,34.0,29.0,0.0,0.714
2020-21,Danilo Gallinari,201568,20,24.0,8.0,0.0,0.286
2020-21,Danilo Gallinari,201568,24,29.0,15.0,1.0,0.545
2020-21,Danilo Gallinari,201568,25,33.0,38.0,2.0,0.813
2020-21,Danilo Gallinari,201568,30,23.0,16.0,4.0,0.778
2020-21,Danilo Gallinari,201568,31,24.0,13.0,3.0,0.667
2020-21,Danny Green,201980,-24,28.0,2.0,3.0,0.0
2020-21,Danny Green,201980,-22,22.0,8.0,3.0,0.4
2020-21,Danny Green,201980,-19,22.0,6.0,0.0,0.333
2020-21,Danny Green,201980,-18,32.0,9.0,1.0,0.6
2020-21,Danny Green,201980,-17,26.0,3.0,1.0,0.2
2020-21,Danny Green,201980,-15,23.0,6.0,1.0,0.286
2020-21,Danny Green,201980,-14,20.0,11.0,1.0,0.571
2020-21,Danny Green,201980,-13,36.0,11.0,5.0,0.235
2020-21,Danny Green,201980,-12,21.0,5.0,2.0,0.2
2020-21,Danny Green,201980,-10,28.0,3.0,1.0,0.167
2020-21,Danny Green,201980,-8,29.0,6.0,1.0,0.222
2020-21,Danny Green,201980,-6,25.666666666666668,9.0,0.6666666666666666,0.314
2020-21,Danny Green,201980,-5,27.0,17.0,0.0,0.5
2020-21,Danny Green,201980,-4,36.0,12.0,0.0,0.667
2020-21,Danny Green,201980,-3,33.0,15.0,3.0,0.5
2020-21,Danny Green,201980,-2,32.0,11.0,1.0,0.5
2020-21,Danny Green,201980,-1,32.5,8.5,1.5,0.4375
2020-21,Danny Green,201980,0,22.0,3.0,2.0,0.1
2020-21,Danny Green,201980,1,28.5,7.0,0.0,0.48350000000000004
2020-21,Danny Green,201980,2,32.5,9.0,1.5,0.4
2020-21,Danny Green,201980,3,31.0,5.0,0.0,0.5
2020-21,Danny Green,201980,4,20.0,5.0,0.0,0.25
2020-21,Danny Green,201980,5,28.333333333333332,8.0,1.3333333333333333,0.4123333333333334
2020-21,Danny Green,201980,6,27.5,11.25,2.0,0.46425
2020-21,Danny Green,201980,7,49.0,29.0,6.0,0.4
2020-21,Danny Green,201980,8,36.0,14.0,1.0,0.455
2020-21,Danny Green,201980,9,29.0,14.0,1.5,0.48675
2020-21,Danny Green,201980,10,25.0,9.0,2.5,0.45
2020-21,Danny Green,201980,14,28.0,13.0,2.5,0.5
2020-21,Danny Green,201980,15,29.0,8.0,2.0,0.4375
2020-21,Danny Green,201980,16,21.0,8.0,2.0,0.4
2020-21,Danny Green,201980,17,25.5,7.5,1.5,0.5
2020-21,Danny Green,201980,18,26.333333333333332,7.333333333333333,0.6666666666666666,0.39999999999999997
2020-21,Danny Green,201980,19,32.5,9.5,4.0,0.36650000000000005
2020-21,Danny Green,201980,21,26.333333333333332,13.0,2.6666666666666665,0.5633333333333334
2020-21,Danny Green,201980,24,26.5,14.0,2.0,0.6115
2020-21,Danny Green,201980,25,32.0,11.0,1.0,0.444
2020-21,Danny Green,201980,26,29.5,12.5,3.5,0.4165
2020-21,Danny Green,201980,33,32.0,18.0,2.0,0.538
2020-21,Dante Exum,203957,-9,28.0,7.0,0.0,0.4
2020-21,Dante Exum,203957,3,34.0,6.0,1.0,0.375
2020-21,Dante Exum,203957,29,23.0,6.0,6.0,0.6
2020-21,Danuel House Jr.,1627863,-37,26.0,15.0,2.0,0.556
2020-21,Danuel House Jr.,1627863,-27,33.0,11.0,1.0,0.375
2020-21,Danuel House Jr.,1627863,-26,23.0,5.0,0.0,0.182
2020-21,Danuel House Jr.,1627863,-21,34.0,13.0,5.0,0.308
2020-21,Danuel House Jr.,1627863,-19,30.0,13.0,2.0,0.455
2020-21,Danuel House Jr.,1627863,-18,25.0,2.0,3.0,0.143
2020-21,Danuel House Jr.,1627863,-16,24.0,10.0,1.0,0.571
2020-21,Danuel House Jr.,1627863,-15,24.0,11.0,1.0,0.5
2020-21,Danuel House Jr.,1627863,-14,31.0,13.0,5.0,0.556
2020-21,Danuel House Jr.,1627863,-13,21.0,6.5,0.5,0.5415
2020-21,Danuel House Jr.,1627863,-11,34.0,10.0,2.0,0.4
2020-21,Danuel House Jr.,1627863,-10,22.0,0.0,1.0,0.0
2020-21,Danuel House Jr.,1627863,-9,31.0,8.5,4.5,0.27
2020-21,Danuel House Jr.,1627863,-8,31.0,9.0,1.0,0.231
2020-21,Danuel House Jr.,1627863,-6,38.0,11.0,1.0,0.375
2020-21,Danuel House Jr.,1627863,-5,32.5,17.5,2.0,0.55
2020-21,Danuel House Jr.,1627863,-4,20.0,5.0,0.0,0.5
2020-21,Danuel House Jr.,1627863,-3,25.0,12.0,0.0,0.364
2020-21,Danuel House Jr.,1627863,-1,33.0,18.0,2.0,0.778
2020-21,Danuel House Jr.,1627863,0,22.0,2.0,2.5,0.1665
2020-21,Danuel House Jr.,1627863,7,27.0,11.0,1.0,0.833
2020-21,Danuel House Jr.,1627863,9,27.0,8.0,4.0,0.286
2020-21,Danuel House Jr.,1627863,12,25.0,13.0,1.0,0.5
2020-21,Danuel House Jr.,1627863,13,36.0,12.0,6.0,0.8
2020-21,Danuel House Jr.,1627863,14,35.0,5.0,1.0,0.25
2020-21,Dario Saric,203967,-10,30.0,12.0,1.0,0.333
2020-21,Dario Saric,203967,-9,21.0,8.0,1.0,0.375
2020-21,Dario Saric,203967,-2,20.0,13.0,1.0,0.5
2020-21,Dario Saric,203967,-1,23.0,2.0,1.0,0.25
2020-21,Dario Saric,203967,3,20.0,16.0,2.0,0.667
2020-21,Dario Saric,203967,4,26.0,17.0,1.0,0.667
2020-21,Dario Saric,203967,7,28.0,12.0,0.0,0.333
2020-21,Dario Saric,203967,12,22.0,8.0,1.0,0.75
2020-21,Dario Saric,203967,13,24.333333333333332,16.0,2.6666666666666665,0.443
2020-21,Dario Saric,203967,15,24.0,11.0,2.0,0.556
2020-21,Dario Saric,203967,20,20.0,7.0,2.0,0.429
2020-21,Darius Bazley,1629647,-40,24.0,10.0,2.0,0.235
2020-21,Darius Bazley,1629647,-33,31.0,18.0,1.0,0.5225
2020-21,Darius Bazley,1629647,-26,27.0,11.0,3.0,0.333
2020-21,Darius Bazley,1629647,-21,30.0,16.75,2.5,0.37475
2020-21,Darius Bazley,1629647,-19,29.666666666666668,11.666666666666666,2.0,0.41500000000000004
2020-21,Darius Bazley,1629647,-18,28.0,12.0,2.0,0.2225
2020-21,Darius Bazley,1629647,-17,28.5,18.0,1.0,0.5
2020-21,Darius Bazley,1629647,-16,20.0,6.0,0.0,0.286
2020-21,Darius Bazley,1629647,-15,33.0,16.0,1.0,0.4
2020-21,Darius Bazley,1629647,-12,35.5,11.5,3.0,0.323
2020-21,Darius Bazley,1629647,-11,29.75,17.5,2.25,0.3975
2020-21,Darius Bazley,1629647,-10,27.0,15.0,1.0,0.47750000000000004
2020-21,Darius Bazley,1629647,-9,30.5,12.5,2.0,0.3015
2020-21,Darius Bazley,1629647,-7,30.5,8.75,1.5,0.27849999999999997
2020-21,Darius Bazley,1629647,-6,29.5,11.0,1.5,0.5635
2020-21,Darius Bazley,1629647,-5,30.0,10.333333333333334,0.6666666666666666,0.35300000000000004
2020-21,Darius Bazley,1629647,-2,30.0,4.0,1.0,0.286
2020-21,Darius Bazley,1629647,-1,28.0,19.0,2.0,0.545
2020-21,Darius Bazley,1629647,0,31.0,18.0,3.0,0.615
2020-21,Darius Bazley,1629647,1,35.75,17.75,2.25,0.4835
2020-21,Darius Bazley,1629647,5,28.0,18.0,1.0,0.667
2020-21,Darius Bazley,1629647,6,34.5,17.5,4.0,0.5445
2020-21,Darius Bazley,1629647,7,32.5,16.5,1.0,0.34650000000000003
2020-21,Darius Bazley,1629647,9,31.666666666666668,15.333333333333334,1.3333333333333333,0.42766666666666664
2020-21,Darius Bazley,1629647,11,30.0,0.0,0.0,0.0
2020-21,Darius Bazley,1629647,12,30.0,10.0,1.0,0.308
2020-21,Darius Garland,1629636,-39,39.0,16.0,3.0,0.3
2020-21,Darius Garland,1629636,-33,35.0,18.0,5.0,0.5
2020-21,Darius Garland,1629636,-31,32.0,17.0,4.0,0.438
2020-21,Darius Garland,1629636,-28,26.0,7.0,5.0,0.5
2020-21,Darius Garland,1629636,-26,27.0,17.0,2.0,0.4
2020-21,Darius Garland,1629636,-25,34.0,23.0,2.0,0.611
2020-21,Darius Garland,1629636,-23,29.0,13.0,4.0,0.429
2020-21,Darius Garland,1629636,-21,38.0,21.0,5.0,0.571
2020-21,Darius Garland,1629636,-20,31.5,14.0,8.0,0.5135
2020-21,Darius Garland,1629636,-17,35.5,11.5,5.5,0.432
2020-21,Darius Garland,1629636,-15,28.0,5.0,6.5,0.243
2020-21,Darius Garland,1629636,-14,28.0,20.0,6.0,0.6
2020-21,Darius Garland,1629636,-11,35.0,14.0,5.0,0.4
2020-21,Darius Garland,1629636,-10,33.0,14.0,5.0,0.353
2020-21,Darius Garland,1629636,-9,32.0,17.666666666666668,6.333333333333333,0.46199999999999997
2020-21,Darius Garland,1629636,-7,29.0,24.0,1.0,0.529
2020-21,Darius Garland,1629636,-6,35.5,19.5,5.0,0.4445
2020-21,Darius Garland,1629636,-5,34.0,17.0,5.5,0.381
2020-21,Darius Garland,1629636,-4,27.5,12.0,6.5,0.34650000000000003
2020-21,Darius Garland,1629636,-3,28.5,19.5,4.5,0.5275
2020-21,Darius Garland,1629636,-2,35.0,24.5,7.5,0.425
2020-21,Darius Garland,1629636,-1,42.0,25.0,9.0,0.375
2020-21,Darius Garland,1629636,0,38.0,25.0,10.0,0.417
2020-21,Darius Garland,1629636,1,39.5,17.0,7.5,0.35050000000000003
2020-21,Darius Garland,1629636,2,34.0,19.5,5.0,0.554
2020-21,Darius Garland,1629636,3,39.0,28.0,9.0,0.45
2020-21,Darius Garland,1629636,4,36.0,22.0,9.0,0.48350000000000004
2020-21,Darius Garland,1629636,5,35.0,17.0,7.0,0.538
2020-21,Darius Garland,1629636,7,33.666666666666664,13.666666666666666,6.666666666666667,0.36633333333333334
2020-21,Darius Garland,1629636,9,35.0,15.0,6.0,0.5
2020-21,Darius Garland,1629636,14,36.0,22.0,9.0,0.4
2020-21,Darius Garland,1629636,18,29.0,25.0,4.0,0.615
2020-21,Darius Garland,1629636,19,36.333333333333336,17.666666666666668,9.0,0.48733333333333334
2020-21,Darius Garland,1629636,20,29.0,37.0,7.0,0.636
2020-21,Darius Garland,1629636,21,28.0,14.0,7.0,0.467
2020-21,Darius Miller,203121,16,20.0,11.0,4.0,0.75
2020-21,David Nwaba,1628021,-22,26.5,10.0,0.5,0.393
2020-21,David Nwaba,1628021,-19,40.0,19.0,1.0,0.7
2020-21,David Nwaba,1628021,-17,25.0,8.0,0.5,0.333
2020-21,David Nwaba,1628021,-5,26.0,10.0,0.0,0.4
2020-21,David Nwaba,1628021,-3,25.0,7.0,4.0,0.25
2020-21,David Nwaba,1628021,0,22.0,14.0,1.0,0.857
2020-21,David Nwaba,1628021,1,21.0,7.0,1.0,0.6
2020-21,David Nwaba,1628021,3,37.0,15.0,0.0,0.545
2020-21,David Nwaba,1628021,7,30.0,9.0,1.0,0.5
2020-21,David Nwaba,1628021,8,24.0,15.5,2.0,0.4815
2020-21,David Nwaba,1628021,9,25.0,2.0,0.0,0.333
2020-21,David Nwaba,1628021,11,24.0,7.0,1.0,0.429
2020-21,David Nwaba,1628021,12,26.0,13.5,2.5,0.47750000000000004
2020-21,David Nwaba,1628021,15,26.0,18.0,3.0,0.857
2020-21,David Nwaba,1628021,17,22.0,6.0,0.0,0.5
2020-21,David Nwaba,1628021,20,23.0,11.0,3.0,0.714
2020-21,Davis Bertans,202722,-22,30.0,6.0,0.0,0.2
2020-21,Davis Bertans,202722,-21,28.0,9.0,0.0,0.333
2020-21,Davis Bertans,202722,-18,21.0,3.0,2.0,0.0
2020-21,Davis Bertans,202722,-16,31.0,9.0,1.0,0.333
2020-21,Davis Bertans,202722,-15,26.0,6.0,1.0,0.5
2020-21,Davis Bertans,202722,-14,20.0,13.0,0.0,0.5
2020-21,Davis Bertans,202722,-13,25.0,1.0,0.0,0.0
2020-21,Davis Bertans,202722,-9,29.666666666666668,11.333333333333334,1.0,0.4073333333333333
2020-21,Davis Bertans,202722,-8,22.0,5.0,3.0,0.143
2020-21,Davis Bertans,202722,-7,20.0,11.0,1.0,0.444
2020-21,Davis Bertans,202722,-6,26.0,11.0,0.0,0.5
2020-21,Davis Bertans,202722,-5,28.0,15.0,0.0,0.4585
2020-21,Davis Bertans,202722,-4,26.0,14.0,5.0,0.417
2020-21,Davis Bertans,202722,-3,20.0,14.0,1.0,0.571
2020-21,Davis Bertans,202722,-1,34.0,15.0,1.0,0.5569999999999999
2020-21,Davis Bertans,202722,1,32.0,17.0,1.0,0.4
2020-21,Davis Bertans,202722,3,26.25,7.75,0.25,0.352
2020-21,Davis Bertans,202722,4,28.25,10.5,0.0,0.3375
2020-21,Davis Bertans,202722,5,24.5,8.0,1.5,0.3255
2020-21,Davis Bertans,202722,6,25.333333333333332,17.666666666666668,1.3333333333333333,0.49033333333333334
2020-21,Davis Bertans,202722,7,27.0,13.0,1.0,0.4
2020-21,Davis Bertans,202722,10,28.666666666666668,23.333333333333332,1.6666666666666667,0.6246666666666667
2020-21,Davis Bertans,202722,11,33.0,6.0,0.0,0.222
2020-21,Davis Bertans,202722,12,24.0,17.0,2.0,0.625
2020-21,Davis Bertans,202722,14,26.0,11.0,1.0,0.375
2020-21,Davis Bertans,202722,16,30.0,15.0,0.0,0.417
2020-21,Davis Bertans,202722,17,29.0,9.0,0.5,0.3095
2020-21,Davis Bertans,202722,19,34.0,14.0,0.0,0.375
2020-21,Davis Bertans,202722,20,22.5,17.0,2.0,0.5854999999999999
2020-21,Davis Bertans,202722,24,20.0,19.0,0.0,0.462
2020-21,Davis Bertans,202722,25,34.0,9.0,1.0,0.25
2020-21,De'Aaron Fox,1628368,-32,25.0,10.0,2.0,0.333
2020-21,De'Aaron Fox,1628368,-26,39.0,30.0,8.0,0.55
2020-21,De'Aaron Fox,1628368,-25,33.0,20.0,4.0,0.389
2020-21,De'Aaron Fox,1628368,-24,28.0,12.0,5.0,0.25
2020-21,De'Aaron Fox,1628368,-23,33.0,16.0,6.0,0.357
2020-21,De'Aaron Fox,1628368,-22,33.666666666666664,25.0,8.0,0.5076666666666667
2020-21,De'Aaron Fox,1628368,-21,30.0,16.5,7.0,0.38249999999999995
2020-21,De'Aaron Fox,1628368,-16,36.5,16.5,9.5,0.353
2020-21,De'Aaron Fox,1628368,-15,26.5,16.0,5.0,0.47850000000000004
2020-21,De'Aaron Fox,1628368,-14,38.0,29.0,11.0,0.5
2020-21,De'Aaron Fox,1628368,-13,40.0,27.0,8.0,0.524
2020-21,De'Aaron Fox,1628368,-10,37.5,30.5,8.0,0.425
2020-21,De'Aaron Fox,1628368,-9,30.5,17.5,4.0,0.377
2020-21,De'Aaron Fox,1628368,-8,27.5,17.0,6.5,0.6174999999999999
2020-21,De'Aaron Fox,1628368,-7,38.0,43.0,6.0,0.5
2020-21,De'Aaron Fox,1628368,-6,36.5,27.0,8.0,0.4605
2020-21,De'Aaron Fox,1628368,-5,38.0,29.0,8.666666666666666,0.47333333333333333
2020-21,De'Aaron Fox,1628368,-3,37.0,24.75,8.25,0.441
2020-21,De'Aaron Fox,1628368,-2,36.0,22.5,5.5,0.4855
2020-21,De'Aaron Fox,1628368,-1,31.0,30.0,6.0,0.462
2020-21,De'Aaron Fox,1628368,0,36.0,29.0,6.0,0.5
2020-21,De'Aaron Fox,1628368,1,37.0,29.0,8.0,0.5
2020-21,De'Aaron Fox,1628368,3,38.0,24.0,5.0,0.45
2020-21,De'Aaron Fox,1628368,4,38.0,26.0,11.0,0.529
2020-21,De'Aaron Fox,1628368,5,38.5,36.5,4.5,0.6375
2020-21,De'Aaron Fox,1628368,7,36.25,31.5,8.75,0.52425
2020-21,De'Aaron Fox,1628368,9,36.666666666666664,29.0,7.666666666666667,0.48166666666666663
2020-21,De'Aaron Fox,1628368,10,38.0,27.0,6.0,0.429
2020-21,De'Aaron Fox,1628368,13,38.0,29.5,6.0,0.47500000000000003
2020-21,De'Aaron Fox,1628368,17,38.0,30.0,6.0,0.565
2020-21,De'Aaron Fox,1628368,18,36.0,33.5,9.0,0.565
2020-21,De'Aaron Fox,1628368,19,38.0,16.0,10.0,0.235
2020-21,De'Aaron Fox,1628368,23,36.0,30.0,12.0,0.571
2020-21,De'Aaron Fox,1628368,31,33.0,30.0,9.0,0.579
2020-21,De'Andre Hunter,1629631,-23,28.0,14.0,1.0,0.462
2020-21,De'Andre Hunter,1629631,-16,20.0,8.0,1.0,0.5
2020-21,De'Andre Hunter,1629631,-13,35.0,15.0,1.0,0.333
2020-21,De'Andre Hunter,1629631,-4,33.0,17.0,5.0,0.4
2020-21,De'Andre Hunter,1629631,-3,37.0,23.0,1.0,0.6
2020-21,De'Andre Hunter,1629631,-1,39.333333333333336,21.666666666666668,3.6666666666666665,0.5219999999999999
2020-21,De'Andre Hunter,1629631,0,31.0,23.0,1.0,0.9
2020-21,De'Andre Hunter,1629631,3,33.0,11.0,3.0,0.308
2020-21,De'Andre Hunter,1629631,4,33.0,20.0,1.0,0.6
2020-21,De'Andre Hunter,1629631,5,30.0,17.0,2.0,0.455
2020-21,De'Andre Hunter,1629631,8,24.5,8.0,1.0,0.2535
2020-21,De'Andre Hunter,1629631,9,36.0,22.0,4.0,0.438
2020-21,De'Andre Hunter,1629631,11,26.0,11.0,2.0,0.571
2020-21,De'Andre Hunter,1629631,13,35.0,15.0,3.0,0.455
2020-21,De'Andre Hunter,1629631,15,22.0,15.0,1.0,0.5
2020-21,De'Andre Hunter,1629631,17,36.0,25.0,2.0,0.533
2020-21,De'Andre Hunter,1629631,40,25.0,11.0,1.0,0.833
2020-21,De'Anthony Melton,1629001,-16,20.0,4.0,0.0,0.286
2020-21,De'Anthony Melton,1629001,-12,23.0,4.5,2.5,0.3055
2020-21,De'Anthony Melton,1629001,-8,25.0,13.5,3.0,0.4585
2020-21,De'Anthony Melton,1629001,-7,24.0,3.0,1.0,0.167
2020-21,De'Anthony Melton,1629001,-6,21.0,14.0,1.0,0.6
2020-21,De'Anthony Melton,1629001,-5,23.0,9.0,1.0,0.444
2020-21,De'Anthony Melton,1629001,-3,22.0,5.0,1.0,0.333
2020-21,De'Anthony Melton,1629001,0,21.0,10.0,3.0,0.333
2020-21,De'Anthony Melton,1629001,5,22.0,12.0,6.0,0.5
2020-21,De'Anthony Melton,1629001,7,24.333333333333332,15.333333333333334,3.0,0.579
2020-21,De'Anthony Melton,1629001,9,25.0,8.0,2.0,0.375
2020-21,De'Anthony Melton,1629001,10,23.0,10.0,1.0,0.429
2020-21,De'Anthony Melton,1629001,11,36.0,22.5,4.0,0.5720000000000001
2020-21,De'Anthony Melton,1629001,13,22.0,6.5,3.5,0.277
2020-21,De'Anthony Melton,1629001,14,23.5,14.0,5.5,0.4155
2020-21,De'Anthony Melton,1629001,17,23.0,14.0,3.0,0.5
2020-21,De'Anthony Melton,1629001,20,23.5,10.5,5.5,0.4365
2020-21,De'Anthony Melton,1629001,21,26.0,17.0,5.0,0.429
2020-21,De'Anthony Melton,1629001,24,22.0,14.0,5.0,0.625
2020-21,DeAndre Jordan,201599,-16,23.0,8.0,2.0,0.75
2020-21,DeAndre Jordan,201599,-13,23.0,8.0,2.0,0.8
2020-21,DeAndre Jordan,201599,-10,24.0,8.0,3.0,0.6
2020-21,DeAndre Jordan,201599,-7,23.5,8.25,2.0,0.78925
2020-21,DeAndre Jordan,201599,-6,28.0,9.0,3.0,1.0
2020-21,DeAndre Jordan,201599,-5,23.666666666666668,8.333333333333334,2.6666666666666665,0.9046666666666666
2020-21,DeAndre Jordan,201599,-4,29.5,11.0,0.5,0.75
2020-21,DeAndre Jordan,201599,-3,21.5,6.0,1.5,0.3125
2020-21,DeAndre Jordan,201599,-2,23.0,10.0,0.0,0.571
2020-21,DeAndre Jordan,201599,-1,26.0,4.0,1.0,0.667
2020-21,DeAndre Jordan,201599,0,24.0,13.0,0.0,0.857
2020-21,DeAndre Jordan,201599,2,31.0,13.0,2.0,0.857
2020-21,DeAndre Jordan,201599,3,35.0,8.0,5.0,0.429
2020-21,DeAndre Jordan,201599,5,37.0,12.0,3.0,1.0
2020-21,DeAndre Jordan,201599,6,21.0,8.0,1.0,1.0
2020-21,DeAndre Jordan,201599,7,22.666666666666668,9.333333333333334,2.0,0.9166666666666666
2020-21,DeAndre Jordan,201599,8,21.0,6.0,1.0,0.75
2020-21,DeAndre Jordan,201599,11,28.0,9.0,2.0,1.0
2020-21,DeAndre Jordan,201599,12,35.0,11.0,0.5,0.7125
2020-21,DeAndre Jordan,201599,13,25.0,8.0,2.0,0.5
2020-21,DeAndre Jordan,201599,15,28.0,10.0,3.0,0.714
2020-21,DeAndre Jordan,201599,17,23.0,7.0,0.0,1.0
2020-21,DeAndre Jordan,201599,22,27.0,10.0,4.0,0.667
2020-21,DeAndre' Bembry,1627761,-23,27.0,0.0,5.0,0.0
2020-21,DeAndre' Bembry,1627761,-14,31.0,12.0,3.0,0.5
2020-21,DeAndre' Bembry,1627761,-12,33.5,17.0,3.0,0.48250000000000004
2020-21,DeAndre' Bembry,1627761,-8,24.0,4.0,4.0,0.333
2020-21,DeAndre' Bembry,1627761,-7,23.0,10.0,1.0,0.5
2020-21,DeAndre' Bembry,1627761,-6,36.0,9.0,2.0,0.444
2020-21,DeAndre' Bembry,1627761,-5,20.0,2.0,1.0,0.0
2020-21,DeAndre' Bembry,1627761,-4,39.0,12.0,6.0,0.545
2020-21,DeAndre' Bembry,1627761,-3,23.0,13.0,2.0,0.667
2020-21,DeAndre' Bembry,1627761,-2,21.0,0.0,0.0,0.0
2020-21,DeAndre' Bembry,1627761,-1,23.5,7.5,3.5,0.65
2020-21,DeAndre' Bembry,1627761,1,29.666666666666668,9.0,4.333333333333333,0.7096666666666667
2020-21,DeAndre' Bembry,1627761,2,20.5,6.5,2.5,0.5835
2020-21,DeAndre' Bembry,1627761,6,25.0,7.0,1.0,0.333
2020-21,DeAndre' Bembry,1627761,9,21.0,13.0,2.0,0.625
2020-21,DeAndre' Bembry,1627761,12,36.0,5.0,4.0,0.667
2020-21,DeAndre' Bembry,1627761,13,25.0,6.0,2.0,1.0
2020-21,DeAndre' Bembry,1627761,15,24.0,14.0,1.0,0.625
2020-21,DeAndre' Bembry,1627761,16,21.0,12.0,2.0,0.667
2020-21,DeAndre' Bembry,1627761,22,20.0,9.0,4.0,0.8
2020-21,DeAndre' Bembry,1627761,24,20.0,5.0,2.0,0.5
2020-21,DeMar DeRozan,201942,-30,28.0,19.0,3.0,0.389
2020-21,DeMar DeRozan,201942,-20,32.0,13.0,5.0,0.357
2020-21,DeMar DeRozan,201942,-19,29.0,21.0,5.0,0.643
2020-21,DeMar DeRozan,201942,-18,29.5,10.0,8.0,0.307
2020-21,DeMar DeRozan,201942,-17,31.0,18.0,6.0,0.544
2020-21,DeMar DeRozan,201942,-16,27.5,19.0,2.5,0.398
2020-21,DeMar DeRozan,201942,-14,28.5,17.0,4.0,0.49550000000000005
2020-21,DeMar DeRozan,201942,-12,35.0,25.5,5.5,0.6355
2020-21,DeMar DeRozan,201942,-10,26.0,20.0,2.0,0.444
2020-21,DeMar DeRozan,201942,-9,32.5,20.0,6.0,0.46900000000000003
2020-21,DeMar DeRozan,201942,-8,33.5,13.5,6.0,0.381
2020-21,DeMar DeRozan,201942,-7,38.0,22.0,13.0,0.444
2020-21,DeMar DeRozan,201942,-6,46.0,36.0,9.0,0.519
2020-21,DeMar DeRozan,201942,-5,36.666666666666664,28.333333333333332,7.0,0.47333333333333333
2020-21,DeMar DeRozan,201942,-4,25.0,23.0,4.0,0.571
2020-21,DeMar DeRozan,201942,-3,30.0,14.0,4.0,0.385
2020-21,DeMar DeRozan,201942,-1,35.5,29.0,10.0,0.5660000000000001
2020-21,DeMar DeRozan,201942,0,35.333333333333336,20.666666666666668,7.333333333333333,0.476
2020-21,DeMar DeRozan,201942,1,34.25,20.25,9.0,0.4155
2020-21,DeMar DeRozan,201942,2,37.0,26.0,10.0,0.44
2020-21,DeMar DeRozan,201942,3,36.333333333333336,24.0,9.666666666666666,0.677
2020-21,DeMar DeRozan,201942,4,43.0,38.0,5.0,0.565
2020-21,DeMar DeRozan,201942,5,38.5,34.5,9.0,0.499
2020-21,DeMar DeRozan,201942,6,35.25,25.25,5.75,0.50275
2020-21,DeMar DeRozan,201942,7,36.0,27.0,8.0,0.588
2020-21,DeMar DeRozan,201942,8,36.5,27.0,5.5,0.46149999999999997
2020-21,DeMar DeRozan,201942,9,34.0,25.0,10.5,0.7265
2020-21,DeMar DeRozan,201942,10,35.0,8.0,9.0,0.375
2020-21,DeMar DeRozan,201942,12,29.0,10.0,11.0,0.4
2020-21,DeMar DeRozan,201942,13,36.0,20.0,7.0,0.583
2020-21,DeMar DeRozan,201942,14,36.0,19.0,8.0,0.385
2020-21,DeMar DeRozan,201942,15,31.0,18.0,6.0,0.385
2020-21,DeMar DeRozan,201942,16,25.0,19.0,6.0,0.636
2020-21,DeMar DeRozan,201942,17,33.0,26.0,7.0,0.6
2020-21,DeMar DeRozan,201942,20,31.0,17.0,7.0,0.5
2020-21,DeMar DeRozan,201942,30,25.0,23.0,8.0,0.636
2020-21,DeMarcus Cousins,202326,-13,22.0,7.0,2.0,0.125
2020-21,DeMarcus Cousins,202326,-10,28.0,7.0,4.0,0.3125
2020-21,DeMarcus Cousins,202326,-7,20.0,12.0,0.0,0.4
2020-21,DeMarcus Cousins,202326,-4,29.5,14.0,2.5,0.361
2020-21,DeMarcus Cousins,202326,-3,24.0,16.0,3.0,0.667
2020-21,DeMarcus Cousins,202326,-2,25.0,10.0,1.0,0.4
2020-21,DeMarcus Cousins,202326,-1,30.0,12.0,2.0,0.417
2020-21,DeMarcus Cousins,202326,0,24.0,16.0,1.0,0.429
2020-21,DeMarcus Cousins,202326,2,21.0,10.0,2.0,0.444
2020-21,DeMarcus Cousins,202326,6,33.0,19.0,2.0,0.545
2020-21,DeMarcus Cousins,202326,9,29.0,28.0,5.0,0.6
2020-21,DeMarcus Cousins,202326,19,20.0,17.0,3.0,0.357
2020-21,Dean Wade,1629731,-34,29.5,6.0,2.0,0.44299999999999995
2020-21,Dean Wade,1629731,-25,35.0,18.0,3.0,0.5
2020-21,Dean Wade,1629731,-20,35.0,14.0,2.0,0.5
2020-21,Dean Wade,1629731,-18,33.5,14.0,1.5,0.3975
2020-21,Dean Wade,1629731,-17,31.0,3.0,1.0,0.125
2020-21,Dean Wade,1629731,-16,29.5,6.0,1.0,0.3125
2020-21,Dean Wade,1629731,-15,37.0,16.0,2.0,0.429
2020-21,Dean Wade,1629731,-14,20.0,5.0,2.0,0.667
2020-21,Dean Wade,1629731,-12,28.0,16.0,0.0,0.833
2020-21,Dean Wade,1629731,-10,35.0,12.0,1.0,0.5
2020-21,Dean Wade,1629731,-6,24.0,4.0,3.0,0.25
2020-21,Dean Wade,1629731,-2,27.5,11.5,2.5,0.5
2020-21,Dean Wade,1629731,0,29.666666666666668,9.0,2.0,0.3176666666666667
2020-21,Dean Wade,1629731,4,25.0,6.0,2.0,0.4
2020-21,Dean Wade,1629731,6,30.0,18.0,1.0,0.6
2020-21,Dean Wade,1629731,7,27.0,6.0,1.0,0.25
2020-21,Dean Wade,1629731,11,22.0,11.0,3.0,0.5
2020-21,Dean Wade,1629731,12,28.0,12.0,3.0,0.5
2020-21,Dean Wade,1629731,13,30.0,17.0,2.0,0.667
2020-21,Dean Wade,1629731,14,28.0,8.0,1.0,0.6
2020-21,Dean Wade,1629731,18,28.5,7.5,2.5,0.6665
2020-21,Deandre Ayton,1629028,-26,36.0,14.0,2.0,0.778
2020-21,Deandre Ayton,1629028,-23,24.0,8.0,1.0,0.4
2020-21,Deandre Ayton,1629028,-15,27.5,16.0,1.5,0.597
2020-21,Deandre Ayton,1629028,-14,29.0,13.0,2.0,0.667
2020-21,Deandre Ayton,1629028,-13,32.0,10.0,1.0,0.417
2020-21,Deandre Ayton,1629028,-11,34.5,14.0,1.5,0.8845000000000001
2020-21,Deandre Ayton,1629028,-10,31.0,12.0,1.0,0.6625
2020-21,Deandre Ayton,1629028,-9,31.0,16.0,1.0,0.625
2020-21,Deandre Ayton,1629028,-8,32.0,20.0,3.0,0.75
2020-21,Deandre Ayton,1629028,-7,31.0,8.0,0.0,0.8
2020-21,Deandre Ayton,1629028,-6,26.0,11.0,0.0,0.833
2020-21,Deandre Ayton,1629028,-5,35.0,26.0,3.0,0.733
2020-21,Deandre Ayton,1629028,-4,25.0,13.666666666666666,0.3333333333333333,0.627
2020-21,Deandre Ayton,1629028,-3,27.5,16.0,1.5,0.7125
2020-21,Deandre Ayton,1629028,-1,30.6,9.4,2.2,0.4882000000000001
2020-21,Deandre Ayton,1629028,0,31.5,14.0,1.5,0.6605
2020-21,Deandre Ayton,1629028,1,39.0,20.0,2.0,0.727
2020-21,Deandre Ayton,1629028,2,31.0,15.0,1.75,0.69
2020-21,Deandre Ayton,1629028,4,35.333333333333336,18.666666666666668,1.0,0.6756666666666667
2020-21,Deandre Ayton,1629028,5,24.0,17.0,1.0,0.5
2020-21,Deandre Ayton,1629028,7,30.166666666666668,11.833333333333334,1.0,0.5505
2020-21,Deandre Ayton,1629028,9,28.666666666666668,14.333333333333334,1.0,0.5293333333333333
2020-21,Deandre Ayton,1629028,10,34.0,21.666666666666668,1.3333333333333333,0.6920000000000001
2020-21,Deandre Ayton,1629028,11,26.0,19.0,2.5,0.714
2020-21,Deandre Ayton,1629028,12,33.0,8.0,3.0,0.4
2020-21,Deandre Ayton,1629028,13,25.0,22.0,1.0,0.818
2020-21,Deandre Ayton,1629028,15,31.2,15.2,1.2,0.6096
2020-21,Deandre Ayton,1629028,16,26.5,9.0,1.0,0.3975
2020-21,Deandre Ayton,1629028,17,23.0,11.0,2.0,0.625
2020-21,Deandre Ayton,1629028,20,34.25,14.75,2.25,0.65
2020-21,Deandre Ayton,1629028,22,28.0,20.0,1.5,0.7344999999999999
2020-21,Deandre Ayton,1629028,23,32.0,8.0,1.0,0.364
2020-21,Deandre Ayton,1629028,25,25.0,19.0,2.0,0.727
2020-21,Deividas Sirvydis,1629686,-11,21.0,0.0,0.0,0.0
2020-21,Deividas Sirvydis,1629686,6,24.0,8.0,1.0,0.5
2020-21,Dejounte Murray,1627749,-28,29.0,22.0,3.0,0.563
2020-21,Dejounte Murray,1627749,-25,33.0,23.0,7.0,0.611
2020-21,Dejounte Murray,1627749,-20,25.0,7.0,3.0,0.311
2020-21,Dejounte Murray,1627749,-16,32.5,14.5,5.5,0.365
2020-21,Dejounte Murray,1627749,-15,23.5,9.0,3.5,0.231
2020-21,Dejounte Murray,1627749,-13,29.5,10.0,4.5,0.3205
2020-21,Dejounte Murray,1627749,-12,32.5,15.0,5.0,0.475
2020-21,Dejounte Murray,1627749,-10,35.5,16.5,3.0,0.43300000000000005
2020-21,Dejounte Murray,1627749,-8,35.0,11.0,5.0,0.333
2020-21,Dejounte Murray,1627749,-7,31.5,13.0,4.5,0.4145
2020-21,Dejounte Murray,1627749,-6,36.5,18.5,5.5,0.6115
2020-21,Dejounte Murray,1627749,-5,33.333333333333336,17.0,7.0,0.41
2020-21,Dejounte Murray,1627749,-4,31.5,13.0,5.5,0.47750000000000004
2020-21,Dejounte Murray,1627749,-3,34.0,21.5,7.0,0.5105
2020-21,Dejounte Murray,1627749,-2,28.0,13.5,3.0,0.4115
2020-21,Dejounte Murray,1627749,-1,32.0,18.5,7.0,0.48850000000000005
2020-21,Dejounte Murray,1627749,1,36.0,14.5,6.0,0.373
2020-21,Dejounte Murray,1627749,2,36.666666666666664,13.333333333333334,6.0,0.4976666666666667
2020-21,Dejounte Murray,1627749,4,31.0,16.0,7.0,0.462
2020-21,Dejounte Murray,1627749,6,31.5,15.0,6.5,0.482
2020-21,Dejounte Murray,1627749,7,35.5,17.0,4.0,0.3415
2020-21,Dejounte Murray,1627749,8,31.0,20.5,7.0,0.55
2020-21,Dejounte Murray,1627749,9,33.75,17.75,6.0,0.40975
2020-21,Dejounte Murray,1627749,10,33.0,19.6,6.2,0.47640000000000005
2020-21,Dejounte Murray,1627749,12,32.0,11.0,3.0,0.308
2020-21,Dejounte Murray,1627749,14,31.5,10.0,9.0,0.42200000000000004
2020-21,Dejounte Murray,1627749,15,27.0,14.0,3.0,0.667
2020-21,Dejounte Murray,1627749,16,33.5,24.0,6.5,0.47750000000000004
2020-21,Dejounte Murray,1627749,18,33.0,25.0,5.0,0.647
2020-21,Dejounte Murray,1627749,19,31.0,18.0,3.0,0.444
2020-21,Dejounte Murray,1627749,21,32.0,12.0,6.0,0.364
2020-21,Dejounte Murray,1627749,23,30.0,17.0,6.0,0.398
2020-21,Dejounte Murray,1627749,24,33.0,19.0,6.0,0.692
2020-21,Dejounte Murray,1627749,26,34.0,21.0,9.0,0.571
2020-21,Dejounte Murray,1627749,36,24.0,16.0,5.0,0.538
2020-21,Delon Wright,1626153,-38,26.0,8.0,0.0,0.333
2020-21,Delon Wright,1626153,-29,23.0,7.0,4.0,0.333
2020-21,Delon Wright,1626153,-23,42.0,19.0,4.0,0.556
2020-21,Delon Wright,1626153,-22,37.0,15.0,8.0,0.467
2020-21,Delon Wright,1626153,-19,32.0,6.0,3.0,0.3
2020-21,Delon Wright,1626153,-15,21.0,7.5,1.5,0.482
2020-21,Delon Wright,1626153,-14,30.5,7.5,2.0,0.3415
2020-21,Delon Wright,1626153,-13,26.0,8.0,4.0,0.5
2020-21,Delon Wright,1626153,-12,28.0,5.5,5.5,0.2445
2020-21,Delon Wright,1626153,-10,24.0,5.0,6.0,0.286
2020-21,Delon Wright,1626153,-9,30.75,9.0,2.5,0.4155
2020-21,Delon Wright,1626153,-7,22.0,2.0,5.0,0.0
2020-21,Delon Wright,1626153,-6,36.5,13.5,7.5,0.4375
2020-21,Delon Wright,1626153,-5,22.75,8.75,3.0,0.44725000000000004
2020-21,Delon Wright,1626153,-3,26.0,9.0,3.0,0.393
2020-21,Delon Wright,1626153,-2,23.0,6.666666666666667,3.0,0.375
2020-21,Delon Wright,1626153,-1,34.5,19.0,7.0,0.8285
2020-21,Delon Wright,1626153,0,24.0,13.5,5.0,0.432
2020-21,Delon Wright,1626153,1,23.0,2.0,2.0,0.125
2020-21,Delon Wright,1626153,2,32.0,3.0,7.0,0.1
2020-21,Delon Wright,1626153,3,26.0,10.0,4.0,0.45
2020-21,Delon Wright,1626153,4,35.0,19.5,6.5,0.8175
2020-21,Delon Wright,1626153,5,30.0,11.0,7.0,0.375
2020-21,Delon Wright,1626153,6,28.0,10.5,4.5,0.6035
2020-21,Delon Wright,1626153,7,36.0,13.0,8.0,0.4
2020-21,Delon Wright,1626153,8,27.0,16.0,4.0,0.6
2020-21,Delon Wright,1626153,10,28.0,18.0,2.0,0.571
2020-21,Delon Wright,1626153,11,37.0,18.0,8.0,0.583
2020-21,Delon Wright,1626153,14,28.0,6.0,8.0,0.167
2020-21,Delon Wright,1626153,15,37.0,22.0,9.0,0.438
2020-21,Delon Wright,1626153,18,36.0,19.5,6.0,0.6034999999999999
2020-21,Delon Wright,1626153,19,25.0,8.0,10.0,0.429
2020-21,Delon Wright,1626153,21,26.0,6.0,6.0,0.429
2020-21,Delon Wright,1626153,22,36.0,28.0,9.0,0.667
2020-21,Delon Wright,1626153,25,32.0,15.0,5.0,0.6
2020-21,Delon Wright,1626153,28,33.0,21.0,8.0,0.727
2020-21,Deni Avdija,1630166,-31,33.0,11.0,1.0,0.4
2020-21,Deni Avdija,1630166,-19,35.0,9.0,1.5,0.34850000000000003
2020-21,Deni Avdija,1630166,-13,22.5,3.0,1.5,0.5
2020-21,Deni Avdija,1630166,-11,30.0,9.0,2.0,0.4145
2020-21,Deni Avdija,1630166,-9,32.0,13.0,0.0,0.556
2020-21,Deni Avdija,1630166,-6,29.5,7.5,0.5,0.5235
2020-21,Deni Avdija,1630166,-5,23.5,11.5,2.0,0.607
2020-21,Deni Avdija,1630166,-4,26.5,14.0,3.5,0.5335
2020-21,Deni Avdija,1630166,-3,26.5,5.5,0.0,0.21650000000000003
2020-21,Deni Avdija,1630166,-2,27.0,8.0,0.0,0.222
2020-21,Deni Avdija,1630166,2,22.5,5.0,1.5,0.2395
2020-21,Deni Avdija,1630166,4,23.0,13.0,3.0,0.833
2020-21,Deni Avdija,1630166,5,25.0,6.0,1.5,0.3365
2020-21,Deni Avdija,1630166,6,25.0,10.0,1.0,0.571
2020-21,Deni Avdija,1630166,8,35.0,11.5,1.5,0.47800000000000004
2020-21,Deni Avdija,1630166,11,31.0,12.0,1.0,0.667
2020-21,Deni Avdija,1630166,13,36.0,9.0,3.0,0.364
2020-21,Deni Avdija,1630166,14,24.0,5.0,1.5,0.6665
2020-21,Deni Avdija,1630166,15,28.0,4.0,1.0,0.222
2020-21,Deni Avdija,1630166,17,20.0,2.0,0.0,0.167
2020-21,Deni Avdija,1630166,19,29.0,16.0,2.0,0.6
2020-21,Deni Avdija,1630166,20,23.0,3.0,2.0,1.0
2020-21,Deni Avdija,1630166,32,27.0,11.0,3.0,0.571
2020-21,Dennis Schroder,203471,-27,36.0,16.0,10.0,0.389
2020-21,Dennis Schroder,203471,-19,32.333333333333336,8.0,7.333333333333333,0.311
2020-21,Dennis Schroder,203471,-18,29.0,11.5,5.0,0.30300000000000005
2020-21,Dennis Schroder,203471,-16,28.0,10.0,4.0,0.25
2020-21,Dennis Schroder,203471,-15,28.0,15.0,6.0,0.545
2020-21,Dennis Schroder,203471,-13,29.0,22.0,3.0,0.571
2020-21,Dennis Schroder,203471,-11,38.0,17.0,6.0,0.353
2020-21,Dennis Schroder,203471,-10,27.0,14.0,8.0,0.333
2020-21,Dennis Schroder,203471,-8,31.0,10.5,6.0,0.3585
2020-21,Dennis Schroder,203471,-7,36.0,24.0,6.0,0.5
2020-21,Dennis Schroder,203471,-6,34.0,18.5,7.0,0.33699999999999997
2020-21,Dennis Schroder,203471,-5,35.4,15.2,7.4,0.3604
2020-21,Dennis Schroder,203471,-3,32.0,14.5,3.5,0.4325
2020-21,Dennis Schroder,203471,-2,27.5,6.5,3.5,0.2615
2020-21,Dennis Schroder,203471,-1,32.0,11.5,5.0,0.394
2020-21,Dennis Schroder,203471,0,30.0,10.0,2.0,0.35
2020-21,Dennis Schroder,203471,1,28.5,18.0,3.0,0.381
2020-21,Dennis Schroder,203471,2,37.0,22.0,9.0,0.5335
2020-21,Dennis Schroder,203471,3,33.6,17.2,5.6,0.47400000000000003
2020-21,Dennis Schroder,203471,4,31.333333333333332,19.333333333333332,6.0,0.5736666666666667
2020-21,Dennis Schroder,203471,6,29.0,16.0,3.0,0.6
2020-21,Dennis Schroder,203471,7,30.0,18.5,6.0,0.481
2020-21,Dennis Schroder,203471,8,30.5,21.0,5.0,0.5680000000000001
2020-21,Dennis Schroder,203471,9,30.5,17.0,8.0,0.47500000000000003
2020-21,Dennis Schroder,203471,10,39.0,25.0,8.0,0.458
2020-21,Dennis Schroder,203471,11,40.0,22.0,8.0,0.778
2020-21,Dennis Schroder,203471,12,25.0,9.0,4.0,0.375
2020-21,Dennis Schroder,203471,13,33.0,21.0,4.0,0.6
2020-21,Dennis Schroder,203471,16,20.0,19.0,4.0,0.636
2020-21,Dennis Schroder,203471,17,34.0,8.0,7.0,0.3
2020-21,Dennis Schroder,203471,18,32.0,16.0,7.0,0.455
2020-21,Dennis Schroder,203471,22,28.0,14.0,4.0,0.5
2020-21,Dennis Schroder,203471,23,33.0,16.5,7.0,0.42100000000000004
2020-21,Dennis Schroder,203471,32,25.0,12.0,6.0,0.333
2020-21,Dennis Schroder,203471,35,25.0,11.0,4.0,0.5
2020-21,Dennis Smith Jr.,1628372,-13,23.0,0.0,5.0,0.0
2020-21,Dennis Smith Jr.,1628372,-10,26.0,7.0,4.0,0.273
2020-21,Dennis Smith Jr.,1628372,-7,26.0,17.0,6.0,0.538
2020-21,Dennis Smith Jr.,1628372,-6,26.0,11.0,7.0,0.417
2020-21,Dennis Smith Jr.,1628372,-2,23.5,7.0,3.0,0.44299999999999995
2020-21,Dennis Smith Jr.,1628372,-1,26.0,12.0,2.0,0.556
2020-21,Dennis Smith Jr.,1628372,11,27.0,10.0,11.0,0.333
2020-21,Denzel Valentine,1627756,-16,24.0,9.0,1.0,0.4
2020-21,Denzel Valentine,1627756,-11,22.0,13.0,2.0,0.5
2020-21,Denzel Valentine,1627756,-8,20.0,10.0,3.0,0.667
2020-21,Denzel Valentine,1627756,-7,22.0,10.0,0.0,0.333
2020-21,Denzel Valentine,1627756,-4,27.0,11.0,1.0,0.308
2020-21,Denzel Valentine,1627756,-3,20.0,14.0,0.0,0.625
2020-21,Denzel Valentine,1627756,0,26.333333333333332,11.666666666666666,1.6666666666666667,0.3926666666666667
2020-21,Denzel Valentine,1627756,1,24.5,16.5,2.5,0.472
2020-21,Denzel Valentine,1627756,3,20.0,4.0,4.0,0.25
2020-21,Denzel Valentine,1627756,4,21.0,12.0,4.0,0.5
2020-21,Denzel Valentine,1627756,7,20.0,8.0,3.0,0.5
2020-21,Denzel Valentine,1627756,9,23.0,5.333333333333333,2.3333333333333335,0.22466666666666668
2020-21,Denzel Valentine,1627756,10,21.0,10.0,5.0,0.4
2020-21,Denzel Valentine,1627756,11,24.0,13.0,3.0,0.333
2020-21,Denzel Valentine,1627756,14,24.0,13.0,3.0,0.385
2020-21,Denzel Valentine,1627756,24,36.0,20.0,4.0,0.471
2020-21,Derrick Favors,202324,6,23.0,14.0,2.0,0.5
2020-21,Derrick Favors,202324,8,21.0,7.0,3.0,0.75
2020-21,Derrick Favors,202324,9,23.0,4.0,1.0,0.667
2020-21,Derrick Jones Jr.,1627884,-27,20.0,8.0,0.0,0.75
2020-21,Derrick Jones Jr.,1627884,-21,22.0,8.0,2.0,1.0
2020-21,Derrick Jones Jr.,1627884,-18,30.0,11.0,2.0,0.444
2020-21,Derrick Jones Jr.,1627884,-16,25.0,9.0,0.0,0.333
2020-21,Derrick Jones Jr.,1627884,-15,25.0,9.0,2.0,0.75
2020-21,Derrick Jones Jr.,1627884,-14,30.0,5.5,0.0,0.4165
2020-21,Derrick Jones Jr.,1627884,-8,21.0,12.5,0.0,0.889
2020-21,Derrick Jones Jr.,1627884,-5,31.0,9.0,1.0,0.3575
2020-21,Derrick Jones Jr.,1627884,-4,21.0,11.0,1.0,0.5
2020-21,Derrick Jones Jr.,1627884,-3,33.0,9.5,1.5,0.47000000000000003
2020-21,Derrick Jones Jr.,1627884,-2,26.5,4.0,0.5,0.5
2020-21,Derrick Jones Jr.,1627884,-1,30.0,13.0,1.0,0.444
2020-21,Derrick Jones Jr.,1627884,0,26.25,7.25,1.0,0.35050000000000003
2020-21,Derrick Jones Jr.,1627884,2,28.0,8.25,0.5,0.65625
2020-21,Derrick Jones Jr.,1627884,3,27.0,9.666666666666666,2.3333333333333335,0.6723333333333333
2020-21,Derrick Jones Jr.,1627884,5,29.5,6.0,1.0,0.375
2020-21,Derrick Jones Jr.,1627884,7,29.0,18.0,0.0,0.778
2020-21,Derrick Jones Jr.,1627884,9,30.0,3.0,4.0,0.25
2020-21,Derrick Jones Jr.,1627884,13,23.0,11.0,3.0,0.667
2020-21,Derrick Jones Jr.,1627884,15,34.0,10.0,0.0,0.417
2020-21,Derrick Jones Jr.,1627884,32,26.0,8.5,1.5,0.548
2020-21,Derrick Rose,201565,-14,30.5,18.0,3.5,0.5115000000000001
2020-21,Derrick Rose,201565,-10,26.0,14.0,3.0,0.6
2020-21,Derrick Rose,201565,-8,25.0,15.5,3.0,0.548
2020-21,Derrick Rose,201565,-7,24.5,13.0,4.0,0.46900000000000003
2020-21,Derrick Rose,201565,-6,23.0,17.5,3.5,0.5225
2020-21,Derrick Rose,201565,-3,33.0,13.0,4.0,0.267
2020-21,Derrick Rose,201565,-2,26.0,16.0,2.0,0.462
2020-21,Derrick Rose,201565,0,26.0,12.0,4.0,0.4165
2020-21,Derrick Rose,201565,2,24.0,19.666666666666668,4.0,0.6016666666666667
2020-21,Derrick Rose,201565,3,25.0,2.0,4.0,0.1
2020-21,Derrick Rose,201565,4,25.0,16.25,6.0,0.47525
2020-21,Derrick Rose,201565,6,26.75,16.25,5.0,0.436
2020-21,Derrick Rose,201565,7,30.5,19.0,4.5,0.5235000000000001
2020-21,Derrick Rose,201565,8,24.5,11.5,5.0,0.333
2020-21,Derrick Rose,201565,11,37.0,17.0,11.0,0.545
2020-21,Derrick Rose,201565,12,27.0,16.0,8.0,0.4
2020-21,Derrick Rose,201565,14,27.333333333333332,15.333333333333334,4.0,0.5206666666666667
2020-21,Derrick Rose,201565,16,26.0,25.0,2.0,0.733
2020-21,Derrick Rose,201565,17,32.0,14.0,5.0,0.429
2020-21,Derrick Rose,201565,18,21.0,11.5,2.5,0.47750000000000004
2020-21,Derrick Rose,201565,22,35.0,23.0,5.0,0.529
2020-21,Derrick Rose,201565,26,33.0,19.0,7.0,0.7
2020-21,Derrick Rose,201565,35,31.0,24.0,4.0,0.727
2020-21,Derrick White,1628401,-26,25.0,17.0,4.0,0.364
2020-21,Derrick White,1628401,-19,26.0,18.5,1.0,0.5905
2020-21,Derrick White,1628401,-17,32.5,8.5,1.0,0.229
2020-21,Derrick White,1628401,-16,25.0,13.0,3.0,0.4
2020-21,Derrick White,1628401,-14,28.0,13.0,6.0,0.25
2020-21,Derrick White,1628401,-11,33.0,6.0,6.0,0.214
2020-21,Derrick White,1628401,-5,27.5,15.0,5.0,0.319
2020-21,Derrick White,1628401,-3,31.5,11.0,4.0,0.396
2020-21,Derrick White,1628401,-1,22.0,9.0,1.0,0.333
2020-21,Derrick White,1628401,0,29.0,18.0,2.0,0.467
2020-21,Derrick White,1628401,1,24.0,5.5,2.5,0.2675
2020-21,Derrick White,1628401,2,37.666666666666664,22.666666666666668,3.3333333333333335,0.4286666666666667
2020-21,Derrick White,1628401,7,31.0,16.0,3.0,0.432
2020-21,Derrick White,1628401,8,35.0,21.0,1.0,0.636
2020-21,Derrick White,1628401,9,32.0,13.0,2.0,0.364
2020-21,Derrick White,1628401,11,29.0,14.0,5.0,0.429
2020-21,Derrick White,1628401,12,25.0,17.0,2.0,0.583
2020-21,Derrick White,1628401,13,26.0,25.0,4.0,0.6
2020-21,Derrick White,1628401,15,30.333333333333332,16.0,4.0,0.334
2020-21,Derrick White,1628401,17,34.0,25.0,3.0,0.563
2020-21,Derrick White,1628401,18,25.0,10.0,8.0,0.364
2020-21,Derrick White,1628401,20,33.0,25.0,4.0,0.471
2020-21,Derrick White,1628401,22,32.0,16.0,7.0,0.357
2020-21,Derrick White,1628401,31,28.0,26.0,8.0,0.471
2020-21,Desmond Bane,1630217,-26,26.0,22.0,2.0,0.692
2020-21,Desmond Bane,1630217,-19,23.0,4.0,1.0,0.25
2020-21,Desmond Bane,1630217,-18,22.0,4.0,2.0,0.4
2020-21,Desmond Bane,1630217,-15,22.0,7.0,0.0,0.5
2020-21,Desmond Bane,1630217,-14,23.0,10.0,1.0,0.6
2020-21,Desmond Bane,1630217,-10,27.0,15.5,1.0,0.5725
2020-21,Desmond Bane,1630217,-9,21.0,10.0,1.0,0.571
2020-21,Desmond Bane,1630217,-8,24.0,3.0,2.0,0.167
2020-21,Desmond Bane,1630217,-7,30.0,22.0,3.0,0.571
2020-21,Desmond Bane,1630217,-6,24.333333333333332,4.666666666666667,0.6666666666666666,0.2776666666666667
2020-21,Desmond Bane,1630217,-5,27.0,13.0,3.5,0.479
2020-21,Desmond Bane,1630217,-4,21.0,10.0,3.0,0.444
2020-21,Desmond Bane,1630217,-3,25.0,12.5,2.5,0.6
2020-21,Desmond Bane,1630217,-2,23.0,11.0,1.0,0.667
2020-21,Desmond Bane,1630217,-1,23.0,9.333333333333334,2.3333333333333335,0.37666666666666665
2020-21,Desmond Bane,1630217,0,24.666666666666668,12.666666666666666,3.0,0.5723333333333334
2020-21,Desmond Bane,1630217,1,26.0,13.0,3.0,0.455
2020-21,Desmond Bane,1630217,2,23.666666666666668,11.333333333333334,1.6666666666666667,0.6353333333333334
2020-21,Desmond Bane,1630217,3,22.0,4.0,3.0,0.2665
2020-21,Desmond Bane,1630217,4,24.0,14.333333333333334,1.0,0.49866666666666665
2020-21,Desmond Bane,1630217,8,22.0,10.0,2.0,0.444
2020-21,Desmond Bane,1630217,9,24.0,8.5,0.5,0.347
2020-21,Desmond Bane,1630217,10,26.666666666666668,11.0,1.0,0.4816666666666667
2020-21,Desmond Bane,1630217,11,20.0,7.0,1.0,0.3
2020-21,Desmond Bane,1630217,12,24.0,7.0,1.0,0.375
2020-21,Desmond Bane,1630217,13,22.0,15.0,3.0,0.5
2020-21,Desmond Bane,1630217,16,20.0,9.0,2.0,0.8
2020-21,Desmond Bane,1630217,18,24.0,16.0,6.0,0.6
2020-21,Desmond Bane,1630217,38,27.0,15.0,1.0,0.857
2020-21,Devin Booker,1626164,-22,35.0,21.0,1.0,0.357
2020-21,Devin Booker,1626164,-17,37.0,23.0,3.0,0.444
2020-21,Devin Booker,1626164,-15,32.0,33.0,0.0,0.524
2020-21,Devin Booker,1626164,-14,28.0,20.0,2.0,0.456
2020-21,Devin Booker,1626164,-13,34.0,22.0,2.0,0.529
2020-21,Devin Booker,1626164,-10,35.0,12.0,4.0,0.238
2020-21,Devin Booker,1626164,-9,36.0,24.0,3.0,0.462
2020-21,Devin Booker,1626164,-8,31.0,30.0,5.0,0.55
2020-21,Devin Booker,1626164,-5,36.0,24.0,4.333333333333333,0.4676666666666667
2020-21,Devin Booker,1626164,-4,30.5,21.75,5.0,0.4385
2020-21,Devin Booker,1626164,-3,34.75,31.0,4.0,0.503
2020-21,Devin Booker,1626164,-2,35.0,25.0,7.0,0.588
2020-21,Devin Booker,1626164,-1,31.0,24.0,0.0,0.474
2020-21,Devin Booker,1626164,0,36.0,23.666666666666668,4.333333333333333,0.34800000000000003
2020-21,Devin Booker,1626164,1,31.0,26.0,5.0,0.4545
2020-21,Devin Booker,1626164,2,33.0,21.666666666666668,3.3333333333333335,0.4076666666666667
2020-21,Devin Booker,1626164,3,36.5,30.5,5.5,0.5235
2020-21,Devin Booker,1626164,4,41.0,35.0,3.0,0.385
2020-21,Devin Booker,1626164,5,33.5,24.0,5.5,0.4475
2020-21,Devin Booker,1626164,6,32.0,25.0,7.0,0.429
2020-21,Devin Booker,1626164,7,35.6,30.6,3.0,0.5748
2020-21,Devin Booker,1626164,8,34.0,28.0,5.666666666666667,0.525
2020-21,Devin Booker,1626164,10,37.5,26.5,5.0,0.4495
2020-21,Devin Booker,1626164,11,36.333333333333336,18.333333333333332,5.666666666666667,0.3873333333333333
2020-21,Devin Booker,1626164,12,40.0,31.0,5.0,0.519
2020-21,Devin Booker,1626164,13,23.0,17.0,6.0,0.583
2020-21,Devin Booker,1626164,14,44.0,25.0,8.0,0.538
2020-21,Devin Booker,1626164,15,34.5,31.5,6.0,0.5875
2020-21,Devin Booker,1626164,16,35.0,20.0,5.0,0.421
2020-21,Devin Booker,1626164,17,30.0,27.0,5.0,0.526
2020-21,Devin Booker,1626164,18,34.5,29.5,5.0,0.45499999999999996
2020-21,Devin Booker,1626164,19,26.5,23.0,4.0,0.532
2020-21,Devin Booker,1626164,20,29.0,31.0,2.0,0.684
2020-21,Devin Booker,1626164,21,33.0,26.0,4.0,0.5
2020-21,Devin Booker,1626164,24,25.5,17.5,4.5,0.3955
2020-21,Devin Booker,1626164,28,29.5,33.0,4.5,0.628
2020-21,Devin Booker,1626164,32,26.0,27.0,4.0,0.556
2020-21,Devin Cannady,1629962,-10,24.0,17.0,0.0,0.636
2020-21,Devin Vassell,1630170,-27,33.0,14.0,4.0,0.4
2020-21,Devin Vassell,1630170,-19,20.0,5.0,2.0,0.5
2020-21,Devin Vassell,1630170,-14,25.0,7.0,1.0,0.268
2020-21,Devin Vassell,1630170,-11,21.0,9.0,0.0,0.8
2020-21,Devin Vassell,1630170,-9,23.5,6.5,0.5,0.35
2020-21,Devin Vassell,1630170,-8,24.333333333333332,8.666666666666666,1.0,0.4223333333333333
2020-21,Devin Vassell,1630170,-5,25.0,11.0,1.0,0.4
2020-21,Devin Vassell,1630170,-2,22.0,4.0,3.0,0.4
2020-21,Devin Vassell,1630170,1,20.0,9.0,0.0,0.611
2020-21,Devin Vassell,1630170,2,22.0,5.5,1.0,0.4165
2020-21,Devin Vassell,1630170,5,22.0,12.0,1.0,0.667
2020-21,Devin Vassell,1630170,6,21.0,7.0,0.0,0.5
2020-21,Devin Vassell,1630170,7,26.0,5.0,2.0,0.222
2020-21,Devin Vassell,1630170,9,21.0,13.0,3.0,0.714
2020-21,Devin Vassell,1630170,17,25.0,12.0,3.0,0.532
2020-21,Devin Vassell,1630170,19,24.0,14.0,1.0,0.455
2020-21,Devin Vassell,1630170,20,21.0,2.0,2.0,0.0
2020-21,Devon Dotson,1629653,13,21.0,11.0,4.0,0.5
2020-21,Devonte' Graham,1628984,-24,20.0,13.0,0.0,0.333
2020-21,Devonte' Graham,1628984,-23,28.0,16.0,3.0,0.429
2020-21,Devonte' Graham,1628984,-16,29.0,8.5,6.0,0.25
2020-21,Devonte' Graham,1628984,-15,29.0,9.0,7.0,0.3
2020-21,Devonte' Graham,1628984,-13,23.5,12.0,3.0,0.359
2020-21,Devonte' Graham,1628984,-10,30.5,13.5,5.5,0.3
2020-21,Devonte' Graham,1628984,-9,32.25,17.75,4.0,0.45725
2020-21,Devonte' Graham,1628984,-8,29.0,5.0,9.0,0.1
2020-21,Devonte' Graham,1628984,-7,37.0,10.0,10.0,0.308
2020-21,Devonte' Graham,1628984,-6,32.0,18.333333333333332,5.0,0.38066666666666665
2020-21,Devonte' Graham,1628984,-5,38.0,25.0,7.0,0.368
2020-21,Devonte' Graham,1628984,-2,32.5,15.5,6.5,0.371
2020-21,Devonte' Graham,1628984,0,32.0,9.0,7.0,0.167
2020-21,Devonte' Graham,1628984,1,27.0,8.0,4.0,0.4
2020-21,Devonte' Graham,1628984,2,38.0,20.0,7.0,0.467
2020-21,Devonte' Graham,1628984,3,36.0,8.0,10.0,0.188
2020-21,Devonte' Graham,1628984,4,22.0,12.0,3.0,0.375
2020-21,Devonte' Graham,1628984,5,35.0,12.0,3.0,0.3
2020-21,Devonte' Graham,1628984,6,39.0,18.0,7.0,0.267
2020-21,Devonte' Graham,1628984,9,37.5,20.5,6.5,0.382
2020-21,Devonte' Graham,1628984,10,31.0,19.0,6.0,0.368
2020-21,Devonte' Graham,1628984,11,31.333333333333332,16.666666666666668,7.333333333333333,0.40633333333333327
2020-21,Devonte' Graham,1628984,12,35.333333333333336,15.666666666666666,8.0,0.3413333333333333
2020-21,Devonte' Graham,1628984,13,25.0,21.0,3.0,0.7
2020-21,Devonte' Graham,1628984,14,34.0,13.5,6.5,0.2915
2020-21,Devonte' Graham,1628984,15,34.333333333333336,19.666666666666668,4.666666666666667,0.457
2020-21,Devonte' Graham,1628984,17,33.0,31.0,5.0,0.526
2020-21,Devonte' Graham,1628984,19,21.0,12.0,4.0,0.4
2020-21,Devonte' Graham,1628984,20,29.0,9.0,5.0,0.375
2020-21,Devonte' Graham,1628984,21,25.0,12.0,6.0,0.2
2020-21,Devonte' Graham,1628984,22,31.0,24.0,9.0,0.5
2020-21,Devonte' Graham,1628984,27,26.0,15.0,5.0,0.429
2020-21,Didi Louzada,1629712,-5,23.0,6.0,2.0,0.333
2020-21,Dillon Brooks,1628415,-29,27.0,11.0,1.0,0.385
2020-21,Dillon Brooks,1628415,-25,27.0,25.0,1.0,0.556
2020-21,Dillon Brooks,1628415,-22,21.0,18.0,1.0,0.6
2020-21,Dillon Brooks,1628415,-19,29.0,13.0,1.0,0.429
2020-21,Dillon Brooks,1628415,-18,27.0,16.0,2.0,0.333
2020-21,Dillon Brooks,1628415,-16,29.0,13.0,2.0,0.385
2020-21,Dillon Brooks,1628415,-15,22.0,9.0,2.0,0.4
2020-21,Dillon Brooks,1628415,-14,28.0,11.0,4.0,0.308
2020-21,Dillon Brooks,1628415,-13,29.0,9.0,5.0,0.2
2020-21,Dillon Brooks,1628415,-12,32.0,16.5,2.0,0.3765
2020-21,Dillon Brooks,1628415,-11,28.75,12.5,1.75,0.35525
2020-21,Dillon Brooks,1628415,-10,30.5,12.5,4.0,0.3675
2020-21,Dillon Brooks,1628415,-8,20.0,13.0,0.0,0.385
2020-21,Dillon Brooks,1628415,-7,25.0,16.0,3.0,0.417
2020-21,Dillon Brooks,1628415,-6,31.0,23.0,1.0,0.45
2020-21,Dillon Brooks,1628415,-5,34.0,23.0,7.0,0.35
2020-21,Dillon Brooks,1628415,-4,30.0,23.0,2.0,0.429
2020-21,Dillon Brooks,1628415,-3,26.5,12.5,0.5,0.3355
2020-21,Dillon Brooks,1628415,-2,39.0,23.0,5.0,0.5
2020-21,Dillon Brooks,1628415,-1,29.25,13.75,2.5,0.33199999999999996
2020-21,Dillon Brooks,1628415,0,26.666666666666668,12.666666666666666,0.6666666666666666,0.3236666666666667
2020-21,Dillon Brooks,1628415,1,34.0,21.5,5.0,0.42200000000000004
2020-21,Dillon Brooks,1628415,2,30.0,17.0,1.0,0.3925
2020-21,Dillon Brooks,1628415,3,27.0,9.0,6.0,0.267
2020-21,Dillon Brooks,1628415,4,34.5,25.0,2.0,0.5
2020-21,Dillon Brooks,1628415,5,34.0,17.0,4.0,0.333
2020-21,Dillon Brooks,1628415,6,30.0,22.0,2.0,0.4645
2020-21,Dillon Brooks,1628415,7,31.25,19.75,3.75,0.44425
2020-21,Dillon Brooks,1628415,10,32.0,27.0,1.5,0.495
2020-21,Dillon Brooks,1628415,11,29.0,32.0,2.0,0.632
2020-21,Dillon Brooks,1628415,14,28.0,18.0,0.5,0.4235
2020-21,Dillon Brooks,1628415,15,32.0,22.0,4.0,0.5445
2020-21,Dillon Brooks,1628415,17,27.0,14.0,4.0,0.455
2020-21,Dillon Brooks,1628415,18,28.0,21.0,2.0,0.471
2020-21,Dillon Brooks,1628415,20,22.0,13.0,1.0,0.333
2020-21,Dillon Brooks,1628415,21,25.666666666666668,15.666666666666666,2.0,0.535
2020-21,Dillon Brooks,1628415,22,28.0,16.5,2.0,0.46925
2020-21,Dillon Brooks,1628415,23,36.0,17.0,2.0,0.316
2020-21,Dillon Brooks,1628415,24,36.0,14.0,4.0,0.455
2020-21,Dillon Brooks,1628415,25,29.0,22.5,1.0,0.518
2020-21,Domantas Sabonis,1627734,-31,32.0,18.0,5.0,0.571
2020-21,Domantas Sabonis,1627734,-25,29.5,20.5,5.5,0.3955
2020-21,Domantas Sabonis,1627734,-24,34.0,19.0,6.0,0.5
2020-21,Domantas Sabonis,1627734,-21,33.0,15.0,7.0,0.5
2020-21,Domantas Sabonis,1627734,-20,38.5,26.0,5.5,0.502
2020-21,Domantas Sabonis,1627734,-19,26.0,10.0,14.0,0.263
2020-21,Domantas Sabonis,1627734,-18,34.0,18.333333333333332,5.0,0.48933333333333334
2020-21,Domantas Sabonis,1627734,-17,34.0,18.0,4.0,0.35
2020-21,Domantas Sabonis,1627734,-15,33.0,12.0,9.0,0.436
2020-21,Domantas Sabonis,1627734,-13,33.5,18.0,7.25,0.55225
2020-21,Domantas Sabonis,1627734,-12,40.0,25.0,4.0,0.6
2020-21,Domantas Sabonis,1627734,-11,35.0,9.0,3.0,0.5
2020-21,Domantas Sabonis,1627734,-9,39.0,13.0,4.0,0.5
2020-21,Domantas Sabonis,1627734,-8,40.0,10.0,5.0,0.1
2020-21,Domantas Sabonis,1627734,-7,37.0,24.0,9.0,0.583
2020-21,Domantas Sabonis,1627734,-6,39.0,31.5,5.0,0.5660000000000001
2020-21,Domantas Sabonis,1627734,-5,37.0,22.25,4.75,0.54525
2020-21,Domantas Sabonis,1627734,-4,37.0,10.0,10.0,0.333
2020-21,Domantas Sabonis,1627734,-3,43.0,30.0,13.0,0.571
2020-21,Domantas Sabonis,1627734,-2,35.0,17.0,1.0,0.385
2020-21,Domantas Sabonis,1627734,-1,36.0,15.0,9.0,0.5
2020-21,Domantas Sabonis,1627734,1,33.0,14.0,4.0,0.385
2020-21,Domantas Sabonis,1627734,2,38.75,19.5,8.0,0.57875
2020-21,Domantas Sabonis,1627734,3,38.0,19.5,3.5,0.48650000000000004
2020-21,Domantas Sabonis,1627734,4,38.0,22.0,4.0,0.643
2020-21,Domantas Sabonis,1627734,5,36.0,18.0,6.0,0.467
2020-21,Domantas Sabonis,1627734,6,38.5,26.0,8.0,0.4345
2020-21,Domantas Sabonis,1627734,8,37.0,22.0,6.0,0.5
2020-21,Domantas Sabonis,1627734,9,36.5,23.5,5.0,0.6060000000000001
2020-21,Domantas Sabonis,1627734,12,39.5,27.0,7.5,0.6515
2020-21,Domantas Sabonis,1627734,13,41.0,30.0,9.0,0.857
2020-21,Domantas Sabonis,1627734,14,38.0,21.0,9.0,0.533
2020-21,Domantas Sabonis,1627734,15,29.0,18.0,9.0,0.538
2020-21,Domantas Sabonis,1627734,16,36.0,19.0,13.0,0.7525
2020-21,Domantas Sabonis,1627734,17,38.0,23.0,5.0,0.556
2020-21,Domantas Sabonis,1627734,19,37.0,22.0,10.0,0.9
2020-21,Domantas Sabonis,1627734,20,28.0,13.0,4.0,0.455
2020-21,Domantas Sabonis,1627734,21,35.0,32.0,5.0,0.867
2020-21,Domantas Sabonis,1627734,22,38.0,26.0,8.0,0.643
2020-21,Domantas Sabonis,1627734,25,36.0,25.0,7.0,0.714
2020-21,Domantas Sabonis,1627734,49,29.0,26.0,14.0,0.769
2020-21,Donovan Mitchell,1628378,-26,35.0,24.0,4.0,0.389
2020-21,Donovan Mitchell,1628378,-24,29.0,31.0,4.0,0.455
2020-21,Donovan Mitchell,1628378,-20,36.0,18.0,4.0,0.348
2020-21,Donovan Mitchell,1628378,-11,41.0,37.0,4.5,0.405
2020-21,Donovan Mitchell,1628378,-10,36.5,38.5,6.0,0.5275000000000001
2020-21,Donovan Mitchell,1628378,-8,35.0,15.0,5.0,0.429
2020-21,Donovan Mitchell,1628378,-7,35.0,30.0,3.0,0.423
2020-21,Donovan Mitchell,1628378,-6,34.0,15.5,5.0,0.3
2020-21,Donovan Mitchell,1628378,-5,37.0,21.0,5.0,0.261
2020-21,Donovan Mitchell,1628378,-4,30.0,21.0,5.0,0.3826666666666667
2020-21,Donovan Mitchell,1628378,-2,33.5,27.0,7.0,0.4355
2020-21,Donovan Mitchell,1628378,-1,33.0,22.0,3.0,0.438
2020-21,Donovan Mitchell,1628378,1,33.5,15.0,4.0,0.2875
2020-21,Donovan Mitchell,1628378,2,31.5,23.0,5.0,0.42
2020-21,Donovan Mitchell,1628378,3,36.0,23.0,3.0,0.391
2020-21,Donovan Mitchell,1628378,4,36.0,25.5,8.0,0.375
2020-21,Donovan Mitchell,1628378,5,33.5,31.5,4.5,0.522
2020-21,Donovan Mitchell,1628378,6,32.0,28.0,3.5,0.49250000000000005
2020-21,Donovan Mitchell,1628378,8,31.0,30.5,5.0,0.469
2020-21,Donovan Mitchell,1628378,9,35.0,42.0,4.0,0.387
2020-21,Donovan Mitchell,1628378,11,33.5,24.0,4.0,0.4375
2020-21,Donovan Mitchell,1628378,12,35.0,31.0,6.0,0.526
2020-21,Donovan Mitchell,1628378,13,35.5,31.0,7.0,0.4275
2020-21,Donovan Mitchell,1628378,14,30.5,31.5,4.0,0.53
2020-21,Donovan Mitchell,1628378,15,32.5,28.0,7.0,0.4545
2020-21,Donovan Mitchell,1628378,16,31.0,35.5,6.0,0.6425
2020-21,Donovan Mitchell,1628378,18,32.5,24.0,8.5,0.38549999999999995
2020-21,Donovan Mitchell,1628378,19,30.0,13.0,8.0,0.25
2020-21,Donovan Mitchell,1628378,20,31.0,18.0,5.0,0.389
2020-21,Donovan Mitchell,1628378,21,36.0,28.0,8.0,0.391
2020-21,Donovan Mitchell,1628378,22,30.0,27.0,4.0,0.6
2020-21,Donovan Mitchell,1628378,23,34.0,32.0,1.0,0.588
2020-21,Donovan Mitchell,1628378,27,20.0,22.0,4.0,0.727
2020-21,Donovan Mitchell,1628378,28,27.0,23.0,6.0,0.5
2020-21,Donovan Mitchell,1628378,38,27.0,27.0,7.0,0.611
2020-21,Donta Hall,1629743,-18,20.0,7.0,1.0,0.5
2020-21,Donta Hall,1629743,3,20.0,11.0,1.0,1.0
2020-21,Donta Hall,1629743,5,25.0,14.0,2.0,0.667
2020-21,Donte DiVincenzo,1628978,-22,28.0,5.0,3.0,0.286
2020-21,Donte DiVincenzo,1628978,-20,25.0,12.0,6.0,0.444
2020-21,Donte DiVincenzo,1628978,-18,30.0,5.0,0.0,0.286
2020-21,Donte DiVincenzo,1628978,-14,23.5,4.0,2.0,0.21100000000000002
2020-21,Donte DiVincenzo,1628978,-12,26.75,6.0,2.0,0.1665
2020-21,Donte DiVincenzo,1628978,-11,26.0,16.0,1.5,0.5545
2020-21,Donte DiVincenzo,1628978,-10,24.0,10.0,2.0,0.5
2020-21,Donte DiVincenzo,1628978,-7,20.0,19.0,4.0,0.75
2020-21,Donte DiVincenzo,1628978,-6,31.0,10.5,5.5,0.3785
2020-21,Donte DiVincenzo,1628978,-4,29.5,10.5,3.0,0.3035
2020-21,Donte DiVincenzo,1628978,-3,30.0,13.666666666666666,4.0,0.39399999999999996
2020-21,Donte DiVincenzo,1628978,-1,28.0,9.0,3.0,0.444
2020-21,Donte DiVincenzo,1628978,0,33.0,18.0,4.0,0.5
2020-21,Donte DiVincenzo,1628978,1,27.0,11.0,4.5,0.472
2020-21,Donte DiVincenzo,1628978,2,29.0,10.0,2.0,0.5
2020-21,Donte DiVincenzo,1628978,3,28.333333333333332,14.0,3.0,0.4666666666666666
2020-21,Donte DiVincenzo,1628978,4,26.666666666666668,8.333333333333334,3.3333333333333335,0.4483333333333333
2020-21,Donte DiVincenzo,1628978,5,30.0,12.75,2.25,0.47975
2020-21,Donte DiVincenzo,1628978,7,31.0,13.0,2.0,0.5
2020-21,Donte DiVincenzo,1628978,9,28.666666666666668,3.6666666666666665,1.3333333333333333,0.21666666666666667
2020-21,Donte DiVincenzo,1628978,10,26.4,8.4,2.8,0.3
2020-21,Donte DiVincenzo,1628978,11,28.0,11.666666666666666,2.0,0.37799999999999995
2020-21,Donte DiVincenzo,1628978,13,29.0,5.0,9.0,0.222
2020-21,Donte DiVincenzo,1628978,14,26.75,11.75,5.25,0.44899999999999995
2020-21,Donte DiVincenzo,1628978,15,30.0,16.0,3.0,0.583
2020-21,Donte DiVincenzo,1628978,16,26.0,10.0,3.0,0.4493333333333333
2020-21,Donte DiVincenzo,1628978,20,26.0,9.0,3.0,0.571
2020-21,Donte DiVincenzo,1628978,21,28.0,8.0,4.0,0.5
2020-21,Donte DiVincenzo,1628978,22,28.0,11.0,6.0,0.444
2020-21,Donte DiVincenzo,1628978,24,33.0,12.0,6.0,0.625
2020-21,Donte DiVincenzo,1628978,34,23.0,11.0,2.0,0.333
2020-21,Donte DiVincenzo,1628978,36,21.0,16.0,3.0,0.545
2020-21,Dorian Finney-Smith,1627827,-22,24.0,5.0,0.0,0.25
2020-21,Dorian Finney-Smith,1627827,-20,35.0,22.0,1.0,0.727
2020-21,Dorian Finney-Smith,1627827,-19,29.666666666666668,9.0,1.0,0.4256666666666667
2020-21,Dorian Finney-Smith,1627827,-16,35.0,9.0,1.0,0.375
2020-21,Dorian Finney-Smith,1627827,-14,30.5,12.5,2.5,0.5555
2020-21,Dorian Finney-Smith,1627827,-13,22.0,11.0,0.0,0.444
2020-21,Dorian Finney-Smith,1627827,-12,28.0,5.0,2.5,0.4375
2020-21,Dorian Finney-Smith,1627827,-10,35.25,7.25,2.5,0.3635
2020-21,Dorian Finney-Smith,1627827,-9,31.0,6.0,1.0,0.286
2020-21,Dorian Finney-Smith,1627827,-8,33.5,7.0,2.0,0.6335
2020-21,Dorian Finney-Smith,1627827,-6,27.0,2.0,3.0,0.2
2020-21,Dorian Finney-Smith,1627827,-4,34.0,13.0,1.0,0.417
2020-21,Dorian Finney-Smith,1627827,-2,26.5,9.5,2.0,0.4375
2020-21,Dorian Finney-Smith,1627827,-1,36.0,14.0,2.0,0.417
2020-21,Dorian Finney-Smith,1627827,0,34.0,23.0,4.0,0.471
2020-21,Dorian Finney-Smith,1627827,1,35.0,5.0,1.0,0.4
2020-21,Dorian Finney-Smith,1627827,2,34.5,9.5,2.5,0.6855
2020-21,Dorian Finney-Smith,1627827,3,32.0,7.75,1.0,0.41025
2020-21,Dorian Finney-Smith,1627827,4,36.333333333333336,8.666666666666666,1.6666666666666667,0.289
2020-21,Dorian Finney-Smith,1627827,5,27.0,17.0,2.0,0.75
2020-21,Dorian Finney-Smith,1627827,6,28.0,13.0,0.0,0.5
2020-21,Dorian Finney-Smith,1627827,7,34.0,9.0,1.0,0.6
2020-21,Dorian Finney-Smith,1627827,8,37.0,8.0,3.0,0.5
2020-21,Dorian Finney-Smith,1627827,10,27.666666666666668,9.0,1.0,0.611
2020-21,Dorian Finney-Smith,1627827,11,31.333333333333332,9.666666666666666,2.3333333333333335,0.37833333333333335
2020-21,Dorian Finney-Smith,1627827,12,33.5,8.5,0.0,0.4105
2020-21,Dorian Finney-Smith,1627827,13,39.0,11.0,0.0,0.571
2020-21,Dorian Finney-Smith,1627827,14,30.666666666666668,7.666666666666667,1.6666666666666667,0.4026666666666667
2020-21,Dorian Finney-Smith,1627827,22,32.0,9.0,1.0,0.375
2020-21,Dorian Finney-Smith,1627827,23,34.0,15.0,2.0,0.6725000000000001
2020-21,Dorian Finney-Smith,1627827,24,34.0,12.0,4.0,0.833
2020-21,Dorian Finney-Smith,1627827,25,35.0,9.0,3.0,0.3
2020-21,Dorian Finney-Smith,1627827,28,32.5,16.5,2.5,0.724
2020-21,Dorian Finney-Smith,1627827,32,27.5,12.5,2.0,0.5625
2020-21,Doug McDermott,203926,-32,29.0,20.0,1.0,0.643
2020-21,Doug McDermott,203926,-20,29.5,21.0,2.0,0.6415
2020-21,Doug McDermott,203926,-18,29.5,12.5,2.5,0.5225
2020-21,Doug McDermott,203926,-17,27.0,11.0,0.0,0.75
2020-21,Doug McDermott,203926,-14,34.0,16.0,3.0,0.375
2020-21,Doug McDermott,203926,-13,20.0,9.0,1.0,0.444
2020-21,Doug McDermott,203926,-12,22.0,13.5,0.0,0.5585
2020-21,Doug McDermott,203926,-11,27.0,8.0,1.0,0.4
2020-21,Doug McDermott,203926,-9,27.666666666666668,15.333333333333334,2.0,0.5973333333333334
2020-21,Doug McDermott,203926,-8,24.333333333333332,15.0,1.6666666666666667,0.7003333333333334
2020-21,Doug McDermott,203926,-7,28.0,20.0,1.0,0.438
2020-21,Doug McDermott,203926,-6,20.0,12.0,2.0,0.5
2020-21,Doug McDermott,203926,-5,29.0,13.0,1.0,0.5
2020-21,Doug McDermott,203926,-4,22.0,9.5,1.0,0.5
2020-21,Doug McDermott,203926,-1,23.666666666666668,16.0,1.0,0.5726666666666667
2020-21,Doug McDermott,203926,1,26.5,18.5,1.0,0.593
2020-21,Doug McDermott,203926,2,22.0,14.0,1.0,0.833
2020-21,Doug McDermott,203926,3,32.0,20.0,2.0,0.533
2020-21,Doug McDermott,203926,4,28.0,13.0,1.0,0.5
2020-21,Doug McDermott,203926,5,24.666666666666668,13.666666666666666,0.6666666666666666,0.5103333333333334
2020-21,Doug McDermott,203926,6,27.125,12.875,1.75,0.4575
2020-21,Doug McDermott,203926,7,26.0,22.0,2.0,0.692
2020-21,Doug McDermott,203926,8,27.333333333333332,18.0,1.0,0.5573333333333333
2020-21,Doug McDermott,203926,14,28.0,11.0,1.0,0.444
2020-21,Doug McDermott,203926,16,36.0,26.0,3.0,0.563
2020-21,Doug McDermott,203926,17,29.0,9.0,1.0,0.4
2020-21,Doug McDermott,203926,24,25.0,16.0,3.0,0.429
2020-21,Doug McDermott,203926,42,26.0,31.0,1.0,0.786
2020-21,Draymond Green,203110,-27,31.0,7.0,3.0,0.5
2020-21,Draymond Green,203110,-26,28.0,5.0,7.0,0.311
2020-21,Draymond Green,203110,-23,27.0,0.0,9.0,0.0
2020-21,Draymond Green,203110,-20,33.0,6.0,6.0,0.286
2020-21,Draymond Green,203110,-18,28.0,0.0,3.0,0.0
2020-21,Draymond Green,203110,-17,24.5,7.0,4.0,0.286
2020-21,Draymond Green,203110,-16,33.0,6.0,9.0,0.4
2020-21,Draymond Green,203110,-12,29.0,2.0,6.0,0.0
2020-21,Draymond Green,203110,-11,31.0,4.0,6.0,0.333
2020-21,Draymond Green,203110,-9,35.0,16.0,8.0,0.538
2020-21,Draymond Green,203110,-8,33.5,6.0,9.5,0.4165
2020-21,Draymond Green,203110,-7,31.666666666666668,5.666666666666667,6.333333333333333,0.4073333333333333
2020-21,Draymond Green,203110,-6,36.0,5.0,12.0,0.4
2020-21,Draymond Green,203110,-5,31.0,5.0,3.0,0.286
2020-21,Draymond Green,203110,-4,30.5,4.0,8.0,0.25
2020-21,Draymond Green,203110,-3,30.0,8.5,10.0,0.3305
2020-21,Draymond Green,203110,-1,32.0,5.0,8.0,0.25
2020-21,Draymond Green,203110,0,37.0,12.0,10.0,0.5
2020-21,Draymond Green,203110,3,35.5,9.0,7.5,0.5529999999999999
2020-21,Draymond Green,203110,5,29.0,6.0,8.0,0.375
2020-21,Draymond Green,203110,6,37.0,11.0,11.0,0.571
2020-21,Draymond Green,203110,7,36.25,7.5,10.5,0.3785
2020-21,Draymond Green,203110,9,36.0,11.0,11.0,0.667
2020-21,Draymond Green,203110,11,32.0,2.0,19.0,0.333
2020-21,Draymond Green,203110,12,33.0,11.0,9.0,0.571
2020-21,Draymond Green,203110,13,31.0,7.0,9.666666666666666,0.47633333333333333
2020-21,Draymond Green,203110,15,31.666666666666668,5.333333333333333,8.0,0.4166666666666667
2020-21,Draymond Green,203110,16,36.0,18.0,7.0,0.875
2020-21,Draymond Green,203110,17,32.0,16.0,10.0,0.875
2020-21,Draymond Green,203110,19,32.25,9.75,10.75,0.48325
2020-21,Draymond Green,203110,20,29.0,6.0,16.0,0.5
2020-21,Draymond Green,203110,21,36.0,10.0,15.0,0.8
2020-21,Draymond Green,203110,22,29.5,3.0,8.5,0.2
2020-21,Draymond Green,203110,23,31.0,7.5,12.5,0.5125
2020-21,Draymond Green,203110,24,29.5,5.5,9.5,0.2855
2020-21,Draymond Green,203110,27,29.0,9.0,8.0,0.6
2020-21,Draymond Green,203110,30,29.0,6.0,8.0,0.5
2020-21,Draymond Green,203110,33,30.0,13.5,14.5,0.5625
2020-21,Drew Eubanks,1629234,-26,23.0,4.0,1.0,0.4
2020-21,Drew Eubanks,1629234,-18,22.0,15.0,1.0,0.714
2020-21,Drew Eubanks,1629234,-15,21.0,10.0,0.0,0.625
2020-21,Drew Eubanks,1629234,-13,23.0,4.0,0.0,0.25
2020-21,Drew Eubanks,1629234,-9,23.0,17.0,2.0,0.6
2020-21,Drew Eubanks,1629234,-2,23.0,0.0,1.0,0.0
2020-21,Drew Eubanks,1629234,1,21.5,11.0,2.5,0.5355
2020-21,Drew Eubanks,1629234,16,27.0,13.0,2.0,1.0
2020-21,Duncan Robinson,1629130,-30,24.0,4.0,1.0,0.25
2020-21,Duncan Robinson,1629130,-20,27.0,8.0,0.0,0.5
2020-21,Duncan Robinson,1629130,-19,32.0,14.0,1.0,0.488
2020-21,Duncan Robinson,1629130,-18,32.0,8.5,1.5,0.361
2020-21,Duncan Robinson,1629130,-17,36.0,8.0,3.0,0.273
2020-21,Duncan Robinson,1629130,-13,39.0,13.0,0.0,0.417
2020-21,Duncan Robinson,1629130,-12,35.666666666666664,10.0,2.0,0.17633333333333334
2020-21,Duncan Robinson,1629130,-11,22.0,9.0,1.0,0.25
2020-21,Duncan Robinson,1629130,-9,35.0,22.0,3.0,0.6
2020-21,Duncan Robinson,1629130,-8,31.0,10.0,2.0,0.35250000000000004
2020-21,Duncan Robinson,1629130,-6,26.0,12.0,2.0,0.667
2020-21,Duncan Robinson,1629130,-5,32.25,13.0,1.5,0.461
2020-21,Duncan Robinson,1629130,-4,30.0,17.0,2.0,0.4
2020-21,Duncan Robinson,1629130,-3,28.0,17.0,2.0,0.5285
2020-21,Duncan Robinson,1629130,-2,29.0,11.0,1.5,0.4655
2020-21,Duncan Robinson,1629130,-1,28.5,10.0,3.0,0.4585
2020-21,Duncan Robinson,1629130,0,29.666666666666668,12.0,1.6666666666666667,0.48133333333333334
2020-21,Duncan Robinson,1629130,2,27.666666666666668,11.0,1.3333333333333333,0.39333333333333337
2020-21,Duncan Robinson,1629130,3,28.333333333333332,11.0,2.0,0.4136666666666667
2020-21,Duncan Robinson,1629130,4,30.4,10.6,1.0,0.3754
2020-21,Duncan Robinson,1629130,5,33.4,15.2,1.2,0.45940000000000003
2020-21,Duncan Robinson,1629130,6,31.5,14.5,1.5,0.556
2020-21,Duncan Robinson,1629130,7,26.0,3.0,1.0,0.143
2020-21,Duncan Robinson,1629130,8,33.0,16.666666666666668,1.3333333333333333,0.548
2020-21,Duncan Robinson,1629130,10,31.0,13.5,3.0,0.475
2020-21,Duncan Robinson,1629130,11,35.0,19.666666666666668,2.6666666666666665,0.561
2020-21,Duncan Robinson,1629130,12,28.5,13.0,1.0,0.3775
2020-21,Duncan Robinson,1629130,14,35.666666666666664,20.666666666666668,2.0,0.47733333333333333
2020-21,Duncan Robinson,1629130,15,39.0,13.0,5.0,0.357
2020-21,Duncan Robinson,1629130,16,37.0,23.0,0.0,0.471
2020-21,Duncan Robinson,1629130,17,33.0,20.0,4.0,0.583
2020-21,Duncan Robinson,1629130,18,29.0,18.0,2.0,0.667
2020-21,Duncan Robinson,1629130,21,33.0,12.0,3.0,0.364
2020-21,Duncan Robinson,1629130,22,26.0,6.0,2.0,0.222
2020-21,Duncan Robinson,1629130,26,32.0,14.0,1.0,0.4
2020-21,Duncan Robinson,1629130,35,28.0,19.0,4.0,0.5
2020-21,Dwayne Bacon,1628407,-39,36.0,13.0,0.0,0.333
2020-21,Dwayne Bacon,1628407,-27,28.0,15.0,0.5,0.5
2020-21,Dwayne Bacon,1628407,-25,25.5,10.0,1.0,0.4145
2020-21,Dwayne Bacon,1628407,-23,25.0,15.0,1.0,0.45199999999999996
2020-21,Dwayne Bacon,1628407,-21,26.5,8.5,1.5,0.30000000000000004
2020-21,Dwayne Bacon,1628407,-20,30.0,11.0,2.0,0.333
2020-21,Dwayne Bacon,1628407,-19,27.0,2.0,1.0,0.143
2020-21,Dwayne Bacon,1628407,-16,26.0,5.0,4.0,0.286
2020-21,Dwayne Bacon,1628407,-14,36.0,20.0,1.0,0.389
2020-21,Dwayne Bacon,1628407,-13,30.0,16.0,0.0,0.429
2020-21,Dwayne Bacon,1628407,-12,27.666666666666668,12.333333333333334,1.6666666666666667,0.21866666666666665
2020-21,Dwayne Bacon,1628407,-11,27.0,12.5,0.5,0.345
2020-21,Dwayne Bacon,1628407,-10,30.0,9.5,1.5,0.298
2020-21,Dwayne Bacon,1628407,-8,30.0,7.0,1.0,0.222
2020-21,Dwayne Bacon,1628407,-5,29.0,16.0,2.0,0.482
2020-21,Dwayne Bacon,1628407,-4,31.5,16.0,2.5,0.34650000000000003
2020-21,Dwayne Bacon,1628407,-3,21.0,15.0,1.0,0.5
2020-21,Dwayne Bacon,1628407,-2,29.333333333333332,10.666666666666666,1.3333333333333333,0.4073333333333333
2020-21,Dwayne Bacon,1628407,-1,26.0,14.0,1.5,0.5835
2020-21,Dwayne Bacon,1628407,0,32.5,13.0,1.0,0.5625
2020-21,Dwayne Bacon,1628407,1,25.0,8.0,2.0,0.2715
2020-21,Dwayne Bacon,1628407,2,20.0,8.0,0.0,0.444
2020-21,Dwayne Bacon,1628407,3,31.0,19.0,1.0,0.571
2020-21,Dwayne Bacon,1628407,4,28.0,5.5,4.0,0.268
2020-21,Dwayne Bacon,1628407,6,27.0,9.0,1.0,0.308
2020-21,Dwayne Bacon,1628407,7,32.0,14.0,2.0,0.385
2020-21,Dwayne Bacon,1628407,8,33.0,11.0,2.0,0.41500000000000004
2020-21,Dwayne Bacon,1628407,13,23.0,18.0,0.0,0.9
2020-21,Dwayne Bacon,1628407,14,33.0,26.0,1.0,0.474
2020-21,Dwayne Bacon,1628407,15,34.0,17.0,6.0,0.368
2020-21,Dwayne Bacon,1628407,19,25.0,8.0,1.0,0.429
2020-21,Dwayne Bacon,1628407,21,23.0,11.0,2.0,0.571
2020-21,Dwight Howard,2730,-23,24.0,5.0,0.0,0.4
2020-21,Dwight Howard,2730,-22,23.0,11.0,2.0,0.667
2020-21,Dwight Howard,2730,-15,24.0,9.0,3.0,0.667
2020-21,Dwight Howard,2730,-13,29.0,13.0,0.0,0.545
2020-21,Dwight Howard,2730,-11,24.0,12.0,1.0,0.625
2020-21,Dwight Howard,2730,-7,23.0,12.0,0.5,0.598
2020-21,Dwight Howard,2730,-2,26.5,4.0,1.5,0.45
2020-21,Dwight Howard,2730,1,34.0,7.0,2.0,0.375
2020-21,Dwight Howard,2730,3,27.5,13.5,2.0,0.521
2020-21,Dwight Howard,2730,7,27.0,11.0,0.0,0.444
2020-21,Dwight Howard,2730,9,24.0,18.0,0.0,0.667
2020-21,Dwight Howard,2730,12,20.0,4.0,0.0,0.667
2020-21,Dwight Howard,2730,16,22.0,8.0,0.0,1.0
2020-21,Dwight Howard,2730,20,26.0,18.0,1.0,0.857
2020-21,Dwight Howard,2730,23,25.0,11.0,0.0,0.5
2020-21,Dwight Powell,203939,-21,24.0,9.0,2.0,0.333
2020-21,Dwight Powell,203939,-15,20.0,13.0,0.0,1.0
2020-21,Dwight Powell,203939,-12,27.0,6.0,8.0,0.667
2020-21,Dwight Powell,203939,-11,23.0,11.0,1.0,1.0
2020-21,Dwight Powell,203939,-1,20.0,4.0,4.0,0.2
2020-21,Dwight Powell,203939,0,26.0,7.0,1.0,0.333
2020-21,Dwight Powell,203939,5,21.0,8.0,3.0,0.75
2020-21,Dwight Powell,203939,6,27.0,12.0,5.0,1.0
2020-21,Dwight Powell,203939,8,26.0,3.5,1.5,0.1
2020-21,Dwight Powell,203939,10,23.666666666666668,6.0,2.0,0.4443333333333333
2020-21,Dwight Powell,203939,13,28.0,7.0,3.0,0.75
2020-21,Dwight Powell,203939,14,30.0,12.0,0.0,1.0
2020-21,Dwight Powell,203939,20,28.0,25.0,1.0,0.917
2020-21,Dwight Powell,203939,28,27.0,12.0,4.0,0.75
2020-21,Dylan Windler,1629685,-23,20.0,8.0,0.0,0.6
2020-21,Dylan Windler,1629685,-15,21.0,3.0,2.0,0.25
2020-21,Dylan Windler,1629685,-5,25.0,4.0,2.0,0.143
2020-21,Dylan Windler,1629685,-2,25.0,11.0,3.0,0.5
2020-21,Dylan Windler,1629685,0,25.0,8.0,0.0,0.429
2020-21,Dylan Windler,1629685,1,22.0,12.0,2.0,0.4
2020-21,Dylan Windler,1629685,3,23.0,5.0,4.0,0.5
2020-21,Dylan Windler,1629685,10,21.0,15.0,1.0,0.833
2020-21,Dylan Windler,1629685,11,23.0,13.0,2.0,1.0
2020-21,Dylan Windler,1629685,29,21.0,8.0,0.0,0.5
2020-21,E'Twaun Moore,202734,-18,24.0,6.0,3.0,0.3
2020-21,E'Twaun Moore,202734,-9,20.0,22.0,2.0,0.9
2020-21,E'Twaun Moore,202734,-6,20.0,2.0,2.0,0.167
2020-21,E'Twaun Moore,202734,3,39.0,17.0,4.0,0.7
2020-21,E'Twaun Moore,202734,11,20.0,11.0,3.0,0.417
2020-21,Ed Davis,202334,-21,22.0,2.0,1.0,0.333
2020-21,Ed Davis,202334,-20,24.0,5.0,1.0,0.25
2020-21,Ed Davis,202334,16,22.0,0.0,1.0,0.0
2020-21,Edmond Sumner,1628410,-16,20.0,4.0,2.0,0.167
2020-21,Edmond Sumner,1628410,-14,29.0,15.0,3.0,0.667
2020-21,Edmond Sumner,1628410,-10,22.0,7.0,1.0,0.5
2020-21,Edmond Sumner,1628410,-7,23.0,7.0,1.0,0.375
2020-21,Edmond Sumner,1628410,-6,20.0,7.0,1.0,0.5
2020-21,Edmond Sumner,1628410,-5,22.0,16.0,1.0,0.667
2020-21,Edmond Sumner,1628410,-4,25.5,10.5,1.0,0.487
2020-21,Edmond Sumner,1628410,-3,28.0,18.0,0.0,0.5
2020-21,Edmond Sumner,1628410,1,29.0,13.0,1.0,0.625
2020-21,Edmond Sumner,1628410,2,23.0,7.0,6.0,0.6
2020-21,Edmond Sumner,1628410,5,34.0,22.0,2.0,0.6
2020-21,Edmond Sumner,1628410,6,22.0,10.0,3.0,0.5
2020-21,Edmond Sumner,1628410,8,28.0,16.5,1.5,0.669
2020-21,Edmond Sumner,1628410,16,20.0,11.0,0.0,0.5
2020-21,Edmond Sumner,1628410,17,27.0,14.0,2.0,0.5
2020-21,Elfrid Payton,203901,-24,30.0,15.0,4.0,0.5
2020-21,Elfrid Payton,203901,-22,33.0,20.0,4.0,0.421
2020-21,Elfrid Payton,203901,-21,24.0,10.0,3.0,0.286
2020-21,Elfrid Payton,203901,-15,24.666666666666668,7.333333333333333,2.0,0.35133333333333333
2020-21,Elfrid Payton,203901,-14,21.5,11.5,2.0,0.577
2020-21,Elfrid Payton,203901,-13,32.0,7.0,4.0,0.273
2020-21,Elfrid Payton,203901,-11,28.0,14.0,5.0,0.333
2020-21,Elfrid Payton,203901,-9,28.0,12.5,4.5,0.375
2020-21,Elfrid Payton,203901,-8,21.0,8.0,4.0,0.375
2020-21,Elfrid Payton,203901,-7,21.0,4.0,2.0,0.286
2020-21,Elfrid Payton,203901,-6,25.0,9.333333333333334,4.666666666666667,0.4013333333333333
2020-21,Elfrid Payton,203901,-5,24.0,8.0,2.0,0.375
2020-21,Elfrid Payton,203901,-2,23.0,13.0,5.0,0.545
2020-21,Elfrid Payton,203901,1,25.5,15.5,2.0,0.4355
2020-21,Elfrid Payton,203901,2,25.0,9.5,3.0,0.3145
2020-21,Elfrid Payton,203901,3,22.5,10.0,1.0,0.4085
2020-21,Elfrid Payton,203901,6,34.0,20.5,4.5,0.4985
2020-21,Elfrid Payton,203901,7,28.5,16.0,3.0,0.475
2020-21,Elfrid Payton,203901,9,31.0,11.0,7.0,0.5
2020-21,Elfrid Payton,203901,11,35.0,14.0,7.0,0.4
2020-21,Elfrid Payton,203901,12,20.0,7.0,4.0,0.375
2020-21,Elfrid Payton,203901,15,29.666666666666668,17.0,5.0,0.5126666666666667
2020-21,Elfrid Payton,203901,16,21.0,9.0,5.0,0.4
2020-21,Elfrid Payton,203901,17,35.0,20.0,4.0,0.5
2020-21,Elfrid Payton,203901,20,33.0,12.0,4.0,0.545
2020-21,Elfrid Payton,203901,22,24.0,11.0,9.0,0.333
2020-21,Elfrid Payton,203901,25,42.0,22.0,8.0,0.667
2020-21,Elfrid Payton,203901,27,27.0,20.0,2.0,0.75
2020-21,Elijah Bryant,1629091,11,31.0,16.0,3.0,0.462
2020-21,Enes Freedom,202683,-33,25.0,10.0,0.0,0.417
2020-21,Enes Freedom,202683,-18,23.5,7.5,0.5,0.5895
2020-21,Enes Freedom,202683,-15,20.0,8.0,2.0,0.75
2020-21,Enes Freedom,202683,-11,26.0,4.0,1.0,0.25
2020-21,Enes Freedom,202683,-10,25.0,14.0,0.0,1.0
2020-21,Enes Freedom,202683,-8,33.0,13.0,0.0,0.6
2020-21,Enes Freedom,202683,-7,30.333333333333332,13.0,1.0,0.5836666666666667
2020-21,Enes Freedom,202683,-5,26.0,9.0,1.0,1.0
2020-21,Enes Freedom,202683,-4,24.333333333333332,14.666666666666666,2.0,0.6556666666666667
2020-21,Enes Freedom,202683,-3,36.0,13.5,2.5,0.5555
2020-21,Enes Freedom,202683,-2,25.0,10.0,0.0,0.444
2020-21,Enes Freedom,202683,-1,32.666666666666664,13.0,2.0,0.5603333333333333
2020-21,Enes Freedom,202683,1,29.0,18.0,2.5,0.6835
2020-21,Enes Freedom,202683,3,23.5,12.5,0.5,0.7855
2020-21,Enes Freedom,202683,5,28.5,15.0,0.5,0.669
2020-21,Enes Freedom,202683,7,23.0,8.0,1.0,0.8
2020-21,Enes Freedom,202683,8,34.0,17.0,3.0,0.725
2020-21,Enes Freedom,202683,9,26.5,8.0,1.5,0.75
2020-21,Enes Freedom,202683,10,30.0,11.0,1.0,0.5
2020-21,Enes Freedom,202683,12,25.0,10.0,3.0,0.6
2020-21,Enes Freedom,202683,13,25.666666666666668,12.666666666666666,1.3333333333333333,0.5333333333333333
2020-21,Enes Freedom,202683,15,22.0,14.0,0.0,1.0
2020-21,Enes Freedom,202683,16,28.0,12.0,3.0,0.556
2020-21,Enes Freedom,202683,17,32.5,15.0,1.0,0.44599999999999995
2020-21,Enes Freedom,202683,18,35.0,14.0,2.0,0.6
2020-21,Enes Freedom,202683,19,37.0,24.0,2.0,0.563
2020-21,Enes Freedom,202683,21,29.5,19.5,1.0,0.7725
2020-21,Enes Freedom,202683,23,29.0,12.0,4.0,0.462
2020-21,Enes Freedom,202683,25,33.0,17.0,1.0,0.5
2020-21,Enes Freedom,202683,30,21.0,18.0,0.0,0.818
2020-21,Eric Bledsoe,202339,-28,28.0,26.0,1.0,0.529
2020-21,Eric Bledsoe,202339,-25,28.0,8.0,3.0,0.333
2020-21,Eric Bledsoe,202339,-20,32.5,15.0,5.0,0.371
2020-21,Eric Bledsoe,202339,-19,24.0,9.0,2.0,0.333
2020-21,Eric Bledsoe,202339,-18,28.5,10.5,3.0,0.5
2020-21,Eric Bledsoe,202339,-15,28.0,15.0,5.0,0.462
2020-21,Eric Bledsoe,202339,-14,23.0,10.0,3.0,0.571
2020-21,Eric Bledsoe,202339,-12,31.5,12.5,6.0,0.4655
2020-21,Eric Bledsoe,202339,-11,25.5,14.0,3.5,0.5055000000000001
2020-21,Eric Bledsoe,202339,-10,33.0,14.5,3.5,0.3415
2020-21,Eric Bledsoe,202339,-8,30.666666666666668,11.0,4.666666666666667,0.4493333333333333
2020-21,Eric Bledsoe,202339,-7,30.0,11.333333333333334,3.6666666666666665,0.38566666666666666
2020-21,Eric Bledsoe,202339,-6,27.25,7.5,2.0,0.34375
2020-21,Eric Bledsoe,202339,-5,39.5,21.0,4.5,0.4475
2020-21,Eric Bledsoe,202339,-4,24.0,4.5,1.0,0.199
2020-21,Eric Bledsoe,202339,-3,33.0,5.0,6.0,0.2
2020-21,Eric Bledsoe,202339,-2,33.2,15.8,4.2,0.4288
2020-21,Eric Bledsoe,202339,0,29.666666666666668,10.666666666666666,4.333333333333333,0.5296666666666666
2020-21,Eric Bledsoe,202339,1,34.0,12.0,5.0,0.444
2020-21,Eric Bledsoe,202339,2,31.666666666666668,20.333333333333332,4.0,0.49133333333333334
2020-21,Eric Bledsoe,202339,3,27.333333333333332,9.333333333333334,3.6666666666666665,0.391
2020-21,Eric Bledsoe,202339,4,34.5,17.0,4.5,0.55
2020-21,Eric Bledsoe,202339,5,31.5,15.0,3.5,0.30000000000000004
2020-21,Eric Bledsoe,202339,6,29.5,6.5,2.5,0.3255
2020-21,Eric Bledsoe,202339,8,30.5,9.0,2.5,0.41500000000000004
2020-21,Eric Bledsoe,202339,9,33.0,24.0,11.0,0.471
2020-21,Eric Bledsoe,202339,10,25.0,17.0,1.0,0.636
2020-21,Eric Bledsoe,202339,11,32.0,9.666666666666666,3.0,0.38766666666666666
2020-21,Eric Bledsoe,202339,12,33.0,2.0,2.0,0.125
2020-21,Eric Bledsoe,202339,15,30.333333333333332,18.333333333333332,5.333333333333333,0.436
2020-21,Eric Bledsoe,202339,16,25.0,7.0,8.0,0.6
2020-21,Eric Bledsoe,202339,18,27.0,5.0,3.0,0.333
2020-21,Eric Bledsoe,202339,22,31.0,21.0,5.0,0.467
2020-21,Eric Bledsoe,202339,23,20.0,0.0,3.0,0.0
2020-21,Eric Bledsoe,202339,24,21.0,15.0,3.0,0.714
2020-21,Eric Bledsoe,202339,25,29.0,11.0,3.0,0.571
2020-21,Eric Gordon,201569,-40,33.0,23.0,3.0,0.421
2020-21,Eric Gordon,201569,-24,27.0,13.0,4.0,0.278
2020-21,Eric Gordon,201569,-23,34.0,24.0,6.0,0.571
2020-21,Eric Gordon,201569,-20,22.0,5.0,2.0,0.1
2020-21,Eric Gordon,201569,-18,25.0,17.0,1.0,0.353
2020-21,Eric Gordon,201569,-17,20.0,13.0,2.0,0.5
2020-21,Eric Gordon,201569,-16,33.0,20.0,1.0,0.467
2020-21,Eric Gordon,201569,-10,30.0,17.0,4.0,0.385
2020-21,Eric Gordon,201569,-9,30.0,19.5,3.0,0.445
2020-21,Eric Gordon,201569,-6,33.0,17.0,6.0,0.429
2020-21,Eric Gordon,201569,-4,35.0,21.0,2.5,0.42500000000000004
2020-21,Eric Gordon,201569,2,25.0,6.0,1.0,0.216
2020-21,Eric Gordon,201569,4,30.5,21.5,1.0,0.5575
2020-21,Eric Gordon,201569,6,32.5,19.0,3.0,0.473
2020-21,Eric Gordon,201569,9,30.0,33.0,2.0,0.588
2020-21,Eric Gordon,201569,10,25.0,20.0,2.0,0.417
2020-21,Eric Gordon,201569,11,32.0,21.0,4.0,0.389
2020-21,Eric Gordon,201569,13,22.0,14.0,4.0,0.444
2020-21,Eric Gordon,201569,14,32.0,20.0,2.0,0.389
2020-21,Eric Gordon,201569,15,28.0,20.0,4.0,0.462
2020-21,Eric Gordon,201569,18,21.0,25.0,2.0,0.667
2020-21,Eric Paschall,1629672,-28,21.0,6.0,0.0,0.333
2020-21,Eric Paschall,1629672,-23,24.0,7.0,1.0,0.375
2020-21,Eric Paschall,1629672,-17,22.0,9.0,2.0,0.333
2020-21,Eric Paschall,1629672,-8,20.0,8.0,0.0,0.222
2020-21,Eric Paschall,1629672,-4,22.0,18.0,1.0,0.571
2020-21,Eric Paschall,1629672,3,20.0,19.0,1.0,0.5
2020-21,Eric Paschall,1629672,4,28.0,16.0,1.0,0.5
2020-21,Eric Paschall,1629672,10,31.0,11.0,3.0,0.8
2020-21,Eric Paschall,1629672,12,21.0,14.0,4.0,0.6
2020-21,Eric Paschall,1629672,21,20.0,12.0,1.0,0.5
2020-21,Ersan Ilyasova,101141,8,31.0,20.0,0.0,0.636
2020-21,Evan Fournier,203095,-29,25.0,8.0,3.0,0.231
2020-21,Evan Fournier,203095,-21,35.0,16.0,2.0,0.316
2020-21,Evan Fournier,203095,-20,28.0,11.0,3.0,0.167
2020-21,Evan Fournier,203095,-18,31.5,20.5,4.0,0.4085
2020-21,Evan Fournier,203095,-16,33.0,21.0,3.0,0.8
2020-21,Evan Fournier,203095,-15,26.5,13.5,2.5,0.36650000000000005
2020-21,Evan Fournier,203095,-14,30.5,21.0,3.0,0.48350000000000004
2020-21,Evan Fournier,203095,-12,32.0,0.0,0.0,0.0
2020-21,Evan Fournier,203095,-10,33.0,14.5,2.0,0.293
2020-21,Evan Fournier,203095,-6,34.0,20.5,7.0,0.4525
2020-21,Evan Fournier,203095,-4,36.0,17.0,3.0,0.636
2020-21,Evan Fournier,203095,-2,34.0,30.0,8.0,0.688
2020-21,Evan Fournier,203095,-1,27.5,19.5,1.0,0.5575
2020-21,Evan Fournier,203095,0,28.666666666666668,21.333333333333332,3.3333333333333335,0.5826666666666667
2020-21,Evan Fournier,203095,2,35.0,11.0,1.0,0.286
2020-21,Evan Fournier,203095,3,32.333333333333336,15.666666666666666,4.666666666666667,0.41566666666666663
2020-21,Evan Fournier,203095,4,34.0,23.0,4.0,0.429
2020-21,Evan Fournier,203095,5,27.0,10.333333333333334,2.0,0.37166666666666665
2020-21,Evan Fournier,203095,7,29.0,20.0,4.0,0.462
2020-21,Evan Fournier,203095,8,35.0,31.0,2.0,0.769
2020-21,Evan Fournier,203095,11,31.0,19.0,6.0,0.5
2020-21,Evan Fournier,203095,12,31.0,14.0,2.0,0.455
2020-21,Evan Fournier,203095,15,28.0,24.0,2.0,0.429
2020-21,Evan Fournier,203095,20,31.0,29.0,7.0,0.467
2020-21,Evan Fournier,203095,22,24.0,18.0,6.0,0.545
2020-21,Evan Fournier,203095,24,21.0,17.0,6.0,0.556
2020-21,Evan Fournier,203095,26,28.0,18.0,4.0,0.571
2020-21,Evan Fournier,203095,31,31.0,28.0,6.0,0.611
2020-21,Facundo Campazzo,1630267,-20,31.0,7.0,4.0,0.125
2020-21,Facundo Campazzo,1630267,-13,25.0,0.0,1.0,0.0
2020-21,Facundo Campazzo,1630267,-12,26.0,0.0,6.0,0.0
2020-21,Facundo Campazzo,1630267,-11,23.0,9.0,4.0,0.5
2020-21,Facundo Campazzo,1630267,-7,25.0,14.0,1.0,0.714
2020-21,Facundo Campazzo,1630267,-3,30.6,6.2,5.4,0.465
2020-21,Facundo Campazzo,1630267,-2,33.0,10.5,5.0,0.3515
2020-21,Facundo Campazzo,1630267,-1,34.0,19.0,5.0,0.444
2020-21,Facundo Campazzo,1630267,0,29.0,12.0,4.0,0.6
2020-21,Facundo Campazzo,1630267,1,33.0,14.0,4.0,0.833
2020-21,Facundo Campazzo,1630267,2,35.0,3.0,2.0,0.125
2020-21,Facundo Campazzo,1630267,3,29.0,12.666666666666666,5.666666666666667,0.5653333333333334
2020-21,Facundo Campazzo,1630267,4,27.5,6.5,4.5,0.4
2020-21,Facundo Campazzo,1630267,5,24.0,9.0,1.0,0.8
2020-21,Facundo Campazzo,1630267,6,26.0,16.0,2.0,0.571
2020-21,Facundo Campazzo,1630267,7,27.0,6.0,5.0,1.0
2020-21,Facundo Campazzo,1630267,8,27.0,8.0,5.666666666666667,0.4166666666666667
2020-21,Facundo Campazzo,1630267,9,22.0,2.0,6.0,0.2
2020-21,Facundo Campazzo,1630267,10,29.333333333333332,8.0,6.333333333333333,0.2916666666666667
2020-21,Facundo Campazzo,1630267,12,21.0,6.0,2.0,0.667
2020-21,Facundo Campazzo,1630267,14,34.0,12.0,5.0,0.375
2020-21,Facundo Campazzo,1630267,15,33.0,5.0,13.0,0.2
2020-21,Facundo Campazzo,1630267,16,21.0,0.0,6.0,0.0
2020-21,Facundo Campazzo,1630267,17,24.5,6.5,6.5,0.45
2020-21,Facundo Campazzo,1630267,26,21.0,15.0,2.0,0.625
2020-21,Frank Jackson,1628402,-18,23.0,16.0,0.0,0.4
2020-21,Frank Jackson,1628402,-13,23.0,8.0,1.0,0.273
2020-21,Frank Jackson,1628402,-12,26.0,20.0,1.0,0.538
2020-21,Frank Jackson,1628402,-11,20.0,17.0,2.0,0.667
2020-21,Frank Jackson,1628402,-10,28.0,15.5,0.5,0.516
2020-21,Frank Jackson,1628402,-8,23.0,18.0,0.0,0.5
2020-21,Frank Jackson,1628402,-5,35.0,19.0,2.0,0.467
2020-21,Frank Jackson,1628402,-4,32.0,14.0,1.0,0.5
2020-21,Frank Jackson,1628402,1,34.0,25.0,3.0,0.421
2020-21,Frank Jackson,1628402,2,28.0,14.0,4.0,0.357
2020-21,Frank Jackson,1628402,4,31.0,11.0,2.0,0.5
2020-21,Frank Jackson,1628402,5,29.0,13.5,1.0,0.4645
2020-21,Frank Jackson,1628402,8,25.0,18.0,1.0,0.583
2020-21,Frank Jackson,1628402,13,21.0,13.0,2.0,0.667
2020-21,Frank Jackson,1628402,15,25.0,23.0,1.0,0.7
2020-21,Frank Kaminsky,1626163,-10,20.0,6.5,4.0,0.378
2020-21,Frank Kaminsky,1626163,-8,28.0,9.0,5.0,0.444
2020-21,Frank Kaminsky,1626163,-5,25.0,9.0,5.0,0.444
2020-21,Frank Kaminsky,1626163,0,21.0,15.0,1.0,0.714
2020-21,Frank Kaminsky,1626163,3,34.0,14.0,8.0,0.4
2020-21,Frank Kaminsky,1626163,11,24.0,8.0,2.0,1.0
2020-21,Frank Kaminsky,1626163,12,24.0,12.0,8.0,0.444
2020-21,Frank Kaminsky,1626163,13,24.0,7.0,3.0,0.286
2020-21,Frank Mason III,1628412,-2,26.0,10.0,4.0,0.4
2020-21,Frank Mason III,1628412,0,33.0,11.0,4.0,0.4
2020-21,Frank Ntilikina,1628373,-20,24.0,13.0,0.0,0.714
2020-21,Frank Ntilikina,1628373,-2,26.0,13.0,1.0,0.444
2020-21,Frank Ntilikina,1628373,-1,23.0,9.0,2.0,0.6
2020-21,Frank Ntilikina,1628373,17,23.0,7.0,2.0,0.5
2020-21,Fred VanVleet,1627832,-18,29.0,9.0,3.0,0.25
2020-21,Fred VanVleet,1627832,-17,39.5,8.0,8.0,0.22849999999999998
2020-21,Fred VanVleet,1627832,-16,34.0,25.0,6.0,0.524
2020-21,Fred VanVleet,1627832,-15,36.5,15.0,6.0,0.3155
2020-21,Fred VanVleet,1627832,-10,36.0,12.0,8.0,0.286
2020-21,Fred VanVleet,1627832,-9,34.333333333333336,25.0,3.6666666666666665,0.43133333333333335
2020-21,Fred VanVleet,1627832,-7,38.0,24.0,7.0,0.462
2020-21,Fred VanVleet,1627832,-5,35.0,17.0,8.0,0.3
2020-21,Fred VanVleet,1627832,-4,36.0,24.0,9.0,0.389
2020-21,Fred VanVleet,1627832,-3,40.25,24.75,6.75,0.44400000000000006
2020-21,Fred VanVleet,1627832,-2,35.5,18.5,7.5,0.404
2020-21,Fred VanVleet,1627832,-1,38.0,25.0,10.0,0.333
2020-21,Fred VanVleet,1627832,0,31.0,18.0,6.5,0.35650000000000004
2020-21,Fred VanVleet,1627832,1,39.2,17.2,8.2,0.3386
2020-21,Fred VanVleet,1627832,3,39.0,27.0,5.0,0.391
2020-21,Fred VanVleet,1627832,4,39.5,24.0,5.5,0.29700000000000004
2020-21,Fred VanVleet,1627832,5,38.0,18.333333333333332,6.0,0.4096666666666667
2020-21,Fred VanVleet,1627832,6,30.0,19.0,2.0,0.417
2020-21,Fred VanVleet,1627832,7,34.0,13.5,7.0,0.202
2020-21,Fred VanVleet,1627832,9,36.0,26.0,6.0,0.438
2020-21,Fred VanVleet,1627832,11,37.0,17.0,6.5,0.359
2020-21,Fred VanVleet,1627832,12,40.0,21.0,4.0,0.4
2020-21,Fred VanVleet,1627832,13,33.0,34.0,7.0,0.591
2020-21,Fred VanVleet,1627832,14,34.5,20.0,7.5,0.4355
2020-21,Fred VanVleet,1627832,16,38.0,33.0,7.0,0.545
2020-21,Fred VanVleet,1627832,17,33.0,10.5,4.0,0.2665
2020-21,Fred VanVleet,1627832,18,33.0,6.0,6.0,0.2
2020-21,Fred VanVleet,1627832,20,37.0,54.0,2.0,0.739
2020-21,Fred VanVleet,1627832,21,36.0,19.0,7.0,0.38
2020-21,Fred VanVleet,1627832,27,34.0,14.0,7.0,0.5
2020-21,Freddie Gillespie,1630273,-19,30.0,2.0,0.0,0.25
2020-21,Freddie Gillespie,1630273,-14,33.0,8.5,1.0,0.5
2020-21,Freddie Gillespie,1630273,-10,36.0,4.0,1.0,0.5
2020-21,Freddie Gillespie,1630273,-3,23.0,4.0,1.0,0.25
2020-21,Freddie Gillespie,1630273,5,21.0,6.0,0.0,0.5
2020-21,Freddie Gillespie,1630273,8,21.0,10.0,0.0,0.625
2020-21,Furkan Korkmaz,1627788,-15,20.0,0.0,2.0,0.0
2020-21,Furkan Korkmaz,1627788,-8,21.0,12.0,1.0,0.6
2020-21,Furkan Korkmaz,1627788,-6,21.0,3.0,2.0,0.167
2020-21,Furkan Korkmaz,1627788,-3,37.0,13.0,2.0,0.357
2020-21,Furkan Korkmaz,1627788,-2,28.0,12.0,1.0,0.444
2020-21,Furkan Korkmaz,1627788,-1,23.0,7.0,0.0,0.429
2020-21,Furkan Korkmaz,1627788,3,38.0,18.0,4.0,0.4
2020-21,Furkan Korkmaz,1627788,4,24.0,10.5,2.0,0.4645
2020-21,Furkan Korkmaz,1627788,6,24.0,11.0,1.0,0.34850000000000003
2020-21,Furkan Korkmaz,1627788,7,24.0,18.0,3.0,0.455
2020-21,Furkan Korkmaz,1627788,8,20.0,10.0,2.0,0.444
2020-21,Furkan Korkmaz,1627788,9,25.0,13.5,1.0,0.4645
2020-21,Furkan Korkmaz,1627788,11,24.0,16.0,4.0,0.5
2020-21,Furkan Korkmaz,1627788,12,28.0,19.0,2.0,0.455
2020-21,Furkan Korkmaz,1627788,13,20.0,10.0,3.0,0.444
2020-21,Furkan Korkmaz,1627788,14,25.0,15.5,1.0,0.491
2020-21,Furkan Korkmaz,1627788,16,22.0,13.0,1.0,0.455
2020-21,Furkan Korkmaz,1627788,26,22.0,17.0,2.0,0.5
2020-21,Gabe Vincent,1629216,-9,26.666666666666668,10.333333333333334,3.0,0.2986666666666667
2020-21,Gabe Vincent,1629216,-6,26.0,8.0,9.0,0.3
2020-21,Gabe Vincent,1629216,-3,30.0,3.0,0.0,0.143
2020-21,Gabe Vincent,1629216,1,25.0,18.0,4.0,0.462
2020-21,Gabe Vincent,1629216,3,36.0,15.0,10.0,0.5
2020-21,Gabe Vincent,1629216,6,28.0,3.0,2.0,0.125
2020-21,Gabe Vincent,1629216,9,36.0,24.0,3.0,0.45
2020-21,Gabriel Deck,1630466,-21,23.0,8.0,2.0,0.333
2020-21,Gabriel Deck,1630466,-13,20.0,4.0,1.0,1.0
2020-21,Gabriel Deck,1630466,-12,31.0,5.0,4.0,0.125
2020-21,Gabriel Deck,1630466,-4,23.0,6.0,4.0,0.286
2020-21,Gabriel Deck,1630466,4,26.0,18.0,1.0,0.667
2020-21,Garrett Temple,202066,-30,27.0,7.0,0.0,0.5
2020-21,Garrett Temple,202066,-25,26.0,4.0,2.0,0.286
2020-21,Garrett Temple,202066,-22,30.0,10.0,1.0,0.5
2020-21,Garrett Temple,202066,-20,21.0,2.0,1.0,0.0
2020-21,Garrett Temple,202066,-18,27.0,5.0,4.0,0.333
2020-21,Garrett Temple,202066,-13,32.5,8.5,3.5,0.6165
2020-21,Garrett Temple,202066,-12,33.0,10.0,2.0,0.5
2020-21,Garrett Temple,202066,-11,27.5,5.5,3.0,0.3215
2020-21,Garrett Temple,202066,-8,27.0,7.5,4.0,0.45
2020-21,Garrett Temple,202066,-7,28.0,7.0,3.0,0.6
2020-21,Garrett Temple,202066,-6,26.333333333333332,6.666666666666667,1.6666666666666667,0.253
2020-21,Garrett Temple,202066,-5,24.0,5.0,4.0,0.5
2020-21,Garrett Temple,202066,-4,37.0,5.0,2.0,0.333
2020-21,Garrett Temple,202066,-3,28.0,8.0,4.0,0.5
2020-21,Garrett Temple,202066,-2,25.0,6.0,1.5,0.3715
2020-21,Garrett Temple,202066,-1,26.5,9.0,1.0,0.3885
2020-21,Garrett Temple,202066,1,30.0,1.0,4.0,0.0
2020-21,Garrett Temple,202066,2,31.0,13.0,4.0,0.444
2020-21,Garrett Temple,202066,3,28.0,8.75,2.0,0.4375
2020-21,Garrett Temple,202066,4,27.0,2.0,1.0,1.0
2020-21,Garrett Temple,202066,5,28.0,14.0,0.0,0.5
2020-21,Garrett Temple,202066,7,23.0,12.0,2.0,0.455
2020-21,Garrett Temple,202066,8,27.5,4.0,2.5,0.1835
2020-21,Garrett Temple,202066,9,26.0,8.0,2.0,0.444
2020-21,Garrett Temple,202066,10,29.0,14.0,1.0,0.667
2020-21,Garrett Temple,202066,13,34.0,9.0,0.0,0.667
2020-21,Garrett Temple,202066,14,27.4,11.4,2.8,0.46419999999999995
2020-21,Garrett Temple,202066,15,30.0,15.0,1.0,0.429
2020-21,Garrett Temple,202066,17,28.0,4.0,0.0,0.2
2020-21,Garrett Temple,202066,18,29.5,9.5,3.5,0.5665
2020-21,Garrett Temple,202066,19,38.0,16.0,1.0,0.545
2020-21,Garrett Temple,202066,20,30.0,8.5,4.0,0.2875
2020-21,Garrett Temple,202066,39,28.0,9.0,4.0,0.429
2020-21,Garrison Mathews,1629726,-19,20.5,5.5,0.0,0.625
2020-21,Garrison Mathews,1629726,-17,23.0,8.0,0.0,0.333
2020-21,Garrison Mathews,1629726,-14,28.0,15.0,1.0,0.455
2020-21,Garrison Mathews,1629726,-13,21.0,6.0,0.0,0.667
2020-21,Garrison Mathews,1629726,-11,26.0,3.0,2.0,0.167
2020-21,Garrison Mathews,1629726,-10,34.0,9.0,0.0,0.429
2020-21,Garrison Mathews,1629726,-9,31.5,17.0,1.5,0.75
2020-21,Garrison Mathews,1629726,-8,29.0,17.0,0.0,0.714
2020-21,Garrison Mathews,1629726,-6,23.0,3.0,0.0,0.5
2020-21,Garrison Mathews,1629726,-2,28.0,10.0,0.5,0.404
2020-21,Garrison Mathews,1629726,4,23.333333333333332,7.666666666666667,0.3333333333333333,0.6333333333333333
2020-21,Garrison Mathews,1629726,7,20.0,3.0,1.0,0.333
2020-21,Garrison Mathews,1629726,8,26.0,7.0,1.0,0.333
2020-21,Garrison Mathews,1629726,11,23.0,22.0,1.0,0.5
2020-21,Garrison Mathews,1629726,13,20.0,11.0,2.0,0.333
2020-21,Garrison Mathews,1629726,15,32.0,9.0,2.0,0.273
2020-21,Garrison Mathews,1629726,21,22.0,8.0,0.0,0.4
2020-21,Gary Clark,1629109,-21,30.0,3.0,0.0,0.2
2020-21,Gary Clark,1629109,-19,30.0,0.0,0.0,0.0
2020-21,Gary Clark,1629109,-16,23.5,6.0,0.0,0.34299999999999997
2020-21,Gary Clark,1629109,-15,26.0,8.0,1.0,0.3
2020-21,Gary Clark,1629109,-13,27.0,1.5,0.5,0.125
2020-21,Gary Clark,1629109,-7,24.0,10.0,1.0,0.5
2020-21,Gary Clark,1629109,-4,23.5,2.5,2.5,0.3335
2020-21,Gary Clark,1629109,-1,31.5,8.5,1.5,0.4105
2020-21,Gary Clark,1629109,3,25.0,3.0,3.0,0.2
2020-21,Gary Clark,1629109,4,20.0,9.0,2.0,0.375
2020-21,Gary Clark,1629109,13,20.0,6.0,1.0,0.5
2020-21,Gary Clark,1629109,14,20.0,6.0,0.0,0.4
2020-21,Gary Harris,203914,-26,23.0,6.0,1.0,0.286
2020-21,Gary Harris,203914,-25,23.0,7.5,0.5,0.271
2020-21,Gary Harris,203914,-20,34.0,17.0,1.0,0.25
2020-21,Gary Harris,203914,-15,35.5,10.5,2.0,0.405
2020-21,Gary Harris,203914,-14,26.0,9.0,2.0,0.4
2020-21,Gary Harris,203914,-12,22.0,2.0,2.0,0.2
2020-21,Gary Harris,203914,-9,23.0,5.0,4.0,0.286
2020-21,Gary Harris,203914,-8,30.0,8.0,4.0,0.273
2020-21,Gary Harris,203914,-7,30.0,12.0,1.0,0.455
2020-21,Gary Harris,203914,-6,32.0,10.0,2.0,0.5
2020-21,Gary Harris,203914,-3,28.0,14.0,2.0,0.333
2020-21,Gary Harris,203914,-2,36.0,10.0,0.0,0.375
2020-21,Gary Harris,203914,-1,32.5,16.5,1.5,0.5835
2020-21,Gary Harris,203914,0,32.0,11.0,0.5,0.442
2020-21,Gary Harris,203914,1,26.0,16.0,3.0,0.5
2020-21,Gary Harris,203914,2,24.0,5.0,0.0,0.1535
2020-21,Gary Harris,203914,4,30.0,15.0,6.0,0.5
2020-21,Gary Harris,203914,5,33.666666666666664,12.0,4.333333333333333,0.3356666666666666
2020-21,Gary Harris,203914,6,32.0,10.0,3.0,0.5
2020-21,Gary Harris,203914,8,31.0,14.0,1.0,0.6
2020-21,Gary Harris,203914,10,31.5,4.5,1.5,0.2
2020-21,Gary Harris,203914,13,28.0,14.0,2.0,0.6
2020-21,Gary Harris,203914,17,28.0,21.0,1.0,0.636
2020-21,Gary Harris,203914,20,25.0,11.0,3.0,0.444
2020-21,Gary Harris,203914,31,35.0,7.0,7.0,0.429
2020-21,Gary Trent Jr.,1629018,-24,24.0,7.0,1.0,0.333
2020-21,Gary Trent Jr.,1629018,-22,38.0,6.0,1.0,0.143
2020-21,Gary Trent Jr.,1629018,-18,32.5,13.0,0.5,0.2405
2020-21,Gary Trent Jr.,1629018,-17,32.0,13.5,2.0,0.367
2020-21,Gary Trent Jr.,1629018,-15,31.666666666666668,14.333333333333334,1.0,0.35300000000000004
2020-21,Gary Trent Jr.,1629018,-11,32.0,13.0,0.5,0.307
2020-21,Gary Trent Jr.,1629018,-10,25.0,11.0,1.5,0.381
2020-21,Gary Trent Jr.,1629018,-9,29.5,6.5,0.5,0.23650000000000002
2020-21,Gary Trent Jr.,1629018,-8,37.0,15.0,5.0,0.4
2020-21,Gary Trent Jr.,1629018,-7,28.0,17.0,0.5,0.4645
2020-21,Gary Trent Jr.,1629018,-3,35.0,11.5,1.5,0.3695
2020-21,Gary Trent Jr.,1629018,-2,31.5,12.0,2.5,0.41800000000000004
2020-21,Gary Trent Jr.,1629018,-1,26.0,18.0,1.0,0.5
2020-21,Gary Trent Jr.,1629018,0,33.0,7.0,2.0,0.182
2020-21,Gary Trent Jr.,1629018,1,33.0,20.0,2.0,0.4145
2020-21,Gary Trent Jr.,1629018,2,33.0,16.4,0.6,0.44580000000000003
2020-21,Gary Trent Jr.,1629018,3,36.0,31.0,0.0,0.545
2020-21,Gary Trent Jr.,1629018,4,31.5,14.0,1.5,0.2955
2020-21,Gary Trent Jr.,1629018,5,35.0,17.0,2.0,0.313
2020-21,Gary Trent Jr.,1629018,6,29.0,10.333333333333334,2.3333333333333335,0.3016666666666667
2020-21,Gary Trent Jr.,1629018,7,33.0,23.0,1.0,0.5
2020-21,Gary Trent Jr.,1629018,8,34.5,23.0,2.0,0.474
2020-21,Gary Trent Jr.,1629018,9,36.0,18.0,2.0,0.429
2020-21,Gary Trent Jr.,1629018,11,36.0,19.0,0.0,0.583
2020-21,Gary Trent Jr.,1629018,12,26.0,12.0,2.5,0.518
2020-21,Gary Trent Jr.,1629018,14,38.0,19.0,4.0,0.5
2020-21,Gary Trent Jr.,1629018,15,31.0,27.0,2.0,0.607
2020-21,Gary Trent Jr.,1629018,16,34.5,24.5,1.5,0.5135000000000001
2020-21,Gary Trent Jr.,1629018,31,32.0,44.0,4.0,0.895
2020-21,Gary Trent Jr.,1629018,54,29.0,24.0,1.0,0.571
2020-21,George Hill,201588,-21,21.0,10.0,2.0,0.5
2020-21,George Hill,201588,-16,21.0,6.0,0.0,0.75
2020-21,George Hill,201588,-12,21.0,6.0,2.0,0.4
2020-21,George Hill,201588,-7,24.0,8.0,4.0,0.429
2020-21,George Hill,201588,-6,28.0,22.0,2.0,0.75
2020-21,George Hill,201588,-5,24.5,8.5,2.5,0.35
2020-21,George Hill,201588,-4,29.0,12.0,1.0,0.556
2020-21,George Hill,201588,-3,23.0,5.0,2.0,0.286
2020-21,George Hill,201588,-2,27.5,11.0,4.0,0.4165
2020-21,George Hill,201588,4,27.0,13.0,4.0,0.444
2020-21,George Hill,201588,5,23.0,11.0,2.0,0.8
2020-21,George Hill,201588,6,25.0,14.0,4.0,0.385
2020-21,George Hill,201588,8,28.0,12.0,5.0,0.75
2020-21,George Hill,201588,10,24.0,21.0,3.0,0.889
2020-21,George Hill,201588,14,22.0,10.5,3.5,0.631
2020-21,George Hill,201588,20,32.0,8.0,3.0,0.273
2020-21,Georges Niang,1627777,-12,21.0,9.0,2.0,0.333
2020-21,Georges Niang,1627777,-10,24.0,8.0,1.0,0.3
2020-21,Georges Niang,1627777,0,24.0,10.0,0.0,0.3575
2020-21,Georges Niang,1627777,4,23.0,3.0,0.0,0.143
2020-21,Georges Niang,1627777,5,23.0,12.0,1.5,0.45
2020-21,Georges Niang,1627777,9,33.0,18.0,3.0,0.429
2020-21,Georges Niang,1627777,12,22.5,12.0,1.5,0.432
2020-21,Georges Niang,1627777,13,20.5,12.0,1.5,0.5625
2020-21,Georges Niang,1627777,17,20.0,13.0,3.0,0.667
2020-21,Georges Niang,1627777,19,23.0,24.0,2.0,0.75
2020-21,Georges Niang,1627777,24,23.0,7.0,0.0,0.222
2020-21,Georges Niang,1627777,27,23.0,11.0,1.0,0.444
2020-21,Georges Niang,1627777,36,26.0,19.0,4.0,0.667
2020-21,Giannis Antetokounmpo,203507,-31,33.0,32.0,3.0,0.476
2020-21,Giannis Antetokounmpo,203507,-22,29.0,28.0,4.0,0.688
2020-21,Giannis Antetokounmpo,203507,-16,27.0,16.0,5.0,0.5
2020-21,Giannis Antetokounmpo,203507,-13,31.0,27.0,5.0,0.6
2020-21,Giannis Antetokounmpo,203507,-12,39.0,34.0,7.0,0.5
2020-21,Giannis Antetokounmpo,203507,-10,35.0,31.0,4.0,0.647
2020-21,Giannis Antetokounmpo,203507,-9,37.0,34.0,8.0,0.55
2020-21,Giannis Antetokounmpo,203507,-8,37.5,26.0,7.0,0.5
2020-21,Giannis Antetokounmpo,203507,-6,35.0,25.0,3.0,0.647
2020-21,Giannis Antetokounmpo,203507,-5,32.75,29.0,6.25,0.5847500000000001
2020-21,Giannis Antetokounmpo,203507,-3,36.0,40.0,3.5,0.5985
2020-21,Giannis Antetokounmpo,203507,-2,37.0,38.0,4.0,0.519
2020-21,Giannis Antetokounmpo,203507,-1,32.5,29.0,5.0,0.5165
2020-21,Giannis Antetokounmpo,203507,0,39.0,34.0,9.0,0.632
2020-21,Giannis Antetokounmpo,203507,1,34.333333333333336,36.333333333333336,4.0,0.6670000000000001
2020-21,Giannis Antetokounmpo,203507,2,24.0,15.0,2.0,0.583
2020-21,Giannis Antetokounmpo,203507,4,33.666666666666664,27.333333333333332,6.333333333333333,0.5373333333333333
2020-21,Giannis Antetokounmpo,203507,5,35.0,32.666666666666664,5.333333333333333,0.6336666666666666
2020-21,Giannis Antetokounmpo,203507,6,31.5,18.5,6.0,0.4485
2020-21,Giannis Antetokounmpo,203507,7,34.0,30.0,0.0,0.478
2020-21,Giannis Antetokounmpo,203507,8,37.0,32.5,6.0,0.473
2020-21,Giannis Antetokounmpo,203507,9,36.0,26.0,8.0,0.526
2020-21,Giannis Antetokounmpo,203507,10,37.0,24.0,9.0,0.571
2020-21,Giannis Antetokounmpo,203507,11,35.0,25.0,4.0,0.615
2020-21,Giannis Antetokounmpo,203507,12,34.5,24.5,9.0,0.5795
2020-21,Giannis Antetokounmpo,203507,14,32.0,27.0,5.0,0.611
2020-21,Giannis Antetokounmpo,203507,15,33.0,33.0,4.0,0.52
2020-21,Giannis Antetokounmpo,203507,16,36.0,43.0,4.0,0.708
2020-21,Giannis Antetokounmpo,203507,17,33.0,47.0,2.0,0.857
2020-21,Giannis Antetokounmpo,203507,18,29.5,28.5,9.0,0.6910000000000001
2020-21,Giannis Antetokounmpo,203507,19,33.0,15.0,4.0,0.5
2020-21,Giannis Antetokounmpo,203507,21,32.333333333333336,31.333333333333332,11.0,0.618
2020-21,Giannis Antetokounmpo,203507,23,29.5,19.0,7.0,0.4165
2020-21,Giannis Antetokounmpo,203507,24,28.0,25.0,4.0,0.533
2020-21,Giannis Antetokounmpo,203507,25,30.0,22.5,6.0,0.63
2020-21,Giannis Antetokounmpo,203507,26,26.0,15.0,4.0,0.286
2020-21,Giannis Antetokounmpo,203507,29,33.0,38.0,4.0,0.474
2020-21,Giannis Antetokounmpo,203507,30,30.0,21.0,10.0,0.875
2020-21,Giannis Antetokounmpo,203507,31,27.0,29.0,8.0,0.474
2020-21,Giannis Antetokounmpo,203507,34,29.0,24.0,10.0,0.667
2020-21,Glenn Robinson III,203922,-21,20.0,5.0,0.0,0.667
2020-21,Glenn Robinson III,203922,-17,22.0,4.0,0.0,0.333
2020-21,Glenn Robinson III,203922,-15,21.0,4.0,2.0,0.243
2020-21,Glenn Robinson III,203922,-11,22.0,11.0,1.0,0.6
2020-21,Glenn Robinson III,203922,-5,20.0,7.0,2.0,0.429
2020-21,Glenn Robinson III,203922,-2,24.0,14.0,2.0,0.714
2020-21,Glenn Robinson III,203922,0,20.0,14.0,2.0,0.5
2020-21,Glenn Robinson III,203922,14,21.0,4.0,1.0,0.333
2020-21,Goga Bitadze,1629048,-6,22.0,7.0,0.0,0.143
2020-21,Goga Bitadze,1629048,-2,20.0,5.0,2.0,0.5
2020-21,Goga Bitadze,1629048,0,25.0,14.0,5.0,0.545
2020-21,Goga Bitadze,1629048,1,23.0,10.0,4.0,0.4
2020-21,Goga Bitadze,1629048,2,29.0,10.0,1.0,0.375
2020-21,Goran Dragic,201609,-25,27.0,12.0,4.0,0.273
2020-21,Goran Dragic,201609,-19,28.0,6.0,1.0,0.182
2020-21,Goran Dragic,201609,-16,27.0,19.0,3.0,0.357
2020-21,Goran Dragic,201609,-15,23.0,16.0,3.0,0.6
2020-21,Goran Dragic,201609,-14,27.0,17.0,0.0,0.375
2020-21,Goran Dragic,201609,-13,22.0,9.0,3.0,0.375
2020-21,Goran Dragic,201609,-11,24.0,3.0,8.0,0.111
2020-21,Goran Dragic,201609,-10,28.0,10.0,4.0,0.364
2020-21,Goran Dragic,201609,-9,32.333333333333336,13.666666666666666,7.333333333333333,0.4116666666666667
2020-21,Goran Dragic,201609,-8,28.0,14.0,2.0,0.417
2020-21,Goran Dragic,201609,-7,33.0,22.0,3.0,0.6
2020-21,Goran Dragic,201609,-6,20.0,15.0,3.0,0.308
2020-21,Goran Dragic,201609,-5,28.0,9.0,7.0,0.3
2020-21,Goran Dragic,201609,-4,24.666666666666668,13.333333333333334,2.6666666666666665,0.4723333333333333
2020-21,Goran Dragic,201609,-1,29.0,12.0,5.5,0.364
2020-21,Goran Dragic,201609,0,30.5,18.0,6.0,0.382
2020-21,Goran Dragic,201609,1,24.0,3.0,8.0,0.091
2020-21,Goran Dragic,201609,2,29.0,7.5,6.0,0.4105
2020-21,Goran Dragic,201609,3,25.0,8.5,3.0,0.4165
2020-21,Goran Dragic,201609,5,24.5,12.5,4.5,0.375
2020-21,Goran Dragic,201609,7,25.0,20.0,7.0,0.615
2020-21,Goran Dragic,201609,8,25.0,11.0,5.0,0.364
2020-21,Goran Dragic,201609,9,28.333333333333332,17.0,4.666666666666667,0.515
2020-21,Goran Dragic,201609,11,28.25,16.0,2.5,0.44525000000000003
2020-21,Goran Dragic,201609,12,28.0,18.0,7.0,0.5
2020-21,Goran Dragic,201609,14,26.0,26.0,2.0,0.529
2020-21,Goran Dragic,201609,17,32.0,23.0,3.0,0.556
2020-21,Goran Dragic,201609,18,31.0,18.0,7.0,0.353
2020-21,Goran Dragic,201609,20,25.0,13.0,6.0,0.5645
2020-21,Goran Dragic,201609,21,27.0,18.0,9.0,0.545
2020-21,Goran Dragic,201609,22,22.0,9.0,4.0,0.571
2020-21,Gordon Hayward,202330,-27,30.0,17.0,4.0,0.417
2020-21,Gordon Hayward,202330,-24,27.0,14.0,1.0,0.385
2020-21,Gordon Hayward,202330,-20,28.0,13.0,1.0,0.455
2020-21,Gordon Hayward,202330,-19,33.0,12.0,5.0,0.4
2020-21,Gordon Hayward,202330,-14,25.0,7.0,6.0,0.429
2020-21,Gordon Hayward,202330,-12,30.666666666666668,20.333333333333332,3.0,0.5619999999999999
2020-21,Gordon Hayward,202330,-11,36.0,27.0,2.0,0.455
2020-21,Gordon Hayward,202330,-10,39.0,18.0,5.0,0.448
2020-21,Gordon Hayward,202330,-7,35.0,14.5,4.0,0.4165
2020-21,Gordon Hayward,202330,-6,38.0,11.0,3.0,0.333
2020-21,Gordon Hayward,202330,-5,26.0,16.0,1.0,0.333
2020-21,Gordon Hayward,202330,-4,37.0,34.0,4.0,0.6
2020-21,Gordon Hayward,202330,-3,38.0,39.0,1.0,0.6
2020-21,Gordon Hayward,202330,-2,35.333333333333336,15.666666666666666,8.0,0.457
2020-21,Gordon Hayward,202330,-1,34.0,20.0,4.0,0.412
2020-21,Gordon Hayward,202330,0,38.0,24.5,3.5,0.5505
2020-21,Gordon Hayward,202330,1,36.0,20.25,3.75,0.47124999999999995
2020-21,Gordon Hayward,202330,3,37.0,19.5,4.5,0.4515
2020-21,Gordon Hayward,202330,4,38.0,17.0,3.0,0.267
2020-21,Gordon Hayward,202330,6,36.0,20.0,4.0,0.369
2020-21,Gordon Hayward,202330,8,33.5,16.5,6.0,0.362
2020-21,Gordon Hayward,202330,10,39.0,44.0,2.0,0.6
2020-21,Gordon Hayward,202330,12,32.0,19.0,4.0,0.364
2020-21,Gordon Hayward,202330,13,36.0,27.0,6.0,0.474
2020-21,Gordon Hayward,202330,18,41.0,19.0,3.0,0.571
2020-21,Gordon Hayward,202330,20,26.0,9.0,5.0,0.571
2020-21,Gordon Hayward,202330,25,34.0,34.0,3.0,0.647
2020-21,Gordon Hayward,202330,27,30.0,25.0,3.0,0.5
2020-21,Gordon Hayward,202330,30,31.0,23.0,9.0,0.556
2020-21,Gorgui Dieng,203476,-19,23.5,16.5,1.5,0.6035
2020-21,Gorgui Dieng,203476,-13,21.0,8.0,2.0,1.0
2020-21,Gorgui Dieng,203476,-6,23.0,17.0,2.0,0.6
2020-21,Gorgui Dieng,203476,-2,22.0,14.0,1.0,0.556
2020-21,Gorgui Dieng,203476,2,25.0,5.0,1.0,0.25
2020-21,Gorgui Dieng,203476,3,20.0,5.0,4.0,0.333
2020-21,Gorgui Dieng,203476,8,21.0,13.0,1.0,0.75
2020-21,Gorgui Dieng,203476,10,20.0,5.0,3.0,0.667
2020-21,Gorgui Dieng,203476,13,27.0,17.0,2.3333333333333335,0.7346666666666666
2020-21,Gorgui Dieng,203476,20,23.0,8.0,1.0,0.4
2020-21,Grant Williams,1629684,-23,20.0,0.0,1.0,0.0
2020-21,Grant Williams,1629684,-18,24.5,8.0,1.5,0.4125
2020-21,Grant Williams,1629684,-13,27.0,15.0,0.0,1.0
2020-21,Grant Williams,1629684,-10,23.0,10.0,3.0,0.5
2020-21,Grant Williams,1629684,-9,22.0,5.0,0.0,0.167
2020-21,Grant Williams,1629684,-8,27.0,9.0,1.0,0.5
2020-21,Grant Williams,1629684,-7,24.0,1.0,1.0,0.0
2020-21,Grant Williams,1629684,-4,22.0,3.0,1.0,0.25
2020-21,Grant Williams,1629684,-2,31.0,7.0,3.0,1.0
2020-21,Grant Williams,1629684,0,22.0,4.0,3.0,0.333
2020-21,Grant Williams,1629684,1,22.0,3.0,0.5,0.25
2020-21,Grant Williams,1629684,3,28.0,8.0,1.0,0.4286666666666667
2020-21,Grant Williams,1629684,4,22.0,5.0,0.0,0.167
2020-21,Grant Williams,1629684,7,21.0,17.0,0.0,0.778
2020-21,Grant Williams,1629684,8,25.5,2.5,1.0,0.143
2020-21,Grant Williams,1629684,9,25.0,0.0,1.0,0.0
2020-21,Grant Williams,1629684,14,24.0,2.0,1.0,0.333
2020-21,Grant Williams,1629684,28,23.0,14.0,0.0,0.556
2020-21,Grayson Allen,1628960,-23,23.0,9.0,3.0,0.286
2020-21,Grayson Allen,1628960,-17,24.5,6.0,0.5,0.199
2020-21,Grayson Allen,1628960,-15,23.0,8.0,3.0,0.4585
2020-21,Grayson Allen,1628960,-13,20.0,12.0,1.0,0.5
2020-21,Grayson Allen,1628960,-12,24.0,11.5,3.5,0.4645
2020-21,Grayson Allen,1628960,-8,25.0,8.0,0.0,0.429
2020-21,Grayson Allen,1628960,-7,29.0,10.0,2.0,0.333
2020-21,Grayson Allen,1628960,-6,21.0,6.0,3.0,0.3575
2020-21,Grayson Allen,1628960,-5,34.0,23.0,2.0,0.538
2020-21,Grayson Allen,1628960,-3,28.333333333333332,7.0,2.6666666666666665,0.32166666666666666
2020-21,Grayson Allen,1628960,-2,21.0,15.0,1.0,0.714
2020-21,Grayson Allen,1628960,-1,31.5,20.0,1.0,0.5385
2020-21,Grayson Allen,1628960,0,35.333333333333336,20.0,2.0,0.4793333333333334
2020-21,Grayson Allen,1628960,1,27.5,10.0,2.5,0.242
2020-21,Grayson Allen,1628960,5,31.0,10.0,3.0,0.571
2020-21,Grayson Allen,1628960,6,26.0,12.0,4.0,0.333
2020-21,Grayson Allen,1628960,7,29.5,18.5,2.0,0.5125
2020-21,Grayson Allen,1628960,8,21.5,9.0,0.5,0.381
2020-21,Grayson Allen,1628960,9,24.333333333333332,6.666666666666667,3.3333333333333335,0.3333333333333333
2020-21,Grayson Allen,1628960,10,32.0,6.0,2.0,0.222
2020-21,Grayson Allen,1628960,12,26.0,16.0,3.0,0.5
2020-21,Grayson Allen,1628960,13,26.0,20.0,2.0,0.571
2020-21,Grayson Allen,1628960,16,26.0,17.5,2.0,0.4785
2020-21,Grayson Allen,1628960,20,30.0,17.0,4.5,0.403
2020-21,Hamidou Diallo,1628977,-36,24.0,14.0,1.0,0.417
2020-21,Hamidou Diallo,1628977,-16,22.0,18.0,2.0,0.444
2020-21,Hamidou Diallo,1628977,-14,21.0,16.0,2.0,0.556
2020-21,Hamidou Diallo,1628977,-13,30.0,15.0,2.0,0.5
2020-21,Hamidou Diallo,1628977,-10,20.0,2.5,1.0,0.125
2020-21,Hamidou Diallo,1628977,-8,28.0,10.0,1.0,0.5
2020-21,Hamidou Diallo,1628977,-7,20.0,9.0,1.0,0.667
2020-21,Hamidou Diallo,1628977,-6,36.0,16.0,2.0,0.4
2020-21,Hamidou Diallo,1628977,-4,40.0,35.0,0.0,0.636
2020-21,Hamidou Diallo,1628977,-3,27.5,13.5,3.0,0.472
2020-21,Hamidou Diallo,1628977,-2,26.0,16.0,1.0,0.5
2020-21,Hamidou Diallo,1628977,-1,28.0,16.0,4.333333333333333,0.668
2020-21,Hamidou Diallo,1628977,0,28.5,11.0,2.0,0.372
2020-21,Hamidou Diallo,1628977,2,31.0,10.0,3.0,0.4
2020-21,Hamidou Diallo,1628977,3,30.5,16.0,2.5,0.481
2020-21,Hamidou Diallo,1628977,4,20.0,4.0,1.0,0.2
2020-21,Hamidou Diallo,1628977,5,40.0,20.0,2.0,0.471
2020-21,Hamidou Diallo,1628977,8,29.0,13.0,3.5,0.505
2020-21,Hamidou Diallo,1628977,14,21.0,14.0,1.0,0.545
2020-21,Hamidou Diallo,1628977,15,23.0,11.0,4.0,0.5
2020-21,Hamidou Diallo,1628977,17,25.0,22.0,3.5,0.657
2020-21,Hamidou Diallo,1628977,18,29.0,23.0,2.0,0.615
2020-21,Hamidou Diallo,1628977,20,25.0,15.0,2.0,1.0
2020-21,Harrison Barnes,203084,-25,28.0,4.0,1.0,0.25
2020-21,Harrison Barnes,203084,-24,33.0,14.0,4.0,0.333
2020-21,Harrison Barnes,203084,-22,32.0,12.0,5.0,0.714
2020-21,Harrison Barnes,203084,-19,32.0,13.0,4.0,0.444
2020-21,Harrison Barnes,203084,-18,33.0,8.0,3.5,0.375
2020-21,Harrison Barnes,203084,-16,29.0,18.0,1.0,0.417
2020-21,Harrison Barnes,203084,-15,29.666666666666668,12.0,3.3333333333333335,0.5833333333333334
2020-21,Harrison Barnes,203084,-14,39.0,14.0,3.0,0.556
2020-21,Harrison Barnes,203084,-12,35.666666666666664,14.0,1.3333333333333333,0.442
2020-21,Harrison Barnes,203084,-9,36.5,20.5,2.5,0.5605
2020-21,Harrison Barnes,203084,-8,37.0,26.0,5.0,0.9
2020-21,Harrison Barnes,203084,-7,38.75,13.75,3.25,0.4235
2020-21,Harrison Barnes,203084,-6,38.0,20.0,5.0,0.545
2020-21,Harrison Barnes,203084,-5,35.0,18.0,5.0,0.5
2020-21,Harrison Barnes,203084,-4,36.5,12.0,2.5,0.5
2020-21,Harrison Barnes,203084,-3,36.333333333333336,18.666666666666668,2.6666666666666665,0.5156666666666666
2020-21,Harrison Barnes,203084,-2,38.0,20.0,6.0,0.462
2020-21,Harrison Barnes,203084,-1,37.0,17.0,2.0,0.5
2020-21,Harrison Barnes,203084,0,36.5,13.5,2.5,0.4165
2020-21,Harrison Barnes,203084,1,34.0,12.5,2.0,0.5355
2020-21,Harrison Barnes,203084,2,34.0,11.0,2.0,0.357
2020-21,Harrison Barnes,203084,3,41.0,21.0,5.0,0.533
2020-21,Harrison Barnes,203084,4,33.0,13.0,8.0,0.313
2020-21,Harrison Barnes,203084,5,38.0,22.0,7.0,0.5
2020-21,Harrison Barnes,203084,6,34.25,21.5,4.75,0.593
2020-21,Harrison Barnes,203084,8,41.0,7.0,4.0,0.25
2020-21,Harrison Barnes,203084,9,37.333333333333336,27.333333333333332,4.0,0.5836666666666667
2020-21,Harrison Barnes,203084,10,41.0,28.0,6.0,0.714
2020-21,Harrison Barnes,203084,11,41.0,9.0,3.0,0.286
2020-21,Harrison Barnes,203084,12,38.0,15.0,3.0,0.5
2020-21,Harrison Barnes,203084,13,37.0,14.666666666666666,1.6666666666666667,0.438
2020-21,Harrison Barnes,203084,14,36.0,21.0,5.5,0.556
2020-21,Harrison Barnes,203084,18,36.0,24.0,1.0,0.643
2020-21,Harrison Barnes,203084,19,41.0,9.0,8.0,0.4
2020-21,Harrison Barnes,203084,26,36.0,2.0,5.0,0.1
2020-21,Harrison Barnes,203084,27,31.0,20.0,0.0,0.533
2020-21,Harry Giles III,1628385,-5,20.0,6.0,2.0,0.4
2020-21,Hassan Whiteside,202355,-7,23.0,11.0,2.0,0.625
2020-21,Hassan Whiteside,202355,-4,23.0,12.0,0.0,0.667
2020-21,Hassan Whiteside,202355,-1,22.0,12.0,2.0,0.625
2020-21,Hassan Whiteside,202355,0,23.0,26.0,1.0,0.8
2020-21,Hassan Whiteside,202355,2,23.0,11.0,2.0,0.429
2020-21,Henry Ellenson,1627740,-10,20.0,6.0,2.0,0.2
2020-21,Ignas Brazdeikis,1629649,-18,35.0,16.0,3.0,0.636
2020-21,Ignas Brazdeikis,1629649,-16,30.0,7.0,1.0,0.333
2020-21,Ignas Brazdeikis,1629649,-11,25.5,13.0,1.0,0.475
2020-21,Ignas Brazdeikis,1629649,3,30.0,9.0,3.0,0.3095
2020-21,Ignas Brazdeikis,1629649,5,24.0,8.0,3.0,0.273
2020-21,Ignas Brazdeikis,1629649,18,31.0,14.0,1.0,0.625
2020-21,Immanuel Quickley,1630193,-19,21.0,9.0,1.0,0.083
2020-21,Immanuel Quickley,1630193,-13,29.0,26.0,4.0,0.381
2020-21,Immanuel Quickley,1630193,-12,23.0,15.0,0.0,0.3
2020-21,Immanuel Quickley,1630193,-10,22.0,19.0,3.0,0.467
2020-21,Immanuel Quickley,1630193,-9,33.0,21.0,2.0,0.316
2020-21,Immanuel Quickley,1630193,-8,26.5,19.0,3.0,0.554
2020-21,Immanuel Quickley,1630193,-7,24.0,18.0,0.0,0.5
2020-21,Immanuel Quickley,1630193,-5,22.0,6.0,1.0,0.091
2020-21,Immanuel Quickley,1630193,-4,21.0,11.0,4.0,0.571
2020-21,Immanuel Quickley,1630193,-3,26.0,11.0,3.5,0.3035
2020-21,Immanuel Quickley,1630193,-2,28.0,3.0,3.0,0.1
2020-21,Immanuel Quickley,1630193,1,26.0,13.0,5.0,0.286
2020-21,Immanuel Quickley,1630193,2,24.5,20.5,2.0,0.4165
2020-21,Immanuel Quickley,1630193,7,21.0,7.0,3.0,0.222
2020-21,Immanuel Quickley,1630193,8,21.0,16.0,5.0,0.364
2020-21,Immanuel Quickley,1630193,10,20.0,6.0,2.0,0.4
2020-21,Immanuel Quickley,1630193,11,27.0,23.0,4.0,0.529
2020-21,Immanuel Quickley,1630193,14,25.0,16.0,3.0,0.385
2020-21,Immanuel Quickley,1630193,15,21.0,19.0,3.5,0.528
2020-21,Immanuel Quickley,1630193,16,27.0,18.5,2.5,0.44799999999999995
2020-21,Immanuel Quickley,1630193,17,21.0,22.0,2.0,0.778
2020-21,Immanuel Quickley,1630193,18,23.0,13.0,1.0,0.5
2020-21,Immanuel Quickley,1630193,19,27.0,22.5,2.5,0.556
2020-21,Immanuel Quickley,1630193,20,21.0,17.0,8.0,0.583
2020-21,Immanuel Quickley,1630193,24,21.0,8.0,3.0,0.2
2020-21,Immanuel Quickley,1630193,29,29.0,20.0,4.0,0.636
2020-21,Isaac Bonga,1629067,-13,32.0,7.0,1.0,0.3
2020-21,Isaac Bonga,1629067,-10,28.0,5.0,1.0,0.2
2020-21,Isaac Bonga,1629067,-9,25.0,0.0,0.0,0.0
2020-21,Isaac Bonga,1629067,-2,20.0,10.0,2.0,0.8
2020-21,Isaac Bonga,1629067,13,21.0,2.0,1.0,0.25
2020-21,Isaac Okoro,1630171,-39,29.0,6.0,0.0,0.167
2020-21,Isaac Okoro,1630171,-28,35.0,11.0,3.0,0.308
2020-21,Isaac Okoro,1630171,-27,28.0,2.0,1.0,0.125
2020-21,Isaac Okoro,1630171,-24,27.0,3.5,0.0,0.1555
2020-21,Isaac Okoro,1630171,-23,29.0,10.0,2.0,0.417
2020-21,Isaac Okoro,1630171,-22,33.5,11.0,0.5,0.2985
2020-21,Isaac Okoro,1630171,-21,24.0,6.0,1.0,0.375
2020-21,Isaac Okoro,1630171,-20,27.0,6.5,1.5,0.2145
2020-21,Isaac Okoro,1630171,-19,47.0,32.0,6.0,0.625
2020-21,Isaac Okoro,1630171,-18,31.5,11.5,0.0,0.5235
2020-21,Isaac Okoro,1630171,-17,32.0,20.0,0.0,0.5
2020-21,Isaac Okoro,1630171,-14,37.0,7.5,2.5,0.2775
2020-21,Isaac Okoro,1630171,-13,33.333333333333336,10.666666666666666,1.0,0.48500000000000004
2020-21,Isaac Okoro,1630171,-12,23.5,3.0,2.0,0.1875
2020-21,Isaac Okoro,1630171,-11,34.25,10.75,0.5,0.4
2020-21,Isaac Okoro,1630171,-10,35.0,12.0,2.3333333333333335,0.29200000000000004
2020-21,Isaac Okoro,1630171,-9,27.0,0.0,1.0,0.0
2020-21,Isaac Okoro,1630171,-8,31.25,11.0,1.25,0.45475
2020-21,Isaac Okoro,1630171,-7,25.0,6.0,2.0,0.667
2020-21,Isaac Okoro,1630171,-6,34.0,10.5,2.0,0.607
2020-21,Isaac Okoro,1630171,-5,31.5,12.5,2.0,0.381
2020-21,Isaac Okoro,1630171,-4,31.0,6.0,2.5,0.5835
2020-21,Isaac Okoro,1630171,-3,29.0,19.0,3.0,0.6
2020-21,Isaac Okoro,1630171,-1,33.666666666666664,11.0,2.3333333333333335,0.6
2020-21,Isaac Okoro,1630171,0,26.0,2.0,3.0,0.333
2020-21,Isaac Okoro,1630171,1,38.0,13.5,5.5,0.484
2020-21,Isaac Okoro,1630171,2,31.666666666666668,6.333333333333333,2.3333333333333335,0.4166666666666667
2020-21,Isaac Okoro,1630171,3,33.0,6.0,2.0,0.375
2020-21,Isaac Okoro,1630171,4,32.0,13.0,4.0,0.6
2020-21,Isaac Okoro,1630171,5,38.5,14.0,5.0,0.4645
2020-21,Isaac Okoro,1630171,7,29.5,10.5,2.5,0.7335
2020-21,Isaac Okoro,1630171,8,30.0,8.0,5.0,0.5
2020-21,Isaac Okoro,1630171,9,33.0,11.5,1.5,0.55
2020-21,Isaac Okoro,1630171,10,29.0,12.0,2.0,0.714
2020-21,Isaac Okoro,1630171,14,32.0,4.0,1.0,0.5
2020-21,Isaac Okoro,1630171,16,34.5,5.5,0.5,0.3335
2020-21,Isaac Okoro,1630171,19,30.0,6.5,1.5,0.347
2020-21,Isaac Okoro,1630171,24,35.0,15.0,2.0,0.462
2020-21,Isaiah Hartenstein,1628392,-18,26.0,5.0,7.0,0.25
2020-21,Isaiah Hartenstein,1628392,-2,21.0,10.0,1.0,0.571
2020-21,Isaiah Hartenstein,1628392,1,25.0,12.0,6.0,0.667
2020-21,Isaiah Hartenstein,1628392,9,27.0,16.0,3.0,0.875
2020-21,Isaiah Hartenstein,1628392,12,26.0,8.0,6.0,0.75
2020-21,Isaiah Joe,1630198,-14,44.0,13.0,2.0,0.222
2020-21,Isaiah Joe,1630198,-2,33.0,17.0,2.0,0.333
2020-21,Isaiah Joe,1630198,4,27.0,18.0,4.0,0.667
2020-21,Isaiah Joe,1630198,6,37.0,13.0,1.0,0.4
2020-21,Isaiah Roby,1629676,-50,23.0,5.0,1.0,0.5
2020-21,Isaiah Roby,1629676,-39,22.0,2.0,2.0,0.125
2020-21,Isaiah Roby,1629676,-27,22.0,2.0,2.0,0.167
2020-21,Isaiah Roby,1629676,-26,31.0,11.0,2.0,0.444
2020-21,Isaiah Roby,1629676,-25,24.0,8.0,1.0,0.6
2020-21,Isaiah Roby,1629676,-23,22.0,2.0,0.0,0.5
2020-21,Isaiah Roby,1629676,-21,28.0,9.0,4.0,0.667
2020-21,Isaiah Roby,1629676,-20,24.0,3.0,2.0,0.2
2020-21,Isaiah Roby,1629676,-18,24.0,8.0,1.5,0.354
2020-21,Isaiah Roby,1629676,-16,23.0,5.0,2.0,0.25
2020-21,Isaiah Roby,1629676,-15,21.0,9.0,2.0,0.361
2020-21,Isaiah Roby,1629676,-14,25.0,9.0,2.5,0.35850000000000004
2020-21,Isaiah Roby,1629676,-13,28.0,19.0,0.0,0.75
2020-21,Isaiah Roby,1629676,-10,25.0,8.333333333333334,1.6666666666666667,0.4583333333333333
2020-21,Isaiah Roby,1629676,-9,29.0,11.5,3.5,0.46399999999999997
2020-21,Isaiah Roby,1629676,-7,25.0,8.5,1.5,0.5665
2020-21,Isaiah Roby,1629676,-6,23.0,10.0,4.0,0.444
2020-21,Isaiah Roby,1629676,-5,27.25,8.0,2.0,0.4865
2020-21,Isaiah Roby,1629676,-4,30.5,17.0,1.5,0.41300000000000003
2020-21,Isaiah Roby,1629676,-3,27.0,4.0,1.0,0.2
2020-21,Isaiah Roby,1629676,-2,28.0,18.0,2.0,0.5
2020-21,Isaiah Roby,1629676,0,32.0,17.0,3.0,0.583
2020-21,Isaiah Roby,1629676,1,33.0,10.0,1.0,0.75
2020-21,Isaiah Roby,1629676,2,27.0,15.0,7.0,0.5
2020-21,Isaiah Roby,1629676,3,28.333333333333332,11.0,2.6666666666666665,0.5556666666666666
2020-21,Isaiah Roby,1629676,4,27.0,13.5,1.5,0.6425
2020-21,Isaiah Roby,1629676,5,21.0,5.0,1.0,0.222
2020-21,Isaiah Roby,1629676,6,24.666666666666668,8.666666666666666,2.0,0.6153333333333334
2020-21,Isaiah Roby,1629676,8,20.0,11.0,3.0,0.667
2020-21,Isaiah Roby,1629676,18,20.0,6.0,3.0,0.333
2020-21,Isaiah Stewart,1630191,-32,26.0,4.0,0.0,0.286
2020-21,Isaiah Stewart,1630191,-17,20.0,4.0,0.0,0.2
2020-21,Isaiah Stewart,1630191,-15,32.0,11.0,2.0,0.417
2020-21,Isaiah Stewart,1630191,-13,21.5,10.5,0.5,0.729
2020-21,Isaiah Stewart,1630191,-11,31.0,10.0,1.0,0.4
2020-21,Isaiah Stewart,1630191,-10,23.0,10.0,1.0,0.833
2020-21,Isaiah Stewart,1630191,-9,23.333333333333332,11.666666666666666,1.0,0.7120000000000001
2020-21,Isaiah Stewart,1630191,-8,26.0,15.0,0.5,0.6214999999999999
2020-21,Isaiah Stewart,1630191,-7,20.0,9.0,0.0,0.333
2020-21,Isaiah Stewart,1630191,-6,31.0,17.0,1.0,0.889
2020-21,Isaiah Stewart,1630191,-5,32.0,19.0,3.0,0.538
2020-21,Isaiah Stewart,1630191,-3,25.0,8.5,1.0,0.53325
2020-21,Isaiah Stewart,1630191,-2,20.0,4.0,1.0,0.667
2020-21,Isaiah Stewart,1630191,-1,23.0,8.5,2.0,0.8125
2020-21,Isaiah Stewart,1630191,0,26.5,3.5,0.0,0.4335
2020-21,Isaiah Stewart,1630191,3,21.5,9.0,0.5,0.5780000000000001
2020-21,Isaiah Stewart,1630191,4,21.0,12.0,0.0,0.857
2020-21,Isaiah Stewart,1630191,5,23.0,4.666666666666667,0.6666666666666666,0.4443333333333333
2020-21,Isaiah Stewart,1630191,8,26.5,12.0,2.0,0.5665
2020-21,Isaiah Stewart,1630191,10,24.666666666666668,11.0,0.6666666666666666,0.5653333333333334
2020-21,Isaiah Stewart,1630191,14,29.0,14.0,3.0,0.714
2020-21,Isaiah Stewart,1630191,19,21.0,6.0,2.0,1.0
2020-21,Isaiah Stewart,1630191,20,31.0,16.5,1.5,0.625
2020-21,Isaiah Thomas,202738,7,25.0,10.0,2.0,0.308
2020-21,Ish Smith,202397,-21,22.0,7.0,3.0,0.286
2020-21,Ish Smith,202397,-17,22.0,5.0,2.0,0.167
2020-21,Ish Smith,202397,-12,24.5,7.0,4.5,0.3885
2020-21,Ish Smith,202397,-10,21.0,7.0,2.0,0.3515
2020-21,Ish Smith,202397,-9,26.0,6.0,5.0,0.5555
2020-21,Ish Smith,202397,-5,22.0,2.0,1.0,0.0
2020-21,Ish Smith,202397,-3,23.0,6.0,2.0,0.375
2020-21,Ish Smith,202397,-2,22.0,12.0,2.0,0.625
2020-21,Ish Smith,202397,1,27.0,1.5,7.5,0.125
2020-21,Ish Smith,202397,3,24.0,11.0,4.5,0.506
2020-21,Ish Smith,202397,4,21.0,2.0,4.0,0.25
2020-21,Ish Smith,202397,5,25.5,9.0,6.0,0.432
2020-21,Ish Smith,202397,6,23.0,16.0,5.0,0.75
2020-21,Ish Smith,202397,13,27.5,8.5,5.0,0.4165
2020-21,Ish Smith,202397,15,32.0,14.0,7.0,0.636
2020-21,Ish Smith,202397,16,22.0,10.0,3.0,0.667
2020-21,Ish Smith,202397,18,20.0,5.0,9.0,0.333
2020-21,Ish Smith,202397,21,21.0,6.0,6.0,0.375
2020-21,Ish Smith,202397,24,23.0,13.0,7.0,0.667
2020-21,Ish Smith,202397,34,25.0,11.0,4.0,0.625
2020-21,Ivica Zubac,1627826,-18,24.0,12.0,1.0,0.714
2020-21,Ivica Zubac,1627826,-16,20.5,7.5,1.5,0.5835
2020-21,Ivica Zubac,1627826,-15,35.0,14.0,2.0,0.778
2020-21,Ivica Zubac,1627826,-10,21.0,6.0,1.0,0.5
2020-21,Ivica Zubac,1627826,-9,20.0,4.0,1.0,0.5
2020-21,Ivica Zubac,1627826,-8,22.5,10.0,2.0,0.764
2020-21,Ivica Zubac,1627826,-7,28.0,8.0,1.0,0.6
2020-21,Ivica Zubac,1627826,-6,27.666666666666668,11.666666666666666,0.6666666666666666,0.775
2020-21,Ivica Zubac,1627826,-4,20.0,13.0,1.0,0.857
2020-21,Ivica Zubac,1627826,-3,26.333333333333332,13.0,1.6666666666666667,0.7156666666666666
2020-21,Ivica Zubac,1627826,0,20.0,4.0,1.0,0.4
2020-21,Ivica Zubac,1627826,2,27.5,13.5,3.5,0.9165
2020-21,Ivica Zubac,1627826,3,21.0,9.0,1.0,1.0
2020-21,Ivica Zubac,1627826,4,24.25,10.25,1.0,0.47100000000000003
2020-21,Ivica Zubac,1627826,5,23.0,7.0,2.5,0.4665
2020-21,Ivica Zubac,1627826,8,32.0,18.0,3.0,0.545
2020-21,Ivica Zubac,1627826,9,34.0,15.0,1.0,0.875
2020-21,Ivica Zubac,1627826,10,27.0,10.0,2.0,0.556
2020-21,Ivica Zubac,1627826,11,21.0,8.5,1.0,0.7
2020-21,Ivica Zubac,1627826,12,23.666666666666668,6.666666666666667,2.6666666666666665,0.6153333333333334
2020-21,Ivica Zubac,1627826,13,29.0,10.0,0.0,0.273
2020-21,Ivica Zubac,1627826,14,28.0,22.0,1.0,0.818
2020-21,Ivica Zubac,1627826,15,35.0,8.0,1.0,0.75
2020-21,Ivica Zubac,1627826,16,27.0,14.0,0.0,1.0
2020-21,Ivica Zubac,1627826,17,26.0,11.0,1.0,0.8
2020-21,Ivica Zubac,1627826,20,27.0,12.5,1.0,0.75
2020-21,Ivica Zubac,1627826,21,30.0,8.0,3.0,0.667
2020-21,Ivica Zubac,1627826,22,30.0,18.0,3.0,0.667
2020-21,Ivica Zubac,1627826,23,31.0,6.0,1.0,0.6
2020-21,Ivica Zubac,1627826,26,23.0,10.0,0.0,0.667
2020-21,Ivica Zubac,1627826,27,32.0,14.0,2.0,1.0
2020-21,Ivica Zubac,1627826,37,22.0,13.0,1.0,0.714
2020-21,JJ Redick,200755,-27,24.0,8.0,0.0,0.143
2020-21,JJ Redick,200755,-22,25.0,12.0,0.0,0.364
2020-21,JJ Redick,200755,-2,32.0,3.0,1.0,0.111
2020-21,JJ Redick,200755,3,21.0,5.0,3.0,0.25
2020-21,JJ Redick,200755,5,28.0,12.0,3.0,0.364
2020-21,JJ Redick,200755,7,26.0,9.0,3.0,0.444
2020-21,JJ Redick,200755,10,28.0,23.0,1.0,0.571
2020-21,JJ Redick,200755,19,28.0,22.0,2.0,0.6
2020-21,Ja Morant,1629630,-32,28.0,15.0,4.0,0.4
2020-21,Ja Morant,1629630,-25,31.0,16.0,9.0,0.357
2020-21,Ja Morant,1629630,-24,28.0,10.0,5.0,0.2
2020-21,Ja Morant,1629630,-22,26.0,12.0,5.0,0.417
2020-21,Ja Morant,1629630,-17,26.0,12.0,4.0,0.333
2020-21,Ja Morant,1629630,-16,33.0,15.0,5.5,0.4165
2020-21,Ja Morant,1629630,-14,31.0,19.0,5.0,0.43300000000000005
2020-21,Ja Morant,1629630,-13,30.0,28.0,8.0,0.75
2020-21,Ja Morant,1629630,-11,32.75,20.25,7.0,0.4815
2020-21,Ja Morant,1629630,-10,36.0,21.0,5.333333333333333,0.47800000000000004
2020-21,Ja Morant,1629630,-9,36.0,18.0,9.0,0.294
2020-21,Ja Morant,1629630,-8,30.333333333333332,17.666666666666668,7.666666666666667,0.4176666666666667
2020-21,Ja Morant,1629630,-6,31.0,22.0,7.0,0.444
2020-21,Ja Morant,1629630,-4,35.0,22.0,10.0,0.389
2020-21,Ja Morant,1629630,-3,38.0,35.0,5.0,0.44
2020-21,Ja Morant,1629630,-2,33.0,28.0,7.0,0.476
2020-21,Ja Morant,1629630,-1,34.0,12.0,12.0,0.357
2020-21,Ja Morant,1629630,0,32.5,9.5,6.5,0.286
2020-21,Ja Morant,1629630,1,34.0,17.0,7.0,0.4366666666666667
2020-21,Ja Morant,1629630,2,35.0,13.0,6.0,0.333
2020-21,Ja Morant,1629630,4,35.5,34.5,10.0,0.629
2020-21,Ja Morant,1629630,5,34.0,15.0,12.0,0.286
2020-21,Ja Morant,1629630,6,32.0,19.5,6.5,0.48350000000000004
2020-21,Ja Morant,1629630,7,21.0,13.0,8.0,0.556
2020-21,Ja Morant,1629630,8,36.0,25.5,9.0,0.405
2020-21,Ja Morant,1629630,9,33.25,24.0,8.0,0.48975
2020-21,Ja Morant,1629630,10,35.0,44.0,9.0,0.667
2020-21,Ja Morant,1629630,11,32.666666666666664,23.666666666666668,8.0,0.5056666666666667
2020-21,Ja Morant,1629630,14,31.0,20.0,5.5,0.396
2020-21,Ja Morant,1629630,16,32.0,8.0,6.0,0.25
2020-21,Ja Morant,1629630,17,32.0,21.0,10.0,0.5
2020-21,Ja Morant,1629630,18,30.0,16.0,8.5,0.4445
2020-21,Ja Morant,1629630,20,34.0,15.5,6.5,0.522
2020-21,Ja Morant,1629630,21,33.0,35.0,10.0,0.611
2020-21,Ja Morant,1629630,23,33.0,14.0,10.5,0.393
2020-21,Ja Morant,1629630,25,38.0,12.0,8.0,0.417
2020-21,Ja Morant,1629630,29,28.0,8.0,10.0,0.375
2020-21,Ja Morant,1629630,30,26.0,6.0,7.0,0.25
2020-21,JaKarr Sampson,203960,-25,22.0,6.0,1.0,0.6
2020-21,JaKarr Sampson,203960,-18,20.0,8.0,0.0,0.667
2020-21,JaKarr Sampson,203960,-8,20.0,20.0,1.0,0.692
2020-21,JaKarr Sampson,203960,0,27.0,11.0,0.0,0.625
2020-21,JaKarr Sampson,203960,2,20.0,16.0,0.0,0.6
2020-21,JaKarr Sampson,203960,3,21.0,3.0,0.0,0.2
2020-21,JaMychal Green,203210,-12,25.5,10.0,0.0,0.4645
2020-21,JaMychal Green,203210,-9,21.0,11.0,1.0,0.7
2020-21,JaMychal Green,203210,-7,31.0,9.0,1.0,0.25
2020-21,JaMychal Green,203210,-3,22.666666666666668,13.0,1.0,0.623
2020-21,JaMychal Green,203210,-2,20.0,9.0,0.0,0.5
2020-21,JaMychal Green,203210,2,22.0,9.0,1.0,0.429
2020-21,JaMychal Green,203210,4,22.75,5.75,2.25,0.27049999999999996
2020-21,JaMychal Green,203210,5,20.0,2.0,3.0,0.143
2020-21,JaMychal Green,203210,8,29.0,9.0,2.0,0.75
2020-21,JaMychal Green,203210,9,20.0,10.0,0.0,0.8
2020-21,JaMychal Green,203210,10,21.5,12.5,1.0,0.49250000000000005
2020-21,JaMychal Green,203210,11,23.0,9.0,1.0,0.571
2020-21,JaMychal Green,203210,12,28.0,15.0,0.0,0.5
2020-21,JaMychal Green,203210,14,27.0,14.0,3.0,0.5
2020-21,JaMychal Green,203210,15,22.0,14.5,1.5,0.625
2020-21,JaMychal Green,203210,19,21.0,15.0,2.0,0.667
2020-21,JaMychal Green,203210,24,22.0,10.0,1.0,0.8
2020-21,JaVale McGee,201580,-10,20.0,8.0,3.0,0.5
2020-21,JaVale McGee,201580,-5,21.0,16.0,1.0,0.8
2020-21,JaVale McGee,201580,0,24.0,12.0,0.0,0.5
2020-21,JaVale McGee,201580,13,24.0,14.0,4.0,0.545
2020-21,Jabari Parker,203953,8,26.0,18.0,2.0,0.6
2020-21,Jaden McDaniels,1630183,-26,26.0,5.0,2.0,0.34299999999999997
2020-21,Jaden McDaniels,1630183,-21,32.0,4.0,0.0,0.5
2020-21,Jaden McDaniels,1630183,-20,22.0,4.0,0.0,0.222
2020-21,Jaden McDaniels,1630183,-17,43.0,11.0,1.0,0.417
2020-21,Jaden McDaniels,1630183,-14,21.0,4.0,2.0,0.25
2020-21,Jaden McDaniels,1630183,-13,23.666666666666668,8.0,0.0,0.514
2020-21,Jaden McDaniels,1630183,-12,20.5,4.5,2.0,0.5
2020-21,Jaden McDaniels,1630183,-11,28.0,9.0,1.0,0.5
2020-21,Jaden McDaniels,1630183,-10,25.0,5.0,0.0,0.5
2020-21,Jaden McDaniels,1630183,-7,29.0,10.666666666666666,1.3333333333333333,0.5333333333333333
2020-21,Jaden McDaniels,1630183,-3,29.0,4.0,1.0,0.143
2020-21,Jaden McDaniels,1630183,-2,21.0,5.0,1.0,1.0
2020-21,Jaden McDaniels,1630183,-1,32.333333333333336,10.0,2.0,0.4096666666666667
2020-21,Jaden McDaniels,1630183,0,37.0,11.0,1.0,0.4
2020-21,Jaden McDaniels,1630183,1,21.0,6.0,0.0,0.286
2020-21,Jaden McDaniels,1630183,2,27.0,8.5,1.0,0.5
2020-21,Jaden McDaniels,1630183,3,33.0,10.0,2.3333333333333335,0.49466666666666664
2020-21,Jaden McDaniels,1630183,4,30.0,3.5,1.5,0.111
2020-21,Jaden McDaniels,1630183,5,20.0,3.0,1.0,0.333
2020-21,Jaden McDaniels,1630183,6,23.0,6.333333333333333,1.6666666666666667,0.39066666666666666
2020-21,Jaden McDaniels,1630183,8,28.0,7.5,1.0,0.475
2020-21,Jaden McDaniels,1630183,9,34.5,16.0,1.5,0.769
2020-21,Jaden McDaniels,1630183,10,34.0,5.0,0.0,0.5
2020-21,Jaden McDaniels,1630183,11,28.0,8.0,0.0,0.364
2020-21,Jaden McDaniels,1630183,15,32.0,19.0,2.0,0.615
2020-21,Jaden McDaniels,1630183,19,26.0,12.0,1.0,0.556
2020-21,Jaden McDaniels,1630183,20,28.0,0.0,1.0,0.0
2020-21,Jaden McDaniels,1630183,22,25.0,20.0,1.0,0.889
2020-21,Jae Crowder,203109,-13,30.0,2.0,2.0,0.2
2020-21,Jae Crowder,203109,-12,25.0,4.0,4.0,0.167
2020-21,Jae Crowder,203109,-11,29.0,4.0,4.0,0.2
2020-21,Jae Crowder,203109,-9,22.0,6.0,1.0,0.25
2020-21,Jae Crowder,203109,-8,29.5,7.5,3.5,0.231
2020-21,Jae Crowder,203109,-7,32.0,17.0,4.0,0.313
2020-21,Jae Crowder,203109,-5,30.5,13.0,2.0,0.4665
2020-21,Jae Crowder,203109,-4,27.333333333333332,7.0,1.6666666666666667,0.35200000000000004
2020-21,Jae Crowder,203109,-2,36.333333333333336,15.333333333333334,1.3333333333333333,0.523
2020-21,Jae Crowder,203109,-1,28.833333333333332,10.5,2.8333333333333335,0.39666666666666667
2020-21,Jae Crowder,203109,0,27.333333333333332,10.333333333333334,2.6666666666666665,0.39033333333333337
2020-21,Jae Crowder,203109,1,29.5,7.5,2.5,0.1875
2020-21,Jae Crowder,203109,2,27.666666666666668,9.666666666666666,1.3333333333333333,0.5693333333333334
2020-21,Jae Crowder,203109,3,26.0,11.0,1.0,0.308
2020-21,Jae Crowder,203109,4,44.0,21.0,3.0,0.4
2020-21,Jae Crowder,203109,6,27.0,11.0,3.0,0.5
2020-21,Jae Crowder,203109,7,28.0,8.25,2.5,0.304
2020-21,Jae Crowder,203109,9,26.5,18.0,2.0,0.5835
2020-21,Jae Crowder,203109,10,29.333333333333332,17.0,1.6666666666666667,0.5736666666666667
2020-21,Jae Crowder,203109,12,21.0,8.0,3.0,0.44299999999999995
2020-21,Jae Crowder,203109,15,24.0,17.5,1.0,0.4545
2020-21,Jae Crowder,203109,16,32.0,8.0,1.0,0.75
2020-21,Jae Crowder,203109,19,23.5,8.0,0.75,0.39275
2020-21,Jae Crowder,203109,20,28.0,16.0,3.0,0.5
2020-21,Jae Crowder,203109,22,30.0,11.0,2.0,0.4
2020-21,Jae Crowder,203109,29,28.0,20.0,3.0,0.778
2020-21,Jae'Sean Tate,1630256,-30,30.0,14.0,3.0,0.5
2020-21,Jae'Sean Tate,1630256,-25,24.0,14.0,0.0,0.667
2020-21,Jae'Sean Tate,1630256,-24,26.0,8.0,3.5,0.29100000000000004
2020-21,Jae'Sean Tate,1630256,-22,28.5,10.5,1.5,0.47000000000000003
2020-21,Jae'Sean Tate,1630256,-20,31.0,6.5,0.0,0.303
2020-21,Jae'Sean Tate,1630256,-19,34.0,8.0,3.0,0.211
2020-21,Jae'Sean Tate,1630256,-18,22.5,8.5,2.5,0.5
2020-21,Jae'Sean Tate,1630256,-17,30.0,12.5,1.5,0.5845
2020-21,Jae'Sean Tate,1630256,-15,28.0,13.0,3.5,0.5125
2020-21,Jae'Sean Tate,1630256,-12,26.5,9.5,1.0,0.5
2020-21,Jae'Sean Tate,1630256,-11,27.5,11.75,2.25,0.5495
2020-21,Jae'Sean Tate,1630256,-10,31.0,18.0,5.0,0.583
2020-21,Jae'Sean Tate,1630256,-8,32.0,21.0,1.0,0.5
2020-21,Jae'Sean Tate,1630256,-7,30.0,15.333333333333334,2.3333333333333335,0.5246666666666666
2020-21,Jae'Sean Tate,1630256,-6,30.333333333333332,6.0,3.3333333333333335,0.27299999999999996
2020-21,Jae'Sean Tate,1630256,-5,21.0,7.0,5.0,0.429
2020-21,Jae'Sean Tate,1630256,-4,25.5,10.25,3.25,0.453
2020-21,Jae'Sean Tate,1630256,-3,26.5,10.5,4.25,0.50575
2020-21,Jae'Sean Tate,1630256,-2,36.0,13.0,2.0,0.6034999999999999
2020-21,Jae'Sean Tate,1630256,-1,39.0,18.0,4.0,0.667
2020-21,Jae'Sean Tate,1630256,0,40.0,20.0,4.0,0.75
2020-21,Jae'Sean Tate,1630256,1,31.0,12.666666666666666,4.0,0.5786666666666667
2020-21,Jae'Sean Tate,1630256,2,25.0,9.0,0.0,0.444
2020-21,Jae'Sean Tate,1630256,5,27.333333333333332,9.0,1.3333333333333333,0.5569999999999999
2020-21,Jae'Sean Tate,1630256,6,32.0,13.0,1.0,0.625
2020-21,Jae'Sean Tate,1630256,7,27.666666666666668,12.0,2.3333333333333335,0.4746666666666666
2020-21,Jae'Sean Tate,1630256,8,28.0,3.0,0.0,0.167
2020-21,Jae'Sean Tate,1630256,9,35.0,11.0,5.0,0.667
2020-21,Jae'Sean Tate,1630256,10,33.0,8.0,0.0,0.333
2020-21,Jae'Sean Tate,1630256,11,32.0,8.0,3.0,0.429
2020-21,Jae'Sean Tate,1630256,14,37.0,13.0,2.0,0.556
2020-21,Jae'Sean Tate,1630256,15,29.5,10.5,1.0,0.5895
2020-21,Jae'Sean Tate,1630256,17,27.5,14.5,6.0,0.55
2020-21,Jae'Sean Tate,1630256,21,32.0,10.0,3.0,0.5
2020-21,Jae'Sean Tate,1630256,24,40.0,22.0,5.0,0.889
2020-21,Jae'Sean Tate,1630256,25,22.0,11.0,4.0,0.833
2020-21,Jae'Sean Tate,1630256,30,31.0,19.0,2.0,0.778
2020-21,Jahlil Okafor,1626143,-8,24.0,7.0,0.0,0.6
2020-21,Jahlil Okafor,1626143,-3,21.0,12.0,0.0,1.0
2020-21,Jahlil Okafor,1626143,2,21.0,13.0,0.0,0.556
2020-21,Jahmi'us Ramsey,1630186,1,21.0,12.0,1.0,0.556
2020-21,Jahmi'us Ramsey,1630186,6,29.0,10.0,2.0,0.25
2020-21,Jake Layman,1627774,-21,25.0,14.0,1.0,0.714
2020-21,Jake Layman,1627774,-9,30.0,11.0,4.0,0.625
2020-21,Jake Layman,1627774,-8,22.5,11.0,1.5,0.5835
2020-21,Jake Layman,1627774,-2,25.0,2.5,2.5,0.35
2020-21,Jake Layman,1627774,5,21.0,6.0,0.0,0.5
2020-21,Jake Layman,1627774,10,20.0,5.0,1.0,0.5
2020-21,Jake Layman,1627774,11,23.0,12.0,0.0,0.571
2020-21,Jakob Poeltl,1627751,-26,24.0,7.0,2.0,0.429
2020-21,Jakob Poeltl,1627751,-20,24.0,11.0,4.0,0.625
2020-21,Jakob Poeltl,1627751,-17,36.5,16.0,1.5,0.7204999999999999
2020-21,Jakob Poeltl,1627751,-16,27.0,6.0,0.0,0.5
2020-21,Jakob Poeltl,1627751,-15,35.0,7.0,3.0,0.429
2020-21,Jakob Poeltl,1627751,-14,27.0,9.0,0.0,0.571
2020-21,Jakob Poeltl,1627751,-13,26.333333333333332,5.666666666666667,0.6666666666666666,0.361
2020-21,Jakob Poeltl,1627751,-11,28.0,8.0,1.0,1.0
2020-21,Jakob Poeltl,1627751,-10,31.5,10.0,2.5,0.875
2020-21,Jakob Poeltl,1627751,-9,36.0,14.0,2.0,0.875
2020-21,Jakob Poeltl,1627751,-8,32.0,6.0,0.0,0.667
2020-21,Jakob Poeltl,1627751,-7,29.0,17.0,0.0,0.571
2020-21,Jakob Poeltl,1627751,-5,24.666666666666668,7.666666666666667,2.0,0.6943333333333334
2020-21,Jakob Poeltl,1627751,-4,24.5,7.0,0.5,0.528
2020-21,Jakob Poeltl,1627751,-3,25.0,8.0,1.0,0.571
2020-21,Jakob Poeltl,1627751,-1,24.0,8.0,1.0,0.8
2020-21,Jakob Poeltl,1627751,0,32.0,12.5,1.5,0.649
2020-21,Jakob Poeltl,1627751,1,34.0,16.0,3.0,0.7835000000000001
2020-21,Jakob Poeltl,1627751,2,24.333333333333332,8.666666666666666,2.6666666666666665,0.43933333333333335
2020-21,Jakob Poeltl,1627751,4,27.0,6.0,4.0,0.55
2020-21,Jakob Poeltl,1627751,5,28.666666666666668,6.0,3.3333333333333335,0.5596666666666666
2020-21,Jakob Poeltl,1627751,6,29.0,2.0,1.0,0.0
2020-21,Jakob Poeltl,1627751,8,29.0,13.0,3.0,0.857
2020-21,Jakob Poeltl,1627751,9,25.0,14.0,2.0,0.75
2020-21,Jakob Poeltl,1627751,10,29.5,9.5,2.5,0.607
2020-21,Jakob Poeltl,1627751,11,25.666666666666668,8.666666666666666,1.3333333333333333,0.6
2020-21,Jakob Poeltl,1627751,13,33.0,10.666666666666666,1.6666666666666667,0.6526666666666666
2020-21,Jakob Poeltl,1627751,15,26.0,11.0,0.0,0.7225
2020-21,Jakob Poeltl,1627751,16,21.0,4.0,1.0,0.5
2020-21,Jakob Poeltl,1627751,17,34.0,15.5,3.5,0.625
2020-21,Jakob Poeltl,1627751,18,29.0,8.0,3.0,0.6
2020-21,Jakob Poeltl,1627751,20,26.0,15.5,1.0,0.8015
2020-21,Jakob Poeltl,1627751,27,33.0,9.0,8.0,0.5
2020-21,Jakob Poeltl,1627751,33,28.0,14.0,1.0,1.0
2020-21,Jalen Brunson,1628973,-17,26.0,7.0,3.0,0.375
2020-21,Jalen Brunson,1628973,-16,29.0,12.0,3.0,1.0
2020-21,Jalen Brunson,1628973,-15,22.0,6.0,5.0,0.429
2020-21,Jalen Brunson,1628973,-14,22.0,7.0,2.0,0.5
2020-21,Jalen Brunson,1628973,-13,24.5,16.0,3.0,0.6060000000000001
2020-21,Jalen Brunson,1628973,-12,22.0,11.0,1.0,0.6
2020-21,Jalen Brunson,1628973,-11,26.0,13.0,2.0,0.571
2020-21,Jalen Brunson,1628973,-10,29.0,24.0,3.0,0.692
2020-21,Jalen Brunson,1628973,-9,32.0,9.0,3.0,0.5
2020-21,Jalen Brunson,1628973,-8,21.0,6.5,2.0,0.2845
2020-21,Jalen Brunson,1628973,-6,30.0,15.0,2.0,0.5
2020-21,Jalen Brunson,1628973,-4,31.5,15.0,3.0,0.5925
2020-21,Jalen Brunson,1628973,-3,25.0,12.0,2.3333333333333335,0.5833333333333334
2020-21,Jalen Brunson,1628973,-1,31.333333333333332,18.333333333333332,5.0,0.7333333333333334
2020-21,Jalen Brunson,1628973,0,23.25,12.75,4.25,0.5275000000000001
2020-21,Jalen Brunson,1628973,1,39.0,24.0,4.0,0.667
2020-21,Jalen Brunson,1628973,2,26.0,9.5,3.5,0.6025
2020-21,Jalen Brunson,1628973,3,30.0,14.0,3.0,0.714
2020-21,Jalen Brunson,1628973,4,27.0,22.0,5.0,0.5863333333333333
2020-21,Jalen Brunson,1628973,6,27.666666666666668,18.333333333333332,2.0,0.5753333333333334
2020-21,Jalen Brunson,1628973,7,26.333333333333332,15.0,4.333333333333333,0.4963333333333333
2020-21,Jalen Brunson,1628973,8,30.0,20.0,3.0,0.533
2020-21,Jalen Brunson,1628973,10,30.5,19.5,4.5,0.641
2020-21,Jalen Brunson,1628973,12,25.0,11.5,5.5,0.487
2020-21,Jalen Brunson,1628973,13,29.0,11.0,5.0,0.267
2020-21,Jalen Brunson,1628973,14,34.0,11.0,2.0,0.417
2020-21,Jalen Brunson,1628973,15,30.0,10.5,5.0,0.30300000000000005
2020-21,Jalen Brunson,1628973,17,29.0,17.5,4.0,0.5415
2020-21,Jalen Brunson,1628973,34,25.0,15.0,5.0,0.667
2020-21,Jalen Harris,1630223,-12,27.0,17.0,0.0,0.583
2020-21,Jalen Harris,1630223,-9,25.0,10.0,4.0,0.444
2020-21,Jalen Harris,1630223,-5,36.0,31.0,4.0,0.571
2020-21,Jalen Harris,1630223,2,29.0,16.0,4.0,0.417
2020-21,Jalen McDaniels,1629667,-29,31.0,9.0,1.0,0.4
2020-21,Jalen McDaniels,1629667,-23,32.0,10.0,2.0,0.4
2020-21,Jalen McDaniels,1629667,-21,35.0,11.0,3.0,0.417
2020-21,Jalen McDaniels,1629667,-19,32.0,12.0,1.0,0.375
2020-21,Jalen McDaniels,1629667,-17,24.0,6.0,1.0,0.375
2020-21,Jalen McDaniels,1629667,-9,24.0,4.0,0.0,0.2
2020-21,Jalen McDaniels,1629667,-6,31.0,3.0,3.0,0.125
2020-21,Jalen McDaniels,1629667,-4,31.5,15.0,2.5,0.639
2020-21,Jalen McDaniels,1629667,-3,31.0,9.0,2.0,0.231
2020-21,Jalen McDaniels,1629667,0,32.5,11.5,1.5,0.46749999999999997
2020-21,Jalen McDaniels,1629667,3,28.0,9.0,2.0,0.571
2020-21,Jalen McDaniels,1629667,4,39.0,16.0,1.0,0.583
2020-21,Jalen McDaniels,1629667,5,31.0,21.0,3.0,0.643
2020-21,Jalen McDaniels,1629667,6,26.0,12.0,2.0,0.571
2020-21,Jalen McDaniels,1629667,8,30.0,16.0,2.5,0.6034999999999999
2020-21,Jalen McDaniels,1629667,10,29.0,13.0,3.0,0.455
2020-21,Jalen McDaniels,1629667,12,24.0,10.0,3.0,0.444
2020-21,Jalen Smith,1630188,5,40.0,11.0,2.0,0.455
2020-21,Jamal Murray,1627750,-19,34.0,20.0,7.0,0.471
2020-21,Jamal Murray,1627750,-17,36.0,20.0,5.0,0.412
2020-21,Jamal Murray,1627750,-15,34.0,30.0,4.0,0.55
2020-21,Jamal Murray,1627750,-14,35.0,10.0,5.0,0.308
2020-21,Jamal Murray,1627750,-12,34.0,20.0,4.0,0.45
2020-21,Jamal Murray,1627750,-10,46.0,21.0,9.0,0.421
2020-21,Jamal Murray,1627750,-9,35.0,20.0,7.0,0.643
2020-21,Jamal Murray,1627750,-7,34.0,23.0,7.0,0.563
2020-21,Jamal Murray,1627750,-4,33.0,17.0,4.0,0.333
2020-21,Jamal Murray,1627750,-3,36.5,17.0,3.5,0.3425
2020-21,Jamal Murray,1627750,-2,40.5,24.5,4.5,0.494
2020-21,Jamal Murray,1627750,-1,29.0,20.5,4.0,0.5994999999999999
2020-21,Jamal Murray,1627750,1,41.0,34.0,6.0,0.522
2020-21,Jamal Murray,1627750,2,31.0,19.5,4.5,0.4
2020-21,Jamal Murray,1627750,3,36.666666666666664,21.666666666666668,3.6666666666666665,0.3373333333333333
2020-21,Jamal Murray,1627750,4,38.0,23.0,2.0,0.5
2020-21,Jamal Murray,1627750,6,42.0,30.0,4.0,0.407
2020-21,Jamal Murray,1627750,7,31.0,13.0,3.0,0.429
2020-21,Jamal Murray,1627750,8,38.5,17.5,7.5,0.377
2020-21,Jamal Murray,1627750,9,35.333333333333336,20.666666666666668,6.666666666666667,0.4256666666666667
2020-21,Jamal Murray,1627750,10,39.0,27.5,6.5,0.467
2020-21,Jamal Murray,1627750,11,29.0,9.0,3.0,0.444
2020-21,Jamal Murray,1627750,12,36.0,16.0,8.0,0.462
2020-21,Jamal Murray,1627750,13,33.0,16.0,5.0,0.438
2020-21,Jamal Murray,1627750,15,34.333333333333336,22.333333333333332,3.0,0.48666666666666664
2020-21,Jamal Murray,1627750,16,37.0,22.0,5.0,0.421
2020-21,Jamal Murray,1627750,17,32.5,21.5,5.5,0.563
2020-21,Jamal Murray,1627750,18,37.0,30.0,4.0,0.5
2020-21,Jamal Murray,1627750,19,28.0,14.0,4.0,0.545
2020-21,Jamal Murray,1627750,23,30.0,17.0,4.0,0.636
2020-21,Jamal Murray,1627750,24,31.5,29.0,3.0,0.6699999999999999
2020-21,Jamal Murray,1627750,27,34.0,25.0,4.0,0.467
2020-21,Jamal Murray,1627750,30,32.5,20.0,4.5,0.482
2020-21,James Ennis III,203516,-43,36.0,12.0,1.0,0.444
2020-21,James Ennis III,203516,-16,23.0,4.0,2.0,0.25
2020-21,James Ennis III,203516,-15,26.5,6.0,0.5,0.22649999999999998
2020-21,James Ennis III,203516,-14,29.0,6.0,0.0,0.167
2020-21,James Ennis III,203516,-13,37.0,17.0,5.0,0.714
2020-21,James Ennis III,203516,-10,26.0,9.0,0.0,0.333
2020-21,James Ennis III,203516,-6,27.0,9.333333333333334,1.3333333333333333,0.3926666666666667
2020-21,James Ennis III,203516,-5,35.0,18.0,4.0,0.6
2020-21,James Ennis III,203516,-2,38.0,17.0,1.0,0.583
2020-21,James Ennis III,203516,0,32.5,11.0,2.5,0.619
2020-21,James Ennis III,203516,1,33.0,14.0,4.0,0.5
2020-21,James Ennis III,203516,2,23.5,11.5,1.0,0.5415
2020-21,James Ennis III,203516,3,20.0,3.0,1.0,0.333
2020-21,James Ennis III,203516,6,27.0,5.0,2.0,0.167
2020-21,James Ennis III,203516,9,24.0,5.0,2.0,0.333
2020-21,James Ennis III,203516,10,21.0,8.0,2.0,0.429
2020-21,James Ennis III,203516,11,30.0,22.0,3.0,0.667
2020-21,James Ennis III,203516,15,25.0,9.5,1.5,0.55
2020-21,James Ennis III,203516,20,23.0,8.0,2.0,0.5
2020-21,James Harden,201935,-27,32.0,29.0,6.0,0.429
2020-21,James Harden,201935,-24,38.0,21.0,10.0,0.294
2020-21,James Harden,201935,-23,30.0,16.0,6.0,0.313
2020-21,James Harden,201935,-18,29.0,26.0,10.0,0.5
2020-21,James Harden,201935,-12,31.0,34.0,8.0,0.625
2020-21,James Harden,201935,-11,38.0,22.0,10.5,0.5355
2020-21,James Harden,201935,-10,26.0,17.0,6.0,0.5
2020-21,James Harden,201935,-9,34.0,19.0,9.0,0.267
2020-21,James Harden,201935,-6,43.0,44.0,17.0,0.571
2020-21,James Harden,201935,-5,44.5,23.0,14.5,0.3605
2020-21,James Harden,201935,-4,38.0,24.0,10.0,0.421
2020-21,James Harden,201935,-3,40.5,32.5,11.5,0.4335
2020-21,James Harden,201935,-2,37.0,19.0,11.0,0.429
2020-21,James Harden,201935,-1,39.0,17.0,12.0,0.5
2020-21,James Harden,201935,0,36.0,38.0,11.0,0.636
2020-21,James Harden,201935,2,45.0,31.0,15.0,0.45
2020-21,James Harden,201935,3,33.333333333333336,18.333333333333332,10.333333333333334,0.494
2020-21,James Harden,201935,4,38.0,12.0,11.0,0.222
2020-21,James Harden,201935,5,32.5,19.5,9.5,0.51
2020-21,James Harden,201935,6,37.5,28.0,6.0,0.41400000000000003
2020-21,James Harden,201935,7,39.0,29.0,11.0,0.4395
2020-21,James Harden,201935,8,38.75,28.5,10.75,0.506
2020-21,James Harden,201935,10,33.0,20.0,7.0,0.438
2020-21,James Harden,201935,11,38.5,26.0,12.5,0.438
2020-21,James Harden,201935,15,32.0,25.0,11.0,0.643
2020-21,James Harden,201935,16,44.0,30.0,15.0,0.522
2020-21,James Harden,201935,17,40.0,29.0,14.0,0.667
2020-21,James Harden,201935,25,42.0,40.0,15.0,0.481
2020-21,James Harden,201935,26,30.0,15.0,13.0,0.462
2020-21,James Harden,201935,28,35.0,19.0,16.0,0.545
2020-21,James Harden,201935,33,34.0,29.0,14.0,0.556
2020-21,James Johnson,201949,-22,22.5,4.0,0.5,0.3
2020-21,James Johnson,201949,-20,27.0,15.0,2.0,0.545
2020-21,James Johnson,201949,-19,20.0,10.0,0.0,0.667
2020-21,James Johnson,201949,-17,26.0,7.0,6.0,0.167
2020-21,James Johnson,201949,-16,25.0,8.0,3.0,0.364
2020-21,James Johnson,201949,-15,25.5,7.0,1.5,0.4555
2020-21,James Johnson,201949,-13,28.0,17.0,2.0,0.455
2020-21,James Johnson,201949,-12,25.0,11.0,3.0,0.556
2020-21,James Johnson,201949,-10,21.0,10.5,2.0,0.5355
2020-21,James Johnson,201949,-9,27.5,14.5,4.0,0.5335000000000001
2020-21,James Johnson,201949,-6,22.0,2.0,1.0,0.111
2020-21,James Johnson,201949,-4,21.5,6.5,1.5,0.42200000000000004
2020-21,James Johnson,201949,1,30.0,16.0,1.0,0.875
2020-21,James Johnson,201949,2,28.0,13.0,5.0,0.4
2020-21,James Johnson,201949,4,28.0,8.0,3.0,0.5
2020-21,James Johnson,201949,6,24.5,6.0,2.0,0.3875
2020-21,James Johnson,201949,7,25.666666666666668,9.333333333333334,2.3333333333333335,0.4613333333333334
2020-21,James Johnson,201949,9,32.0,6.0,1.0,0.286
2020-21,James Johnson,201949,11,29.0,13.0,3.0,0.556
2020-21,James Johnson,201949,12,30.0,17.0,0.0,0.538
2020-21,James Johnson,201949,17,33.0,18.0,3.0,0.5
2020-21,James Johnson,201949,19,26.0,12.0,3.0,0.667
2020-21,James Johnson,201949,25,20.0,5.0,3.0,0.167
2020-21,James Wiseman,1630164,-32,30.0,9.0,2.0,0.364
2020-21,James Wiseman,1630164,-25,27.0,7.0,1.0,0.429
2020-21,James Wiseman,1630164,-17,26.0,18.0,0.0,0.538
2020-21,James Wiseman,1630164,-16,25.0,18.0,0.0,0.455
2020-21,James Wiseman,1630164,-11,26.0,8.0,0.0,0.333
2020-21,James Wiseman,1630164,-10,24.0,17.0,0.0,0.5025000000000001
2020-21,James Wiseman,1630164,-9,29.0,6.0,0.0,0.375
2020-21,James Wiseman,1630164,-8,30.5,11.5,1.0,0.5535
2020-21,James Wiseman,1630164,-7,25.0,9.666666666666666,1.3333333333333333,0.37766666666666665
2020-21,James Wiseman,1630164,-6,24.0,15.0,2.0,0.556
2020-21,James Wiseman,1630164,-4,22.5,11.5,0.0,0.5509999999999999
2020-21,James Wiseman,1630164,0,27.0,18.0,2.0,0.615
2020-21,James Wiseman,1630164,4,23.0,18.0,1.0,0.818
2020-21,James Wiseman,1630164,12,22.5,18.5,0.5,0.655
2020-21,James Wiseman,1630164,17,25.0,20.0,4.0,0.727
2020-21,James Wiseman,1630164,23,21.0,6.0,1.0,0.333
2020-21,Jaren Jackson Jr.,1628991,-14,25.0,17.0,0.0,0.333
2020-21,Jaren Jackson Jr.,1628991,-13,24.0,13.0,2.0,0.267
2020-21,Jaren Jackson Jr.,1628991,-12,21.0,7.0,0.0,0.5
2020-21,Jaren Jackson Jr.,1628991,-9,27.0,12.0,1.0,0.5
2020-21,Jaren Jackson Jr.,1628991,-5,20.0,10.0,1.0,0.3
2020-21,Jaren Jackson Jr.,1628991,-4,31.0,14.0,2.0,0.385
2020-21,Jaren Jackson Jr.,1628991,2,25.0,20.0,2.0,0.412
2020-21,Jaren Jackson Jr.,1628991,8,24.0,23.0,2.0,0.714
2020-21,Jarred Vanderbilt,1629020,-24,24.0,12.0,2.0,0.625
2020-21,Jarred Vanderbilt,1629020,-17,29.0,8.0,3.0,0.75
2020-21,Jarred Vanderbilt,1629020,-16,24.0,4.0,4.0,0.667
2020-21,Jarred Vanderbilt,1629020,-15,21.0,9.0,3.0,1.0
2020-21,Jarred Vanderbilt,1629020,-13,20.0,10.0,1.0,0.571
2020-21,Jarred Vanderbilt,1629020,-11,25.5,7.5,0.0,0.65
2020-21,Jarred Vanderbilt,1629020,-10,26.0,10.0,4.0,0.5
2020-21,Jarred Vanderbilt,1629020,-7,21.0,5.0,3.0,0.4
2020-21,Jarred Vanderbilt,1629020,-2,34.0,16.0,1.0,1.0
2020-21,Jarred Vanderbilt,1629020,-1,25.0,9.0,1.6666666666666667,0.568
2020-21,Jarred Vanderbilt,1629020,0,23.0,11.0,2.0,1.0
2020-21,Jarred Vanderbilt,1629020,7,21.0,16.0,0.0,0.615
2020-21,Jarred Vanderbilt,1629020,9,25.5,8.5,1.5,0.7125
2020-21,Jarred Vanderbilt,1629020,11,21.5,10.5,0.5,0.875
2020-21,Jarred Vanderbilt,1629020,17,22.0,8.0,2.0,1.0
2020-21,Jarred Vanderbilt,1629020,23,20.0,7.0,1.0,0.75
2020-21,Jarred Vanderbilt,1629020,31,22.0,8.0,0.0,0.5
2020-21,Jarrell Brantley,1629714,7,21.0,10.0,1.0,0.8
2020-21,Jarrett Allen,1628386,-33,32.0,5.0,2.0,0.333
2020-21,Jarrett Allen,1628386,-26,24.0,2.0,0.0,0.25
2020-21,Jarrett Allen,1628386,-25,25.0,18.0,2.0,0.636
2020-21,Jarrett Allen,1628386,-24,26.0,11.0,0.0,0.364
2020-21,Jarrett Allen,1628386,-23,28.0,9.0,0.0,0.5
2020-21,Jarrett Allen,1628386,-22,27.0,14.0,2.0,0.521
2020-21,Jarrett Allen,1628386,-20,29.0,9.0,0.0,0.286
2020-21,Jarrett Allen,1628386,-15,31.0,15.0,2.0,0.636
2020-21,Jarrett Allen,1628386,-13,34.5,14.5,4.0,0.6515
2020-21,Jarrett Allen,1628386,-11,32.0,14.0,4.0,0.5
2020-21,Jarrett Allen,1628386,-10,28.333333333333332,9.333333333333334,1.3333333333333333,0.5833333333333334
2020-21,Jarrett Allen,1628386,-9,26.428571428571427,10.428571428571429,1.5714285714285714,0.5725714285714286
2020-21,Jarrett Allen,1628386,-7,30.0,8.666666666666666,1.0,0.778
2020-21,Jarrett Allen,1628386,-6,36.0,17.0,1.0,0.583
2020-21,Jarrett Allen,1628386,-5,29.8,15.0,1.8,0.6736000000000001
2020-21,Jarrett Allen,1628386,-3,30.5,11.0,2.0,0.47750000000000004
2020-21,Jarrett Allen,1628386,-2,41.0,26.0,2.0,1.0
2020-21,Jarrett Allen,1628386,-1,34.0,17.5,2.0,0.72
2020-21,Jarrett Allen,1628386,0,34.0,20.5,1.5,0.7735
2020-21,Jarrett Allen,1628386,1,30.0,15.0,2.0,0.556
2020-21,Jarrett Allen,1628386,2,25.0,8.5,1.5,0.4375
2020-21,Jarrett Allen,1628386,3,31.5,14.5,3.5,0.4645
2020-21,Jarrett Allen,1628386,4,32.0,8.0,2.0,0.4
2020-21,Jarrett Allen,1628386,8,29.0,19.0,1.0,0.8175
2020-21,Jarrett Allen,1628386,9,32.0,8.5,1.0,0.5235
2020-21,Jarrett Allen,1628386,10,31.0,12.0,2.0,0.6
2020-21,Jarrett Allen,1628386,11,25.0,7.0,5.0,0.375
2020-21,Jarrett Allen,1628386,12,30.333333333333332,14.666666666666666,0.6666666666666666,0.758
2020-21,Jarrett Allen,1628386,16,28.0,15.0,3.0,0.833
2020-21,Jarrett Allen,1628386,17,37.0,26.0,2.0,0.909
2020-21,Jarrett Allen,1628386,18,28.0,7.5,2.0,0.5835
2020-21,Jarrett Allen,1628386,20,31.0,19.0,1.0,0.889
2020-21,Jarrett Culver,1629633,-18,29.0,8.0,0.0,0.364
2020-21,Jarrett Culver,1629633,-12,25.0,0.0,0.0,0.0
2020-21,Jarrett Culver,1629633,-9,28.0,20.0,0.0,0.615
2020-21,Jarrett Culver,1629633,-8,20.0,4.0,0.0,0.5
2020-21,Jarrett Culver,1629633,-4,30.0,10.0,3.0,0.667
2020-21,Jarrett Culver,1629633,1,24.0,16.0,0.0,0.667
2020-21,Jarrett Culver,1629633,4,22.0,4.0,1.0,0.4
2020-21,Jarrett Culver,1629633,7,20.0,10.0,2.0,0.5
2020-21,Javonte Green,1629750,-5,23.0,9.0,0.0,0.5
2020-21,Javonte Green,1629750,-2,20.0,2.0,0.0,0.5
2020-21,Javonte Green,1629750,-1,33.0,8.0,2.0,0.8
2020-21,Javonte Green,1629750,3,20.0,7.0,0.5,0.5145
2020-21,Javonte Green,1629750,5,28.0,2.0,2.0,0.25
2020-21,Javonte Green,1629750,10,20.0,10.0,1.0,0.667
2020-21,Javonte Green,1629750,12,23.0,6.0,1.0,0.6
2020-21,Jaxson Hayes,1629637,-17,21.0,15.0,0.0,0.4
2020-21,Jaxson Hayes,1629637,-11,27.0,12.0,1.5,0.5
2020-21,Jaxson Hayes,1629637,-10,26.0,12.0,0.0,0.444
2020-21,Jaxson Hayes,1629637,-9,24.0,11.0,0.0,0.714
2020-21,Jaxson Hayes,1629637,-3,23.0,8.0,0.0,0.571
2020-21,Jaxson Hayes,1629637,-2,22.0,12.5,0.0,0.55
2020-21,Jaxson Hayes,1629637,2,23.0,13.0,2.0,0.5
2020-21,Jaxson Hayes,1629637,5,23.0,19.0,3.0,0.5
2020-21,Jaxson Hayes,1629637,7,26.0,18.0,0.0,0.727
2020-21,Jaxson Hayes,1629637,10,20.0,8.0,0.0,0.571
2020-21,Jaxson Hayes,1629637,14,24.0,17.0,1.0,1.0
2020-21,Jaxson Hayes,1629637,15,20.0,13.0,1.0,0.833
2020-21,Jaxson Hayes,1629637,27,21.0,10.0,1.0,0.8
2020-21,Jay Scrubb,1630206,-4,36.0,14.0,1.0,0.412
2020-21,Jay Scrubb,1630206,3,39.0,17.0,0.0,0.375
2020-21,Jaylen Brown,1627759,-27,32.0,25.0,3.0,0.45
2020-21,Jaylen Brown,1627759,-25,30.0,27.0,3.0,0.44
2020-21,Jaylen Brown,1627759,-22,32.0,17.0,0.0,0.6
2020-21,Jaylen Brown,1627759,-20,34.0,20.0,2.0,0.364
2020-21,Jaylen Brown,1627759,-17,28.0,25.0,0.0,0.524
2020-21,Jaylen Brown,1627759,-14,38.0,28.0,7.0,0.571
2020-21,Jaylen Brown,1627759,-13,31.666666666666668,19.666666666666668,4.0,0.355
2020-21,Jaylen Brown,1627759,-11,37.0,23.0,1.0,0.667
2020-21,Jaylen Brown,1627759,-10,34.0,23.0,4.5,0.4625
2020-21,Jaylen Brown,1627759,-9,33.666666666666664,30.666666666666668,1.6666666666666667,0.511
2020-21,Jaylen Brown,1627759,-8,36.333333333333336,26.0,2.0,0.4923333333333333
2020-21,Jaylen Brown,1627759,-7,37.0,22.0,6.0,0.352
2020-21,Jaylen Brown,1627759,-6,40.0,27.0,5.0,0.458
2020-21,Jaylen Brown,1627759,-4,34.5,24.0,2.0,0.4565
2020-21,Jaylen Brown,1627759,-3,40.0,13.0,6.0,0.217
2020-21,Jaylen Brown,1627759,-2,39.0,31.5,2.5,0.4645
2020-21,Jaylen Brown,1627759,-1,34.333333333333336,21.666666666666668,3.6666666666666665,0.441
2020-21,Jaylen Brown,1627759,1,33.333333333333336,22.333333333333332,3.0,0.6663333333333333
2020-21,Jaylen Brown,1627759,2,39.0,28.0,4.0,0.423
2020-21,Jaylen Brown,1627759,3,39.0,20.333333333333332,4.0,0.40833333333333327
2020-21,Jaylen Brown,1627759,4,32.5,18.5,3.5,0.41900000000000004
2020-21,Jaylen Brown,1627759,5,40.0,26.5,4.0,0.575
2020-21,Jaylen Brown,1627759,7,36.0,32.0,3.0,0.462
2020-21,Jaylen Brown,1627759,8,36.5,35.5,4.0,0.5535
2020-21,Jaylen Brown,1627759,13,37.0,28.0,3.0,0.684
2020-21,Jaylen Brown,1627759,14,26.0,19.5,1.5,0.456
2020-21,Jaylen Brown,1627759,15,25.0,21.0,8.0,0.5
2020-21,Jaylen Brown,1627759,16,35.0,20.0,3.0,0.533
2020-21,Jaylen Brown,1627759,17,29.5,22.0,2.0,0.438
2020-21,Jaylen Brown,1627759,18,29.0,18.0,5.0,0.4285
2020-21,Jaylen Brown,1627759,21,37.0,27.0,5.0,0.474
2020-21,Jaylen Brown,1627759,22,28.0,42.0,4.0,0.714
2020-21,Jaylen Brown,1627759,23,33.0,25.5,4.5,0.5
2020-21,Jaylen Brown,1627759,36,32.0,40.0,3.0,0.85
2020-21,Jaylen Hoard,1629658,-16,24.0,12.0,2.0,0.444
2020-21,Jaylen Hoard,1629658,-12,24.0,13.0,3.0,0.455
2020-21,Jaylen Hoard,1629658,-10,24.0,10.5,1.0,0.5835
2020-21,Jaylen Hoard,1629658,-7,29.0,5.0,3.0,0.4
2020-21,Jaylen Hoard,1629658,-1,22.0,16.0,1.0,0.75
2020-21,Jaylen Hoard,1629658,2,22.0,10.0,0.0,0.4
2020-21,Jaylen Nowell,1629669,-24,22.0,9.0,2.0,0.333
2020-21,Jaylen Nowell,1629669,-17,22.0,13.0,1.0,0.5
2020-21,Jaylen Nowell,1629669,-16,22.5,10.5,2.0,0.4445
2020-21,Jaylen Nowell,1629669,-15,22.5,12.0,3.5,0.5
2020-21,Jaylen Nowell,1629669,-14,24.0,11.0,4.0,0.5
2020-21,Jaylen Nowell,1629669,-13,20.0,18.0,1.0,0.667
2020-21,Jaylen Nowell,1629669,-10,27.0,13.0,4.0,0.6
2020-21,Jaylen Nowell,1629669,-9,20.0,6.0,1.0,0.125
2020-21,Jaylen Nowell,1629669,-7,23.0,10.0,1.0,0.333
2020-21,Jaylen Nowell,1629669,-2,24.0,10.0,1.5,0.4375
2020-21,Jaylen Nowell,1629669,-1,24.0,14.0,2.0,0.444
2020-21,Jaylen Nowell,1629669,0,27.0,17.0,1.0,0.5
2020-21,Jaylen Nowell,1629669,2,22.0,15.0,0.0,0.75
2020-21,Jaylen Nowell,1629669,5,21.0,4.0,3.0,0.286
2020-21,Jaylen Nowell,1629669,10,24.0,8.0,2.0,0.375
2020-21,Jaylen Nowell,1629669,15,30.0,8.0,5.0,0.286
2020-21,Jaylen Nowell,1629669,25,28.0,28.0,6.0,0.846
2020-21,Jayson Tatum,1628369,-28,32.0,19.0,2.0,0.375
2020-21,Jayson Tatum,1628369,-22,38.0,9.0,3.0,0.2
2020-21,Jayson Tatum,1628369,-21,36.5,21.5,3.0,0.37949999999999995
2020-21,Jayson Tatum,1628369,-20,23.0,6.0,4.0,0.214
2020-21,Jayson Tatum,1628369,-19,38.0,25.0,3.0,0.417
2020-21,Jayson Tatum,1628369,-15,33.5,23.0,3.0,0.38949999999999996
2020-21,Jayson Tatum,1628369,-14,38.0,29.0,6.0,0.688
2020-21,Jayson Tatum,1628369,-12,35.0,21.5,5.5,0.388
2020-21,Jayson Tatum,1628369,-11,36.0,15.0,3.0,0.375
2020-21,Jayson Tatum,1628369,-8,37.0,29.0,3.0,0.458
2020-21,Jayson Tatum,1628369,-7,38.0,9.0,4.0,0.222
2020-21,Jayson Tatum,1628369,-6,34.25,28.75,3.25,0.453
2020-21,Jayson Tatum,1628369,-5,34.5,32.0,3.5,0.47350000000000003
2020-21,Jayson Tatum,1628369,-3,38.0,14.0,7.5,0.2445
2020-21,Jayson Tatum,1628369,-1,38.333333333333336,30.333333333333332,5.333333333333333,0.5146666666666667
2020-21,Jayson Tatum,1628369,0,39.0,30.0,3.0,0.667
2020-21,Jayson Tatum,1628369,1,37.0,34.5,3.5,0.5549999999999999
2020-21,Jayson Tatum,1628369,2,36.0,24.0,12.0,0.455
2020-21,Jayson Tatum,1628369,3,37.0,30.0,2.0,0.404
2020-21,Jayson Tatum,1628369,4,38.0,30.5,4.0,0.5145
2020-21,Jayson Tatum,1628369,5,39.0,35.5,4.5,0.504
2020-21,Jayson Tatum,1628369,6,41.333333333333336,37.333333333333336,6.666666666666667,0.48
2020-21,Jayson Tatum,1628369,7,35.0,28.333333333333332,5.333333333333333,0.512
2020-21,Jayson Tatum,1628369,8,36.666666666666664,27.333333333333332,4.333333333333333,0.39466666666666667
2020-21,Jayson Tatum,1628369,9,36.0,33.5,7.0,0.5655
2020-21,Jayson Tatum,1628369,11,34.0,25.0,2.0,0.44
2020-21,Jayson Tatum,1628369,12,39.0,44.0,3.0,0.64
2020-21,Jayson Tatum,1628369,13,36.25,25.5,3.75,0.42375
2020-21,Jayson Tatum,1628369,14,27.0,14.0,5.0,0.429
2020-21,Jayson Tatum,1628369,15,31.0,24.0,5.0,0.476
2020-21,Jayson Tatum,1628369,16,27.0,22.0,4.0,0.533
2020-21,Jayson Tatum,1628369,17,28.0,23.0,6.0,0.529
2020-21,Jayson Tatum,1628369,19,35.5,26.5,2.0,0.529
2020-21,Jayson Tatum,1628369,20,37.0,27.0,5.0,0.6
2020-21,Jayson Tatum,1628369,21,26.0,26.0,2.0,0.381
2020-21,Jayson Tatum,1628369,23,36.0,17.0,9.0,0.385
2020-21,Jayson Tatum,1628369,24,31.0,40.0,2.0,0.579
2020-21,Jayson Tatum,1628369,28,30.0,27.0,3.0,0.455
2020-21,Jayson Tatum,1628369,29,23.0,16.0,3.0,0.5
2020-21,Jeff Green,201145,-19,30.0,23.0,3.0,0.7
2020-21,Jeff Green,201145,-18,31.5,10.0,0.5,0.4665
2020-21,Jeff Green,201145,-17,26.0,13.0,1.0,0.556
2020-21,Jeff Green,201145,-16,29.0,8.0,1.0,0.222
2020-21,Jeff Green,201145,-14,23.0,13.0,2.0,0.5
2020-21,Jeff Green,201145,-13,25.0,6.0,2.0,0.667
2020-21,Jeff Green,201145,-12,25.5,14.0,0.0,0.5
2020-21,Jeff Green,201145,-10,32.333333333333336,10.0,1.0,0.43966666666666665
2020-21,Jeff Green,201145,-8,26.0,9.75,1.0,0.455
2020-21,Jeff Green,201145,-6,28.0,15.0,1.0,0.5
2020-21,Jeff Green,201145,-4,25.0,14.0,1.0,0.417
2020-21,Jeff Green,201145,-3,33.0,5.0,1.0,0.5
2020-21,Jeff Green,201145,-2,31.75,15.25,1.5,0.4125
2020-21,Jeff Green,201145,-1,33.5,6.0,1.0,0.333
2020-21,Jeff Green,201145,0,26.0,12.333333333333334,0.6666666666666666,0.6166666666666667
2020-21,Jeff Green,201145,1,24.0,3.0,1.0,0.0
2020-21,Jeff Green,201145,2,30.0,5.0,2.0,0.333
2020-21,Jeff Green,201145,3,28.0,10.0,5.0,0.364
2020-21,Jeff Green,201145,4,21.0,10.0,1.0,0.667
2020-21,Jeff Green,201145,5,29.666666666666668,14.333333333333334,2.3333333333333335,0.4106666666666667
2020-21,Jeff Green,201145,6,31.0,19.0,2.6666666666666665,0.5606666666666666
2020-21,Jeff Green,201145,7,24.333333333333332,9.666666666666666,0.6666666666666666,0.532
2020-21,Jeff Green,201145,8,34.0,9.0,4.0,0.6
2020-21,Jeff Green,201145,9,33.5,12.5,1.5,0.6945
2020-21,Jeff Green,201145,10,28.0,14.0,2.0,0.833
2020-21,Jeff Green,201145,11,25.0,15.0,2.0,0.625
2020-21,Jeff Green,201145,13,32.5,10.5,2.5,0.561
2020-21,Jeff Green,201145,14,28.0,14.0,1.0,0.571
2020-21,Jeff Green,201145,16,30.0,15.0,3.0,0.5
2020-21,Jeff Green,201145,18,27.5,12.5,4.0,0.473
2020-21,Jeff Green,201145,19,33.0,10.0,2.0,0.286
2020-21,Jeff Green,201145,21,30.0,21.0,2.0,0.471
2020-21,Jeff Green,201145,22,21.0,11.0,4.0,0.667
2020-21,Jeff Green,201145,23,24.0,7.0,4.0,0.273
2020-21,Jeff Green,201145,26,29.0,11.0,3.0,0.4
2020-21,Jeff Teague,201952,-22,28.0,14.0,5.0,0.444
2020-21,Jeff Teague,201952,-15,23.0,11.0,4.0,0.6
2020-21,Jeff Teague,201952,-11,22.0,8.0,2.0,0.429
2020-21,Jeff Teague,201952,-9,28.0,19.0,6.0,0.727
2020-21,Jeff Teague,201952,-3,21.0,6.0,1.0,0.4
2020-21,Jeff Teague,201952,-1,22.0,8.0,4.0,0.375
2020-21,Jeff Teague,201952,0,21.0,4.5,2.0,0.0
2020-21,Jeff Teague,201952,1,39.0,26.0,6.0,0.833
2020-21,Jeff Teague,201952,3,33.0,23.0,7.0,0.455
2020-21,Jeff Teague,201952,5,21.5,9.5,2.0,0.48350000000000004
2020-21,Jeff Teague,201952,7,27.0,14.0,4.0,0.857
2020-21,Jeff Teague,201952,8,25.0,19.0,4.0,0.467
2020-21,Jeff Teague,201952,14,21.0,14.0,3.0,0.5835
2020-21,Jeff Teague,201952,18,26.0,11.0,5.0,0.375
2020-21,Jeff Teague,201952,22,21.0,4.0,4.0,0.333
2020-21,Jerami Grant,203924,-22,30.0,17.0,1.5,0.505
2020-21,Jerami Grant,203924,-20,24.0,14.0,1.0,0.5
2020-21,Jerami Grant,203924,-18,37.0,27.0,1.0,0.429
2020-21,Jerami Grant,203924,-17,36.5,20.5,3.5,0.3125
2020-21,Jerami Grant,203924,-16,30.0,21.0,0.0,0.368
2020-21,Jerami Grant,203924,-14,33.0,20.0,2.0,0.40700000000000003
2020-21,Jerami Grant,203924,-13,33.5,15.0,2.0,0.3365
2020-21,Jerami Grant,203924,-12,29.0,29.0,4.0,0.611
2020-21,Jerami Grant,203924,-10,37.0,26.666666666666668,3.0,0.45533333333333337
2020-21,Jerami Grant,203924,-8,35.0,11.0,3.0,0.158
2020-21,Jerami Grant,203924,-7,32.333333333333336,27.0,1.6666666666666667,0.48133333333333334
2020-21,Jerami Grant,203924,-6,36.0,25.5,4.0,0.5
2020-21,Jerami Grant,203924,-4,36.42857142857143,27.0,3.142857142857143,0.4405714285714285
2020-21,Jerami Grant,203924,-3,35.0,15.0,3.0,0.313
2020-21,Jerami Grant,203924,-2,33.0,27.0,6.0,0.526
2020-21,Jerami Grant,203924,-1,29.0,26.0,2.0,0.5505
2020-21,Jerami Grant,203924,0,27.0,18.0,1.0,0.4
2020-21,Jerami Grant,203924,1,34.5,22.0,1.5,0.434
2020-21,Jerami Grant,203924,2,34.666666666666664,22.333333333333332,2.3333333333333335,0.4503333333333333
2020-21,Jerami Grant,203924,4,34.666666666666664,21.0,3.0,0.3746666666666667
2020-21,Jerami Grant,203924,6,37.0,24.0,0.0,0.375
2020-21,Jerami Grant,203924,10,33.5,25.0,3.0,0.4085
2020-21,Jerami Grant,203924,13,33.0,17.0,6.0,0.4
2020-21,Jerami Grant,203924,14,34.0,22.0,2.5,0.35250000000000004
2020-21,Jerami Grant,203924,17,24.0,12.0,4.0,0.286
2020-21,Jerami Grant,203924,18,23.0,21.0,5.0,0.467
2020-21,Jerami Grant,203924,21,39.5,22.5,4.0,0.512
2020-21,Jerami Grant,203924,22,35.0,24.0,6.0,0.526
2020-21,Jerami Grant,203924,23,32.0,25.0,5.0,0.462
2020-21,Jeremy Lamb,203087,-16,24.0,10.0,1.0,0.5
2020-21,Jeremy Lamb,203087,-13,24.0,17.0,1.0,0.833
2020-21,Jeremy Lamb,203087,-12,23.0,15.0,1.0,0.333
2020-21,Jeremy Lamb,203087,-11,25.0,3.0,5.0,0.2
2020-21,Jeremy Lamb,203087,-7,28.0,22.0,1.0,0.5
2020-21,Jeremy Lamb,203087,-6,30.0,12.0,3.0,0.667
2020-21,Jeremy Lamb,203087,-5,20.0,3.0,4.0,0.167
2020-21,Jeremy Lamb,203087,-4,26.5,15.0,1.0,0.4645
2020-21,Jeremy Lamb,203087,4,28.0,17.0,1.0,0.857
2020-21,Jeremy Lamb,203087,6,27.0,21.0,5.0,0.571
2020-21,Jeremy Lamb,203087,7,30.0,12.0,1.0,0.4
2020-21,Jeremy Lamb,203087,10,28.5,17.0,2.0,0.604
2020-21,Jeremy Lamb,203087,11,30.0,18.0,1.0,0.7
2020-21,Jeremy Lamb,203087,14,20.0,7.0,0.0,0.4
2020-21,Jeremy Lamb,203087,18,26.0,19.0,3.0,0.667
2020-21,Jerome Robinson,1629010,-21,29.0,4.0,1.0,0.286
2020-21,Jerome Robinson,1629010,-17,23.0,12.0,2.0,0.5
2020-21,Jerome Robinson,1629010,-12,24.0,6.0,1.0,0.143
2020-21,Jerome Robinson,1629010,-7,35.5,14.0,3.5,0.3785
2020-21,Jerome Robinson,1629010,-5,21.0,8.0,2.5,0.3335
2020-21,Jerome Robinson,1629010,4,22.0,8.0,4.0,0.286
2020-21,Jevon Carter,1628975,-16,24.0,17.0,0.0,0.636
2020-21,Jevon Carter,1628975,-5,22.0,6.0,3.0,0.286
2020-21,Jevon Carter,1628975,4,21.0,14.0,1.0,0.417
2020-21,Jevon Carter,1628975,5,31.5,14.0,4.5,0.4545
2020-21,Jevon Carter,1628975,13,26.0,6.0,3.0,0.4
2020-21,Jevon Carter,1628975,15,25.0,4.0,4.0,0.5
2020-21,Jevon Carter,1628975,23,21.0,9.0,1.0,0.429
2020-21,Jimmy Butler,202710,-26,31.0,17.0,4.0,0.6
2020-21,Jimmy Butler,202710,-22,31.0,15.0,5.0,0.3
2020-21,Jimmy Butler,202710,-19,26.0,14.0,1.0,0.538
2020-21,Jimmy Butler,202710,-18,26.0,2.0,2.0,0.0
2020-21,Jimmy Butler,202710,-15,41.0,21.0,7.0,0.438
2020-21,Jimmy Butler,202710,-12,32.0,18.0,8.0,0.375
2020-21,Jimmy Butler,202710,-11,27.0,13.0,9.0,0.625
2020-21,Jimmy Butler,202710,-9,34.0,33.0,5.0,0.524
2020-21,Jimmy Butler,202710,-7,35.0,27.5,6.5,0.475
2020-21,Jimmy Butler,202710,-5,37.5,16.0,9.0,0.4335
2020-21,Jimmy Butler,202710,-1,37.0,19.0,9.0,0.455
2020-21,Jimmy Butler,202710,0,35.5,21.5,6.0,0.43100000000000005
2020-21,Jimmy Butler,202710,1,34.0,28.0,5.0,0.688
2020-21,Jimmy Butler,202710,2,36.0,20.0,5.0,0.538
2020-21,Jimmy Butler,202710,3,35.5,24.5,4.0,0.48350000000000004
2020-21,Jimmy Butler,202710,4,35.0,21.25,8.75,0.4545
2020-21,Jimmy Butler,202710,5,37.0,30.0,10.0,0.526
2020-21,Jimmy Butler,202710,6,35.5,22.5,5.0,0.548
2020-21,Jimmy Butler,202710,7,39.0,29.0,6.0,0.478
2020-21,Jimmy Butler,202710,8,33.0,26.0,3.0,0.474
2020-21,Jimmy Butler,202710,9,35.0,25.25,8.25,0.49175
2020-21,Jimmy Butler,202710,10,35.666666666666664,25.0,9.666666666666666,0.5506666666666667
2020-21,Jimmy Butler,202710,11,33.333333333333336,21.5,9.666666666666666,0.4741666666666667
2020-21,Jimmy Butler,202710,13,36.0,29.0,9.0,0.588
2020-21,Jimmy Butler,202710,14,31.0,24.666666666666668,5.666666666666667,0.68
2020-21,Jimmy Butler,202710,15,29.0,21.0,4.0,0.6
2020-21,Jimmy Butler,202710,17,29.5,18.0,8.5,0.481
2020-21,Jimmy Butler,202710,25,36.0,26.0,10.0,0.4
2020-21,Jimmy Butler,202710,34,25.0,14.0,9.0,0.571
2020-21,Joe Harris,203925,-18,31.0,8.0,1.0,0.333
2020-21,Joe Harris,203925,-16,26.0,6.0,1.0,0.429
2020-21,Joe Harris,203925,-13,31.0,12.0,3.0,0.625
2020-21,Joe Harris,203925,-12,28.5,9.5,2.5,0.4585
2020-21,Joe Harris,203925,-10,38.333333333333336,11.333333333333334,2.0,0.36166666666666664
2020-21,Joe Harris,203925,-9,27.0,9.0,1.0,0.375
2020-21,Joe Harris,203925,-7,31.0,15.0,2.3333333333333335,0.519
2020-21,Joe Harris,203925,-6,29.0,7.0,1.0,0.333
2020-21,Joe Harris,203925,-4,33.0,6.0,2.0,0.333
2020-21,Joe Harris,203925,-3,26.0,12.0,1.5,0.5
2020-21,Joe Harris,203925,-2,33.5,24.5,3.5,0.657
2020-21,Joe Harris,203925,-1,33.0,11.5,2.5,0.436
2020-21,Joe Harris,203925,0,31.0,10.0,1.0,0.5
2020-21,Joe Harris,203925,1,30.5,20.0,1.5,0.558
2020-21,Joe Harris,203925,2,33.0,9.0,1.0,0.3515
2020-21,Joe Harris,203925,3,32.0,13.666666666666666,2.3333333333333335,0.5603333333333333
2020-21,Joe Harris,203925,4,31.333333333333332,11.0,1.0,0.41100000000000003
2020-21,Joe Harris,203925,5,33.666666666666664,19.666666666666668,1.3333333333333333,0.5379999999999999
2020-21,Joe Harris,203925,6,32.333333333333336,10.333333333333334,2.3333333333333335,0.3666666666666667
2020-21,Joe Harris,203925,7,31.0,22.0,1.0,0.615
2020-21,Joe Harris,203925,8,33.0,17.0,2.0,0.438
2020-21,Joe Harris,203925,9,35.666666666666664,14.333333333333334,2.3333333333333335,0.43333333333333335
2020-21,Joe Harris,203925,10,29.5,19.0,2.75,0.53525
2020-21,Joe Harris,203925,11,29.0,16.0,2.0,0.43900000000000006
2020-21,Joe Harris,203925,12,29.666666666666668,17.666666666666668,0.6666666666666666,0.5853333333333334
2020-21,Joe Harris,203925,14,25.0,15.0,3.0,0.462
2020-21,Joe Harris,203925,16,31.25,18.75,1.75,0.622
2020-21,Joe Harris,203925,17,27.0,13.333333333333334,1.6666666666666667,0.6236666666666667
2020-21,Joe Harris,203925,18,39.0,6.0,2.0,0.5
2020-21,Joe Harris,203925,19,31.5,17.5,3.0,0.5555
2020-21,Joe Harris,203925,20,25.0,14.0,2.0,0.714
2020-21,Joe Harris,203925,21,26.5,15.0,2.0,0.519
2020-21,Joe Harris,203925,22,36.0,19.0,1.0,0.636
2020-21,Joe Harris,203925,23,26.0,9.0,0.0,0.5
2020-21,Joe Harris,203925,25,22.0,14.0,4.0,0.667
2020-21,Joe Ingles,204060,-17,25.0,3.0,3.0,0.25
2020-21,Joe Ingles,204060,-16,32.0,5.0,4.0,0.286
2020-21,Joe Ingles,204060,-13,25.0,10.0,0.0,0.375
2020-21,Joe Ingles,204060,-12,29.0,12.0,4.0,0.357
2020-21,Joe Ingles,204060,-11,22.0,0.0,2.0,0.0
2020-21,Joe Ingles,204060,-10,22.0,7.0,2.0,0.333
2020-21,Joe Ingles,204060,-9,27.5,9.0,6.5,0.429
2020-21,Joe Ingles,204060,-6,22.0,9.0,1.0,1.0
2020-21,Joe Ingles,204060,-5,29.75,11.75,6.5,0.40449999999999997
2020-21,Joe Ingles,204060,-4,33.0,15.0,9.0,0.5
2020-21,Joe Ingles,204060,-3,27.5,9.5,3.0,0.279
2020-21,Joe Ingles,204060,-2,32.0,14.0,7.5,0.354
2020-21,Joe Ingles,204060,-1,37.0,3.0,7.0,0.111
2020-21,Joe Ingles,204060,0,26.666666666666668,6.666666666666667,3.0,0.4776666666666667
2020-21,Joe Ingles,204060,1,26.5,9.5,3.0,0.3145
2020-21,Joe Ingles,204060,2,29.0,22.5,2.5,0.603
2020-21,Joe Ingles,204060,3,27.0,20.0,4.0,0.649
2020-21,Joe Ingles,204060,4,25.5,7.5,5.0,0.38549999999999995
2020-21,Joe Ingles,204060,5,31.666666666666668,12.333333333333334,5.333333333333333,0.6156666666666667
2020-21,Joe Ingles,204060,6,31.0,12.5,5.0,0.47650000000000003
2020-21,Joe Ingles,204060,7,23.0,9.0,2.0,0.5
2020-21,Joe Ingles,204060,8,22.0,3.0,2.0,0.333
2020-21,Joe Ingles,204060,9,30.0,13.5,8.0,0.5275
2020-21,Joe Ingles,204060,10,25.5,12.0,8.0,0.657
2020-21,Joe Ingles,204060,11,30.333333333333332,13.666666666666666,6.333333333333333,0.4486666666666667
2020-21,Joe Ingles,204060,12,27.0,5.0,2.0,0.5
2020-21,Joe Ingles,204060,13,26.666666666666668,13.333333333333334,3.3333333333333335,0.596
2020-21,Joe Ingles,204060,14,26.0,14.0,7.0,0.5
2020-21,Joe Ingles,204060,15,24.5,17.0,2.5,0.5960000000000001
2020-21,Joe Ingles,204060,18,25.0,17.0,1.0,0.75
2020-21,Joe Ingles,204060,21,35.0,24.0,6.0,0.417
2020-21,Joe Ingles,204060,23,28.333333333333332,13.666666666666666,5.666666666666667,0.5279999999999999
2020-21,Joe Ingles,204060,25,31.0,17.0,7.0,0.538
2020-21,Joe Ingles,204060,26,24.0,13.0,7.0,0.571
2020-21,Joe Ingles,204060,27,31.0,20.0,6.0,0.545
2020-21,Joe Ingles,204060,30,32.0,8.0,6.0,0.429
2020-21,Joe Ingles,204060,32,30.0,21.0,6.0,0.636
2020-21,Joe Ingles,204060,34,25.0,14.0,7.0,0.455
2020-21,Joe Ingles,204060,35,21.0,17.0,2.0,0.667
2020-21,Joel Embiid,203954,-27,22.0,24.0,1.0,0.471
2020-21,Joel Embiid,203954,-23,33.0,37.0,1.0,0.667
2020-21,Joel Embiid,203954,-19,26.0,24.0,3.0,0.429
2020-21,Joel Embiid,203954,-17,25.0,6.0,1.0,0.333
2020-21,Joel Embiid,203954,-16,29.0,20.0,3.0,0.5
2020-21,Joel Embiid,203954,-6,32.0,28.0,8.0,0.381
2020-21,Joel Embiid,203954,-3,34.0,34.0,1.0,0.565
2020-21,Joel Embiid,203954,-2,35.0,32.0,2.0,0.5549999999999999
2020-21,Joel Embiid,203954,-1,34.5,32.0,2.0,0.374
2020-21,Joel Embiid,203954,0,32.0,38.0,4.0,0.609
2020-21,Joel Embiid,203954,2,35.0,18.0,2.0,0.231
2020-21,Joel Embiid,203954,4,32.25,24.75,3.75,0.46499999999999997
2020-21,Joel Embiid,203954,5,40.0,42.0,6.0,0.591
2020-21,Joel Embiid,203954,7,31.0,29.5,2.5,0.375
2020-21,Joel Embiid,203954,8,28.666666666666668,27.333333333333332,2.3333333333333335,0.48699999999999993
2020-21,Joel Embiid,203954,9,30.666666666666668,31.333333333333332,3.6666666666666665,0.5026666666666667
2020-21,Joel Embiid,203954,10,39.0,40.0,3.0,0.519
2020-21,Joel Embiid,203954,11,22.0,13.0,2.0,0.333
2020-21,Joel Embiid,203954,12,32.5,34.5,1.5,0.5605
2020-21,Joel Embiid,203954,13,32.5,35.5,2.0,0.6165
2020-21,Joel Embiid,203954,14,34.5,37.5,4.0,0.55
2020-21,Joel Embiid,203954,15,34.5,35.5,3.0,0.522
2020-21,Joel Embiid,203954,17,31.0,33.0,3.0,0.476
2020-21,Joel Embiid,203954,18,25.25,19.75,2.0,0.4845
2020-21,Joel Embiid,203954,19,28.333333333333332,25.0,3.0,0.69
2020-21,Joel Embiid,203954,20,28.0,24.0,2.0,0.429
2020-21,Joel Embiid,203954,21,26.0,37.0,3.0,0.526
2020-21,Joel Embiid,203954,22,27.0,32.333333333333336,4.333333333333333,0.6563333333333333
2020-21,Joel Embiid,203954,23,26.0,21.0,2.0,0.636
2020-21,Joel Embiid,203954,29,32.0,13.0,3.0,0.308
2020-21,John Collins,1628381,-35,23.0,9.0,1.0,0.273
2020-21,John Collins,1628381,-28,30.5,12.5,0.5,0.303
2020-21,John Collins,1628381,-15,28.0,21.0,2.0,0.727
2020-21,John Collins,1628381,-13,26.0,13.5,1.0,0.6025
2020-21,John Collins,1628381,-12,28.333333333333332,19.0,1.3333333333333333,0.5366666666666666
2020-21,John Collins,1628381,-11,36.0,18.0,2.0,0.412
2020-21,John Collins,1628381,-10,39.0,21.0,3.0,0.643
2020-21,John Collins,1628381,-9,26.0,11.0,1.0,0.364
2020-21,John Collins,1628381,-8,37.0,30.0,3.0,0.632
2020-21,John Collins,1628381,-7,31.0,25.0,0.0,0.579
2020-21,John Collins,1628381,-6,30.0,8.0,2.0,0.4
2020-21,John Collins,1628381,-5,29.5,14.0,0.0,0.5455
2020-21,John Collins,1628381,-4,26.0,17.0,1.0,0.5
2020-21,John Collins,1628381,-3,34.0,18.0,1.0,0.417
2020-21,John Collins,1628381,-2,39.0,35.0,1.0,0.762
2020-21,John Collins,1628381,0,28.666666666666668,15.333333333333334,0.6666666666666666,0.571
2020-21,John Collins,1628381,1,28.0,18.0,1.3333333333333333,0.5803333333333334
2020-21,John Collins,1628381,2,35.0,22.0,0.0,0.588
2020-21,John Collins,1628381,3,26.0,10.5,1.5,0.5675
2020-21,John Collins,1628381,4,33.0,14.5,2.5,0.4735
2020-21,John Collins,1628381,5,30.0,30.0,1.0,0.6
2020-21,John Collins,1628381,7,31.8,22.4,1.2,0.5526
2020-21,John Collins,1628381,9,27.0,12.333333333333334,1.6666666666666667,0.426
2020-21,John Collins,1628381,10,27.75,14.5,2.0,0.558
2020-21,John Collins,1628381,11,35.5,25.5,1.0,0.6275
2020-21,John Collins,1628381,13,30.0,13.0,1.0,0.5
2020-21,John Collins,1628381,14,25.0,15.0,1.0,0.364
2020-21,John Collins,1628381,15,27.0,13.0,0.0,0.444
2020-21,John Collins,1628381,16,32.0,28.0,1.0,0.714
2020-21,John Collins,1628381,17,30.0,17.0,0.0,0.6
2020-21,John Collins,1628381,18,36.0,25.0,1.0,0.6345000000000001
2020-21,John Collins,1628381,21,34.0,38.0,2.0,0.737
2020-21,John Collins,1628381,22,35.0,15.0,2.0,0.75
2020-21,John Collins,1628381,23,31.0,22.0,1.0,0.471
2020-21,John Collins,1628381,25,22.0,12.0,0.5,0.5075
2020-21,John Konchar,1629723,-24,23.0,2.0,0.0,0.0
2020-21,John Konchar,1629723,-17,28.0,7.0,2.0,0.5
2020-21,John Konchar,1629723,-4,21.0,15.0,1.0,0.714
2020-21,John Konchar,1629723,2,26.0,7.0,5.0,0.429
2020-21,John Konchar,1629723,3,22.0,9.0,5.0,0.571
2020-21,John Konchar,1629723,8,20.0,7.0,3.0,0.5
2020-21,John Konchar,1629723,11,20.0,5.0,1.0,0.667
2020-21,John Konchar,1629723,36,25.0,18.0,3.0,0.7
2020-21,John Wall,202322,-33,26.0,14.0,0.0,0.25
2020-21,John Wall,202322,-29,26.0,15.0,7.0,0.286
2020-21,John Wall,202322,-28,34.0,14.0,5.0,0.357
2020-21,John Wall,202322,-22,30.0,14.0,6.0,0.286
2020-21,John Wall,202322,-20,29.0,21.0,6.0,0.421
2020-21,John Wall,202322,-18,29.0,10.0,5.0,0.364
2020-21,John Wall,202322,-17,41.0,36.0,5.0,0.4
2020-21,John Wall,202322,-15,30.25,18.75,4.5,0.4105
2020-21,John Wall,202322,-14,28.0,21.0,7.0,0.438
2020-21,John Wall,202322,-13,35.666666666666664,19.666666666666668,5.666666666666667,0.36933333333333335
2020-21,John Wall,202322,-11,34.0,29.0,11.0,0.385
2020-21,John Wall,202322,-10,32.0,27.0,7.0,0.526
2020-21,John Wall,202322,-9,36.0,30.0,7.0,0.579
2020-21,John Wall,202322,-6,36.0,15.5,11.0,0.3125
2020-21,John Wall,202322,-4,34.333333333333336,25.333333333333332,6.333333333333333,0.45
2020-21,John Wall,202322,-2,36.0,21.0,12.0,0.429
2020-21,John Wall,202322,0,35.0,28.0,7.0,0.458
2020-21,John Wall,202322,3,30.666666666666668,21.0,6.0,0.46399999999999997
2020-21,John Wall,202322,6,37.0,25.5,10.0,0.399
2020-21,John Wall,202322,8,30.0,22.0,10.5,0.393
2020-21,John Wall,202322,9,21.0,18.0,5.0,0.583
2020-21,John Wall,202322,10,26.5,8.0,8.0,0.25
2020-21,John Wall,202322,11,30.0,21.5,7.5,0.348
2020-21,John Wall,202322,22,34.0,31.0,7.0,0.522
2020-21,John Wall,202322,26,28.0,14.0,4.0,0.455
2020-21,John Wall,202322,34,27.0,22.0,8.0,0.353
2020-21,Jonas Valanciunas,202685,-19,26.0,14.0,1.0,0.5
2020-21,Jonas Valanciunas,202685,-17,23.0,13.0,0.0,0.667
2020-21,Jonas Valanciunas,202685,-13,29.5,24.5,1.0,0.718
2020-21,Jonas Valanciunas,202685,-12,26.4,19.4,1.6,0.6336
2020-21,Jonas Valanciunas,202685,-10,29.333333333333332,17.0,2.0,0.532
2020-21,Jonas Valanciunas,202685,-9,29.0,11.0,0.0,0.278
2020-21,Jonas Valanciunas,202685,-8,27.5,14.5,1.5,0.5645
2020-21,Jonas Valanciunas,202685,-7,31.0,11.0,1.0,0.47750000000000004
2020-21,Jonas Valanciunas,202685,-6,24.5,14.5,3.0,0.55
2020-21,Jonas Valanciunas,202685,-5,27.0,17.0,3.0,0.545
2020-21,Jonas Valanciunas,202685,-4,28.5,12.5,1.5,0.5
2020-21,Jonas Valanciunas,202685,-3,24.0,11.5,1.5,0.4285
2020-21,Jonas Valanciunas,202685,0,29.75,18.0,2.0,0.64625
2020-21,Jonas Valanciunas,202685,1,30.75,17.75,2.75,0.588
2020-21,Jonas Valanciunas,202685,2,28.666666666666668,14.0,2.6666666666666665,0.47766666666666663
2020-21,Jonas Valanciunas,202685,4,31.5,25.5,2.0,0.623
2020-21,Jonas Valanciunas,202685,6,30.0,18.0,1.0,0.739
2020-21,Jonas Valanciunas,202685,7,30.0,11.0,3.0,0.5
2020-21,Jonas Valanciunas,202685,9,29.666666666666668,18.333333333333332,2.0,0.6103333333333333
2020-21,Jonas Valanciunas,202685,10,28.0,12.0,3.0,0.462
2020-21,Jonas Valanciunas,202685,11,25.0,17.0,2.0,0.7
2020-21,Jonas Valanciunas,202685,13,31.0,30.0,1.0,0.722
2020-21,Jonas Valanciunas,202685,14,27.0,20.0,2.0,0.75
2020-21,Jonas Valanciunas,202685,15,22.0,19.0,0.0,0.5
2020-21,Jonas Valanciunas,202685,17,27.857142857142858,19.285714285714285,2.2857142857142856,0.6368571428571429
2020-21,Jonas Valanciunas,202685,19,36.0,18.0,1.0,0.6
2020-21,Jonas Valanciunas,202685,21,34.0,26.0,2.0,0.8
2020-21,Jonas Valanciunas,202685,22,33.0,24.0,3.0,0.8
2020-21,Jonas Valanciunas,202685,27,25.0,16.0,1.0,0.727
2020-21,Jontay Porter,1629007,-1,21.0,7.0,0.0,1.0
2020-21,Jordan Bell,1628395,-22,31.0,4.0,5.0,0.222
2020-21,Jordan Bone,1629648,-27,28.0,8.0,2.0,0.5
2020-21,Jordan Bone,1629648,-24,27.0,7.0,4.0,0.375
2020-21,Jordan Bone,1629648,-13,26.0,9.0,0.0,0.5
2020-21,Jordan Bone,1629648,-8,20.0,0.0,1.0,0.0
2020-21,Jordan Clarkson,203903,-18,28.0,12.0,4.0,0.2
2020-21,Jordan Clarkson,203903,-17,35.0,41.0,0.0,0.485
2020-21,Jordan Clarkson,203903,-16,30.0,29.0,3.0,0.647
2020-21,Jordan Clarkson,203903,-15,27.0,19.0,0.0,0.529
2020-21,Jordan Clarkson,203903,-14,21.0,16.0,0.0,0.462
2020-21,Jordan Clarkson,203903,-12,24.0,11.0,4.0,0.24166666666666667
2020-21,Jordan Clarkson,203903,-6,29.666666666666668,16.333333333333332,1.3333333333333333,0.29133333333333333
2020-21,Jordan Clarkson,203903,-4,26.333333333333332,15.666666666666666,3.6666666666666665,0.3473333333333333
2020-21,Jordan Clarkson,203903,-3,26.5,15.0,1.5,0.4165
2020-21,Jordan Clarkson,203903,-2,26.0,24.0,0.0,0.364
2020-21,Jordan Clarkson,203903,-1,29.0,23.0,1.0,0.692
2020-21,Jordan Clarkson,203903,0,24.0,14.333333333333334,3.0,0.4056666666666667
2020-21,Jordan Clarkson,203903,1,27.333333333333332,19.666666666666668,4.333333333333333,0.4606666666666667
2020-21,Jordan Clarkson,203903,2,26.0,17.0,1.6666666666666667,0.5086666666666667
2020-21,Jordan Clarkson,203903,3,29.0,18.0,6.0,0.4
2020-21,Jordan Clarkson,203903,4,30.0,18.5,2.0,0.3715
2020-21,Jordan Clarkson,203903,5,23.0,12.5,2.0,0.4645
2020-21,Jordan Clarkson,203903,6,25.0,18.333333333333332,1.6666666666666667,0.37633333333333335
2020-21,Jordan Clarkson,203903,7,32.0,31.0,0.0,0.524
2020-21,Jordan Clarkson,203903,8,29.0,17.0,3.5,0.398
2020-21,Jordan Clarkson,203903,9,27.0,24.5,1.75,0.46
2020-21,Jordan Clarkson,203903,10,22.666666666666668,13.0,2.6666666666666665,0.3146666666666667
2020-21,Jordan Clarkson,203903,11,26.0,25.5,2.0,0.608
2020-21,Jordan Clarkson,203903,12,31.0,17.5,4.5,0.304
2020-21,Jordan Clarkson,203903,14,30.0,18.0,1.0,0.313
2020-21,Jordan Clarkson,203903,15,24.0,20.0,4.0,0.467
2020-21,Jordan Clarkson,203903,16,28.0,26.0,2.5,0.575
2020-21,Jordan Clarkson,203903,17,23.0,18.0,2.0,0.462
2020-21,Jordan Clarkson,203903,18,33.0,18.0,3.0,0.304
2020-21,Jordan Clarkson,203903,20,23.0,18.0,3.0,0.615
2020-21,Jordan Clarkson,203903,22,28.0,21.0,4.0,0.571
2020-21,Jordan Clarkson,203903,25,23.0,16.0,2.0,0.375
2020-21,Jordan Clarkson,203903,26,20.0,15.0,9.0,0.6
2020-21,Jordan Clarkson,203903,31,25.0,23.0,0.0,0.571
2020-21,Jordan McLaughlin,1629162,-23,23.0,4.0,4.0,0.286
2020-21,Jordan McLaughlin,1629162,-20,25.0,9.0,6.0,0.333
2020-21,Jordan McLaughlin,1629162,-10,20.0,2.0,3.0,0.25
2020-21,Jordan McLaughlin,1629162,-8,21.0,1.0,3.5,0.125
2020-21,Jordan McLaughlin,1629162,-7,22.0,6.0,4.0,0.286
2020-21,Jordan McLaughlin,1629162,-6,27.0,7.5,4.5,0.4145
2020-21,Jordan McLaughlin,1629162,-5,22.0,6.0,7.0,0.5
2020-21,Jordan McLaughlin,1629162,-4,32.5,11.0,4.5,0.5075
2020-21,Jordan McLaughlin,1629162,-3,21.0,6.5,4.5,0.4375
2020-21,Jordan McLaughlin,1629162,1,20.5,3.0,4.0,0.2
2020-21,Jordan McLaughlin,1629162,2,22.5,9.0,5.5,0.375
2020-21,Jordan McLaughlin,1629162,3,25.0,6.5,3.5,0.55
2020-21,Jordan McLaughlin,1629162,4,20.0,6.0,7.0,0.4
2020-21,Jordan McLaughlin,1629162,5,20.0,8.0,6.0,0.333
2020-21,Jordan McLaughlin,1629162,9,21.0,9.0,2.0,0.429
2020-21,Jordan Nwora,1629670,-14,36.0,21.0,2.0,0.389
2020-21,Jordan Nwora,1629670,-9,35.0,34.0,0.0,0.609
2020-21,Jordan Nwora,1629670,12,32.0,24.0,2.0,0.563
2020-21,Jordan Nwora,1629670,23,20.0,11.0,1.0,0.417
2020-21,Jordan Poole,1629673,-32,29.0,10.0,1.0,0.2
2020-21,Jordan Poole,1629673,-18,20.0,14.0,1.0,0.5
2020-21,Jordan Poole,1629673,-12,38.0,26.0,5.0,0.476
2020-21,Jordan Poole,1629673,-8,33.0,17.0,3.6666666666666665,0.38433333333333336
2020-21,Jordan Poole,1629673,-7,22.666666666666668,13.333333333333334,1.6666666666666667,0.3463333333333333
2020-21,Jordan Poole,1629673,0,34.0,25.0,2.0,0.667
2020-21,Jordan Poole,1629673,2,20.0,16.0,1.0,0.5
2020-21,Jordan Poole,1629673,3,26.333333333333332,21.666666666666668,3.6666666666666665,0.454
2020-21,Jordan Poole,1629673,4,23.0,17.5,4.5,0.481
2020-21,Jordan Poole,1629673,8,25.0,22.0,0.0,0.438
2020-21,Jordan Poole,1629673,10,20.0,20.0,0.0,0.6
2020-21,Jordan Poole,1629673,11,24.0,15.0,1.0,0.556
2020-21,Jordan Poole,1629673,12,33.0,16.0,1.0,0.6
2020-21,Jordan Poole,1629673,13,25.0,21.0,4.0,0.727
2020-21,Jordan Poole,1629673,14,24.0,17.0,4.0,0.385
2020-21,Jordan Poole,1629673,17,26.0,14.0,3.0,0.364
2020-21,Jordan Poole,1629673,19,24.0,23.0,2.0,0.5
2020-21,Jordan Poole,1629673,21,23.0,14.0,4.0,0.417
2020-21,Josh Green,1630182,-17,20.0,6.0,0.0,0.4
2020-21,Josh Green,1630182,0,32.0,4.0,1.0,0.25
2020-21,Josh Green,1630182,3,22.0,8.0,2.0,0.571
2020-21,Josh Green,1630182,7,20.0,4.0,1.0,0.333
2020-21,Josh Green,1630182,12,25.0,6.0,1.0,0.667
2020-21,Josh Green,1630182,17,23.0,4.0,3.0,0.5
2020-21,Josh Hall,1630221,-16,25.0,2.0,2.0,0.167
2020-21,Josh Hall,1630221,-12,22.0,2.0,2.0,0.0
2020-21,Josh Hall,1630221,-11,22.333333333333332,6.333333333333333,1.6666666666666667,0.31666666666666665
2020-21,Josh Hall,1630221,-9,21.0,10.0,1.0,0.5
2020-21,Josh Hall,1630221,1,22.0,7.0,0.0,0.429
2020-21,Josh Hall,1630221,9,42.0,25.0,2.0,0.524
2020-21,Josh Hall,1630221,17,20.0,5.0,4.0,0.0
2020-21,Josh Hart,1628404,-25,28.0,8.0,3.0,0.667
2020-21,Josh Hart,1628404,-22,25.0,5.0,3.0,0.25
2020-21,Josh Hart,1628404,-20,21.0,3.0,0.0,0.5
2020-21,Josh Hart,1628404,-16,27.0,1.0,1.0,0.0
2020-21,Josh Hart,1628404,-11,28.5,17.0,3.0,0.606
2020-21,Josh Hart,1628404,-10,33.0,9.0,1.5,0.4165
2020-21,Josh Hart,1628404,-9,31.333333333333332,8.0,2.6666666666666665,0.2916666666666667
2020-21,Josh Hart,1628404,-8,23.0,11.0,2.0,0.6
2020-21,Josh Hart,1628404,-7,25.333333333333332,8.333333333333334,1.3333333333333333,0.5666666666666667
2020-21,Josh Hart,1628404,-5,27.0,10.0,2.0,0.5
2020-21,Josh Hart,1628404,-4,23.0,8.0,4.0,0.571
2020-21,Josh Hart,1628404,-3,26.0,6.0,4.5,0.2915
2020-21,Josh Hart,1628404,-2,29.0,8.333333333333334,2.3333333333333335,0.34600000000000003
2020-21,Josh Hart,1628404,0,27.5,3.5,1.5,0.5
2020-21,Josh Hart,1628404,2,24.25,5.5,2.25,0.36775
2020-21,Josh Hart,1628404,3,34.666666666666664,10.333333333333334,2.0,0.3713333333333333
2020-21,Josh Hart,1628404,4,24.0,13.0,1.0,0.857
2020-21,Josh Hart,1628404,6,33.0,13.0,2.0,0.5
2020-21,Josh Hart,1628404,8,28.5,10.5,2.0,0.5125
2020-21,Josh Hart,1628404,9,27.0,9.5,3.0,0.4235
2020-21,Josh Hart,1628404,10,32.0,12.0,0.0,0.5
2020-21,Josh Hart,1628404,11,26.0,13.0,6.0,0.833
2020-21,Josh Hart,1628404,12,27.5,7.0,5.5,0.2775
2020-21,Josh Hart,1628404,18,36.0,17.0,0.0,0.5
2020-21,Josh Hart,1628404,19,31.0,13.0,1.5,0.4645
2020-21,Josh Hart,1628404,28,34.0,12.0,2.0,0.333
2020-21,Josh Hart,1628404,30,31.0,27.0,2.0,0.625
2020-21,Josh Jackson,1628367,-27,20.0,12.0,0.0,0.455
2020-21,Josh Jackson,1628367,-21,24.0,11.0,5.0,0.3
2020-21,Josh Jackson,1628367,-20,29.0,17.0,2.0,0.462
2020-21,Josh Jackson,1628367,-19,26.0,15.0,3.0,0.462
2020-21,Josh Jackson,1628367,-18,23.0,9.0,1.5,0.4165
2020-21,Josh Jackson,1628367,-16,29.0,17.0,3.0,0.429
2020-21,Josh Jackson,1628367,-15,33.5,8.0,5.0,0.21550000000000002
2020-21,Josh Jackson,1628367,-13,27.5,15.5,3.0,0.4285
2020-21,Josh Jackson,1628367,-11,23.0,5.0,3.0,0.222
2020-21,Josh Jackson,1628367,-10,27.25,17.75,2.0,0.4885
2020-21,Josh Jackson,1628367,-9,24.0,10.5,2.5,0.24150000000000002
2020-21,Josh Jackson,1628367,-8,20.5,8.0,2.0,0.361
2020-21,Josh Jackson,1628367,-6,25.0,14.5,1.5,0.3055
2020-21,Josh Jackson,1628367,-5,25.0,15.5,2.5,0.378
2020-21,Josh Jackson,1628367,-4,22.0,8.0,3.0,0.3
2020-21,Josh Jackson,1628367,-3,25.5,21.5,4.0,0.602
2020-21,Josh Jackson,1628367,-2,29.0,21.0,2.0,0.583
2020-21,Josh Jackson,1628367,-1,23.0,15.0,2.0,0.6
2020-21,Josh Jackson,1628367,0,30.0,12.0,2.0,0.375
2020-21,Josh Jackson,1628367,2,29.0,18.0,0.0,0.412
2020-21,Josh Jackson,1628367,3,26.0,8.0,1.0,0.333
2020-21,Josh Jackson,1628367,4,25.5,16.5,3.0,0.5355
2020-21,Josh Jackson,1628367,7,26.5,12.5,2.0,0.4455
2020-21,Josh Jackson,1628367,8,26.25,13.75,2.0,0.3875
2020-21,Josh Jackson,1628367,9,28.0,13.0,2.0,0.5
2020-21,Josh Jackson,1628367,10,28.0,14.0,1.0,0.429
2020-21,Josh Jackson,1628367,11,26.75,20.0,3.75,0.5325
2020-21,Josh Jackson,1628367,13,37.0,28.0,3.0,0.55
2020-21,Josh Jackson,1628367,14,20.0,9.0,2.0,0.3
2020-21,Josh Jackson,1628367,16,28.5,22.5,2.0,0.43799999999999994
2020-21,Josh Jackson,1628367,18,26.0,11.0,2.0,0.417
2020-21,Josh Okogie,1629006,-17,23.0,13.0,0.0,0.667
2020-21,Josh Okogie,1629006,-16,22.0,4.0,2.0,0.333
2020-21,Josh Okogie,1629006,-15,27.0,5.0,1.0,0.333
2020-21,Josh Okogie,1629006,-14,25.0,10.5,0.5,0.4285
2020-21,Josh Okogie,1629006,-13,20.0,3.0,2.0,0.5
2020-21,Josh Okogie,1629006,-12,22.0,3.0,2.0,0.167
2020-21,Josh Okogie,1629006,-9,24.0,6.5,1.5,0.0
2020-21,Josh Okogie,1629006,-7,21.0,6.0,0.0,0.5
2020-21,Josh Okogie,1629006,-4,28.0,9.0,2.0,0.625
2020-21,Josh Okogie,1629006,-3,37.0,16.0,1.0,0.545
2020-21,Josh Okogie,1629006,-2,20.0,6.0,0.0,0.6
2020-21,Josh Okogie,1629006,0,27.0,8.0,2.6666666666666665,0.488
2020-21,Josh Okogie,1629006,1,23.4,5.6,0.8,0.3524
2020-21,Josh Okogie,1629006,4,24.0,4.0,2.5,0.0835
2020-21,Josh Okogie,1629006,5,24.0,3.0,0.0,0.25
2020-21,Josh Okogie,1629006,7,21.5,6.5,0.5,0.55
2020-21,Josh Okogie,1629006,12,31.0,8.0,2.0,0.5
2020-21,Josh Okogie,1629006,13,21.0,7.0,0.0,0.6
2020-21,Josh Okogie,1629006,17,32.0,12.0,2.0,0.444
2020-21,Josh Okogie,1629006,20,26.0,11.0,1.0,1.0
2020-21,Josh Okogie,1629006,21,23.0,10.0,1.0,0.5
2020-21,Josh Okogie,1629006,25,23.0,4.0,4.0,0.0
2020-21,Josh Richardson,1626196,-25,31.0,6.0,5.0,0.222
2020-21,Josh Richardson,1626196,-24,31.0,13.0,0.0,0.455
2020-21,Josh Richardson,1626196,-23,26.0,4.0,2.0,0.1
2020-21,Josh Richardson,1626196,-22,27.0,7.0,1.0,0.333
2020-21,Josh Richardson,1626196,-20,30.0,6.0,2.0,0.375
2020-21,Josh Richardson,1626196,-17,35.0,27.0,6.0,0.667
2020-21,Josh Richardson,1626196,-14,28.25,8.75,2.75,0.40575
2020-21,Josh Richardson,1626196,-11,28.666666666666668,11.666666666666666,3.0,0.5096666666666666
2020-21,Josh Richardson,1626196,-10,30.333333333333332,9.666666666666666,3.0,0.262
2020-21,Josh Richardson,1626196,-9,33.333333333333336,14.666666666666666,1.6666666666666667,0.5126666666666667
2020-21,Josh Richardson,1626196,-7,27.5,13.0,1.5,0.3215
2020-21,Josh Richardson,1626196,-6,23.0,8.0,2.0,0.273
2020-21,Josh Richardson,1626196,-5,29.0,10.0,1.0,0.4
2020-21,Josh Richardson,1626196,-4,33.0,14.0,4.0,0.5
2020-21,Josh Richardson,1626196,-3,25.75,11.75,1.75,0.45725000000000005
2020-21,Josh Richardson,1626196,-2,28.5,7.5,2.5,0.2895
2020-21,Josh Richardson,1626196,-1,22.0,9.0,2.0,0.5
2020-21,Josh Richardson,1626196,0,35.0,14.0,2.0,0.273
2020-21,Josh Richardson,1626196,1,41.0,14.0,1.0,0.333
2020-21,Josh Richardson,1626196,2,34.5,10.0,2.5,0.22399999999999998
2020-21,Josh Richardson,1626196,3,32.0,13.0,2.0,0.5155000000000001
2020-21,Josh Richardson,1626196,4,36.0,24.0,4.0,0.563
2020-21,Josh Richardson,1626196,5,37.0,14.0,4.0,0.43900000000000006
2020-21,Josh Richardson,1626196,6,31.0,12.8,2.6,0.4274
2020-21,Josh Richardson,1626196,7,25.0,11.0,3.0,0.444
2020-21,Josh Richardson,1626196,9,29.0,11.0,4.0,0.364
2020-21,Josh Richardson,1626196,10,28.0,15.0,2.0,0.5715
2020-21,Josh Richardson,1626196,11,32.0,12.0,4.0,0.444
2020-21,Josh Richardson,1626196,15,29.0,16.5,1.5,0.5075000000000001
2020-21,Josh Richardson,1626196,16,38.0,14.0,2.0,0.556
2020-21,Josh Richardson,1626196,17,32.0,11.0,6.0,0.5
2020-21,Josh Richardson,1626196,22,25.0,15.0,3.5,0.593
2020-21,Josh Richardson,1626196,26,33.0,14.0,4.0,0.375
2020-21,Josh Richardson,1626196,29,29.0,21.0,4.0,0.727
2020-21,Jrue Holiday,201950,-24,34.0,13.0,3.0,0.375
2020-21,Jrue Holiday,201950,-15,38.0,22.0,7.0,0.556
2020-21,Jrue Holiday,201950,-13,33.0,29.0,5.0,0.611
2020-21,Jrue Holiday,201950,-12,32.5,22.0,6.5,0.607
2020-21,Jrue Holiday,201950,-11,30.0,17.0,4.5,0.5415
2020-21,Jrue Holiday,201950,-9,27.0,8.0,5.0,0.4
2020-21,Jrue Holiday,201950,-6,37.5,25.5,7.5,0.5515
2020-21,Jrue Holiday,201950,-5,34.333333333333336,22.0,4.333333333333333,0.4956666666666667
2020-21,Jrue Holiday,201950,-4,36.0,18.0,4.0,0.438
2020-21,Jrue Holiday,201950,-3,31.0,29.0,6.0,0.5
2020-21,Jrue Holiday,201950,-2,32.666666666666664,15.666666666666666,5.333333333333333,0.5630000000000001
2020-21,Jrue Holiday,201950,-1,34.666666666666664,17.0,5.0,0.4073333333333333
2020-21,Jrue Holiday,201950,0,35.0,13.0,3.0,0.375
2020-21,Jrue Holiday,201950,1,37.0,20.5,6.5,0.49650000000000005
2020-21,Jrue Holiday,201950,2,33.0,15.0,5.0,0.462
2020-21,Jrue Holiday,201950,3,31.0,18.666666666666668,6.666666666666667,0.5519999999999999
2020-21,Jrue Holiday,201950,4,36.0,12.0,5.0,0.4
2020-21,Jrue Holiday,201950,5,36.0,22.0,7.5,0.615
2020-21,Jrue Holiday,201950,7,37.0,33.0,11.0,0.609
2020-21,Jrue Holiday,201950,10,33.0,12.5,5.0,0.39049999999999996
2020-21,Jrue Holiday,201950,11,30.0,13.0,2.5,0.4445
2020-21,Jrue Holiday,201950,12,32.0,15.0,4.0,0.429
2020-21,Jrue Holiday,201950,14,33.0,20.0,10.0,0.471
2020-21,Jrue Holiday,201950,15,26.0,12.0,7.0,0.4
2020-21,Jrue Holiday,201950,16,36.0,14.333333333333334,6.333333333333333,0.4086666666666667
2020-21,Jrue Holiday,201950,17,33.0,20.0,8.0,0.412
2020-21,Jrue Holiday,201950,18,34.0,20.0,14.0,0.571
2020-21,Jrue Holiday,201950,20,34.0,12.0,11.0,0.417
2020-21,Jrue Holiday,201950,21,29.5,19.5,4.5,0.622
2020-21,Jrue Holiday,201950,22,25.0,20.0,8.0,0.571
2020-21,Jrue Holiday,201950,23,25.0,12.0,6.0,0.75
2020-21,Jrue Holiday,201950,26,29.666666666666668,20.666666666666668,9.666666666666666,0.5976666666666667
2020-21,Jrue Holiday,201950,27,25.5,17.5,5.5,0.522
2020-21,Jrue Holiday,201950,30,25.0,15.0,4.0,0.467
2020-21,Jrue Holiday,201950,31,29.0,16.0,7.0,0.412
2020-21,Jrue Holiday,201950,34,29.0,22.0,6.0,0.714
2020-21,Juan Toscano-Anderson,1629308,-27,20.0,2.0,4.0,0.333
2020-21,Juan Toscano-Anderson,1629308,-14,24.0,8.0,1.0,0.375
2020-21,Juan Toscano-Anderson,1629308,-9,28.0,8.0,2.0,0.667
2020-21,Juan Toscano-Anderson,1629308,-8,26.5,11.0,1.0,0.8335
2020-21,Juan Toscano-Anderson,1629308,-6,32.0,9.0,2.0,0.6
2020-21,Juan Toscano-Anderson,1629308,-4,26.5,11.0,4.0,0.8
2020-21,Juan Toscano-Anderson,1629308,-2,21.0,2.0,6.0,1.0
2020-21,Juan Toscano-Anderson,1629308,-1,33.0,2.0,2.0,1.0
2020-21,Juan Toscano-Anderson,1629308,0,24.0,2.0,3.0,1.0
2020-21,Juan Toscano-Anderson,1629308,1,25.0,3.0,4.0,0.333
2020-21,Juan Toscano-Anderson,1629308,2,33.0,14.0,4.0,0.75
2020-21,Juan Toscano-Anderson,1629308,3,31.0,10.0,5.0,0.625
2020-21,Juan Toscano-Anderson,1629308,4,31.0,7.0,7.0,0.7145
2020-21,Juan Toscano-Anderson,1629308,5,24.0,7.0,4.0,0.5
2020-21,Juan Toscano-Anderson,1629308,9,30.0,7.0,6.0,0.5
2020-21,Juan Toscano-Anderson,1629308,10,30.0,7.5,2.5,0.5355
2020-21,Juan Toscano-Anderson,1629308,11,20.0,9.0,2.0,0.4
2020-21,Juan Toscano-Anderson,1629308,12,31.0,12.0,5.0,0.556
2020-21,Juan Toscano-Anderson,1629308,14,25.5,7.5,3.5,0.512
2020-21,Juan Toscano-Anderson,1629308,15,23.5,8.0,5.0,0.7855
2020-21,Juan Toscano-Anderson,1629308,16,28.0,13.0,2.0,0.8
2020-21,Juan Toscano-Anderson,1629308,19,32.0,7.0,8.0,0.5
2020-21,Juan Toscano-Anderson,1629308,21,30.0,20.0,3.0,0.889
2020-21,Juan Toscano-Anderson,1629308,26,39.0,14.0,5.0,0.75
2020-21,Juan Toscano-Anderson,1629308,29,25.0,9.0,4.0,0.571
2020-21,Juancho Hernangomez,1627823,-23,35.0,17.0,1.0,0.556
2020-21,Juancho Hernangomez,1627823,-15,24.0,11.0,0.0,0.3
2020-21,Juancho Hernangomez,1627823,-13,21.0,12.0,0.0,0.375
2020-21,Juancho Hernangomez,1627823,-12,23.0,8.0,0.0,0.273
2020-21,Juancho Hernangomez,1627823,-7,23.0,12.0,1.5,0.5665
2020-21,Juancho Hernangomez,1627823,-5,20.0,3.0,0.0,0.167
2020-21,Juancho Hernangomez,1627823,-1,22.0,5.0,0.5,0.4165
2020-21,Juancho Hernangomez,1627823,0,23.0,10.0,0.0,0.5
2020-21,Juancho Hernangomez,1627823,3,27.5,19.5,2.0,0.5495
2020-21,Juancho Hernangomez,1627823,7,24.5,9.5,0.0,0.3705
2020-21,Juancho Hernangomez,1627823,8,23.0,9.0,0.0,0.5
2020-21,Juancho Hernangomez,1627823,16,27.5,14.5,1.5,0.5335000000000001
2020-21,Juancho Hernangomez,1627823,17,25.0,17.0,1.0,0.5
2020-21,Juancho Hernangomez,1627823,19,25.0,16.5,1.5,0.6499999999999999
2020-21,Julius Randle,203944,-23,33.0,24.0,4.0,0.5
2020-21,Julius Randle,203944,-21,33.666666666666664,22.666666666666668,5.666666666666667,0.4673333333333333
2020-21,Julius Randle,203944,-20,32.0,18.0,4.0,0.4775
2020-21,Julius Randle,203944,-19,28.0,7.0,6.0,0.273
2020-21,Julius Randle,203944,-18,34.666666666666664,14.666666666666666,7.0,0.3473333333333333
2020-21,Julius Randle,203944,-17,35.0,27.0,5.0,0.5
2020-21,Julius Randle,203944,-16,35.0,22.0,3.0,0.412
2020-21,Julius Randle,203944,-14,35.0,18.0,4.0,0.375
2020-21,Julius Randle,203944,-11,37.0,26.0,7.0,0.556
2020-21,Julius Randle,203944,-9,38.5,20.5,5.5,0.39549999999999996
2020-21,Julius Randle,203944,-7,43.0,31.0,5.0,0.423
2020-21,Julius Randle,203944,-5,36.25,22.75,6.25,0.46975
2020-21,Julius Randle,203944,-4,34.0,18.5,4.0,0.3055
2020-21,Julius Randle,203944,-2,30.0,18.0,7.0,0.533
2020-21,Julius Randle,203944,-1,37.75,29.25,5.75,0.49375
2020-21,Julius Randle,203944,0,38.0,21.75,8.25,0.3845
2020-21,Julius Randle,203944,1,41.333333333333336,24.666666666666668,7.333333333333333,0.40700000000000003
2020-21,Julius Randle,203944,2,41.0,30.5,6.0,0.513
2020-21,Julius Randle,203944,3,44.0,28.0,11.0,0.563
2020-21,Julius Randle,203944,5,43.0,28.0,9.0,0.579
2020-21,Julius Randle,203944,6,39.5,22.5,4.5,0.37675000000000003
2020-21,Julius Randle,203944,7,38.0,22.5,3.0,0.478
2020-21,Julius Randle,203944,9,34.5,19.5,10.5,0.45
2020-21,Julius Randle,203944,10,46.0,33.0,13.0,0.48
2020-21,Julius Randle,203944,11,38.25,26.75,4.25,0.46775
2020-21,Julius Randle,203944,12,37.0,29.0,7.0,0.471
2020-21,Julius Randle,203944,14,39.0,23.0,7.75,0.46125000000000005
2020-21,Julius Randle,203944,15,38.5,24.5,3.5,0.327
2020-21,Julius Randle,203944,16,42.0,27.0,7.0,0.579
2020-21,Julius Randle,203944,17,34.0,33.0,5.0,0.5866666666666667
2020-21,Julius Randle,203944,18,40.0,16.0,7.0,0.313
2020-21,Julius Randle,203944,19,39.0,26.0,12.0,0.533
2020-21,Julius Randle,203944,21,36.666666666666664,32.0,3.6666666666666665,0.54
2020-21,Julius Randle,203944,25,34.5,29.5,5.0,0.474
2020-21,Julius Randle,203944,29,31.0,20.0,4.0,0.5
2020-21,Justin Holiday,203200,-32,23.0,3.0,1.0,0.1
2020-21,Justin Holiday,203200,-31,29.0,9.0,1.0,0.231
2020-21,Justin Holiday,203200,-25,23.0,5.0,2.0,0.5
2020-21,Justin Holiday,203200,-19,41.0,15.0,1.0,0.357
2020-21,Justin Holiday,203200,-18,27.0,8.0,1.5,0.2775
2020-21,Justin Holiday,203200,-16,34.0,15.0,1.0,0.462
2020-21,Justin Holiday,203200,-15,20.0,4.0,1.0,0.143
2020-21,Justin Holiday,203200,-14,29.5,17.0,2.0,0.522
2020-21,Justin Holiday,203200,-13,28.0,7.0,1.5,0.3875
2020-21,Justin Holiday,203200,-12,33.0,12.5,2.0,0.5
2020-21,Justin Holiday,203200,-10,32.0,16.25,2.5,0.504
2020-21,Justin Holiday,203200,-9,34.5,10.5,2.0,0.3705
2020-21,Justin Holiday,203200,-7,24.5,8.0,0.5,0.381
2020-21,Justin Holiday,203200,-6,24.5,4.0,1.5,0.2575
2020-21,Justin Holiday,203200,-5,31.25,7.75,1.0,0.31
2020-21,Justin Holiday,203200,-4,32.5,12.5,2.5,0.411
2020-21,Justin Holiday,203200,-3,30.2,7.2,0.4,0.321
2020-21,Justin Holiday,203200,-2,28.5,10.5,0.5,0.607
2020-21,Justin Holiday,203200,-1,31.0,8.0,1.6666666666666667,0.34600000000000003
2020-21,Justin Holiday,203200,3,33.0,11.666666666666666,2.0,0.40399999999999997
2020-21,Justin Holiday,203200,4,29.8,8.6,1.8,0.49879999999999997
2020-21,Justin Holiday,203200,6,30.0,5.0,1.0,0.333
2020-21,Justin Holiday,203200,7,26.0,16.0,2.0,0.6
2020-21,Justin Holiday,203200,8,29.0,11.0,1.25,0.51275
2020-21,Justin Holiday,203200,9,30.0,7.0,0.0,0.222
2020-21,Justin Holiday,203200,10,30.0,16.666666666666668,2.3333333333333335,0.524
2020-21,Justin Holiday,203200,11,44.0,9.0,5.0,0.333
2020-21,Justin Holiday,203200,14,34.5,13.5,2.5,0.521
2020-21,Justin Holiday,203200,15,35.0,11.0,4.0,0.333
2020-21,Justin Holiday,203200,17,26.5,12.5,3.5,0.48450000000000004
2020-21,Justin Holiday,203200,18,34.5,14.5,2.0,0.375
2020-21,Justin Holiday,203200,22,31.0,20.0,0.0,0.667
2020-21,Justin Holiday,203200,24,29.0,13.5,1.5,0.5835
2020-21,Justin Holiday,203200,37,20.0,9.0,4.0,0.75
2020-21,Justin Jackson,1628382,-12,30.0,7.0,2.0,0.333
2020-21,Justin Jackson,1628382,-10,29.0,8.0,3.0,0.5
2020-21,Justin Jackson,1628382,-4,26.0,14.0,2.0,0.6
2020-21,Justin Jackson,1628382,-3,21.0,4.0,2.0,0.2
2020-21,Justin Jackson,1628382,0,33.0,22.0,5.0,0.563
2020-21,Justin Jackson,1628382,2,27.0,14.5,3.5,0.54
2020-21,Justin Jackson,1628382,4,32.0,9.0,1.0,0.333
2020-21,Justin Jackson,1628382,9,24.0,12.0,3.0,0.357
2020-21,Justin Jackson,1628382,11,29.0,4.0,2.0,0.222
2020-21,Justin Jackson,1628382,13,22.0,10.0,0.0,0.4
2020-21,Justin James,1629713,2,25.0,16.0,2.0,0.385
2020-21,Justin James,1629713,6,32.0,31.0,2.0,0.706
2020-21,Justin Patton,1628383,-20,26.0,10.0,0.0,0.667
2020-21,Justin Patton,1628383,-19,24.0,0.0,1.0,0.0
2020-21,Justin Patton,1628383,-11,23.0,7.0,2.0,0.3
2020-21,Justin Patton,1628383,-10,31.0,6.0,1.0,0.286
2020-21,Justin Patton,1628383,-6,26.0,10.0,4.0,0.571
2020-21,Justin Patton,1628383,-5,29.0,13.0,1.0,0.6
2020-21,Justin Patton,1628383,8,21.0,4.0,0.0,0.333
2020-21,Justin Robinson,1629620,3,23.0,9.0,2.0,0.429
2020-21,Justise Winslow,1626159,-23,21.0,9.0,0.0,0.214
2020-21,Justise Winslow,1626159,-17,20.0,4.0,0.0,0.222
2020-21,Justise Winslow,1626159,-13,20.0,6.0,4.0,0.333
2020-21,Justise Winslow,1626159,-10,21.0,9.0,3.0,0.4
2020-21,Justise Winslow,1626159,-9,23.0,7.0,1.0,0.333
2020-21,Justise Winslow,1626159,-7,21.0,9.0,4.0,0.308
2020-21,Justise Winslow,1626159,-1,31.5,14.0,3.0,0.287
2020-21,Justise Winslow,1626159,1,20.0,10.0,2.0,0.556
2020-21,Justise Winslow,1626159,3,23.0,6.0,2.0,0.273
2020-21,Justise Winslow,1626159,7,21.0,6.0,5.0,0.5
2020-21,Justise Winslow,1626159,11,21.0,8.0,4.0,0.571
2020-21,Justise Winslow,1626159,13,21.0,9.0,1.0,0.5
2020-21,Justise Winslow,1626159,23,20.0,20.0,2.0,0.667
2020-21,Jusuf Nurkic,203994,-21,22.0,4.0,1.0,0.5
2020-21,Jusuf Nurkic,203994,-14,23.0,7.0,3.0,0.3
2020-21,Jusuf Nurkic,203994,-11,22.0,7.5,4.0,0.5155000000000001
2020-21,Jusuf Nurkic,203994,-10,21.0,11.0,3.0,0.42100000000000004
2020-21,Jusuf Nurkic,203994,-7,24.0,8.333333333333334,3.0,0.34833333333333333
2020-21,Jusuf Nurkic,203994,-5,25.0,10.0,3.0,0.714
2020-21,Jusuf Nurkic,203994,-4,28.0,8.0,6.0,0.273
2020-21,Jusuf Nurkic,203994,-3,26.0,10.0,4.5,0.5625
2020-21,Jusuf Nurkic,203994,-1,25.0,23.0,1.0,0.75
2020-21,Jusuf Nurkic,203994,1,25.0,16.5,1.5,0.675
2020-21,Jusuf Nurkic,203994,3,28.666666666666668,10.0,5.0,0.34766666666666673
2020-21,Jusuf Nurkic,203994,4,23.0,12.0,2.0,0.5
2020-21,Jusuf Nurkic,203994,9,24.5,21.5,5.0,0.633
2020-21,Jusuf Nurkic,203994,10,34.0,12.0,6.0,0.455
2020-21,Jusuf Nurkic,203994,12,20.0,20.0,2.0,0.8
2020-21,Jusuf Nurkic,203994,13,21.0,15.0,0.0,0.5
2020-21,Jusuf Nurkic,203994,14,28.0,22.0,5.0,0.714
2020-21,Jusuf Nurkic,203994,15,20.0,6.0,4.0,0.5
2020-21,Jusuf Nurkic,203994,18,23.0,17.0,2.0,0.8
2020-21,Jusuf Nurkic,203994,19,25.0,8.0,7.0,0.667
2020-21,Jusuf Nurkic,203994,24,28.0,14.0,4.0,0.6
2020-21,Jusuf Nurkic,203994,25,23.0,10.0,5.0,0.5
2020-21,Juwan Morgan,1629752,6,20.0,12.0,1.0,0.625
2020-21,KZ Okpala,1629644,-21,25.0,1.0,2.0,0.0
2020-21,KZ Okpala,1629644,-15,27.0,16.0,1.0,0.667
2020-21,KZ Okpala,1629644,-14,20.0,0.0,1.0,0.0
2020-21,KZ Okpala,1629644,-10,22.0,3.0,1.0,0.111
2020-21,KZ Okpala,1629644,-5,27.0,3.0,0.0,0.25
2020-21,KZ Okpala,1629644,-4,21.0,3.0,1.0,0.333
2020-21,KZ Okpala,1629644,-1,23.0,5.0,1.0,0.5
2020-21,KZ Okpala,1629644,2,22.0,8.0,0.0,0.5
2020-21,KZ Okpala,1629644,4,25.0,4.0,1.0,0.667
2020-21,KZ Okpala,1629644,9,33.0,17.0,2.0,0.667
2020-21,KZ Okpala,1629644,11,20.0,2.0,1.0,0.5
2020-21,KZ Okpala,1629644,14,24.0,5.0,0.0,0.4
2020-21,Karim Mane,1630211,-20,21.0,2.0,1.0,0.0
2020-21,Karl-Anthony Towns,1626157,-29,24.0,16.0,5.0,0.333
2020-21,Karl-Anthony Towns,1626157,-27,32.0,16.0,3.0,0.429
2020-21,Karl-Anthony Towns,1626157,-21,32.0,26.0,6.0,0.412
2020-21,Karl-Anthony Towns,1626157,-18,37.0,30.0,1.0,0.421
2020-21,Karl-Anthony Towns,1626157,-14,33.0,22.0,6.0,0.4
2020-21,Karl-Anthony Towns,1626157,-11,34.5,27.0,1.5,0.595
2020-21,Karl-Anthony Towns,1626157,-10,31.0,26.5,4.5,0.5
2020-21,Karl-Anthony Towns,1626157,-8,37.0,25.0,4.0,0.529
2020-21,Karl-Anthony Towns,1626157,-7,35.0,26.0,11.0,0.526
2020-21,Karl-Anthony Towns,1626157,-6,33.333333333333336,21.5,3.3333333333333335,0.45133333333333336
2020-21,Karl-Anthony Towns,1626157,-5,33.0,27.0,4.0,0.636
2020-21,Karl-Anthony Towns,1626157,-4,36.5,30.5,6.0,0.5
2020-21,Karl-Anthony Towns,1626157,-3,32.5,29.5,3.0,0.5355
2020-21,Karl-Anthony Towns,1626157,0,38.0,32.0,3.0,0.474
2020-21,Karl-Anthony Towns,1626157,1,31.0,25.0,4.0,0.5236666666666666
2020-21,Karl-Anthony Towns,1626157,2,34.0,19.0,4.5,0.572
2020-21,Karl-Anthony Towns,1626157,3,36.0,17.5,7.5,0.4445
2020-21,Karl-Anthony Towns,1626157,4,39.5,40.0,6.5,0.5515
2020-21,Karl-Anthony Towns,1626157,5,34.0,25.0,3.0,0.471
2020-21,Karl-Anthony Towns,1626157,7,36.0,26.0,5.0,0.529
2020-21,Karl-Anthony Towns,1626157,8,33.0,20.0,3.0,0.727
2020-21,Karl-Anthony Towns,1626157,9,33.42857142857143,25.142857142857142,5.571428571428571,0.497
2020-21,Karl-Anthony Towns,1626157,11,29.5,19.0,5.0,0.45799999999999996
2020-21,Karl-Anthony Towns,1626157,12,30.0,24.0,5.0,0.5
2020-21,Karl-Anthony Towns,1626157,14,31.0,23.0,5.0,0.5
2020-21,Karl-Anthony Towns,1626157,16,28.0,16.0,1.0,0.368
2020-21,Karl-Anthony Towns,1626157,32,30.5,27.5,4.5,0.526
2020-21,Kawhi Leonard,202695,-26,29.0,23.0,2.0,0.692
2020-21,Kawhi Leonard,202695,-14,38.0,24.0,4.0,0.455
2020-21,Kawhi Leonard,202695,-13,31.0,17.0,7.0,0.429
2020-21,Kawhi Leonard,202695,-11,34.0,15.0,3.0,0.19
2020-21,Kawhi Leonard,202695,-9,36.5,28.5,4.5,0.419
2020-21,Kawhi Leonard,202695,-8,36.0,20.0,7.0,0.429
2020-21,Kawhi Leonard,202695,-7,36.0,26.5,4.0,0.488
2020-21,Kawhi Leonard,202695,-6,35.0,24.5,2.5,0.38749999999999996
2020-21,Kawhi Leonard,202695,-3,38.0,35.0,4.0,0.636
2020-21,Kawhi Leonard,202695,-2,30.0,16.0,6.0,0.583
2020-21,Kawhi Leonard,202695,-1,36.5,26.5,3.5,0.44299999999999995
2020-21,Kawhi Leonard,202695,1,33.5,25.5,4.0,0.478
2020-21,Kawhi Leonard,202695,2,37.0,31.0,2.0,0.476
2020-21,Kawhi Leonard,202695,4,32.0,33.0,3.0,0.667
2020-21,Kawhi Leonard,202695,7,39.0,33.0,5.0,0.5
2020-21,Kawhi Leonard,202695,8,36.0,26.0,6.5,0.5355
2020-21,Kawhi Leonard,202695,9,31.0,22.0,3.0,0.5
2020-21,Kawhi Leonard,202695,10,36.333333333333336,28.333333333333332,7.0,0.5196666666666666
2020-21,Kawhi Leonard,202695,11,30.0,20.0,5.0,0.6
2020-21,Kawhi Leonard,202695,12,35.0,25.5,6.0,0.5025
2020-21,Kawhi Leonard,202695,13,33.0,25.0,7.0,0.5635
2020-21,Kawhi Leonard,202695,14,36.75,26.75,7.25,0.55175
2020-21,Kawhi Leonard,202695,15,31.0,16.0,9.0,0.556
2020-21,Kawhi Leonard,202695,18,34.0,32.0,5.0,0.591
2020-21,Kawhi Leonard,202695,19,32.0,22.5,4.0,0.5740000000000001
2020-21,Kawhi Leonard,202695,20,32.0,15.0,4.5,0.481
2020-21,Kawhi Leonard,202695,21,31.0,17.0,7.0,0.48850000000000005
2020-21,Kawhi Leonard,202695,22,32.0,25.0,3.0,0.75
2020-21,Kawhi Leonard,202695,23,30.0,27.666666666666668,6.0,0.5373333333333333
2020-21,Kawhi Leonard,202695,25,33.5,30.0,4.0,0.5815
2020-21,Kawhi Leonard,202695,27,31.0,28.0,4.0,0.588
2020-21,Kawhi Leonard,202695,30,22.0,15.0,8.0,0.545
2020-21,Kawhi Leonard,202695,31,27.0,27.0,6.0,0.667
2020-21,Keita Bates-Diop,1628966,-10,29.0,8.0,2.0,0.444
2020-21,Kelan Martin,1629103,5,26.0,15.0,1.0,0.667
2020-21,Kelan Martin,1629103,11,26.0,12.0,1.0,0.385
2020-21,Kelan Martin,1629103,15,25.0,25.0,0.0,0.688
2020-21,Keldon Johnson,1629640,-30,25.0,18.0,0.0,0.545
2020-21,Keldon Johnson,1629640,-20,26.0,11.0,1.6666666666666667,0.37033333333333335
2020-21,Keldon Johnson,1629640,-17,27.25,11.75,1.25,0.33875
2020-21,Keldon Johnson,1629640,-16,25.25,9.75,2.5,0.35325
2020-21,Keldon Johnson,1629640,-14,27.833333333333332,11.833333333333334,2.1666666666666665,0.45199999999999996
2020-21,Keldon Johnson,1629640,-12,32.5,27.5,1.5,0.6930000000000001
2020-21,Keldon Johnson,1629640,-11,24.0,6.0,1.5,0.4
2020-21,Keldon Johnson,1629640,-10,24.0,12.0,0.5,0.4165
2020-21,Keldon Johnson,1629640,-9,28.0,13.0,1.0,0.556
2020-21,Keldon Johnson,1629640,-7,24.0,10.0,0.0,0.571
2020-21,Keldon Johnson,1629640,-6,27.0,16.0,2.0,0.5
2020-21,Keldon Johnson,1629640,-4,29.0,12.25,3.5,0.40975
2020-21,Keldon Johnson,1629640,-3,22.0,11.0,0.0,0.556
2020-21,Keldon Johnson,1629640,-2,26.0,7.5,1.0,0.45
2020-21,Keldon Johnson,1629640,-1,28.0,13.0,2.0,0.5
2020-21,Keldon Johnson,1629640,0,39.0,14.0,1.0,0.667
2020-21,Keldon Johnson,1629640,1,38.0,19.5,1.5,0.6295
2020-21,Keldon Johnson,1629640,2,31.5,14.0,1.5,0.488
2020-21,Keldon Johnson,1629640,3,28.166666666666668,11.166666666666666,2.5,0.4725
2020-21,Keldon Johnson,1629640,4,31.333333333333332,15.333333333333334,2.0,0.532
2020-21,Keldon Johnson,1629640,5,28.0,11.5,0.5,0.5555
2020-21,Keldon Johnson,1629640,6,28.0,9.0,2.0,0.308
2020-21,Keldon Johnson,1629640,7,26.0,15.0,2.0,0.6
2020-21,Keldon Johnson,1629640,8,31.0,14.5,1.5,0.5215000000000001
2020-21,Keldon Johnson,1629640,9,28.0,7.333333333333333,3.0,0.3293333333333333
2020-21,Keldon Johnson,1629640,11,31.0,18.0,3.0,0.5
2020-21,Keldon Johnson,1629640,12,31.5,15.5,1.0,0.487
2020-21,Keldon Johnson,1629640,14,30.0,20.0,0.0,0.7
2020-21,Keldon Johnson,1629640,15,26.0,11.0,1.0,0.5
2020-21,Keldon Johnson,1629640,17,27.0,14.0,2.0,0.6
2020-21,Keldon Johnson,1629640,18,29.0,17.0,1.0,0.636
2020-21,Keldon Johnson,1629640,23,27.0,20.0,1.0,0.727
2020-21,Keldon Johnson,1629640,26,29.0,10.0,2.0,0.333
2020-21,Kelly Olynyk,203482,-33,32.0,13.0,3.0,0.545
2020-21,Kelly Olynyk,203482,-30,34.0,21.0,11.0,0.364
2020-21,Kelly Olynyk,203482,-28,24.0,5.0,2.0,0.2
2020-21,Kelly Olynyk,203482,-27,23.0,10.0,0.0,0.571
2020-21,Kelly Olynyk,203482,-25,24.0,3.0,2.0,0.25
2020-21,Kelly Olynyk,203482,-20,24.0,14.0,4.0,0.714
2020-21,Kelly Olynyk,203482,-19,31.5,8.5,0.0,0.27849999999999997
2020-21,Kelly Olynyk,203482,-17,26.666666666666668,9.0,1.3333333333333333,0.337
2020-21,Kelly Olynyk,203482,-16,29.5,14.0,1.5,0.625
2020-21,Kelly Olynyk,203482,-12,27.0,14.5,4.5,0.375
2020-21,Kelly Olynyk,203482,-10,24.0,9.0,0.0,0.444
2020-21,Kelly Olynyk,203482,-9,28.666666666666668,14.666666666666666,2.0,0.47733333333333333
2020-21,Kelly Olynyk,203482,-8,35.0,17.5,4.5,0.469
2020-21,Kelly Olynyk,203482,-7,33.0,26.0,3.0,0.529
2020-21,Kelly Olynyk,203482,-6,23.0,16.0,4.0,0.273
2020-21,Kelly Olynyk,203482,-5,27.0,15.333333333333334,6.333333333333333,0.4223333333333333
2020-21,Kelly Olynyk,203482,-4,23.0,10.0,1.5,0.5355
2020-21,Kelly Olynyk,203482,-3,33.0,15.75,2.0,0.55375
2020-21,Kelly Olynyk,203482,-1,31.0,20.0,11.0,0.429
2020-21,Kelly Olynyk,203482,1,21.0,10.0,4.0,0.5
2020-21,Kelly Olynyk,203482,2,25.333333333333332,20.333333333333332,2.3333333333333335,0.634
2020-21,Kelly Olynyk,203482,3,26.5,12.5,3.5,0.48350000000000004
2020-21,Kelly Olynyk,203482,5,32.5,19.75,3.75,0.50525
2020-21,Kelly Olynyk,203482,6,38.0,24.0,4.0,0.529
2020-21,Kelly Olynyk,203482,7,29.5,12.0,2.5,0.41300000000000003
2020-21,Kelly Olynyk,203482,8,27.5,11.5,4.0,0.361
2020-21,Kelly Olynyk,203482,9,28.0,8.0,2.0,0.3
2020-21,Kelly Olynyk,203482,10,27.5,9.0,2.5,0.3885
2020-21,Kelly Olynyk,203482,11,32.5,13.0,1.0,0.393
2020-21,Kelly Olynyk,203482,12,33.333333333333336,17.666666666666668,3.0,0.5663333333333334
2020-21,Kelly Olynyk,203482,14,26.5,7.5,3.5,0.322
2020-21,Kelly Olynyk,203482,16,28.0,15.0,4.0,0.5
2020-21,Kelly Olynyk,203482,18,23.5,18.0,1.0,0.764
2020-21,Kelly Olynyk,203482,19,33.0,19.0,3.5,0.7875
2020-21,Kelly Olynyk,203482,21,29.5,16.5,4.0,0.5815
2020-21,Kelly Oubre Jr.,1626162,-41,23.0,10.0,0.0,0.2
2020-21,Kelly Oubre Jr.,1626162,-29,24.0,5.0,1.0,0.25
2020-21,Kelly Oubre Jr.,1626162,-28,26.5,9.0,1.5,0.385
2020-21,Kelly Oubre Jr.,1626162,-25,23.5,9.0,1.0,0.3705
2020-21,Kelly Oubre Jr.,1626162,-24,25.0,14.0,1.0,0.6
2020-21,Kelly Oubre Jr.,1626162,-22,31.0,17.0,2.0,0.4
2020-21,Kelly Oubre Jr.,1626162,-20,28.0,10.0,0.0,0.333
2020-21,Kelly Oubre Jr.,1626162,-19,30.0,13.5,1.0,0.404
2020-21,Kelly Oubre Jr.,1626162,-17,25.0,4.0,1.0,0.091
2020-21,Kelly Oubre Jr.,1626162,-13,33.5,15.0,2.5,0.39849999999999997
2020-21,Kelly Oubre Jr.,1626162,-11,28.0,13.5,1.0,0.38949999999999996
2020-21,Kelly Oubre Jr.,1626162,-8,31.0,11.0,1.5,0.3745
2020-21,Kelly Oubre Jr.,1626162,-7,33.25,19.25,1.25,0.4125
2020-21,Kelly Oubre Jr.,1626162,-6,24.0,20.0,3.0,0.778
2020-21,Kelly Oubre Jr.,1626162,-5,36.0,26.0,1.0,0.556
2020-21,Kelly Oubre Jr.,1626162,-4,32.0,13.0,2.0,0.38999999999999996
2020-21,Kelly Oubre Jr.,1626162,-1,35.0,19.0,1.0,0.5
2020-21,Kelly Oubre Jr.,1626162,1,30.0,16.0,0.0,0.364
2020-21,Kelly Oubre Jr.,1626162,3,31.0,19.0,0.0,0.471
2020-21,Kelly Oubre Jr.,1626162,4,39.0,23.5,2.5,0.5854999999999999
2020-21,Kelly Oubre Jr.,1626162,5,35.75,20.75,1.5,0.475
2020-21,Kelly Oubre Jr.,1626162,6,29.0,17.0,2.0,0.545
2020-21,Kelly Oubre Jr.,1626162,7,35.0,18.0,0.0,0.421
2020-21,Kelly Oubre Jr.,1626162,8,25.0,11.5,0.0,0.4665
2020-21,Kelly Oubre Jr.,1626162,9,30.0,8.0,0.0,0.188
2020-21,Kelly Oubre Jr.,1626162,10,34.0,17.0,0.0,0.5025000000000001
2020-21,Kelly Oubre Jr.,1626162,13,27.0,14.0,4.0,0.444
2020-21,Kelly Oubre Jr.,1626162,14,32.666666666666664,11.666666666666666,1.3333333333333333,0.33866666666666667
2020-21,Kelly Oubre Jr.,1626162,18,36.0,40.0,2.0,0.667
2020-21,Kelly Oubre Jr.,1626162,19,32.0,23.0,3.0,0.563
2020-21,Kelly Oubre Jr.,1626162,21,25.0,18.0,2.0,0.462
2020-21,Kelly Oubre Jr.,1626162,23,37.0,27.0,3.0,0.733
2020-21,Kelly Oubre Jr.,1626162,24,27.0,18.0,1.0,0.571
2020-21,Kelly Oubre Jr.,1626162,25,25.0,14.0,1.0,0.429
2020-21,Kemba Walker,202689,-21,28.0,19.0,5.0,0.5
2020-21,Kemba Walker,202689,-19,29.0,25.0,2.0,0.5
2020-21,Kemba Walker,202689,-17,29.0,20.0,4.0,0.412
2020-21,Kemba Walker,202689,-16,29.333333333333332,11.666666666666666,3.6666666666666665,0.25566666666666665
2020-21,Kemba Walker,202689,-13,35.0,14.0,6.0,0.429
2020-21,Kemba Walker,202689,-12,36.0,16.0,7.0,0.333
2020-21,Kemba Walker,202689,-8,33.0,20.0,4.0,0.301
2020-21,Kemba Walker,202689,-7,34.0,11.0,2.0,0.417
2020-21,Kemba Walker,202689,-6,35.0,23.0,6.0,0.5
2020-21,Kemba Walker,202689,-5,32.0,16.5,4.5,0.4115
2020-21,Kemba Walker,202689,-4,35.0,33.0,3.0,0.455
2020-21,Kemba Walker,202689,-2,33.0,14.0,6.0,0.4
2020-21,Kemba Walker,202689,-1,21.0,19.0,6.0,0.4
2020-21,Kemba Walker,202689,1,37.0,22.0,6.0,0.368
2020-21,Kemba Walker,202689,3,34.75,25.75,5.0,0.4655
2020-21,Kemba Walker,202689,4,33.333333333333336,16.666666666666668,6.0,0.338
2020-21,Kemba Walker,202689,6,35.25,24.5,5.0,0.48225
2020-21,Kemba Walker,202689,9,31.5,20.0,4.0,0.377
2020-21,Kemba Walker,202689,10,39.0,17.0,9.0,0.357
2020-21,Kemba Walker,202689,13,31.0,21.0,5.0,0.375
2020-21,Kemba Walker,202689,14,26.0,14.0,5.5,0.39049999999999996
2020-21,Kemba Walker,202689,16,24.0,12.0,7.0,0.571
2020-21,Kemba Walker,202689,18,31.0,14.0,4.0,0.455
2020-21,Kemba Walker,202689,21,29.0,21.0,3.0,0.417
2020-21,Kemba Walker,202689,24,28.0,11.0,8.0,0.5
2020-21,Kemba Walker,202689,25,28.0,32.0,4.0,0.611
2020-21,Kemba Walker,202689,26,33.0,28.0,6.0,0.625
2020-21,Kemba Walker,202689,30,23.0,21.0,4.0,0.583
2020-21,Kendrick Nunn,1629134,-28,30.0,15.0,6.0,0.353
2020-21,Kendrick Nunn,1629134,-27,38.0,22.0,5.0,0.5
2020-21,Kendrick Nunn,1629134,-19,33.0,12.5,2.5,0.3035
2020-21,Kendrick Nunn,1629134,-17,21.0,6.0,1.0,0.333
2020-21,Kendrick Nunn,1629134,-16,38.0,17.0,1.0,0.438
2020-21,Kendrick Nunn,1629134,-14,33.5,20.5,0.5,0.5845
2020-21,Kendrick Nunn,1629134,-9,29.0,17.0,2.0,0.513
2020-21,Kendrick Nunn,1629134,-7,29.0,17.0,3.0,0.462
2020-21,Kendrick Nunn,1629134,-6,32.0,23.5,1.5,0.679
2020-21,Kendrick Nunn,1629134,-5,32.0,10.0,3.0,0.417
2020-21,Kendrick Nunn,1629134,-4,35.0,16.0,2.0,0.447
2020-21,Kendrick Nunn,1629134,-2,37.0,19.0,2.0,0.615
2020-21,Kendrick Nunn,1629134,-1,29.5,15.5,4.0,0.5165
2020-21,Kendrick Nunn,1629134,1,28.333333333333332,13.333333333333334,2.3333333333333335,0.42100000000000004
2020-21,Kendrick Nunn,1629134,2,27.0,14.0,2.5,0.5
2020-21,Kendrick Nunn,1629134,3,30.0,12.0,3.5,0.382
2020-21,Kendrick Nunn,1629134,4,30.5,16.5,3.25,0.528
2020-21,Kendrick Nunn,1629134,5,29.0,12.5,2.5,0.5
2020-21,Kendrick Nunn,1629134,8,32.0,11.0,3.0,0.375
2020-21,Kendrick Nunn,1629134,9,39.0,27.0,3.0,0.714
2020-21,Kendrick Nunn,1629134,10,34.5,23.0,5.0,0.5145
2020-21,Kendrick Nunn,1629134,11,28.666666666666668,15.333333333333334,3.3333333333333335,0.48333333333333334
2020-21,Kendrick Nunn,1629134,12,36.0,7.0,7.0,0.222
2020-21,Kendrick Nunn,1629134,16,27.0,11.0,1.5,0.5335000000000001
2020-21,Kendrick Nunn,1629134,17,32.5,21.5,2.0,0.5900000000000001
2020-21,Kendrick Nunn,1629134,19,23.0,10.0,2.0,0.444
2020-21,Kendrick Nunn,1629134,22,36.0,22.0,4.0,0.643
2020-21,Kendrick Nunn,1629134,23,40.0,20.0,9.0,0.389
2020-21,Kenrich Williams,1629026,-30,26.0,8.0,4.0,0.8
2020-21,Kenrich Williams,1629026,-26,22.0,4.0,3.0,0.143
2020-21,Kenrich Williams,1629026,-23,20.0,13.0,5.0,0.667
2020-21,Kenrich Williams,1629026,-22,21.0,6.0,2.0,0.429
2020-21,Kenrich Williams,1629026,-21,28.0,13.0,3.0,0.6
2020-21,Kenrich Williams,1629026,-17,21.0,6.0,2.0,0.2
2020-21,Kenrich Williams,1629026,-16,29.0,12.0,2.0,0.556
2020-21,Kenrich Williams,1629026,-14,35.0,7.0,9.0,0.375
2020-21,Kenrich Williams,1629026,-13,35.0,15.0,3.0,0.5
2020-21,Kenrich Williams,1629026,-12,26.0,13.5,3.0,0.481
2020-21,Kenrich Williams,1629026,-11,30.5,9.0,2.0,0.667
2020-21,Kenrich Williams,1629026,-10,23.0,8.0,1.0,0.6
2020-21,Kenrich Williams,1629026,-9,30.0,12.0,9.0,0.556
2020-21,Kenrich Williams,1629026,-7,21.0,7.0,2.0,0.429
2020-21,Kenrich Williams,1629026,-5,27.0,15.0,2.0,0.5
2020-21,Kenrich Williams,1629026,-4,22.0,10.0,3.0,0.4
2020-21,Kenrich Williams,1629026,-3,24.25,6.0,3.5,0.375
2020-21,Kenrich Williams,1629026,-2,34.5,15.5,2.0,0.643
2020-21,Kenrich Williams,1629026,-1,27.5,14.0,1.0,0.519
2020-21,Kenrich Williams,1629026,0,25.0,11.5,1.5,0.487
2020-21,Kenrich Williams,1629026,2,23.5,8.0,1.5,0.45
2020-21,Kenrich Williams,1629026,3,25.0,17.0,3.0,0.875
2020-21,Kenrich Williams,1629026,6,24.0,2.0,3.0,1.0
2020-21,Kenrich Williams,1629026,7,22.0,13.0,3.0,0.7335
2020-21,Kenrich Williams,1629026,8,26.5,11.0,4.0,0.607
2020-21,Kenrich Williams,1629026,9,21.0,7.0,4.0,0.75
2020-21,Kenrich Williams,1629026,10,26.5,12.5,1.5,0.7225
2020-21,Kenrich Williams,1629026,13,25.0,0.0,4.0,0.0
2020-21,Kenrich Williams,1629026,21,27.0,14.0,2.0,1.0
2020-21,Kenrich Williams,1629026,24,23.0,19.0,2.0,0.875
2020-21,Kent Bazemore,203145,-14,29.0,5.0,2.0,0.2
2020-21,Kent Bazemore,203145,-11,31.0,16.0,0.0,0.5
2020-21,Kent Bazemore,203145,-8,30.0,12.0,1.0,0.417
2020-21,Kent Bazemore,203145,-6,30.0,17.0,2.0,0.583
2020-21,Kent Bazemore,203145,-3,21.0,9.0,1.0,0.429
2020-21,Kent Bazemore,203145,-2,23.5,4.0,2.0,0.2
2020-21,Kent Bazemore,203145,-1,30.0,16.0,2.0,0.5085
2020-21,Kent Bazemore,203145,0,32.0,10.0,2.0,0.333
2020-21,Kent Bazemore,203145,1,35.0,22.5,2.5,0.513
2020-21,Kent Bazemore,203145,2,25.0,4.5,2.5,0.3335
2020-21,Kent Bazemore,203145,4,32.0,14.0,1.0,0.5
2020-21,Kent Bazemore,203145,5,35.0,19.0,3.0,0.583
2020-21,Kent Bazemore,203145,6,30.0,13.0,1.0,0.714
2020-21,Kent Bazemore,203145,7,24.333333333333332,8.666666666666666,2.6666666666666665,0.419
2020-21,Kent Bazemore,203145,10,25.666666666666668,10.333333333333334,3.0,0.44333333333333336
2020-21,Kent Bazemore,203145,16,28.0,6.0,3.0,0.286
2020-21,Kent Bazemore,203145,23,21.0,15.0,2.0,0.625
2020-21,Kent Bazemore,203145,24,24.0,7.0,2.0,0.5
2020-21,Kent Bazemore,203145,30,24.0,5.0,1.0,1.0
2020-21,Kentavious Caldwell-Pope,203484,-29,29.0,6.0,2.0,0.333
2020-21,Kentavious Caldwell-Pope,203484,-20,30.0,7.0,1.0,0.381
2020-21,Kentavious Caldwell-Pope,203484,-18,24.5,7.5,0.0,0.3125
2020-21,Kentavious Caldwell-Pope,203484,-17,30.0,7.0,1.0,0.286
2020-21,Kentavious Caldwell-Pope,203484,-11,27.666666666666668,4.333333333333333,2.0,0.168
2020-21,Kentavious Caldwell-Pope,203484,-10,27.5,8.0,1.0,0.354
2020-21,Kentavious Caldwell-Pope,203484,-9,28.0,9.5,2.5,0.5
2020-21,Kentavious Caldwell-Pope,203484,-7,24.0,5.0,1.0,0.2
2020-21,Kentavious Caldwell-Pope,203484,-6,29.666666666666668,11.666666666666666,2.0,0.3443333333333333
2020-21,Kentavious Caldwell-Pope,203484,-5,31.333333333333332,14.333333333333334,1.6666666666666667,0.34299999999999997
2020-21,Kentavious Caldwell-Pope,203484,-4,20.0,0.0,0.0,0.0
2020-21,Kentavious Caldwell-Pope,203484,-3,21.5,3.0,1.5,0.238
2020-21,Kentavious Caldwell-Pope,203484,-2,28.75,5.5,1.25,0.3265
2020-21,Kentavious Caldwell-Pope,203484,-1,27.333333333333332,14.0,2.6666666666666665,0.5666666666666668
2020-21,Kentavious Caldwell-Pope,203484,1,32.5,10.0,3.5,0.4445
2020-21,Kentavious Caldwell-Pope,203484,3,24.0,5.0,2.0,0.4
2020-21,Kentavious Caldwell-Pope,203484,4,29.666666666666668,8.666666666666666,3.0,0.4166666666666667
2020-21,Kentavious Caldwell-Pope,203484,5,39.0,28.0,1.0,0.55
2020-21,Kentavious Caldwell-Pope,203484,6,30.0,9.0,2.0,0.5
2020-21,Kentavious Caldwell-Pope,203484,7,31.0,12.0,3.0,0.65
2020-21,Kentavious Caldwell-Pope,203484,8,27.0,23.0,0.0,0.7
2020-21,Kentavious Caldwell-Pope,203484,9,31.0,10.666666666666666,3.6666666666666665,0.4303333333333333
2020-21,Kentavious Caldwell-Pope,203484,11,27.5,12.5,1.0,0.43200000000000005
2020-21,Kentavious Caldwell-Pope,203484,12,34.0,9.0,2.0,0.429
2020-21,Kentavious Caldwell-Pope,203484,13,28.0,13.0,1.6666666666666667,0.38133333333333336
2020-21,Kentavious Caldwell-Pope,203484,14,23.0,7.5,2.5,0.381
2020-21,Kentavious Caldwell-Pope,203484,15,30.5,10.75,1.75,0.5185
2020-21,Kentavious Caldwell-Pope,203484,17,27.0,10.0,6.0,0.5
2020-21,Kentavious Caldwell-Pope,203484,19,20.0,14.0,1.0,0.556
2020-21,Kentavious Caldwell-Pope,203484,20,29.0,10.0,2.0,1.0
2020-21,Kentavious Caldwell-Pope,203484,22,35.0,17.0,2.0,0.444
2020-21,Kentavious Caldwell-Pope,203484,23,36.0,13.0,3.0,0.364
2020-21,Kentavious Caldwell-Pope,203484,29,23.0,8.0,2.0,1.0
2020-21,Kenyon Martin Jr.,1630231,-27,37.5,18.0,3.0,0.5720000000000001
2020-21,Kenyon Martin Jr.,1630231,-20,36.0,10.0,4.0,0.267
2020-21,Kenyon Martin Jr.,1630231,-19,23.0,12.0,0.5,0.625
2020-21,Kenyon Martin Jr.,1630231,-18,22.0,4.0,2.0,0.25
2020-21,Kenyon Martin Jr.,1630231,-16,31.0,12.0,2.0,0.653
2020-21,Kenyon Martin Jr.,1630231,-14,33.0,11.5,1.0,0.55
2020-21,Kenyon Martin Jr.,1630231,-13,23.0,5.0,0.0,0.333
2020-21,Kenyon Martin Jr.,1630231,-11,32.0,13.0,0.0,0.667
2020-21,Kenyon Martin Jr.,1630231,-10,34.5,19.5,3.5,0.595
2020-21,Kenyon Martin Jr.,1630231,-9,31.0,16.666666666666668,1.6666666666666667,0.504
2020-21,Kenyon Martin Jr.,1630231,-8,30.5,13.0,1.0,0.625
2020-21,Kenyon Martin Jr.,1630231,-7,29.0,6.0,0.0,0.333
2020-21,Kenyon Martin Jr.,1630231,-4,31.0,14.0,1.0,0.4085
2020-21,Kenyon Martin Jr.,1630231,-3,20.0,9.0,0.0,0.8
2020-21,Kenyon Martin Jr.,1630231,-2,29.0,13.0,1.0,0.55
2020-21,Kenyon Martin Jr.,1630231,6,23.0,6.0,2.0,0.6
2020-21,Kenyon Martin Jr.,1630231,7,20.0,14.0,0.0,0.667
2020-21,Kenyon Martin Jr.,1630231,8,23.0,8.0,1.0,1.0
2020-21,Kenyon Martin Jr.,1630231,14,20.0,8.0,0.0,0.333
2020-21,Kevin Durant,201142,-13,23.0,22.0,5.0,0.471
2020-21,Kevin Durant,201142,-8,38.5,35.0,1.0,0.6655
2020-21,Kevin Durant,201142,-5,30.0,25.0,11.0,0.667
2020-21,Kevin Durant,201142,-2,38.5,26.0,2.5,0.4165
2020-21,Kevin Durant,201142,-1,37.0,28.0,4.0,0.476
2020-21,Kevin Durant,201142,0,36.0,33.0,5.0,0.5
2020-21,Kevin Durant,201142,1,38.0,32.666666666666664,7.333333333333333,0.5476666666666666
2020-21,Kevin Durant,201142,2,50.0,38.0,8.0,0.48
2020-21,Kevin Durant,201142,6,36.5,34.0,5.0,0.579
2020-21,Kevin Durant,201142,7,33.5,25.0,6.0,0.6459999999999999
2020-21,Kevin Durant,201142,9,28.0,14.0,7.0,0.4
2020-21,Kevin Durant,201142,10,34.5,27.0,5.5,0.425
2020-21,Kevin Durant,201142,11,34.0,27.0,5.333333333333333,0.4633333333333333
2020-21,Kevin Durant,201142,12,30.0,26.0,6.0,0.556
2020-21,Kevin Durant,201142,14,36.0,42.0,10.0,0.667
2020-21,Kevin Durant,201142,15,33.5,25.5,8.5,0.6905
2020-21,Kevin Durant,201142,22,33.0,20.0,6.0,0.421
2020-21,Kevin Durant,201142,26,24.0,22.0,3.0,0.438
2020-21,Kevin Durant,201142,29,28.0,23.0,13.0,0.8
2020-21,Kevin Durant,201142,31,33.0,29.0,3.0,0.563
2020-21,Kevin Durant,201142,32,27.0,31.0,4.0,0.733
2020-21,Kevin Huerter,1628989,-33,23.0,5.0,4.0,0.25
2020-21,Kevin Huerter,1628989,-28,33.0,16.0,1.0,0.5
2020-21,Kevin Huerter,1628989,-23,30.0,5.0,3.0,0.286
2020-21,Kevin Huerter,1628989,-18,35.0,10.0,10.0,0.4
2020-21,Kevin Huerter,1628989,-16,21.0,10.0,2.0,0.455
2020-21,Kevin Huerter,1628989,-14,36.0,8.0,5.0,0.167
2020-21,Kevin Huerter,1628989,-12,28.5,11.5,3.0,0.393
2020-21,Kevin Huerter,1628989,-11,28.0,6.333333333333333,4.0,0.23233333333333336
2020-21,Kevin Huerter,1628989,-10,21.0,7.0,4.0,0.5
2020-21,Kevin Huerter,1628989,-9,32.5,12.0,2.5,0.4095
2020-21,Kevin Huerter,1628989,-8,33.2,13.4,4.6,0.43200000000000005
2020-21,Kevin Huerter,1628989,-7,32.333333333333336,13.0,2.6666666666666665,0.46866666666666673
2020-21,Kevin Huerter,1628989,-6,32.0,10.0,7.0,0.308
2020-21,Kevin Huerter,1628989,-5,39.0,10.0,3.0,0.375
2020-21,Kevin Huerter,1628989,-4,40.0,13.0,4.0,0.385
2020-21,Kevin Huerter,1628989,-3,28.0,17.5,2.5,0.6214999999999999
2020-21,Kevin Huerter,1628989,-2,36.0,12.666666666666666,3.3333333333333335,0.4176666666666667
2020-21,Kevin Huerter,1628989,-1,32.0,19.0,6.0,0.467
2020-21,Kevin Huerter,1628989,0,26.5,11.5,3.5,0.4
2020-21,Kevin Huerter,1628989,1,34.0,23.0,3.0,0.6
2020-21,Kevin Huerter,1628989,2,25.5,11.0,4.0,0.4645
2020-21,Kevin Huerter,1628989,4,29.5,13.25,3.25,0.46625
2020-21,Kevin Huerter,1628989,5,29.5,13.0,2.25,0.34
2020-21,Kevin Huerter,1628989,6,35.5,15.0,5.0,0.5555
2020-21,Kevin Huerter,1628989,7,30.0,11.5,3.5,0.4095
2020-21,Kevin Huerter,1628989,8,30.0,10.5,6.5,0.344
2020-21,Kevin Huerter,1628989,9,28.0,7.25,2.75,0.41825
2020-21,Kevin Huerter,1628989,12,28.5,16.0,2.0,0.5
2020-21,Kevin Huerter,1628989,14,30.0,14.75,3.75,0.573
2020-21,Kevin Huerter,1628989,15,25.0,10.0,4.0,0.333
2020-21,Kevin Huerter,1628989,18,31.0,9.5,2.0,0.4375
2020-21,Kevin Huerter,1628989,21,33.0,13.5,2.0,0.38549999999999995
2020-21,Kevin Huerter,1628989,26,27.0,5.0,5.0,0.111
2020-21,Kevin Huerter,1628989,27,40.0,23.0,3.0,0.667
2020-21,Kevin Huerter,1628989,35,25.0,13.0,2.0,0.625
2020-21,Kevin Knox II,1628995,-14,31.0,16.0,1.0,0.357
2020-21,Kevin Knox II,1628995,-13,22.0,9.0,0.0,0.333
2020-21,Kevin Knox II,1628995,-9,28.0,7.0,3.0,0.5
2020-21,Kevin Knox II,1628995,-7,24.0,13.0,0.0,0.833
2020-21,Kevin Knox II,1628995,-4,29.0,19.0,2.0,0.412
2020-21,Kevin Knox II,1628995,17,26.0,7.0,2.0,0.375
2020-21,Kevin Love,201567,-45,25.0,18.0,2.0,0.5
2020-21,Kevin Love,201567,-30,29.0,25.0,3.0,0.643
2020-21,Kevin Love,201567,-19,20.0,18.0,1.0,0.444
2020-21,Kevin Love,201567,-12,26.0,8.0,3.0,0.222
2020-21,Kevin Love,201567,-11,27.0,12.0,2.0,0.273
2020-21,Kevin Love,201567,-10,27.0,6.0,3.0,0.2
2020-21,Kevin Love,201567,-7,22.0,10.0,3.0,0.333
2020-21,Kevin Love,201567,-5,27.0,12.0,1.0,0.556
2020-21,Kevin Love,201567,-3,31.0,19.0,3.0,0.353
2020-21,Kevin Love,201567,-2,20.0,13.0,3.0,0.4
2020-21,Kevin Love,201567,-1,35.0,6.0,6.0,0.182
2020-21,Kevin Love,201567,0,29.0,15.0,4.0,0.538
2020-21,Kevin Love,201567,2,24.0,11.0,4.0,0.333
2020-21,Kevin Love,201567,3,30.0,14.0,0.0,0.4
2020-21,Kevin Love,201567,5,22.0,0.0,1.0,0.0
2020-21,Kevin Love,201567,6,25.0,15.0,4.0,0.417
2020-21,Kevin Love,201567,9,26.0,17.0,4.0,0.5
2020-21,Kevin Love,201567,14,35.0,22.5,3.0,0.479
2020-21,Kevin Love,201567,18,24.5,13.5,2.5,0.5
2020-21,Kevin Porter Jr.,1629645,-27,36.0,14.0,6.0,0.462
2020-21,Kevin Porter Jr.,1629645,-24,29.0,12.0,8.0,0.364
2020-21,Kevin Porter Jr.,1629645,-23,31.0,4.0,5.0,0.111
2020-21,Kevin Porter Jr.,1629645,-22,36.0,16.0,6.0,0.333
2020-21,Kevin Porter Jr.,1629645,-19,30.0,11.0,7.0,0.25
2020-21,Kevin Porter Jr.,1629645,-17,29.0,13.0,10.0,0.455
2020-21,Kevin Porter Jr.,1629645,-16,33.0,14.0,4.0,0.3615
2020-21,Kevin Porter Jr.,1629645,-15,30.0,14.0,13.0,0.308
2020-21,Kevin Porter Jr.,1629645,-14,31.5,19.0,6.5,0.469
2020-21,Kevin Porter Jr.,1629645,-13,34.0,19.5,6.5,0.3865
2020-21,Kevin Porter Jr.,1629645,-12,36.5,14.0,3.5,0.354
2020-21,Kevin Porter Jr.,1629645,-10,36.0,25.0,7.0,0.5
2020-21,Kevin Porter Jr.,1629645,-8,31.0,20.0,6.0,0.563
2020-21,Kevin Porter Jr.,1629645,-2,29.0,20.0,8.0,0.5
2020-21,Kevin Porter Jr.,1629645,0,35.0,10.0,5.0,0.167
2020-21,Kevin Porter Jr.,1629645,1,40.0,22.0,14.0,0.467
2020-21,Kevin Porter Jr.,1629645,7,31.0,22.0,7.0,0.533
2020-21,Kevin Porter Jr.,1629645,14,31.0,14.0,3.0,0.556
2020-21,Kevin Porter Jr.,1629645,19,41.0,50.0,11.0,0.615
2020-21,Kevin Porter Jr.,1629645,29,30.0,25.0,2.0,0.667
2020-21,Kevon Looney,1626172,-16,28.0,7.0,5.0,1.0
2020-21,Kevon Looney,1626172,-10,23.0,5.0,2.5,0.1665
2020-21,Kevon Looney,1626172,-7,24.0,5.5,2.0,0.75
2020-21,Kevon Looney,1626172,-6,23.0,4.0,1.5,0.5
2020-21,Kevon Looney,1626172,-3,26.0,9.5,1.5,0.9165
2020-21,Kevon Looney,1626172,-2,31.0,0.0,3.0,0.0
2020-21,Kevon Looney,1626172,0,26.0,4.0,3.0,0.4585
2020-21,Kevon Looney,1626172,1,33.0,5.0,1.0,0.5
2020-21,Kevon Looney,1626172,2,20.0,4.0,3.0,0.5
2020-21,Kevon Looney,1626172,4,27.0,2.0,4.0,0.333
2020-21,Kevon Looney,1626172,5,29.0,4.0,2.5,0.4665
2020-21,Kevon Looney,1626172,11,21.0,7.0,2.0,0.5
2020-21,Kevon Looney,1626172,12,22.0,6.0,0.0,0.75
2020-21,Kevon Looney,1626172,15,22.0,6.0,4.0,1.0
2020-21,Kevon Looney,1626172,16,21.0,4.0,3.0,0.4
2020-21,Kevon Looney,1626172,17,20.0,2.0,4.0,1.0
2020-21,Kevon Looney,1626172,18,24.0,6.0,4.0,0.6
2020-21,Kevon Looney,1626172,24,27.0,8.0,2.0,0.571
2020-21,Kevon Looney,1626172,31,21.0,9.0,3.0,0.667
2020-21,Kevon Looney,1626172,38,23.0,3.0,1.0,0.5
2020-21,Khem Birch,203920,-34,22.0,11.0,2.0,0.571
2020-21,Khem Birch,203920,-23,24.0,5.0,1.0,0.25
2020-21,Khem Birch,203920,-21,32.0,12.0,2.0,0.625
2020-21,Khem Birch,203920,-16,30.0,13.0,3.0,0.714
2020-21,Khem Birch,203920,-15,26.0,10.0,4.0,0.364
2020-21,Khem Birch,203920,-13,35.0,13.0,1.0,0.417
2020-21,Khem Birch,203920,-12,25.0,2.0,1.0,0.0
2020-21,Khem Birch,203920,-11,23.0,2.0,1.0,0.333
2020-21,Khem Birch,203920,-10,30.0,13.0,2.6666666666666665,0.516
2020-21,Khem Birch,203920,-9,28.666666666666668,10.0,1.3333333333333333,0.511
2020-21,Khem Birch,203920,-8,25.0,13.0,0.0,0.833
2020-21,Khem Birch,203920,-7,26.5,8.0,2.5,0.331
2020-21,Khem Birch,203920,-4,23.0,7.0,0.0,0.5
2020-21,Khem Birch,203920,-3,27.0,5.0,2.0,0.167
2020-21,Khem Birch,203920,-2,27.0,8.0,0.0,0.667
2020-21,Khem Birch,203920,-1,30.5,8.5,1.0,0.36150000000000004
2020-21,Khem Birch,203920,0,33.0,9.0,1.0,0.667
2020-21,Khem Birch,203920,1,23.0,7.0,2.0,0.5
2020-21,Khem Birch,203920,3,31.0,10.5,2.0,0.4145
2020-21,Khem Birch,203920,4,25.0,8.0,1.5,0.5895
2020-21,Khem Birch,203920,5,23.5,7.5,1.5,0.518
2020-21,Khem Birch,203920,6,29.0,14.5,1.0,0.675
2020-21,Khem Birch,203920,7,29.0,14.0,1.0,0.778
2020-21,Khem Birch,203920,8,32.5,17.0,2.5,0.7335
2020-21,Khem Birch,203920,11,25.0,8.0,3.0,0.667
2020-21,Khem Birch,203920,12,26.0,4.5,2.0,0.361
2020-21,Khem Birch,203920,14,24.0,8.0,3.0,0.6
2020-21,Khem Birch,203920,15,32.0,8.0,1.0,0.8
2020-21,Khem Birch,203920,18,24.0,6.0,2.0,0.75
2020-21,Khris Middleton,203114,-30,28.0,19.0,4.0,0.636
2020-21,Khris Middleton,203114,-28,35.0,15.0,3.0,0.467
2020-21,Khris Middleton,203114,-24,35.0,14.0,3.0,0.222
2020-21,Khris Middleton,203114,-23,32.0,22.0,5.0,0.444
2020-21,Khris Middleton,203114,-19,37.0,11.0,0.0,0.5
2020-21,Khris Middleton,203114,-18,34.0,16.0,10.0,0.385
2020-21,Khris Middleton,203114,-16,33.0,16.5,5.5,0.4425
2020-21,Khris Middleton,203114,-15,34.0,16.0,5.0,0.25
2020-21,Khris Middleton,203114,-14,32.0,23.0,5.0,0.667
2020-21,Khris Middleton,203114,-12,37.0,18.0,4.0,0.429
2020-21,Khris Middleton,203114,-11,33.0,23.0,2.0,0.5
2020-21,Khris Middleton,203114,-10,35.0,23.0,3.0,0.455
2020-21,Khris Middleton,203114,-9,37.0,8.0,9.0,0.2
2020-21,Khris Middleton,203114,-8,35.0,31.0,4.0,0.579
2020-21,Khris Middleton,203114,-7,33.0,10.0,7.0,0.286
2020-21,Khris Middleton,203114,-6,38.0,26.0,5.0,0.455
2020-21,Khris Middleton,203114,-4,35.0,18.0,11.0,0.412
2020-21,Khris Middleton,203114,-3,33.0,16.0,8.0,0.25
2020-21,Khris Middleton,203114,-2,37.0,25.0,6.0,0.4
2020-21,Khris Middleton,203114,-1,35.0,24.0,7.666666666666667,0.41933333333333334
2020-21,Khris Middleton,203114,1,33.0,19.333333333333332,5.666666666666667,0.51
2020-21,Khris Middleton,203114,2,33.5,19.5,5.5,0.39349999999999996
2020-21,Khris Middleton,203114,3,35.5,18.0,4.5,0.521
2020-21,Khris Middleton,203114,5,36.0,21.25,5.5,0.38475
2020-21,Khris Middleton,203114,6,34.0,27.5,5.0,0.5455
2020-21,Khris Middleton,203114,7,34.0,22.2,5.4,0.5072
2020-21,Khris Middleton,203114,8,33.0,24.0,5.0,0.625
2020-21,Khris Middleton,203114,10,36.5,25.5,5.0,0.486
2020-21,Khris Middleton,203114,12,35.5,22.5,5.0,0.612
2020-21,Khris Middleton,203114,14,34.5,20.0,4.5,0.4335
2020-21,Khris Middleton,203114,16,32.0,18.5,5.5,0.48650000000000004
2020-21,Khris Middleton,203114,17,32.0,21.0,8.0,0.4543333333333333
2020-21,Khris Middleton,203114,18,29.0,20.0,4.0,0.615
2020-21,Khris Middleton,203114,19,30.5,20.5,5.25,0.55325
2020-21,Khris Middleton,203114,20,30.5,18.5,4.5,0.5814999999999999
2020-21,Khris Middleton,203114,21,25.0,31.0,5.0,0.667
2020-21,Khris Middleton,203114,22,26.0,14.0,2.0,0.667
2020-21,Khris Middleton,203114,25,32.0,20.0,8.0,0.615
2020-21,Khris Middleton,203114,26,25.0,17.0,9.0,0.833
2020-21,Khris Middleton,203114,27,25.0,27.0,7.0,0.6
2020-21,Khris Middleton,203114,28,25.0,25.0,5.0,0.769
2020-21,Khris Middleton,203114,29,31.0,25.0,6.0,0.476
2020-21,Khyri Thomas,1629017,-8,29.0,18.0,5.0,0.4
2020-21,Khyri Thomas,1629017,-1,37.0,4.0,11.0,0.167
2020-21,Khyri Thomas,1629017,4,22.0,16.0,1.0,0.857
2020-21,Khyri Thomas,1629017,6,30.0,17.0,5.0,0.727
2020-21,Khyri Thomas,1629017,13,33.0,27.0,3.0,0.476
2020-21,Killian Hayes,1630165,-15,35.0,13.0,7.0,0.385
2020-21,Killian Hayes,1630165,-12,37.0,2.0,7.0,0.125
2020-21,Killian Hayes,1630165,-11,25.0,8.0,6.0,0.4
2020-21,Killian Hayes,1630165,-10,30.0,12.0,5.0,0.333
2020-21,Killian Hayes,1630165,-9,30.5,10.0,5.0,0.39649999999999996
2020-21,Killian Hayes,1630165,-8,33.0,12.5,7.5,0.34800000000000003
2020-21,Killian Hayes,1630165,-7,29.0,2.0,11.0,0.167
2020-21,Killian Hayes,1630165,-3,24.666666666666668,7.333333333333333,5.0,0.41100000000000003
2020-21,Killian Hayes,1630165,-2,22.0,5.0,6.0,0.25
2020-21,Killian Hayes,1630165,-1,27.0,7.0,7.0,0.429
2020-21,Killian Hayes,1630165,3,29.0,10.5,8.0,0.5345
2020-21,Killian Hayes,1630165,11,24.5,5.5,6.0,0.25
2020-21,Killian Hayes,1630165,12,20.0,11.0,2.0,0.714
2020-21,Killian Tillie,1629681,1,22.0,6.0,2.0,0.286
2020-21,Killian Tillie,1629681,13,37.0,16.0,1.0,0.385
2020-21,Kira Lewis Jr.,1630184,-21,22.0,11.0,4.0,0.417
2020-21,Kira Lewis Jr.,1630184,-16,20.0,2.0,2.0,0.167
2020-21,Kira Lewis Jr.,1630184,-12,25.0,21.0,2.0,0.563
2020-21,Kira Lewis Jr.,1630184,-8,32.0,9.0,4.0,0.308
2020-21,Kira Lewis Jr.,1630184,-7,21.0,13.0,2.0,0.3
2020-21,Kira Lewis Jr.,1630184,-5,23.0,14.0,4.0,0.714
2020-21,Kira Lewis Jr.,1630184,0,25.0,12.0,4.0,0.667
2020-21,Kira Lewis Jr.,1630184,1,22.5,5.5,1.5,0.191
2020-21,Kira Lewis Jr.,1630184,2,22.0,6.0,3.0,0.4
2020-21,Kira Lewis Jr.,1630184,4,24.0,4.5,3.0,0.236
2020-21,Kira Lewis Jr.,1630184,5,22.0,4.0,4.0,0.333
2020-21,Kira Lewis Jr.,1630184,6,27.0,13.0,4.0,0.545
2020-21,Kira Lewis Jr.,1630184,11,21.0,13.0,4.0,0.455
2020-21,Kira Lewis Jr.,1630184,15,24.0,13.0,5.0,0.857
2020-21,Kira Lewis Jr.,1630184,21,20.0,16.0,6.0,0.556
2020-21,Kristaps Porzingis,204001,-24,34.0,13.5,1.5,0.329
2020-21,Kristaps Porzingis,204001,-21,25.0,25.0,3.0,0.563
2020-21,Kristaps Porzingis,204001,-19,36.0,23.0,1.0,0.526
2020-21,Kristaps Porzingis,204001,-18,27.5,16.5,0.0,0.4645
2020-21,Kristaps Porzingis,204001,-14,28.5,17.0,1.0,0.4665
2020-21,Kristaps Porzingis,204001,-10,33.0,11.0,1.0,0.273
2020-21,Kristaps Porzingis,204001,-9,31.0,23.0,1.0,0.571
2020-21,Kristaps Porzingis,204001,-7,29.0,15.0,1.0,0.316
2020-21,Kristaps Porzingis,204001,-6,32.0,22.666666666666668,1.3333333333333333,0.51
2020-21,Kristaps Porzingis,204001,-4,34.333333333333336,27.0,2.6666666666666665,0.49899999999999994
2020-21,Kristaps Porzingis,204001,-3,26.5,15.5,0.0,0.4645
2020-21,Kristaps Porzingis,204001,-1,21.0,19.0,1.0,0.5
2020-21,Kristaps Porzingis,204001,0,28.0,25.0,1.0,0.667
2020-21,Kristaps Porzingis,204001,1,21.0,16.0,0.0,0.375
2020-21,Kristaps Porzingis,204001,3,32.5,18.5,2.0,0.3945
2020-21,Kristaps Porzingis,204001,4,32.0,19.0,2.0,0.4355
2020-21,Kristaps Porzingis,204001,5,33.0,19.0,4.0,0.462
2020-21,Kristaps Porzingis,204001,6,32.0,27.0,4.0,0.8
2020-21,Kristaps Porzingis,204001,7,25.0,18.0,2.0,0.538
2020-21,Kristaps Porzingis,204001,8,33.333333333333336,28.333333333333332,1.3333333333333333,0.58
2020-21,Kristaps Porzingis,204001,9,34.0,17.5,1.0,0.4285
2020-21,Kristaps Porzingis,204001,14,28.0,29.0,4.0,0.478
2020-21,Kristaps Porzingis,204001,15,32.0,19.0,2.0,0.4
2020-21,Kristaps Porzingis,204001,16,33.0,16.5,0.5,0.41000000000000003
2020-21,Kristaps Porzingis,204001,17,33.0,26.0,1.0,0.5
2020-21,Kristaps Porzingis,204001,24,33.0,21.0,1.0,0.5
2020-21,Kristaps Porzingis,204001,26,27.0,20.0,5.0,0.6
2020-21,Kristaps Porzingis,204001,30,25.0,12.0,4.0,0.429
2020-21,Kyle Anderson,203937,-29,23.0,3.0,5.0,0.0
2020-21,Kyle Anderson,203937,-25,21.0,16.0,4.0,0.6
2020-21,Kyle Anderson,203937,-19,20.0,6.0,2.0,0.286
2020-21,Kyle Anderson,203937,-17,26.666666666666668,11.666666666666666,2.3333333333333335,0.4226666666666667
2020-21,Kyle Anderson,203937,-15,24.0,7.0,3.0,0.222
2020-21,Kyle Anderson,203937,-14,28.0,9.0,3.0,0.364
2020-21,Kyle Anderson,203937,-12,27.0,15.0,2.0,0.385
2020-21,Kyle Anderson,203937,-9,24.0,7.666666666666667,4.0,0.3056666666666667
2020-21,Kyle Anderson,203937,-8,32.0,15.0,4.0,0.429
2020-21,Kyle Anderson,203937,-7,27.0,9.5,4.25,0.369
2020-21,Kyle Anderson,203937,-6,29.0,14.0,3.0,0.495
2020-21,Kyle Anderson,203937,-5,31.5,14.0,2.5,0.42200000000000004
2020-21,Kyle Anderson,203937,-3,33.0,14.0,7.0,0.429
2020-21,Kyle Anderson,203937,-2,26.5,14.25,2.25,0.55525
2020-21,Kyle Anderson,203937,-1,26.666666666666668,12.666666666666666,2.8333333333333335,0.5438333333333333
2020-21,Kyle Anderson,203937,0,35.5,8.0,6.0,0.36650000000000005
2020-21,Kyle Anderson,203937,1,30.333333333333332,20.0,3.6666666666666665,0.544
2020-21,Kyle Anderson,203937,2,25.666666666666668,9.0,4.666666666666667,0.42766666666666664
2020-21,Kyle Anderson,203937,3,22.5,13.0,2.75,0.55125
2020-21,Kyle Anderson,203937,6,25.0,16.0,1.0,0.714
2020-21,Kyle Anderson,203937,7,29.0,9.0,5.5,0.36650000000000005
2020-21,Kyle Anderson,203937,8,29.0,14.0,4.5,0.646
2020-21,Kyle Anderson,203937,9,33.0,8.0,8.0,0.429
2020-21,Kyle Anderson,203937,10,28.5,20.5,2.0,0.6805
2020-21,Kyle Anderson,203937,11,23.0,6.0,1.0,0.6
2020-21,Kyle Anderson,203937,12,23.5,9.5,6.5,0.4375
2020-21,Kyle Anderson,203937,13,32.0,20.5,2.5,0.479
2020-21,Kyle Anderson,203937,15,26.0,20.0,5.0,0.636
2020-21,Kyle Anderson,203937,17,25.0,14.5,3.0,0.4155
2020-21,Kyle Anderson,203937,19,30.0,14.0,9.0,0.833
2020-21,Kyle Anderson,203937,20,27.0,11.5,3.0,0.4445
2020-21,Kyle Anderson,203937,25,27.0,17.5,4.0,0.5515
2020-21,Kyle Anderson,203937,27,31.0,16.0,5.0,0.444
2020-21,Kyle Guy,1629657,16,22.0,17.0,4.0,0.667
2020-21,Kyle Kuzma,1628398,-26,29.0,14.0,0.0,0.385
2020-21,Kyle Kuzma,1628398,-25,33.0,6.0,1.0,0.2
2020-21,Kyle Kuzma,1628398,-23,26.5,10.0,0.0,0.3385
2020-21,Kyle Kuzma,1628398,-20,29.0,13.0,1.0,0.357
2020-21,Kyle Kuzma,1628398,-18,29.0,17.0,3.0,0.615
2020-21,Kyle Kuzma,1628398,-17,32.0,14.5,1.5,0.39349999999999996
2020-21,Kyle Kuzma,1628398,-16,31.0,19.0,3.5,0.479
2020-21,Kyle Kuzma,1628398,-15,36.0,13.0,6.0,0.313
2020-21,Kyle Kuzma,1628398,-13,24.0,15.0,0.0,0.545
2020-21,Kyle Kuzma,1628398,-11,26.5,12.5,1.0,0.7645
2020-21,Kyle Kuzma,1628398,-10,36.0,14.0,2.0,0.313
2020-21,Kyle Kuzma,1628398,-9,34.0,16.0,0.0,0.538
2020-21,Kyle Kuzma,1628398,-8,38.0,24.5,0.0,0.4645
2020-21,Kyle Kuzma,1628398,-7,25.0,5.0,1.0,0.286
2020-21,Kyle Kuzma,1628398,-6,28.0,17.0,1.0,0.347
2020-21,Kyle Kuzma,1628398,-4,22.0,9.5,1.0,0.4585
2020-21,Kyle Kuzma,1628398,-3,28.25,10.5,3.0,0.40825
2020-21,Kyle Kuzma,1628398,-2,28.666666666666668,10.0,1.0,0.49900000000000005
2020-21,Kyle Kuzma,1628398,-1,22.0,5.0,0.0,0.333
2020-21,Kyle Kuzma,1628398,0,26.0,19.0,1.0,0.667
2020-21,Kyle Kuzma,1628398,1,27.666666666666668,16.666666666666668,0.3333333333333333,0.47800000000000004
2020-21,Kyle Kuzma,1628398,2,31.0,25.0,4.0,0.474
2020-21,Kyle Kuzma,1628398,3,32.5,13.75,2.5,0.381
2020-21,Kyle Kuzma,1628398,5,27.0,7.666666666666667,2.0,0.3443333333333333
2020-21,Kyle Kuzma,1628398,7,25.666666666666668,10.666666666666666,2.0,0.4996666666666667
2020-21,Kyle Kuzma,1628398,8,33.0,14.666666666666666,3.6666666666666665,0.4286666666666667
2020-21,Kyle Kuzma,1628398,9,22.0,4.0,1.0,0.286
2020-21,Kyle Kuzma,1628398,10,27.0,11.75,2.5,0.41725
2020-21,Kyle Kuzma,1628398,12,27.5,9.5,3.5,0.42200000000000004
2020-21,Kyle Kuzma,1628398,15,20.0,12.0,0.0,0.571
2020-21,Kyle Kuzma,1628398,16,37.0,13.0,6.0,0.667
2020-21,Kyle Kuzma,1628398,17,29.0,14.0,1.0,0.556
2020-21,Kyle Kuzma,1628398,21,31.0,12.5,1.0,0.4855
2020-21,Kyle Kuzma,1628398,26,28.0,17.0,4.0,0.636
2020-21,Kyle Kuzma,1628398,29,36.0,30.0,3.0,0.611
2020-21,Kyle Kuzma,1628398,38,29.0,20.0,3.0,0.667
2020-21,Kyle Lowry,200768,-25,36.0,17.0,8.0,0.462
2020-21,Kyle Lowry,200768,-23,26.5,14.5,5.0,0.4065
2020-21,Kyle Lowry,200768,-17,37.0,21.0,3.0,0.583
2020-21,Kyle Lowry,200768,-16,32.0,24.0,6.0,0.667
2020-21,Kyle Lowry,200768,-15,36.0,20.0,8.0,0.353
2020-21,Kyle Lowry,200768,-14,38.0,17.0,12.0,0.294
2020-21,Kyle Lowry,200768,-13,34.0,11.0,6.0,0.333
2020-21,Kyle Lowry,200768,-12,36.0,9.0,5.0,0.25
2020-21,Kyle Lowry,200768,-11,40.0,18.0,4.0,0.357
2020-21,Kyle Lowry,200768,-10,35.0,21.0,6.0,0.455
2020-21,Kyle Lowry,200768,-9,36.0,19.0,6.0,0.462
2020-21,Kyle Lowry,200768,-8,33.0,20.0,7.0,0.438
2020-21,Kyle Lowry,200768,-7,40.0,14.0,19.0,0.278
2020-21,Kyle Lowry,200768,-6,36.5,16.25,9.25,0.38599999999999995
2020-21,Kyle Lowry,200768,-5,35.0,21.0,5.5,0.4925
2020-21,Kyle Lowry,200768,-4,34.5,18.0,3.5,0.37649999999999995
2020-21,Kyle Lowry,200768,-3,36.0,4.0,9.0,0.1
2020-21,Kyle Lowry,200768,-1,36.333333333333336,14.666666666666666,6.333333333333333,0.30933333333333335
2020-21,Kyle Lowry,200768,0,33.0,17.0,6.0,0.357
2020-21,Kyle Lowry,200768,1,37.0,19.0,6.0,0.5
2020-21,Kyle Lowry,200768,2,40.0,24.0,4.0,0.5
2020-21,Kyle Lowry,200768,3,28.0,17.0,8.0,0.4915
2020-21,Kyle Lowry,200768,5,34.0,14.0,8.0,0.556
2020-21,Kyle Lowry,200768,7,40.0,37.0,11.0,0.6
2020-21,Kyle Lowry,200768,11,36.0,20.0,4.0,0.5
2020-21,Kyle Lowry,200768,12,37.0,27.0,8.0,0.5335000000000001
2020-21,Kyle Lowry,200768,14,33.0,18.5,8.5,0.5854999999999999
2020-21,Kyle Lowry,200768,15,34.0,16.0,8.5,0.5415
2020-21,Kyle Lowry,200768,18,35.0,14.0,5.0,0.333
2020-21,Kyle Lowry,200768,19,34.0,14.0,10.0,0.364
2020-21,Kyle Lowry,200768,22,33.0,20.0,10.0,0.667
2020-21,Kyle Lowry,200768,30,36.0,12.0,15.0,0.308
2020-21,Kyle Lowry,200768,42,33.0,8.0,9.0,0.6
2020-21,Kyrie Irving,202681,-16,37.0,28.0,8.0,0.476
2020-21,Kyrie Irving,202681,-13,34.0,32.0,8.0,0.51
2020-21,Kyrie Irving,202681,-11,33.666666666666664,36.333333333333336,4.0,0.5526666666666666
2020-21,Kyrie Irving,202681,-10,37.0,25.666666666666668,10.333333333333334,0.405
2020-21,Kyrie Irving,202681,-8,36.0,17.5,7.0,0.40800000000000003
2020-21,Kyrie Irving,202681,-7,41.0,30.333333333333332,5.333333333333333,0.5276666666666667
2020-21,Kyrie Irving,202681,-6,34.0,25.0,6.0,0.37
2020-21,Kyrie Irving,202681,-5,37.0,36.0,7.5,0.5840000000000001
2020-21,Kyrie Irving,202681,-4,37.0,42.0,3.0,0.6000000000000001
2020-21,Kyrie Irving,202681,-3,26.5,18.0,2.0,0.4155
2020-21,Kyrie Irving,202681,1,36.5,34.0,5.5,0.557
2020-21,Kyrie Irving,202681,2,33.0,16.0,4.333333333333333,0.3953333333333333
2020-21,Kyrie Irving,202681,3,37.0,23.0,7.0,0.4405
2020-21,Kyrie Irving,202681,4,31.0,20.0,6.0,0.3875
2020-21,Kyrie Irving,202681,5,32.5,31.0,5.5,0.58975
2020-21,Kyrie Irving,202681,7,37.0,30.0,4.666666666666667,0.6523333333333333
2020-21,Kyrie Irving,202681,8,35.0,18.0,5.0,0.444
2020-21,Kyrie Irving,202681,10,39.0,16.0,4.0,0.353
2020-21,Kyrie Irving,202681,11,39.0,30.0,10.0,0.5
2020-21,Kyrie Irving,202681,12,33.0,16.0,5.0,0.412
2020-21,Kyrie Irving,202681,14,34.0,24.0,6.0,0.429
2020-21,Kyrie Irving,202681,16,39.0,31.0,12.0,0.48
2020-21,Kyrie Irving,202681,17,35.5,28.0,7.5,0.4175
2020-21,Kyrie Irving,202681,19,33.0,15.0,8.0,0.412
2020-21,Kyrie Irving,202681,22,31.0,26.0,4.5,0.61
2020-21,Kyrie Irving,202681,24,30.0,27.0,9.0,0.611
2020-21,Kyrie Irving,202681,25,33.0,25.0,7.0,0.625
2020-21,Kyrie Irving,202681,29,29.0,20.5,4.0,0.5680000000000001
2020-21,Kyrie Irving,202681,31,33.0,37.0,8.0,0.619
2020-21,Kyrie Irving,202681,32,25.0,26.0,4.0,0.625
2020-21,LaMarcus Aldridge,200746,-18,23.0,4.0,0.0,0.25
2020-21,LaMarcus Aldridge,200746,-16,20.0,4.0,1.0,0.286
2020-21,LaMarcus Aldridge,200746,-15,22.0,12.0,2.0,0.625
2020-21,LaMarcus Aldridge,200746,-13,26.0,14.0,2.0,0.714
2020-21,LaMarcus Aldridge,200746,-12,26.0,11.0,1.0,0.5
2020-21,LaMarcus Aldridge,200746,-11,30.0,11.0,1.0,0.4
2020-21,LaMarcus Aldridge,200746,-9,28.0,12.0,4.0,0.357
2020-21,LaMarcus Aldridge,200746,-6,30.5,17.0,3.0,0.402
2020-21,LaMarcus Aldridge,200746,-2,28.0,20.0,1.0,0.529
2020-21,LaMarcus Aldridge,200746,0,27.5,17.5,3.5,0.4815
2020-21,LaMarcus Aldridge,200746,1,22.5,13.0,1.5,0.4165
2020-21,LaMarcus Aldridge,200746,3,27.5,21.5,1.5,0.5745
2020-21,LaMarcus Aldridge,200746,4,30.0,26.0,2.0,0.611
2020-21,LaMarcus Aldridge,200746,5,32.0,10.0,1.0,0.364
2020-21,LaMarcus Aldridge,200746,7,28.0,8.0,2.0,0.375
2020-21,LaMarcus Aldridge,200746,9,26.5,15.5,1.5,0.4355
2020-21,LaMarcus Aldridge,200746,22,25.5,16.5,4.0,0.5335000000000001
2020-21,LaMelo Ball,1630163,-24,21.0,8.0,5.0,0.5
2020-21,LaMelo Ball,1630163,-21,20.0,8.0,4.0,0.267
2020-21,LaMelo Ball,1630163,-19,22.0,11.0,4.0,0.364
2020-21,LaMelo Ball,1630163,-18,26.5,21.5,5.0,0.4445
2020-21,LaMelo Ball,1630163,-17,30.0,14.0,5.0,0.429
2020-21,LaMelo Ball,1630163,-16,39.0,17.0,8.0,0.35
2020-21,LaMelo Ball,1630163,-15,29.666666666666668,16.0,6.333333333333333,0.43533333333333335
2020-21,LaMelo Ball,1630163,-14,37.0,22.0,6.0,0.438
2020-21,LaMelo Ball,1630163,-13,23.0,4.0,9.0,0.1
2020-21,LaMelo Ball,1630163,-12,22.0,14.0,2.0,0.455
2020-21,LaMelo Ball,1630163,-10,30.0,13.0,5.0,0.333
2020-21,LaMelo Ball,1630163,-9,29.0,14.5,7.0,0.42300000000000004
2020-21,LaMelo Ball,1630163,-7,26.0,15.5,4.5,0.463
2020-21,LaMelo Ball,1630163,-6,31.0,14.0,7.0,0.273
2020-21,LaMelo Ball,1630163,-5,27.5,18.0,6.0,0.5515
2020-21,LaMelo Ball,1630163,-4,23.0,10.0,8.0,0.381
2020-21,LaMelo Ball,1630163,-3,35.666666666666664,16.666666666666668,4.666666666666667,0.39999999999999997
2020-21,LaMelo Ball,1630163,-2,33.0,19.0,5.0,0.333
2020-21,LaMelo Ball,1630163,-1,35.0,19.5,7.5,0.315
2020-21,LaMelo Ball,1630163,0,26.0,14.666666666666666,6.0,0.47400000000000003
2020-21,LaMelo Ball,1630163,3,29.0,7.0,9.0,0.273
2020-21,LaMelo Ball,1630163,4,29.0,8.0,7.0,0.231
2020-21,LaMelo Ball,1630163,5,25.0,12.0,9.0,0.364
2020-21,LaMelo Ball,1630163,6,34.0,23.5,9.0,0.5105
2020-21,LaMelo Ball,1630163,7,33.0,27.0,6.0,0.5
2020-21,LaMelo Ball,1630163,8,29.0,22.0,5.0,0.7
2020-21,LaMelo Ball,1630163,14,30.0,19.0,5.0,0.412
2020-21,LaMelo Ball,1630163,15,31.5,15.5,6.0,0.4485
2020-21,LaMelo Ball,1630163,18,31.0,22.0,11.0,0.692
2020-21,LaMelo Ball,1630163,19,27.0,11.0,8.0,0.4
2020-21,LaMelo Ball,1630163,25,28.5,21.0,5.5,0.587
2020-21,LaMelo Ball,1630163,29,31.0,24.0,10.0,0.389
2020-21,LaMelo Ball,1630163,37,31.0,27.0,9.0,0.8
2020-21,Lamar Stevens,1630205,-20,20.0,5.0,0.0,0.286
2020-21,Lamar Stevens,1630205,-18,20.0,2.0,0.0,0.333
2020-21,Lamar Stevens,1630205,-8,20.0,6.0,4.0,0.4
2020-21,Lamar Stevens,1630205,-7,23.0,9.0,2.0,0.5
2020-21,Lamar Stevens,1630205,-2,21.0,7.0,0.0,0.6
2020-21,Lamar Stevens,1630205,1,20.0,10.0,1.0,0.444
2020-21,Lamar Stevens,1630205,10,25.0,10.0,1.0,0.375
2020-21,Landry Shamet,1629013,-22,23.0,3.0,2.0,0.167
2020-21,Landry Shamet,1629013,-19,21.0,13.0,1.0,0.4
2020-21,Landry Shamet,1629013,-15,21.0,8.0,4.0,0.429
2020-21,Landry Shamet,1629013,-14,25.0,3.0,0.0,0.2
2020-21,Landry Shamet,1629013,-13,33.0,22.0,3.0,0.412
2020-21,Landry Shamet,1629013,-12,24.0,0.0,3.0,0.0
2020-21,Landry Shamet,1629013,-8,36.0,10.0,4.0,0.176
2020-21,Landry Shamet,1629013,-7,24.333333333333332,12.333333333333334,1.0,0.45333333333333337
2020-21,Landry Shamet,1629013,-6,23.666666666666668,6.333333333333333,1.0,0.36200000000000004
2020-21,Landry Shamet,1629013,-4,30.0,9.0,0.0,0.375
2020-21,Landry Shamet,1629013,-3,24.0,9.333333333333334,2.0,0.32966666666666666
2020-21,Landry Shamet,1629013,0,27.666666666666668,7.0,2.6666666666666665,0.21666666666666667
2020-21,Landry Shamet,1629013,1,23.0,13.0,5.0,0.333
2020-21,Landry Shamet,1629013,3,28.0,5.0,2.0,0.4
2020-21,Landry Shamet,1629013,6,22.0,9.0,2.0,0.35000000000000003
2020-21,Landry Shamet,1629013,8,24.5,14.0,1.0,0.6945
2020-21,Landry Shamet,1629013,11,25.0,12.0,3.0,0.5
2020-21,Landry Shamet,1629013,12,35.0,22.0,3.0,0.542
2020-21,Landry Shamet,1629013,13,29.0,11.0,1.0,0.444
2020-21,Landry Shamet,1629013,14,35.0,21.0,1.0,0.778
2020-21,Landry Shamet,1629013,16,31.5,16.0,6.0,0.5695
2020-21,Landry Shamet,1629013,19,26.0,8.0,2.0,0.375
2020-21,Landry Shamet,1629013,21,28.5,18.5,3.5,0.5415
2020-21,Landry Shamet,1629013,25,21.0,20.0,1.0,0.5
2020-21,Landry Shamet,1629013,30,28.0,19.0,0.0,0.583
2020-21,Langston Galloway,204038,-21,26.0,10.0,1.0,0.333
2020-21,Langston Galloway,204038,7,20.0,8.0,3.0,0.6
2020-21,Langston Galloway,204038,8,23.0,12.0,0.0,0.375
2020-21,Langston Galloway,204038,12,21.0,6.0,2.0,0.75
2020-21,Larry Nance Jr.,1626204,-27,28.0,11.0,1.0,0.5
2020-21,Larry Nance Jr.,1626204,-25,25.0,4.0,2.0,0.333
2020-21,Larry Nance Jr.,1626204,-24,29.0,6.0,0.0,0.182
2020-21,Larry Nance Jr.,1626204,-22,25.0,4.0,1.0,0.286
2020-21,Larry Nance Jr.,1626204,-20,32.0,10.0,1.0,0.571
2020-21,Larry Nance Jr.,1626204,-16,38.0,13.0,3.0,0.714
2020-21,Larry Nance Jr.,1626204,-12,34.0,4.0,3.0,0.333
2020-21,Larry Nance Jr.,1626204,-11,30.0,12.0,3.0,0.4565
2020-21,Larry Nance Jr.,1626204,-9,33.0,12.0,4.0,0.6475
2020-21,Larry Nance Jr.,1626204,-8,33.0,17.0,5.0,0.5
2020-21,Larry Nance Jr.,1626204,-7,23.0,3.0,1.0,0.333
2020-21,Larry Nance Jr.,1626204,-3,33.5,6.0,5.5,0.3885
2020-21,Larry Nance Jr.,1626204,-2,27.8,5.2,2.6,0.2294
2020-21,Larry Nance Jr.,1626204,1,32.5,6.5,2.0,0.5155000000000001
2020-21,Larry Nance Jr.,1626204,3,39.0,14.0,6.5,0.528
2020-21,Larry Nance Jr.,1626204,5,36.0,18.0,4.0,0.875
2020-21,Larry Nance Jr.,1626204,6,32.5,12.0,3.5,0.47750000000000004
2020-21,Larry Nance Jr.,1626204,8,36.0,9.0,6.0,0.3
2020-21,Larry Nance Jr.,1626204,9,44.0,14.0,5.0,0.6
2020-21,Larry Nance Jr.,1626204,11,26.0,12.5,1.0,0.6034999999999999
2020-21,Larry Nance Jr.,1626204,13,34.0,18.0,4.0,1.0
2020-21,Larry Nance Jr.,1626204,21,35.0,13.0,5.0,0.833
2020-21,Lauri Markkanen,1628374,-34,30.0,21.0,4.0,0.667
2020-21,Lauri Markkanen,1628374,-23,30.0,14.0,1.0,0.5
2020-21,Lauri Markkanen,1628374,-21,26.0,10.0,0.0,0.4
2020-21,Lauri Markkanen,1628374,-15,29.0,17.0,0.5,0.506
2020-21,Lauri Markkanen,1628374,-14,35.0,12.0,1.0,0.357
2020-21,Lauri Markkanen,1628374,-13,27.0,23.0,0.0,0.727
2020-21,Lauri Markkanen,1628374,-12,24.0,5.0,1.0,0.325
2020-21,Lauri Markkanen,1628374,-11,24.0,17.0,1.0,0.545
2020-21,Lauri Markkanen,1628374,-9,33.0,20.0,2.0,0.444
2020-21,Lauri Markkanen,1628374,-8,35.0,12.5,0.0,0.366
2020-21,Lauri Markkanen,1628374,-7,20.0,3.0,4.0,0.143
2020-21,Lauri Markkanen,1628374,-6,31.0,17.5,1.0,0.442
2020-21,Lauri Markkanen,1628374,-5,28.333333333333332,17.333333333333332,1.0,0.5096666666666666
2020-21,Lauri Markkanen,1628374,-3,22.0,7.0,1.0,0.3
2020-21,Lauri Markkanen,1628374,-1,23.0,15.0,0.5,0.635
2020-21,Lauri Markkanen,1628374,0,20.0,10.0,1.0,0.8
2020-21,Lauri Markkanen,1628374,1,22.0,2.0,1.0,0.5
2020-21,Lauri Markkanen,1628374,2,31.0,10.0,1.5,0.382
2020-21,Lauri Markkanen,1628374,5,32.0,29.0,3.0,0.526
2020-21,Lauri Markkanen,1628374,7,26.0,11.0,0.0,0.364
2020-21,Lauri Markkanen,1628374,8,30.0,17.333333333333332,0.3333333333333333,0.5
2020-21,Lauri Markkanen,1628374,9,23.0,12.0,1.0,0.455
2020-21,Lauri Markkanen,1628374,10,20.0,9.0,1.0,0.5
2020-21,Lauri Markkanen,1628374,12,21.0,15.0,0.0,0.714
2020-21,Lauri Markkanen,1628374,13,29.0,23.0,1.0,0.538
2020-21,Lauri Markkanen,1628374,14,25.0,16.0,0.0,0.5
2020-21,Lauri Markkanen,1628374,15,25.0,20.0,2.0,0.7
2020-21,Lauri Markkanen,1628374,16,33.0,30.0,2.0,0.611
2020-21,Lauri Markkanen,1628374,20,28.0,16.0,0.0,0.4
2020-21,Lauri Markkanen,1628374,25,32.0,22.0,1.0,0.5
2020-21,LeBron James,2544,-20,27.0,19.0,4.0,0.538
2020-21,LeBron James,2544,-17,30.0,22.0,9.0,0.5
2020-21,LeBron James,2544,-11,35.0,22.0,10.0,0.421
2020-21,LeBron James,2544,-10,34.0,27.0,12.0,0.533
2020-21,LeBron James,2544,-9,37.0,19.0,5.0,0.375
2020-21,LeBron James,2544,-7,32.0,32.0,7.0,0.609
2020-21,LeBron James,2544,-4,27.0,19.0,6.0,0.545
2020-21,LeBron James,2544,-2,27.0,25.0,6.0,0.5
2020-21,LeBron James,2544,-1,35.0,26.0,8.0,0.478
2020-21,LeBron James,2544,0,33.0,27.0,9.0,0.5605
2020-21,LeBron James,2544,2,32.5,30.0,5.5,0.5395
2020-21,LeBron James,2544,3,40.5,32.5,10.0,0.514
2020-21,LeBron James,2544,4,37.0,30.0,7.0,0.65
2020-21,LeBron James,2544,5,31.0,16.0,7.0,0.5
2020-21,LeBron James,2544,6,41.0,25.0,7.0,0.45
2020-21,LeBron James,2544,7,32.0,30.5,7.0,0.5545
2020-21,LeBron James,2544,8,40.666666666666664,29.666666666666668,10.333333333333334,0.5333333333333333
2020-21,LeBron James,2544,9,32.333333333333336,24.333333333333332,6.666666666666667,0.47433333333333333
2020-21,LeBron James,2544,10,33.5,19.5,8.0,0.442
2020-21,LeBron James,2544,11,36.5,26.0,8.0,0.46525
2020-21,LeBron James,2544,14,28.5,23.5,9.0,0.49750000000000005
2020-21,LeBron James,2544,15,33.5,30.0,6.5,0.51
2020-21,LeBron James,2544,16,28.5,20.0,7.5,0.453
2020-21,LeBron James,2544,18,29.5,22.5,7.0,0.4735
2020-21,LeBron James,2544,19,32.0,22.0,8.0,0.563
2020-21,LeBron James,2544,20,34.0,26.0,7.0,0.55
2020-21,LeBron James,2544,21,35.0,27.0,10.0,0.632
2020-21,LeBron James,2544,33,30.0,22.0,11.0,0.615
2020-21,Lonnie Walker IV,1629022,-31,23.0,0.0,5.0,0.0
2020-21,Lonnie Walker IV,1629022,-26,28.0,18.0,1.0,0.5
2020-21,Lonnie Walker IV,1629022,-23,20.0,7.0,5.0,0.273
2020-21,Lonnie Walker IV,1629022,-18,24.0,3.0,0.0,0.167
2020-21,Lonnie Walker IV,1629022,-16,21.0,2.0,1.0,0.1
2020-21,Lonnie Walker IV,1629022,-14,26.333333333333332,17.0,1.0,0.4386666666666667
2020-21,Lonnie Walker IV,1629022,-13,26.333333333333332,11.666666666666666,1.6666666666666667,0.41933333333333334
2020-21,Lonnie Walker IV,1629022,-10,26.5,8.5,2.0,0.3885
2020-21,Lonnie Walker IV,1629022,-9,25.0,12.0,5.0,0.556
2020-21,Lonnie Walker IV,1629022,-8,27.5,13.0,2.0,0.5
2020-21,Lonnie Walker IV,1629022,-7,33.0,18.0,1.5,0.5315
2020-21,Lonnie Walker IV,1629022,-6,37.0,19.0,4.0,0.412
2020-21,Lonnie Walker IV,1629022,-4,26.5,18.0,2.0,0.487
2020-21,Lonnie Walker IV,1629022,-3,29.0,15.0,1.5,0.474
2020-21,Lonnie Walker IV,1629022,-2,29.0,18.0,1.0,0.467
2020-21,Lonnie Walker IV,1629022,-1,28.0,13.333333333333334,1.3333333333333333,0.4040000000000001
2020-21,Lonnie Walker IV,1629022,0,34.0,16.0,2.0,0.667
2020-21,Lonnie Walker IV,1629022,4,29.25,12.75,2.25,0.36725
2020-21,Lonnie Walker IV,1629022,5,31.0,14.0,1.0,0.667
2020-21,Lonnie Walker IV,1629022,6,29.5,11.5,1.0,0.375
2020-21,Lonnie Walker IV,1629022,7,28.0,11.0,4.0,0.417
2020-21,Lonnie Walker IV,1629022,8,25.0,16.0,2.0,0.429
2020-21,Lonnie Walker IV,1629022,9,27.0,5.0,2.0,0.286
2020-21,Lonnie Walker IV,1629022,10,30.0,11.0,3.0,0.286
2020-21,Lonnie Walker IV,1629022,11,28.0,8.0,0.0,0.25
2020-21,Lonnie Walker IV,1629022,13,29.0,12.0,2.0,0.385
2020-21,Lonnie Walker IV,1629022,14,25.0,5.0,1.0,0.25
2020-21,Lonnie Walker IV,1629022,15,33.0,18.0,3.0,0.462
2020-21,Lonnie Walker IV,1629022,20,26.0,9.0,3.0,0.273
2020-21,Lonnie Walker IV,1629022,25,20.0,12.0,1.0,0.5
2020-21,Lonzo Ball,1628366,-29,28.0,15.0,3.0,0.545
2020-21,Lonzo Ball,1628366,-24,29.0,12.0,11.0,0.267
2020-21,Lonzo Ball,1628366,-22,23.0,7.0,1.0,0.25
2020-21,Lonzo Ball,1628366,-20,27.0,14.0,5.0,0.4
2020-21,Lonzo Ball,1628366,-19,35.0,21.0,5.0,0.5
2020-21,Lonzo Ball,1628366,-17,30.0,10.0,1.0,0.25
2020-21,Lonzo Ball,1628366,-16,28.0,10.0,7.0,0.25
2020-21,Lonzo Ball,1628366,-15,32.0,12.0,7.0,0.333
2020-21,Lonzo Ball,1628366,-14,33.0,21.0,7.0,0.462
2020-21,Lonzo Ball,1628366,-13,30.0,12.0,4.0,0.607
2020-21,Lonzo Ball,1628366,-8,37.0,7.0,8.0,0.167
2020-21,Lonzo Ball,1628366,-7,36.0,5.0,3.0,0.25
2020-21,Lonzo Ball,1628366,-6,30.0,12.0,5.0,0.4275
2020-21,Lonzo Ball,1628366,-5,34.0,18.0,3.0,0.333
2020-21,Lonzo Ball,1628366,-4,31.333333333333332,10.666666666666666,8.666666666666666,0.42
2020-21,Lonzo Ball,1628366,-3,34.0,11.0,5.0,0.3015
2020-21,Lonzo Ball,1628366,-2,31.0,15.0,5.0,0.48900000000000005
2020-21,Lonzo Ball,1628366,-1,34.0,24.0,4.0,0.563
2020-21,Lonzo Ball,1628366,0,33.666666666666664,13.666666666666666,7.666666666666667,0.36133333333333334
2020-21,Lonzo Ball,1628366,1,36.0,16.0,12.0,0.429
2020-21,Lonzo Ball,1628366,3,37.0,23.0,6.0,0.4165
2020-21,Lonzo Ball,1628366,4,36.0,27.0,9.0,0.444
2020-21,Lonzo Ball,1628366,5,34.5,17.5,6.0,0.4165
2020-21,Lonzo Ball,1628366,6,32.5,13.0,5.5,0.392
2020-21,Lonzo Ball,1628366,7,36.0,19.0,5.0,0.519
2020-21,Lonzo Ball,1628366,8,37.0,16.0,5.0,0.5
2020-21,Lonzo Ball,1628366,9,35.0,27.0,8.0,0.5
2020-21,Lonzo Ball,1628366,12,28.5,25.5,2.5,0.508
2020-21,Lonzo Ball,1628366,13,32.0,16.0,9.0,0.467
2020-21,Lonzo Ball,1628366,14,29.0,15.0,3.0,0.417
2020-21,Lonzo Ball,1628366,16,31.0,14.0,5.0,0.472
2020-21,Lonzo Ball,1628366,21,30.0,16.0,7.0,0.545
2020-21,Lonzo Ball,1628366,25,30.0,20.0,5.0,0.7
2020-21,Lonzo Ball,1628366,30,27.0,13.0,5.0,0.417
2020-21,Lonzo Ball,1628366,33,25.0,3.0,6.0,0.143
2020-21,Lonzo Ball,1628366,34,24.0,6.0,12.0,0.25
2020-21,Lou Williams,101150,-27,23.0,6.0,1.0,0.333
2020-21,Lou Williams,101150,-24,22.0,2.0,2.0,0.0
2020-21,Lou Williams,101150,-17,30.0,10.0,5.0,0.286
2020-21,Lou Williams,101150,-15,20.0,8.0,1.0,0.3
2020-21,Lou Williams,101150,-14,21.0,12.0,4.0,0.308
2020-21,Lou Williams,101150,-13,23.0,13.0,0.0,0.5
2020-21,Lou Williams,101150,-12,24.0,7.0,5.0,0.375
2020-21,Lou Williams,101150,-11,20.0,9.0,1.0,0.444
2020-21,Lou Williams,101150,-9,24.0,11.0,4.0,0.3
2020-21,Lou Williams,101150,-8,35.0,16.0,6.0,0.333
2020-21,Lou Williams,101150,-6,24.0,14.0,2.0,0.5
2020-21,Lou Williams,101150,-5,24.0,5.0,3.0,0.2
2020-21,Lou Williams,101150,-4,20.0,4.0,5.0,0.286
2020-21,Lou Williams,101150,-3,25.333333333333332,13.333333333333334,3.3333333333333335,0.401
2020-21,Lou Williams,101150,-2,28.0,17.0,4.0,0.444
2020-21,Lou Williams,101150,1,25.0,11.0,3.0,0.444
2020-21,Lou Williams,101150,2,22.0,5.0,2.0,0.182
2020-21,Lou Williams,101150,3,21.0,16.5,4.0,0.4925
2020-21,Lou Williams,101150,4,25.5,17.5,3.5,0.548
2020-21,Lou Williams,101150,5,27.0,11.333333333333334,6.666666666666667,0.35833333333333334
2020-21,Lou Williams,101150,6,24.333333333333332,15.666666666666666,4.333333333333333,0.4443333333333333
2020-21,Lou Williams,101150,7,25.0,19.0,2.0,0.571
2020-21,Lou Williams,101150,8,20.0,9.0,8.0,0.375
2020-21,Lou Williams,101150,10,20.0,15.0,1.5,0.451
2020-21,Lou Williams,101150,11,23.0,9.5,4.0,0.375
2020-21,Lou Williams,101150,12,24.0,14.0,4.0,0.455
2020-21,Lou Williams,101150,13,25.0,17.0,4.5,0.5575
2020-21,Lou Williams,101150,16,23.0,21.0,4.0,0.6
2020-21,Lou Williams,101150,19,28.0,17.0,5.0,0.43300000000000005
2020-21,Lou Williams,101150,22,23.0,22.0,2.0,0.429
2020-21,Lou Williams,101150,26,20.0,20.0,5.0,0.636
2020-21,Lou Williams,101150,28,32.0,30.0,10.0,0.455
2020-21,Louis King,1629663,-15,28.0,12.0,3.0,0.417
2020-21,Louis King,1629663,10,34.0,27.0,3.0,0.625
2020-21,Luguentz Dort,1629652,-29,22.0,5.5,0.5,0.271
2020-21,Luguentz Dort,1629652,-23,30.0,19.5,2.0,0.4145
2020-21,Luguentz Dort,1629652,-22,23.0,8.0,0.0,0.25
2020-21,Luguentz Dort,1629652,-19,23.0,7.0,1.0,0.25
2020-21,Luguentz Dort,1629652,-18,34.0,18.0,1.0,0.333
2020-21,Luguentz Dort,1629652,-17,31.0,29.0,2.0,0.6
2020-21,Luguentz Dort,1629652,-16,21.0,7.0,3.0,0.231
2020-21,Luguentz Dort,1629652,-15,28.0,11.0,1.0,0.2
2020-21,Luguentz Dort,1629652,-14,28.0,15.0,1.0,0.5
2020-21,Luguentz Dort,1629652,-13,32.5,11.0,0.0,0.351
2020-21,Luguentz Dort,1629652,-12,26.333333333333332,14.333333333333334,2.0,0.35366666666666663
2020-21,Luguentz Dort,1629652,-11,32.0,11.0,4.0,0.2
2020-21,Luguentz Dort,1629652,-10,27.0,12.0,3.0,0.4635
2020-21,Luguentz Dort,1629652,-8,33.25,13.5,2.75,0.27949999999999997
2020-21,Luguentz Dort,1629652,-7,31.0,14.0,3.0,0.353
2020-21,Luguentz Dort,1629652,-6,33.0,17.0,1.0,0.417
2020-21,Luguentz Dort,1629652,-5,33.0,23.0,3.0,0.455
2020-21,Luguentz Dort,1629652,-4,27.666666666666668,12.333333333333334,2.0,0.4296666666666667
2020-21,Luguentz Dort,1629652,-3,31.0,19.0,1.0,0.538
2020-21,Luguentz Dort,1629652,-2,30.0,15.0,1.0,0.4
2020-21,Luguentz Dort,1629652,-1,36.0,42.0,3.0,0.516
2020-21,Luguentz Dort,1629652,1,30.0,9.0,1.6666666666666667,0.26566666666666666
2020-21,Luguentz Dort,1629652,2,31.0,10.0,3.0,0.4
2020-21,Luguentz Dort,1629652,3,32.5,25.0,1.5,0.5874999999999999
2020-21,Luguentz Dort,1629652,4,30.0,9.0,0.5,0.518
2020-21,Luguentz Dort,1629652,5,30.0,7.0,3.0,0.429
2020-21,Luguentz Dort,1629652,6,30.0,15.0,1.5,0.472
2020-21,Luguentz Dort,1629652,10,36.0,19.0,2.0,0.462
2020-21,Luguentz Dort,1629652,11,32.0,19.0,2.0,0.429
2020-21,Luguentz Dort,1629652,15,30.0,14.0,1.0,0.455
2020-21,Luguentz Dort,1629652,16,34.0,15.0,2.0,0.417
2020-21,Luguentz Dort,1629652,20,36.0,15.0,1.0,0.313
2020-21,Luguentz Dort,1629652,21,39.0,21.0,0.0,0.467
2020-21,Luka Doncic,1629029,-28,32.0,27.0,6.0,0.4
2020-21,Luka Doncic,1629029,-27,28.0,18.5,6.0,0.4355
2020-21,Luka Doncic,1629029,-23,25.0,12.0,5.0,0.25
2020-21,Luka Doncic,1629029,-20,32.0,28.0,4.0,0.49050000000000005
2020-21,Luka Doncic,1629029,-19,37.0,24.0,8.0,0.4
2020-21,Luka Doncic,1629029,-17,33.0,32.0,4.0,0.5
2020-21,Luka Doncic,1629029,-15,24.5,22.0,7.0,0.481
2020-21,Luka Doncic,1629029,-14,34.0,27.0,7.0,0.474
2020-21,Luka Doncic,1629029,-10,35.0,29.5,9.0,0.532
2020-21,Luka Doncic,1629029,-9,35.0,32.0,5.0,0.423
2020-21,Luka Doncic,1629029,-7,35.5,28.75,8.25,0.44975
2020-21,Luka Doncic,1629029,-6,35.5,32.5,9.0,0.526
2020-21,Luka Doncic,1629029,-5,34.0,20.0,11.0,0.368
2020-21,Luka Doncic,1629029,-4,35.0,29.5,8.5,0.4645
2020-21,Luka Doncic,1629029,-3,38.0,38.0,9.0,0.556
2020-21,Luka Doncic,1629029,-2,35.666666666666664,29.666666666666668,11.333333333333334,0.5413333333333333
2020-21,Luka Doncic,1629029,0,34.0,20.0,10.0,0.35
2020-21,Luka Doncic,1629029,2,33.0,29.0,7.0,0.545
2020-21,Luka Doncic,1629029,3,37.0,27.0,14.0,0.4
2020-21,Luka Doncic,1629029,4,32.25,25.5,6.0,0.44675
2020-21,Luka Doncic,1629029,5,36.25,26.75,10.25,0.47625
2020-21,Luka Doncic,1629029,6,33.0,28.0,13.5,0.5255000000000001
2020-21,Luka Doncic,1629029,7,28.333333333333332,21.0,4.333333333333333,0.38799999999999996
2020-21,Luka Doncic,1629029,8,38.5,30.0,12.0,0.423
2020-21,Luka Doncic,1629029,9,34.0,24.5,11.0,0.469
2020-21,Luka Doncic,1629029,10,33.0,30.0,9.0,0.455
2020-21,Luka Doncic,1629029,11,37.0,13.0,12.0,0.333
2020-21,Luka Doncic,1629029,12,35.0,27.0,7.0,0.409
2020-21,Luka Doncic,1629029,13,40.0,46.0,12.0,0.567
2020-21,Luka Doncic,1629029,14,36.333333333333336,32.666666666666664,9.333333333333334,0.5503333333333333
2020-21,Luka Doncic,1629029,18,37.333333333333336,30.333333333333332,10.666666666666666,0.5073333333333333
2020-21,Luka Doncic,1629029,20,30.0,23.0,8.0,0.533
2020-21,Luka Doncic,1629029,21,33.0,27.0,7.0,0.524
2020-21,Luka Doncic,1629029,24,30.0,35.0,6.0,0.5920000000000001
2020-21,Luka Doncic,1629029,26,38.0,18.0,13.0,0.4
2020-21,Luka Doncic,1629029,28,37.0,33.0,11.0,0.48
2020-21,Luka Doncic,1629029,29,31.666666666666668,35.0,8.333333333333334,0.5556666666666666
2020-21,Luka Samanic,1629677,-10,24.0,8.0,5.0,0.3
2020-21,Luka Samanic,1629677,-3,24.0,15.0,1.0,0.429
2020-21,Luka Samanic,1629677,26,20.0,14.0,1.0,0.714
2020-21,Luke Kennard,1628379,-29,29.0,7.0,1.0,0.273
2020-21,Luke Kennard,1628379,-16,23.0,11.0,0.0,0.833
2020-21,Luke Kennard,1628379,-11,25.0,3.0,3.0,0.333
2020-21,Luke Kennard,1628379,-8,21.0,13.0,1.0,0.556
2020-21,Luke Kennard,1628379,-5,28.666666666666668,15.0,1.3333333333333333,0.51
2020-21,Luke Kennard,1628379,-4,28.333333333333332,11.666666666666666,1.6666666666666667,0.3486666666666667
2020-21,Luke Kennard,1628379,-3,24.666666666666668,9.0,2.3333333333333335,0.4206666666666667
2020-21,Luke Kennard,1628379,-1,28.0,12.0,2.0,0.444
2020-21,Luke Kennard,1628379,0,29.5,7.5,2.5,0.35
2020-21,Luke Kennard,1628379,2,38.0,17.0,1.0,0.294
2020-21,Luke Kennard,1628379,3,24.0,14.0,1.0,0.714
2020-21,Luke Kennard,1628379,6,24.0,3.0,4.0,0.2
2020-21,Luke Kennard,1628379,7,25.0,9.0,1.0,0.667
2020-21,Luke Kennard,1628379,8,27.0,9.0,3.0,0.4
2020-21,Luke Kennard,1628379,9,20.0,6.0,1.0,0.667
2020-21,Luke Kennard,1628379,12,38.0,28.0,2.0,0.625
2020-21,Luke Kennard,1628379,14,20.0,20.0,2.0,0.583
2020-21,Luke Kennard,1628379,15,29.0,12.5,4.0,0.5835
2020-21,Luke Kennard,1628379,19,29.0,14.0,6.0,0.75
2020-21,Luke Kennard,1628379,20,32.0,21.0,2.0,0.727
2020-21,Luke Kennard,1628379,23,20.0,14.0,4.0,0.625
2020-21,Luke Kornet,1628436,9,26.0,4.0,0.0,0.286
2020-21,Luke Kornet,1628436,11,30.0,12.0,3.0,0.6
2020-21,Malachi Flynn,1630201,-25,32.0,16.0,4.0,0.667
2020-21,Malachi Flynn,1630201,-13,32.5,10.5,5.0,0.382
2020-21,Malachi Flynn,1630201,-12,45.0,27.0,5.0,0.364
2020-21,Malachi Flynn,1630201,-11,25.0,15.0,3.0,0.545
2020-21,Malachi Flynn,1630201,-8,20.0,13.0,3.0,0.5
2020-21,Malachi Flynn,1630201,-6,37.0,26.0,5.0,0.524
2020-21,Malachi Flynn,1630201,-4,33.5,19.0,5.0,0.365
2020-21,Malachi Flynn,1630201,-3,26.0,6.0,4.0,0.222
2020-21,Malachi Flynn,1630201,1,41.0,16.0,7.0,0.263
2020-21,Malachi Flynn,1630201,3,33.0,11.0,4.0,0.364
2020-21,Malachi Flynn,1630201,6,31.0,11.0,7.0,0.39666666666666667
2020-21,Malachi Flynn,1630201,10,30.0,15.0,5.0,0.429
2020-21,Malachi Flynn,1630201,11,33.0,16.0,4.0,0.462
2020-21,Malachi Flynn,1630201,14,39.0,20.0,11.0,0.571
2020-21,Malachi Flynn,1630201,34,30.0,16.0,5.0,0.583
2020-21,Malcolm Brogdon,1627763,-28,31.0,29.0,8.0,0.611
2020-21,Malcolm Brogdon,1627763,-27,27.0,18.0,4.0,0.357
2020-21,Malcolm Brogdon,1627763,-25,28.0,12.0,3.0,0.294
2020-21,Malcolm Brogdon,1627763,-20,33.0,16.0,8.0,0.333
2020-21,Malcolm Brogdon,1627763,-18,32.5,16.5,5.5,0.272
2020-21,Malcolm Brogdon,1627763,-16,33.25,17.75,4.75,0.41975
2020-21,Malcolm Brogdon,1627763,-13,35.0,16.0,4.0,0.368
2020-21,Malcolm Brogdon,1627763,-10,37.0,26.0,5.0,0.45
2020-21,Malcolm Brogdon,1627763,-8,35.0,29.0,3.0,0.8
2020-21,Malcolm Brogdon,1627763,-7,39.0,22.0,9.0,0.35
2020-21,Malcolm Brogdon,1627763,-5,34.0,19.4,5.8,0.3916
2020-21,Malcolm Brogdon,1627763,-4,36.0,23.333333333333332,5.666666666666667,0.4916666666666667
2020-21,Malcolm Brogdon,1627763,-3,31.0,7.0,2.0,0.167
2020-21,Malcolm Brogdon,1627763,-2,39.0,29.0,7.0,0.478
2020-21,Malcolm Brogdon,1627763,-1,35.5,25.5,5.0,0.51
2020-21,Malcolm Brogdon,1627763,0,34.6,20.6,6.2,0.48819999999999997
2020-21,Malcolm Brogdon,1627763,3,33.0,23.0,9.0,0.368
2020-21,Malcolm Brogdon,1627763,6,40.0,12.0,10.0,0.235
2020-21,Malcolm Brogdon,1627763,7,32.5,22.25,4.25,0.49575
2020-21,Malcolm Brogdon,1627763,8,32.666666666666664,19.666666666666668,6.666666666666667,0.4666666666666666
2020-21,Malcolm Brogdon,1627763,9,45.0,21.0,11.0,0.444
2020-21,Malcolm Brogdon,1627763,10,38.0,29.0,11.0,0.476
2020-21,Malcolm Brogdon,1627763,13,35.0,25.5,5.5,0.49250000000000005
2020-21,Malcolm Brogdon,1627763,15,36.0,36.0,9.0,0.588
2020-21,Malcolm Brogdon,1627763,16,36.0,18.0,4.0,0.421
2020-21,Malcolm Brogdon,1627763,19,34.0,26.0,5.0,0.681
2020-21,Malcolm Brogdon,1627763,20,34.0,27.5,7.0,0.554
2020-21,Malcolm Brogdon,1627763,25,29.0,24.0,9.0,0.588
2020-21,Malcolm Brogdon,1627763,29,36.0,17.0,5.0,0.385
2020-21,Malik Beasley,1627736,-25,30.0,22.0,2.0,0.474
2020-21,Malik Beasley,1627736,-20,27.0,12.0,2.0,0.231
2020-21,Malik Beasley,1627736,-19,24.0,8.0,2.0,0.333
2020-21,Malik Beasley,1627736,-18,30.0,14.5,1.5,0.3205
2020-21,Malik Beasley,1627736,-17,28.0,25.5,0.0,0.5855
2020-21,Malik Beasley,1627736,-16,29.0,13.0,3.0,0.235
2020-21,Malik Beasley,1627736,-15,28.0,19.0,0.0,0.313
2020-21,Malik Beasley,1627736,-14,30.0,25.0,1.0,0.389
2020-21,Malik Beasley,1627736,-12,31.666666666666668,20.666666666666668,3.0,0.6056666666666667
2020-21,Malik Beasley,1627736,-11,33.0,10.0,3.0,0.357
2020-21,Malik Beasley,1627736,-9,33.0,26.0,4.0,0.625
2020-21,Malik Beasley,1627736,-8,31.0,9.0,4.0,0.25
2020-21,Malik Beasley,1627736,-7,33.0,13.0,5.0,0.333
2020-21,Malik Beasley,1627736,-5,32.5,25.0,1.5,0.5
2020-21,Malik Beasley,1627736,-3,33.0,17.0,5.0,0.368
2020-21,Malik Beasley,1627736,-2,32.666666666666664,18.666666666666668,3.0,0.46
2020-21,Malik Beasley,1627736,-1,33.0,28.0,5.0,0.478
2020-21,Malik Beasley,1627736,0,36.0,11.0,1.0,0.267
2020-21,Malik Beasley,1627736,1,37.0,15.0,4.0,0.313
2020-21,Malik Beasley,1627736,2,35.666666666666664,25.333333333333332,2.0,0.48466666666666663
2020-21,Malik Beasley,1627736,5,37.0,19.25,2.25,0.39925
2020-21,Malik Beasley,1627736,8,34.0,30.0,6.0,0.476
2020-21,Malik Beasley,1627736,12,26.0,23.0,2.0,0.556
2020-21,Malik Beasley,1627736,13,36.5,21.0,0.0,0.45599999999999996
2020-21,Malik Monk,1628370,-16,23.0,20.0,0.0,0.583
2020-21,Malik Monk,1628370,-13,27.0,13.0,1.0,0.4
2020-21,Malik Monk,1628370,-12,23.0,6.0,1.0,0.25
2020-21,Malik Monk,1628370,-11,22.0,10.0,3.0,0.5
2020-21,Malik Monk,1628370,-7,31.0,20.0,7.0,0.438
2020-21,Malik Monk,1628370,-6,20.0,5.0,2.0,0.286
2020-21,Malik Monk,1628370,-3,26.5,17.0,2.0,0.519
2020-21,Malik Monk,1628370,-2,24.5,8.0,4.5,0.322
2020-21,Malik Monk,1628370,-1,25.0,25.0,1.0,0.563
2020-21,Malik Monk,1628370,0,26.0,19.0,2.0,0.538
2020-21,Malik Monk,1628370,1,26.0,11.0,3.0,0.333
2020-21,Malik Monk,1628370,3,23.333333333333332,10.333333333333334,1.6666666666666667,0.36200000000000004
2020-21,Malik Monk,1628370,7,25.0,14.0,5.0,0.545
2020-21,Malik Monk,1628370,9,21.0,11.0,4.0,0.364
2020-21,Malik Monk,1628370,12,25.0,32.0,0.0,0.706
2020-21,Malik Monk,1628370,13,28.0,14.5,1.5,0.3745
2020-21,Malik Monk,1628370,14,23.0,19.0,4.0,0.7
2020-21,Malik Monk,1628370,15,28.0,29.0,3.0,0.476
2020-21,Malik Monk,1628370,20,35.0,28.5,3.0,0.5409999999999999
2020-21,Mamadi Diakite,1629603,-10,38.0,13.0,1.0,0.364
2020-21,Mamadi Diakite,1629603,-6,22.0,10.0,1.0,0.4
2020-21,Mamadi Diakite,1629603,0,23.0,8.0,2.0,0.444
2020-21,Marc Gasol,201188,-13,20.0,18.0,3.0,0.7
2020-21,Marc Gasol,201188,-11,20.0,7.0,3.0,0.286
2020-21,Marc Gasol,201188,-9,24.0,8.0,3.0,0.429
2020-21,Marc Gasol,201188,-7,27.0,6.0,1.0,0.4
2020-21,Marc Gasol,201188,-6,23.5,3.0,2.5,0.25
2020-21,Marc Gasol,201188,-5,29.0,11.0,1.0,0.571
2020-21,Marc Gasol,201188,0,22.333333333333332,5.0,2.6666666666666665,0.3333333333333333
2020-21,Marc Gasol,201188,2,20.0,2.0,1.0,0.0
2020-21,Marc Gasol,201188,3,23.666666666666668,6.333333333333333,3.0,0.333
2020-21,Marc Gasol,201188,6,23.5,9.0,3.0,0.5835
2020-21,Marc Gasol,201188,7,20.0,5.0,1.0,0.5
2020-21,Marc Gasol,201188,8,20.0,5.0,2.0,1.0
2020-21,Marc Gasol,201188,13,26.0,3.0,4.0,0.25
2020-21,Marc Gasol,201188,16,23.0,3.0,1.0,0.5
2020-21,Marc Gasol,201188,17,21.0,5.0,5.0,0.333
2020-21,Marc Gasol,201188,20,28.0,5.0,6.0,0.5
2020-21,Marc Gasol,201188,24,20.0,12.0,8.0,1.0
2020-21,Marcus Morris Sr.,202694,-20,27.0,7.0,0.0,0.222
2020-21,Marcus Morris Sr.,202694,-18,28.0,9.0,0.5,0.3335
2020-21,Marcus Morris Sr.,202694,-15,27.0,15.0,0.0,0.353
2020-21,Marcus Morris Sr.,202694,-14,33.0,16.0,1.0,0.5
2020-21,Marcus Morris Sr.,202694,-13,35.0,15.0,2.0,0.5
2020-21,Marcus Morris Sr.,202694,-12,23.0,3.0,0.0,0.333
2020-21,Marcus Morris Sr.,202694,-11,36.0,11.0,2.0,0.357
2020-21,Marcus Morris Sr.,202694,-10,29.0,22.0,3.0,0.75
2020-21,Marcus Morris Sr.,202694,-9,30.0,16.0,0.0,0.6
2020-21,Marcus Morris Sr.,202694,-8,26.0,16.0,1.0,0.385
2020-21,Marcus Morris Sr.,202694,-7,25.5,9.5,0.0,0.293
2020-21,Marcus Morris Sr.,202694,-5,24.0,10.0,0.0,0.333
2020-21,Marcus Morris Sr.,202694,-4,25.75,14.75,1.25,0.47950000000000004
2020-21,Marcus Morris Sr.,202694,-2,28.0,8.0,3.0,0.333
2020-21,Marcus Morris Sr.,202694,-1,25.0,10.0,1.0,0.25
2020-21,Marcus Morris Sr.,202694,1,28.0,14.0,0.25,0.40975
2020-21,Marcus Morris Sr.,202694,2,22.5,15.5,0.5,0.4375
2020-21,Marcus Morris Sr.,202694,3,24.0,5.0,1.0,0.286
2020-21,Marcus Morris Sr.,202694,4,27.0,19.0,1.0,0.545
2020-21,Marcus Morris Sr.,202694,6,24.5,10.5,1.5,0.375
2020-21,Marcus Morris Sr.,202694,7,25.333333333333332,18.0,0.6666666666666666,0.5373333333333333
2020-21,Marcus Morris Sr.,202694,9,28.333333333333332,17.333333333333332,0.6666666666666666,0.47633333333333333
2020-21,Marcus Morris Sr.,202694,10,23.5,15.0,1.0,0.5960000000000001
2020-21,Marcus Morris Sr.,202694,11,23.5,11.0,0.5,0.527
2020-21,Marcus Morris Sr.,202694,12,27.0,14.0,1.0,0.556
2020-21,Marcus Morris Sr.,202694,13,28.5,16.5,0.5,0.519
2020-21,Marcus Morris Sr.,202694,14,33.0,22.0,2.0,0.727
2020-21,Marcus Morris Sr.,202694,16,24.0,10.5,2.0,0.4165
2020-21,Marcus Morris Sr.,202694,18,30.0,14.0,4.0,0.545
2020-21,Marcus Morris Sr.,202694,21,23.0,9.0,2.0,0.5
2020-21,Marcus Morris Sr.,202694,24,28.0,22.0,0.0,0.692
2020-21,Marcus Morris Sr.,202694,25,25.0,19.0,0.0,0.583
2020-21,Marcus Morris Sr.,202694,30,37.0,25.0,3.0,0.563
2020-21,Marcus Morris Sr.,202694,35,26.0,20.0,3.0,0.636
2020-21,Marcus Smart,203935,-24,31.0,13.0,6.0,0.333
2020-21,Marcus Smart,203935,-22,29.0,10.0,2.0,0.267
2020-21,Marcus Smart,203935,-19,32.0,4.0,5.0,0.286
2020-21,Marcus Smart,203935,-15,34.0,25.0,4.0,0.526
2020-21,Marcus Smart,203935,-13,35.5,12.5,5.5,0.365
2020-21,Marcus Smart,203935,-12,20.0,19.0,2.0,0.667
2020-21,Marcus Smart,203935,-11,39.0,14.0,3.0,0.4
2020-21,Marcus Smart,203935,-10,29.0,12.5,3.0,0.38475000000000004
2020-21,Marcus Smart,203935,-7,38.0,15.0,3.0,0.4
2020-21,Marcus Smart,203935,-6,34.5,10.5,6.0,0.2655
2020-21,Marcus Smart,203935,-5,30.0,9.0,6.0,0.32499999999999996
2020-21,Marcus Smart,203935,-4,31.0,14.0,5.5,0.4
2020-21,Marcus Smart,203935,-2,35.5,15.0,6.0,0.406
2020-21,Marcus Smart,203935,-1,36.333333333333336,14.666666666666666,8.333333333333334,0.36400000000000005
2020-21,Marcus Smart,203935,0,38.0,3.0,7.0,0.0
2020-21,Marcus Smart,203935,1,38.0,20.5,7.5,0.5
2020-21,Marcus Smart,203935,2,43.0,10.0,12.0,0.333
2020-21,Marcus Smart,203935,4,33.75,15.25,4.75,0.389
2020-21,Marcus Smart,203935,6,39.0,16.0,5.0,0.357
2020-21,Marcus Smart,203935,7,36.0,17.0,9.0,0.364
2020-21,Marcus Smart,203935,8,26.0,14.0,4.0,0.455
2020-21,Marcus Smart,203935,9,37.0,16.0,6.0,0.333
2020-21,Marcus Smart,203935,15,31.0,15.0,4.0,0.625
2020-21,Marcus Smart,203935,18,30.0,11.5,6.0,0.4645
2020-21,Marcus Smart,203935,19,26.0,6.0,10.0,0.5
2020-21,Marcus Smart,203935,20,35.0,15.5,5.5,0.481
2020-21,Marcus Smart,203935,21,30.0,12.0,8.0,0.5155000000000001
2020-21,Marcus Smart,203935,28,28.0,8.5,5.5,0.276
2020-21,Marcus Smart,203935,30,27.0,12.0,9.0,0.625
2020-21,Markelle Fultz,1628365,-31,24.0,9.0,4.0,0.364
2020-21,Markelle Fultz,1628365,-11,29.0,26.0,2.0,0.524
2020-21,Markelle Fultz,1628365,-7,34.0,12.0,8.0,0.313
2020-21,Markelle Fultz,1628365,3,28.0,15.0,4.0,0.4
2020-21,Markelle Fultz,1628365,5,31.0,21.0,7.0,0.538
2020-21,Markelle Fultz,1628365,9,31.0,11.0,10.0,0.25
2020-21,Markelle Fultz,1628365,11,31.0,6.0,8.0,0.333
2020-21,Markieff Morris,202693,-24,27.0,16.0,1.0,0.429
2020-21,Markieff Morris,202693,-17,23.0,4.0,1.0,0.25
2020-21,Markieff Morris,202693,-16,30.5,13.5,1.0,0.729
2020-21,Markieff Morris,202693,-14,28.0,9.0,1.0,0.4
2020-21,Markieff Morris,202693,-10,23.0,2.0,2.0,0.167
2020-21,Markieff Morris,202693,-9,24.5,8.0,1.0,0.375
2020-21,Markieff Morris,202693,-6,20.0,3.0,1.0,0.2
2020-21,Markieff Morris,202693,-3,30.333333333333332,13.666666666666666,1.3333333333333333,0.5153333333333333
2020-21,Markieff Morris,202693,-1,20.0,7.0,2.0,0.6
2020-21,Markieff Morris,202693,1,26.0,9.0,0.5,0.3175
2020-21,Markieff Morris,202693,5,22.5,6.5,1.0,0.375
2020-21,Markieff Morris,202693,6,30.0,11.0,3.0,0.4
2020-21,Markieff Morris,202693,8,27.5,14.5,1.5,0.462
2020-21,Markieff Morris,202693,9,21.5,10.5,3.0,0.5085
2020-21,Markieff Morris,202693,10,29.0,11.0,0.0,0.625
2020-21,Markieff Morris,202693,13,23.0,11.0,2.0,0.444
2020-21,Markieff Morris,202693,17,31.5,11.5,2.5,0.4165
2020-21,Markieff Morris,202693,18,24.0,13.0,4.0,0.5
2020-21,Markieff Morris,202693,20,29.0,14.0,2.0,0.75
2020-21,Markus Howard,1630210,3,32.0,23.0,3.0,0.471
2020-21,Markus Howard,1630210,8,33.0,20.0,2.0,0.643
2020-21,Marvin Bagley III,1628963,-28,24.0,15.0,0.0,0.357
2020-21,Marvin Bagley III,1628963,-27,24.0,5.0,0.0,0.222
2020-21,Marvin Bagley III,1628963,-22,31.0,20.0,2.0,0.667
2020-21,Marvin Bagley III,1628963,-20,22.0,19.0,0.0,0.583
2020-21,Marvin Bagley III,1628963,-19,29.0,10.0,1.0,0.5
2020-21,Marvin Bagley III,1628963,-14,30.0,13.0,1.0,0.333
2020-21,Marvin Bagley III,1628963,-13,29.5,13.5,1.0,0.5835
2020-21,Marvin Bagley III,1628963,-12,23.0,12.0,1.0,0.6
2020-21,Marvin Bagley III,1628963,-10,20.0,11.0,1.0,0.444
2020-21,Marvin Bagley III,1628963,-9,28.5,22.5,0.0,0.5585
2020-21,Marvin Bagley III,1628963,-7,26.0,15.5,1.5,0.5385
2020-21,Marvin Bagley III,1628963,-3,22.5,8.5,1.0,0.3055
2020-21,Marvin Bagley III,1628963,-2,30.0,21.5,1.5,0.7005
2020-21,Marvin Bagley III,1628963,-1,27.0,13.25,1.75,0.46025000000000005
2020-21,Marvin Bagley III,1628963,0,24.0,19.0,2.0,0.583
2020-21,Marvin Bagley III,1628963,1,29.0,21.0,0.0,0.571
2020-21,Marvin Bagley III,1628963,2,27.0,13.0,0.0,0.333
2020-21,Marvin Bagley III,1628963,3,25.0,14.5,1.0,0.4425
2020-21,Marvin Bagley III,1628963,4,23.0,11.0,1.0,0.286
2020-21,Marvin Bagley III,1628963,6,23.0,8.0,2.0,0.571
2020-21,Marvin Bagley III,1628963,7,29.0,14.0,0.0,0.7
2020-21,Marvin Bagley III,1628963,8,20.0,9.0,1.0,0.5
2020-21,Marvin Bagley III,1628963,15,21.0,16.0,2.0,0.5
2020-21,Marvin Bagley III,1628963,16,30.0,10.0,0.0,0.417
2020-21,Marvin Bagley III,1628963,18,34.0,24.0,1.0,0.55
2020-21,Marvin Bagley III,1628963,19,34.0,31.0,0.0,0.591
2020-21,Marvin Bagley III,1628963,20,34.0,23.0,3.0,0.625
2020-21,Marvin Bagley III,1628963,24,21.0,13.0,2.0,0.714
2020-21,Mason Jones,1630222,-13,35.0,24.0,4.0,0.667
2020-21,Mason Jones,1630222,1,23.0,6.0,3.0,0.125
2020-21,Mason Plumlee,203486,-22,26.0,6.0,6.0,0.333
2020-21,Mason Plumlee,203486,-20,24.0,2.0,2.0,0.0
2020-21,Mason Plumlee,203486,-19,25.666666666666668,14.666666666666666,1.6666666666666667,0.7210000000000001
2020-21,Mason Plumlee,203486,-17,29.0,12.0,4.0,0.722
2020-21,Mason Plumlee,203486,-16,27.0,10.0,1.0,0.455
2020-21,Mason Plumlee,203486,-12,21.666666666666668,8.333333333333334,3.0,0.6946666666666667
2020-21,Mason Plumlee,203486,-10,30.0,15.5,5.0,0.8500000000000001
2020-21,Mason Plumlee,203486,-9,29.666666666666668,11.0,4.0,0.7000000000000001
2020-21,Mason Plumlee,203486,-7,24.0,11.0,1.0,0.5
2020-21,Mason Plumlee,203486,-6,30.5,11.5,3.0,0.653
2020-21,Mason Plumlee,203486,-5,22.5,8.5,3.5,0.675
2020-21,Mason Plumlee,203486,-4,36.0,13.0,5.0,0.8413333333333334
2020-21,Mason Plumlee,203486,-2,28.5,7.5,4.0,0.75
2020-21,Mason Plumlee,203486,0,24.5,9.0,4.0,0.479
2020-21,Mason Plumlee,203486,1,24.5,9.0,5.5,0.364
2020-21,Mason Plumlee,203486,2,25.5,12.5,2.5,0.675
2020-21,Mason Plumlee,203486,3,27.0,12.0,4.0,0.571
2020-21,Mason Plumlee,203486,4,30.0,17.0,10.0,0.667
2020-21,Mason Plumlee,203486,5,27.0,9.0,2.0,0.8
2020-21,Mason Plumlee,203486,7,27.0,17.0,3.5,0.8265
2020-21,Mason Plumlee,203486,8,31.0,10.0,3.0,0.6556666666666667
2020-21,Mason Plumlee,203486,9,28.666666666666668,12.666666666666666,6.666666666666667,0.6776666666666666
2020-21,Mason Plumlee,203486,12,24.0,10.0,2.0,0.667
2020-21,Mason Plumlee,203486,13,30.0,13.0,5.0,0.571
2020-21,Mason Plumlee,203486,16,21.0,6.0,1.0,0.5
2020-21,Mason Plumlee,203486,18,27.0,10.0,1.0,0.833
2020-21,Mason Plumlee,203486,20,32.0,12.0,3.0,0.5
2020-21,Mason Plumlee,203486,31,28.0,13.0,7.0,0.545
2020-21,Matisse Thybulle,1629680,-18,23.0,2.0,2.0,0.2
2020-21,Matisse Thybulle,1629680,-17,31.0,13.0,1.0,0.545
2020-21,Matisse Thybulle,1629680,-16,20.0,8.0,0.0,0.375
2020-21,Matisse Thybulle,1629680,-15,25.0,3.0,0.0,0.333
2020-21,Matisse Thybulle,1629680,-13,27.0,5.0,1.0,0.667
2020-21,Matisse Thybulle,1629680,-12,23.0,5.0,0.0,0.5
2020-21,Matisse Thybulle,1629680,-11,20.0,5.0,0.0,0.4
2020-21,Matisse Thybulle,1629680,-5,20.0,5.0,0.0,0.4
2020-21,Matisse Thybulle,1629680,2,21.0,0.0,0.0,0.0
2020-21,Matisse Thybulle,1629680,4,33.0,2.5,2.5,0.5
2020-21,Matisse Thybulle,1629680,5,27.0,8.0,1.0,0.5
2020-21,Matisse Thybulle,1629680,6,22.5,2.5,1.0,0.3335
2020-21,Matisse Thybulle,1629680,7,21.5,8.0,0.0,0.55
2020-21,Matisse Thybulle,1629680,8,20.0,4.0,3.0,0.167
2020-21,Matisse Thybulle,1629680,11,22.0,2.0,2.0,0.5
2020-21,Matisse Thybulle,1629680,12,24.0,2.5,0.5,0.3335
2020-21,Matisse Thybulle,1629680,13,21.0,2.0,1.0,0.333
2020-21,Matisse Thybulle,1629680,14,26.5,10.5,1.0,0.7145
2020-21,Matisse Thybulle,1629680,16,36.0,2.0,2.0,0.333
2020-21,Matisse Thybulle,1629680,18,25.0,5.0,0.0,0.333
2020-21,Matisse Thybulle,1629680,19,22.0,10.0,5.0,0.625
2020-21,Matisse Thybulle,1629680,22,21.0,8.0,2.0,0.667
2020-21,Matisse Thybulle,1629680,24,20.0,5.0,2.0,0.667
2020-21,Matisse Thybulle,1629680,32,32.0,8.0,3.0,0.5
2020-21,Matt Thomas,1629744,-20,22.0,11.0,0.0,0.571
2020-21,Matt Thomas,1629744,-1,20.0,9.0,4.0,0.5
2020-21,Matt Thomas,1629744,24,20.0,6.0,0.0,0.286
2020-21,Matthew Dellavedova,203521,-8,34.0,7.0,10.0,0.273
2020-21,Matthew Dellavedova,203521,12,20.0,2.0,7.0,0.167
2020-21,Maurice Harkless,203090,-34,23.0,0.0,2.0,0.0
2020-21,Maurice Harkless,203090,-16,29.0,20.0,0.0,0.583
2020-21,Maurice Harkless,203090,-10,22.0,2.0,1.0,0.0
2020-21,Maurice Harkless,203090,-9,31.0,11.0,0.0,0.5
2020-21,Maurice Harkless,203090,-8,29.0,3.0,2.0,0.167
2020-21,Maurice Harkless,203090,-5,30.0,7.0,1.0,0.375
2020-21,Maurice Harkless,203090,-4,22.0,3.0,1.0,0.25
2020-21,Maurice Harkless,203090,-3,33.5,9.0,2.0,0.4445
2020-21,Maurice Harkless,203090,1,21.0,4.0,0.0,0.4
2020-21,Maurice Harkless,203090,2,34.0,15.0,5.0,0.455
2020-21,Maurice Harkless,203090,3,26.0,3.0,2.0,0.333
2020-21,Maurice Harkless,203090,6,25.0,7.0,1.0,0.75
2020-21,Maurice Harkless,203090,11,29.0,3.0,3.0,0.5
2020-21,Maurice Harkless,203090,12,23.0,11.0,1.0,0.556
2020-21,Maurice Harkless,203090,13,33.0,15.0,3.0,0.417
2020-21,Maurice Harkless,203090,14,35.0,6.0,1.0,0.5
2020-21,Maurice Harkless,203090,15,35.0,8.0,2.0,0.5
2020-21,Maurice Harkless,203090,19,25.0,18.0,3.0,0.417
2020-21,Maurice Harkless,203090,31,34.0,8.0,0.0,0.25
2020-21,Max Strus,1629622,-8,25.0,21.0,0.0,0.667
2020-21,Max Strus,1629622,-5,27.0,11.0,1.0,0.5
2020-21,Max Strus,1629622,-2,20.0,7.0,2.0,0.375
2020-21,Max Strus,1629622,-1,20.0,12.0,0.0,0.667
2020-21,Max Strus,1629622,1,23.0,8.0,1.0,0.429
2020-21,Max Strus,1629622,2,20.0,15.0,2.0,0.667
2020-21,Max Strus,1629622,4,35.0,20.0,2.0,0.438
2020-21,Max Strus,1629622,7,21.0,8.0,1.0,0.5
2020-21,Max Strus,1629622,14,29.0,11.0,2.0,0.273
2020-21,Max Strus,1629622,22,25.0,17.0,2.0,0.538
2020-21,Maxi Kleber,1628467,-24,25.0,6.0,1.0,0.667
2020-21,Maxi Kleber,1628467,-21,35.0,3.0,0.0,0.25
2020-21,Maxi Kleber,1628467,-19,26.0,10.0,1.0,0.25
2020-21,Maxi Kleber,1628467,-16,28.0,5.0,0.0,0.25
2020-21,Maxi Kleber,1628467,-11,22.5,5.0,1.0,0.4375
2020-21,Maxi Kleber,1628467,-10,31.0,13.0,0.0,0.308
2020-21,Maxi Kleber,1628467,-9,23.5,6.75,1.0,0.41800000000000004
2020-21,Maxi Kleber,1628467,-7,27.0,6.0,2.0,0.4
2020-21,Maxi Kleber,1628467,-6,27.0,17.0,1.0,0.556
2020-21,Maxi Kleber,1628467,-5,26.5,9.5,2.5,0.35
2020-21,Maxi Kleber,1628467,-3,28.333333333333332,7.0,1.3333333333333333,0.27499999999999997
2020-21,Maxi Kleber,1628467,-2,36.0,8.0,1.0,0.273
2020-21,Maxi Kleber,1628467,1,34.0,16.0,4.0,0.667
2020-21,Maxi Kleber,1628467,3,32.0,16.0,4.0,0.455
2020-21,Maxi Kleber,1628467,5,31.0,8.0,1.0,0.375
2020-21,Maxi Kleber,1628467,6,21.0,0.0,0.0,0.0
2020-21,Maxi Kleber,1628467,9,32.0,8.0,3.0,0.5
2020-21,Maxi Kleber,1628467,10,31.0,8.0,1.0,0.5
2020-21,Maxi Kleber,1628467,12,37.0,6.0,2.0,0.333
2020-21,Maxi Kleber,1628467,13,28.666666666666668,7.333333333333333,0.5,0.39999999999999997
2020-21,Maxi Kleber,1628467,15,32.0,7.0,2.5,0.548
2020-21,Maxi Kleber,1628467,16,25.0,8.0,1.0,0.75
2020-21,Maxi Kleber,1628467,17,26.0,6.0,2.0,0.667
2020-21,Maxi Kleber,1628467,21,32.5,10.0,3.5,0.45199999999999996
2020-21,Maxi Kleber,1628467,24,40.0,12.0,0.0,0.5
2020-21,Maxi Kleber,1628467,25,35.0,7.0,2.0,0.6
2020-21,Maxi Kleber,1628467,27,21.0,10.0,2.0,0.667
2020-21,Mfiondu Kabengele,1629662,-24,21.0,7.0,3.0,0.6
2020-21,Mfiondu Kabengele,1629662,-17,20.0,4.0,0.0,0.2
2020-21,Mfiondu Kabengele,1629662,-15,23.0,14.0,1.0,0.714
2020-21,Michael Carter-Williams,203487,-23,20.0,5.0,3.0,0.222
2020-21,Michael Carter-Williams,203487,-17,25.0,5.0,7.0,0.5
2020-21,Michael Carter-Williams,203487,-16,22.0,7.0,4.0,0.6
2020-21,Michael Carter-Williams,203487,-15,29.0,14.0,4.0,0.357
2020-21,Michael Carter-Williams,203487,-14,24.0,9.5,1.0,0.3365
2020-21,Michael Carter-Williams,203487,-13,33.0,9.0,7.0,0.375
2020-21,Michael Carter-Williams,203487,-11,28.0,11.0,6.0,0.308
2020-21,Michael Carter-Williams,203487,-9,28.333333333333332,13.333333333333334,5.333333333333333,0.4386666666666667
2020-21,Michael Carter-Williams,203487,-8,21.5,12.0,5.0,0.646
2020-21,Michael Carter-Williams,203487,-7,29.0,18.0,6.0,0.615
2020-21,Michael Carter-Williams,203487,-6,23.0,8.0,3.0,0.3
2020-21,Michael Carter-Williams,203487,-3,31.0,7.333333333333333,3.0,0.3196666666666667
2020-21,Michael Carter-Williams,203487,1,24.0,4.0,2.0,0.333
2020-21,Michael Carter-Williams,203487,10,24.5,15.0,5.0,0.4065
2020-21,Michael Carter-Williams,203487,11,28.0,10.5,5.0,0.375
2020-21,Michael Carter-Williams,203487,15,31.0,8.0,9.0,0.3
2020-21,Michael Carter-Williams,203487,17,27.0,3.0,5.0,0.333
2020-21,Michael Carter-Williams,203487,21,32.0,8.0,5.0,0.154
2020-21,Michael Carter-Williams,203487,28,23.0,6.0,3.0,1.0
2020-21,Michael Porter Jr.,1629008,-20,33.0,8.0,0.0,0.273
2020-21,Michael Porter Jr.,1629008,-14,30.0,17.0,2.0,0.484
2020-21,Michael Porter Jr.,1629008,-10,28.0,19.0,0.0,0.538
2020-21,Michael Porter Jr.,1629008,-9,40.0,30.0,1.0,0.667
2020-21,Michael Porter Jr.,1629008,-7,36.0,25.0,5.0,0.625
2020-21,Michael Porter Jr.,1629008,-5,36.0,26.0,1.0,0.444
2020-21,Michael Porter Jr.,1629008,-3,26.0,8.0,2.0,0.333
2020-21,Michael Porter Jr.,1629008,-1,33.0,28.0,2.0,0.647
2020-21,Michael Porter Jr.,1629008,0,32.75,21.0,0.75,0.61225
2020-21,Michael Porter Jr.,1629008,1,30.0,14.0,1.0,0.455
2020-21,Michael Porter Jr.,1629008,2,25.666666666666668,10.333333333333334,2.3333333333333335,0.37400000000000005
2020-21,Michael Porter Jr.,1629008,3,35.333333333333336,24.333333333333332,0.6666666666666666,0.5563333333333333
2020-21,Michael Porter Jr.,1629008,4,35.0,17.0,1.0,0.5
2020-21,Michael Porter Jr.,1629008,6,36.0,21.0,1.5,0.5845
2020-21,Michael Porter Jr.,1629008,7,35.25,23.5,1.25,0.6184999999999999
2020-21,Michael Porter Jr.,1629008,8,30.5,15.5,0.5,0.4655
2020-21,Michael Porter Jr.,1629008,9,29.8,15.0,1.0,0.43979999999999997
2020-21,Michael Porter Jr.,1629008,10,27.0,30.0,0.0,0.556
2020-21,Michael Porter Jr.,1629008,11,33.0,24.0,1.3333333333333333,0.6489999999999999
2020-21,Michael Porter Jr.,1629008,12,38.0,29.0,2.0,0.5595
2020-21,Michael Porter Jr.,1629008,15,30.0,20.0,1.0,0.6
2020-21,Michael Porter Jr.,1629008,16,37.0,24.0,1.5,0.5045
2020-21,Michael Porter Jr.,1629008,17,37.5,23.0,0.5,0.626
2020-21,Michael Porter Jr.,1629008,18,26.0,15.0,3.0,0.5
2020-21,Michael Porter Jr.,1629008,19,35.0,14.0,0.0,0.556
2020-21,Michael Porter Jr.,1629008,20,28.0,28.0,1.0,0.647
2020-21,Michael Porter Jr.,1629008,22,31.0,21.0,1.0,0.538
2020-21,Michael Porter Jr.,1629008,23,34.0,30.0,1.0,0.667
2020-21,Michael Porter Jr.,1629008,24,25.0,17.0,3.0,0.583
2020-21,Michael Porter Jr.,1629008,28,27.0,19.0,2.0,0.6
2020-21,Michael Porter Jr.,1629008,29,27.0,20.0,0.0,0.636
2020-21,Mikal Bridges,1628969,-23,32.0,6.0,1.0,0.333
2020-21,Mikal Bridges,1628969,-13,33.666666666666664,13.0,2.0,0.535
2020-21,Mikal Bridges,1628969,-9,33.0,14.0,2.0,0.457
2020-21,Mikal Bridges,1628969,-8,33.333333333333336,11.666666666666666,2.0,0.47633333333333333
2020-21,Mikal Bridges,1628969,-7,24.0,4.0,1.0,0.2
2020-21,Mikal Bridges,1628969,-5,29.6,9.6,3.6,0.4058
2020-21,Mikal Bridges,1628969,-4,34.0,6.5,2.0,0.303
2020-21,Mikal Bridges,1628969,-3,34.0,14.2,2.0,0.5218
2020-21,Mikal Bridges,1628969,-2,36.333333333333336,12.333333333333334,1.3333333333333333,0.5606666666666666
2020-21,Mikal Bridges,1628969,-1,24.0,14.0,2.0,0.667
2020-21,Mikal Bridges,1628969,0,38.0,15.0,4.0,0.75
2020-21,Mikal Bridges,1628969,2,24.333333333333332,5.666666666666667,0.3333333333333333,0.3096666666666667
2020-21,Mikal Bridges,1628969,4,30.0,9.5,3.5,0.35
2020-21,Mikal Bridges,1628969,5,35.714285714285715,17.285714285714285,3.2857142857142856,0.5474285714285714
2020-21,Mikal Bridges,1628969,6,34.0,14.0,1.5,0.602
2020-21,Mikal Bridges,1628969,7,39.0,18.0,2.0,0.8
2020-21,Mikal Bridges,1628969,8,36.0,7.0,2.0,0.143
2020-21,Mikal Bridges,1628969,9,32.5,11.5,1.0,0.3385
2020-21,Mikal Bridges,1628969,10,33.0,16.0,1.5,0.6890000000000001
2020-21,Mikal Bridges,1628969,11,38.0,16.0,1.5,0.5575
2020-21,Mikal Bridges,1628969,12,35.0,15.666666666666666,3.3333333333333335,0.6156666666666667
2020-21,Mikal Bridges,1628969,13,34.0,18.0,1.5,0.5415
2020-21,Mikal Bridges,1628969,14,29.0,14.666666666666666,2.3333333333333335,0.8176666666666668
2020-21,Mikal Bridges,1628969,16,31.0,19.5,2.0,0.6499999999999999
2020-21,Mikal Bridges,1628969,17,30.0,16.0,3.0,0.6335
2020-21,Mikal Bridges,1628969,20,30.0,21.0,1.0,0.538
2020-21,Mikal Bridges,1628969,25,30.333333333333332,16.333333333333332,2.3333333333333335,0.6709999999999999
2020-21,Mikal Bridges,1628969,28,33.0,15.0,2.0,0.5
2020-21,Mikal Bridges,1628969,31,30.0,13.0,0.0,0.571
2020-21,Mikal Bridges,1628969,32,26.0,18.0,0.0,0.778
2020-21,Mike Conley,201144,-18,27.0,12.0,8.0,0.2
2020-21,Mike Conley,201144,-15,35.0,18.0,2.0,0.462
2020-21,Mike Conley,201144,-13,34.0,16.0,4.0,0.385
2020-21,Mike Conley,201144,-12,27.5,8.5,5.5,0.257
2020-21,Mike Conley,201144,-9,32.0,20.0,5.0,0.467
2020-21,Mike Conley,201144,-8,35.0,11.0,4.0,0.313
2020-21,Mike Conley,201144,-7,25.0,16.0,0.0,0.455
2020-21,Mike Conley,201144,-6,30.0,18.0,7.0,0.333
2020-21,Mike Conley,201144,-1,30.0,13.666666666666666,8.333333333333334,0.41100000000000003
2020-21,Mike Conley,201144,0,31.0,26.0,7.0,0.526
2020-21,Mike Conley,201144,1,31.5,24.0,8.0,0.5740000000000001
2020-21,Mike Conley,201144,2,30.5,18.5,5.0,0.5575
2020-21,Mike Conley,201144,3,31.0,13.0,5.0,0.385
2020-21,Mike Conley,201144,7,31.0,26.0,4.0,0.571
2020-21,Mike Conley,201144,9,32.0,20.0,5.0,0.49833333333333335
2020-21,Mike Conley,201144,10,28.5,18.5,5.0,0.4305
2020-21,Mike Conley,201144,11,30.0,12.5,6.0,0.41050000000000003
2020-21,Mike Conley,201144,13,32.0,10.0,10.0,0.333
2020-21,Mike Conley,201144,14,26.5,15.0,5.0,0.45
2020-21,Mike Conley,201144,15,28.0,14.0,10.0,0.455
2020-21,Mike Conley,201144,17,31.5,14.5,11.0,0.4235
2020-21,Mike Conley,201144,18,28.0,13.5,4.5,0.4085
2020-21,Mike Conley,201144,19,20.0,16.0,2.0,0.545
2020-21,Mike Conley,201144,22,27.5,15.0,4.5,0.4545
2020-21,Mike Conley,201144,23,31.0,20.0,6.0,0.571
2020-21,Mike Conley,201144,24,33.0,33.0,7.0,0.55
2020-21,Mike Conley,201144,26,28.0,6.0,10.0,0.286
2020-21,Mike Conley,201144,27,27.5,18.5,3.5,0.4585
2020-21,Mike Conley,201144,28,21.0,11.0,9.0,0.4
2020-21,Mike Conley,201144,30,29.5,18.5,8.5,0.45599999999999996
2020-21,Mike Conley,201144,38,25.0,18.0,5.0,0.556
2020-21,Mike Conley,201144,40,26.0,17.0,1.0,0.545
2020-21,Mike Conley,201144,46,25.0,11.0,13.0,0.333
2020-21,Mike James,1628455,-14,23.0,15.0,3.0,0.4
2020-21,Mike James,1628455,-12,27.0,14.0,8.0,0.375
2020-21,Mike James,1628455,4,26.0,12.0,5.0,0.417
2020-21,Mike James,1628455,5,26.0,11.0,6.0,0.143
2020-21,Mike James,1628455,7,25.0,1.0,7.0,0.0
2020-21,Mike James,1628455,9,21.0,11.0,8.0,0.8
2020-21,Mike James,1628455,17,21.0,8.0,2.0,0.375
2020-21,Mike Muscala,203488,-14,24.0,13.0,0.0,0.444
2020-21,Mike Muscala,203488,-7,20.0,11.0,1.0,0.375
2020-21,Mike Muscala,203488,-4,26.0,21.0,0.0,0.636
2020-21,Mike Muscala,203488,-3,20.0,18.0,1.0,0.667
2020-21,Mike Muscala,203488,-1,27.0,11.0,0.0,0.333
2020-21,Mike Muscala,203488,2,24.0,6.5,4.0,0.225
2020-21,Mike Muscala,203488,6,22.5,20.0,0.5,0.5605
2020-21,Mike Muscala,203488,8,22.0,7.0,1.0,0.375
2020-21,Mike Muscala,203488,10,20.0,23.0,0.0,0.667
2020-21,Mike Muscala,203488,11,20.0,8.0,0.0,0.333
2020-21,Mike Scott,203118,-22,22.0,2.0,0.0,0.143
2020-21,Mike Scott,203118,-10,20.0,9.0,1.0,0.3
2020-21,Mike Scott,203118,-7,26.0,3.0,2.0,0.25
2020-21,Mike Scott,203118,-6,29.0,3.0,3.0,0.167
2020-21,Mike Scott,203118,-4,25.0,5.0,4.0,0.25
2020-21,Mike Scott,203118,2,22.0,11.0,1.0,0.667
2020-21,Mike Scott,203118,3,33.5,12.0,1.5,0.5625
2020-21,Mike Scott,203118,8,28.0,6.0,2.0,0.25
2020-21,Mike Scott,203118,10,22.0,5.0,1.0,0.5
2020-21,Mike Scott,203118,12,22.5,8.5,1.0,0.75
2020-21,Mike Scott,203118,13,23.0,9.0,0.0,0.429
2020-21,Mike Scott,203118,16,21.0,6.0,0.0,0.4
2020-21,Miles Bridges,1628970,-31,23.0,7.0,0.0,0.5
2020-21,Miles Bridges,1628970,-30,25.0,11.0,1.0,0.333
2020-21,Miles Bridges,1628970,-23,27.5,12.5,3.0,0.42100000000000004
2020-21,Miles Bridges,1628970,-19,38.0,15.0,3.0,0.375
2020-21,Miles Bridges,1628970,-18,20.0,6.0,3.0,0.5
2020-21,Miles Bridges,1628970,-17,28.5,14.0,4.0,0.359
2020-21,Miles Bridges,1628970,-14,31.0,9.0,3.3333333333333335,0.324
2020-21,Miles Bridges,1628970,-13,34.0,21.0,5.0,0.5994999999999999
2020-21,Miles Bridges,1628970,-12,32.5,12.0,2.25,0.46725
2020-21,Miles Bridges,1628970,-11,27.0,5.0,2.0,0.333
2020-21,Miles Bridges,1628970,-7,38.0,33.0,2.0,0.722
2020-21,Miles Bridges,1628970,-6,38.0,19.0,4.0,0.429
2020-21,Miles Bridges,1628970,-4,30.0,18.25,1.75,0.55625
2020-21,Miles Bridges,1628970,-2,28.0,9.0,2.0,0.5
2020-21,Miles Bridges,1628970,-1,28.2,9.4,1.6,0.46799999999999997
2020-21,Miles Bridges,1628970,0,27.5,6.5,1.0,0.35
2020-21,Miles Bridges,1628970,2,26.666666666666668,9.333333333333334,2.6666666666666665,0.38033333333333336
2020-21,Miles Bridges,1628970,3,28.333333333333332,15.0,1.0,0.5713333333333334
2020-21,Miles Bridges,1628970,5,36.5,23.0,3.5,0.594
2020-21,Miles Bridges,1628970,6,22.0,6.0,1.0,0.3
2020-21,Miles Bridges,1628970,7,36.0,18.0,1.0,0.615
2020-21,Miles Bridges,1628970,8,24.0,18.0,2.0,0.727
2020-21,Miles Bridges,1628970,9,25.0,8.0,2.0,0.375
2020-21,Miles Bridges,1628970,10,25.0,8.666666666666666,1.0,0.5046666666666667
2020-21,Miles Bridges,1628970,11,26.0,16.0,1.0,0.75
2020-21,Miles Bridges,1628970,12,30.0,11.0,2.0,0.5
2020-21,Miles Bridges,1628970,13,31.0,14.0,2.5,0.3075
2020-21,Miles Bridges,1628970,14,28.333333333333332,13.0,3.0,0.5636666666666666
2020-21,Miles Bridges,1628970,15,32.0,13.0,4.0,0.714
2020-21,Miles Bridges,1628970,18,29.0,20.0,2.0,0.667
2020-21,Miles Bridges,1628970,22,27.5,14.0,1.5,0.4335
2020-21,Miles Bridges,1628970,23,36.0,16.0,1.0,0.75
2020-21,Miles Bridges,1628970,24,33.0,20.0,3.0,0.5
2020-21,Miles Bridges,1628970,25,28.0,11.0,4.0,0.556
2020-21,Miles Bridges,1628970,26,29.0,13.0,5.0,0.714
2020-21,Mitchell Robinson,1629011,-27,33.0,12.0,0.0,1.0
2020-21,Mitchell Robinson,1629011,-19,26.0,8.0,0.0,0.5125
2020-21,Mitchell Robinson,1629011,-17,21.0,3.0,0.0,0.5
2020-21,Mitchell Robinson,1629011,-15,30.0,7.0,1.0,0.75
2020-21,Mitchell Robinson,1629011,-14,24.5,4.0,1.0,0.45
2020-21,Mitchell Robinson,1629011,-13,28.0,12.0,0.0,0.75
2020-21,Mitchell Robinson,1629011,-10,31.0,6.0,0.0,0.5
2020-21,Mitchell Robinson,1629011,-7,34.0,11.0,0.0,1.0
2020-21,Mitchell Robinson,1629011,-6,22.0,6.0,1.0,0.667
2020-21,Mitchell Robinson,1629011,-5,28.0,8.0,0.0,0.571
2020-21,Mitchell Robinson,1629011,-3,29.0,9.0,0.0,0.667
2020-21,Mitchell Robinson,1629011,0,25.0,6.0,0.0,0.5355
2020-21,Mitchell Robinson,1629011,2,20.0,9.0,0.0,0.667
2020-21,Mitchell Robinson,1629011,5,33.0,10.0,2.0,0.556
2020-21,Mitchell Robinson,1629011,6,29.5,6.0,1.0,0.75
2020-21,Mitchell Robinson,1629011,8,31.0,9.0,0.0,0.444
2020-21,Mitchell Robinson,1629011,9,28.333333333333332,14.0,1.0,0.7016666666666667
2020-21,Mitchell Robinson,1629011,10,29.0,16.0,1.0,0.8
2020-21,Mitchell Robinson,1629011,12,41.0,9.0,2.0,0.667
2020-21,Mitchell Robinson,1629011,13,34.0,6.0,0.0,0.4
2020-21,Mitchell Robinson,1629011,16,34.0,9.0,1.0,0.667
2020-21,Mitchell Robinson,1629011,28,24.0,8.0,0.0,0.8
2020-21,Miye Oni,1629671,18,25.0,5.0,0.0,0.4
2020-21,Mo Bamba,1628964,-26,30.0,19.0,1.0,0.455
2020-21,Mo Bamba,1628964,-25,20.0,21.0,0.0,0.727
2020-21,Mo Bamba,1628964,-17,27.0,17.0,0.0,0.4
2020-21,Mo Bamba,1628964,-16,22.0,9.0,4.0,0.3
2020-21,Mo Bamba,1628964,-15,22.0,11.0,1.0,0.417
2020-21,Mo Bamba,1628964,-12,24.0,17.0,2.0,0.667
2020-21,Mo Bamba,1628964,-8,28.0,22.0,2.0,0.6
2020-21,Mo Bamba,1628964,-7,33.0,9.0,1.0,0.364
2020-21,Mo Bamba,1628964,-4,22.0,14.0,2.0,0.4
2020-21,Mo Bamba,1628964,-3,23.0,2.0,0.0,0.143
2020-21,Mo Bamba,1628964,-2,23.0,15.0,1.0,0.667
2020-21,Mo Bamba,1628964,-1,24.0,9.0,2.0,0.444
2020-21,Mo Bamba,1628964,2,24.0,19.0,1.0,0.583
2020-21,Mo Bamba,1628964,7,21.0,4.0,1.0,0.333
2020-21,Monte Morris,1628420,-15,23.0,10.0,3.0,0.4
2020-21,Monte Morris,1628420,-13,27.5,12.0,1.5,0.6
2020-21,Monte Morris,1628420,-8,32.0,8.0,3.0,0.25
2020-21,Monte Morris,1628420,-6,30.0,10.0,2.0,0.4
2020-21,Monte Morris,1628420,-5,27.5,10.0,3.0,0.429
2020-21,Monte Morris,1628420,-4,30.5,13.5,4.5,0.519
2020-21,Monte Morris,1628420,-2,25.5,11.0,3.5,0.375
2020-21,Monte Morris,1628420,1,31.0,16.333333333333332,5.0,0.6596666666666667
2020-21,Monte Morris,1628420,2,23.0,10.0,4.0,0.625
2020-21,Monte Morris,1628420,3,24.0,11.0,3.0,0.571
2020-21,Monte Morris,1628420,4,24.0,4.0,2.0,0.333
2020-21,Monte Morris,1628420,7,24.333333333333332,8.666666666666666,5.0,0.43333333333333335
2020-21,Monte Morris,1628420,8,29.0,10.0,3.0,0.5
2020-21,Monte Morris,1628420,9,26.0,11.0,2.0,0.5
2020-21,Monte Morris,1628420,10,32.5,9.0,3.5,0.442
2020-21,Monte Morris,1628420,11,30.5,8.0,4.0,0.347
2020-21,Monte Morris,1628420,13,28.0,11.0,6.0,0.429
2020-21,Monte Morris,1628420,14,28.0,15.333333333333334,2.6666666666666665,0.6686666666666667
2020-21,Monte Morris,1628420,17,32.0,17.0,3.0,0.6
2020-21,Monte Morris,1628420,18,20.0,12.0,4.0,0.444
2020-21,Monte Morris,1628420,22,21.0,15.0,5.0,0.636
2020-21,Monte Morris,1628420,23,29.0,6.0,2.0,0.25
2020-21,Monte Morris,1628420,26,22.0,12.0,3.0,0.5
2020-21,Monte Morris,1628420,27,28.0,13.0,3.0,0.667
2020-21,Montrezl Harrell,1626149,-20,27.0,9.0,1.0,0.6
2020-21,Montrezl Harrell,1626149,-18,33.0,18.0,0.0,0.5
2020-21,Montrezl Harrell,1626149,-15,22.0,16.0,0.0,0.583
2020-21,Montrezl Harrell,1626149,-14,20.0,12.0,3.0,0.455
2020-21,Montrezl Harrell,1626149,-13,20.0,9.0,1.0,0.444
2020-21,Montrezl Harrell,1626149,-11,29.0,17.0,0.0,0.538
2020-21,Montrezl Harrell,1626149,-9,24.0,13.5,1.0,0.47250000000000003
2020-21,Montrezl Harrell,1626149,-8,26.0,16.0,1.0,0.571
2020-21,Montrezl Harrell,1626149,-7,25.666666666666668,17.666666666666668,1.0,0.6886666666666666
2020-21,Montrezl Harrell,1626149,-5,22.0,18.0,1.5,0.669
2020-21,Montrezl Harrell,1626149,-4,26.0,19.0,2.0,0.583
2020-21,Montrezl Harrell,1626149,-3,28.666666666666668,16.0,1.6666666666666667,0.7723333333333334
2020-21,Montrezl Harrell,1626149,-2,32.0,26.0,1.0,0.591
2020-21,Montrezl Harrell,1626149,-1,24.0,5.5,1.0,0.667
2020-21,Montrezl Harrell,1626149,0,26.75,11.0,1.25,0.53325
2020-21,Montrezl Harrell,1626149,1,32.0,20.0,3.0,0.8
2020-21,Montrezl Harrell,1626149,2,30.25,19.5,1.25,0.721
2020-21,Montrezl Harrell,1626149,5,22.5,14.0,1.0,0.55
2020-21,Montrezl Harrell,1626149,6,23.0,10.0,1.0,0.4
2020-21,Montrezl Harrell,1626149,12,22.0,14.5,0.5,0.6930000000000001
2020-21,Montrezl Harrell,1626149,13,23.5,13.5,0.5,0.667
2020-21,Montrezl Harrell,1626149,14,29.5,20.5,0.5,0.692
2020-21,Montrezl Harrell,1626149,15,27.0,19.666666666666668,1.3333333333333333,0.6826666666666666
2020-21,Montrezl Harrell,1626149,16,23.0,17.0,0.5,0.5595
2020-21,Montrezl Harrell,1626149,17,24.5,20.5,3.5,0.744
2020-21,Montrezl Harrell,1626149,18,25.0,15.0,1.0,0.667
2020-21,Montrezl Harrell,1626149,22,29.0,17.0,2.0,0.583
2020-21,Moritz Wagner,1629021,-30,24.0,11.0,0.0,0.333
2020-21,Moritz Wagner,1629021,-27,25.0,20.0,0.0,0.5
2020-21,Moritz Wagner,1629021,-26,21.0,4.0,2.0,0.4
2020-21,Moritz Wagner,1629021,-12,27.0,5.0,1.0,0.0
2020-21,Moritz Wagner,1629021,-11,23.0,6.0,3.0,0.375
2020-21,Moritz Wagner,1629021,-8,34.0,14.0,1.0,0.8
2020-21,Moritz Wagner,1629021,-3,25.0,21.0,5.0,0.615
2020-21,Moritz Wagner,1629021,-1,27.0,17.0,1.0,0.462
2020-21,Moritz Wagner,1629021,0,22.0,9.0,1.0,0.6
2020-21,Moritz Wagner,1629021,1,32.0,10.5,3.0,0.5415
2020-21,Moritz Wagner,1629021,2,34.0,24.0,0.0,0.533
2020-21,Moritz Wagner,1629021,4,21.0,6.0,1.0,0.222
2020-21,Moritz Wagner,1629021,6,24.0,15.0,1.0,0.6
2020-21,Moritz Wagner,1629021,11,21.0,14.0,2.0,0.723
2020-21,Moses Brown,1629650,-39,23.0,10.0,0.0,0.571
2020-21,Moses Brown,1629650,-27,25.0,11.5,0.0,0.6605
2020-21,Moses Brown,1629650,-24,29.0,6.0,0.0,0.2
2020-21,Moses Brown,1629650,-19,22.333333333333332,4.333333333333333,0.0,0.18533333333333335
2020-21,Moses Brown,1629650,-18,27.333333333333332,10.333333333333334,0.0,0.5653333333333334
2020-21,Moses Brown,1629650,-15,28.0,18.0,0.0,0.615
2020-21,Moses Brown,1629650,-13,27.0,11.0,1.0,0.625
2020-21,Moses Brown,1629650,-9,31.0,13.0,0.0,0.6
2020-21,Moses Brown,1629650,-7,29.5,5.0,0.5,0.325
2020-21,Moses Brown,1629650,-5,32.0,21.0,0.0,0.8
2020-21,Moses Brown,1629650,-4,29.0,6.0,0.0,0.375
2020-21,Moses Brown,1629650,-2,26.5,12.5,0.0,0.4665
2020-21,Moses Brown,1629650,-1,27.0,10.0,0.0,0.429
2020-21,Moses Brown,1629650,0,37.0,24.0,3.0,0.632
2020-21,Moses Brown,1629650,2,26.0,13.0,0.5,0.729
2020-21,Moses Brown,1629650,7,30.0,19.0,0.0,0.778
2020-21,Moses Brown,1629650,10,29.5,8.0,0.0,0.4165
2020-21,Mychal Mulder,1628539,-9,20.0,5.0,1.0,0.2
2020-21,Mychal Mulder,1628539,-5,22.0,14.0,0.0,0.6
2020-21,Mychal Mulder,1628539,-3,30.0,26.0,0.0,0.625
2020-21,Mychal Mulder,1628539,2,24.0,11.0,3.0,0.417
2020-21,Mychal Mulder,1628539,4,27.0,8.0,0.0,0.333
2020-21,Mychal Mulder,1628539,8,22.0,11.5,0.0,0.5
2020-21,Mychal Mulder,1628539,9,34.0,28.0,1.0,0.588
2020-21,Mychal Mulder,1628539,12,21.0,9.0,1.0,0.429
2020-21,Myles Turner,1626167,-32,22.0,3.0,1.0,0.333
2020-21,Myles Turner,1626167,-21,31.0,7.0,1.0,0.429
2020-21,Myles Turner,1626167,-18,25.0,3.0,0.0,0.25
2020-21,Myles Turner,1626167,-17,27.0,11.0,0.0,0.571
2020-21,Myles Turner,1626167,-13,38.0,18.0,1.0,0.5
2020-21,Myles Turner,1626167,-12,24.0,9.0,1.0,0.375
2020-21,Myles Turner,1626167,-11,33.0,9.0,2.0,0.222
2020-21,Myles Turner,1626167,-10,31.0,17.0,0.0,0.467
2020-21,Myles Turner,1626167,-8,29.0,8.5,2.0,0.4285
2020-21,Myles Turner,1626167,-7,28.0,13.0,1.0,0.354
2020-21,Myles Turner,1626167,-6,29.666666666666668,12.0,1.0,0.569
2020-21,Myles Turner,1626167,-5,29.0,9.0,1.0,0.167
2020-21,Myles Turner,1626167,-4,29.0,7.5,0.5,0.3335
2020-21,Myles Turner,1626167,-3,31.0,2.0,2.0,0.167
2020-21,Myles Turner,1626167,-2,28.666666666666668,18.0,0.3333333333333333,0.601
2020-21,Myles Turner,1626167,-1,38.0,22.0,0.0,0.643
2020-21,Myles Turner,1626167,1,35.5,15.5,1.5,0.607
2020-21,Myles Turner,1626167,3,29.0,10.0,0.0,0.3
2020-21,Myles Turner,1626167,4,38.5,16.5,1.0,0.41800000000000004
2020-21,Myles Turner,1626167,5,30.0,8.0,1.0,0.333
2020-21,Myles Turner,1626167,6,29.4,14.2,0.8,0.4462
2020-21,Myles Turner,1626167,8,37.5,18.0,1.5,0.5995
2020-21,Myles Turner,1626167,9,27.0,8.0,1.0,0.429
2020-21,Myles Turner,1626167,10,30.0,8.0,0.0,0.429
2020-21,Myles Turner,1626167,12,29.0,16.0,2.0,0.875
2020-21,Myles Turner,1626167,13,29.0,11.5,1.0,0.42100000000000004
2020-21,Myles Turner,1626167,14,32.5,20.0,1.0,0.5505
2020-21,Myles Turner,1626167,15,29.0,9.0,2.0,0.4
2020-21,Myles Turner,1626167,20,28.0,10.0,1.0,0.444
2020-21,Myles Turner,1626167,31,31.0,22.0,3.0,0.692
2020-21,Naji Marshall,1630230,-23,30.0,9.0,1.0,0.375
2020-21,Naji Marshall,1630230,-14,26.0,10.5,2.0,0.47650000000000003
2020-21,Naji Marshall,1630230,-8,29.0,13.333333333333334,3.6666666666666665,0.45366666666666666
2020-21,Naji Marshall,1630230,-5,31.0,13.333333333333334,2.6666666666666665,0.3506666666666667
2020-21,Naji Marshall,1630230,-4,22.0,5.0,3.0,0.0
2020-21,Naji Marshall,1630230,-2,26.0,4.0,5.0,0.2
2020-21,Naji Marshall,1630230,0,33.0,14.0,4.0,0.556
2020-21,Naji Marshall,1630230,1,28.5,11.5,5.0,0.34299999999999997
2020-21,Naji Marshall,1630230,2,27.5,9.0,3.5,0.45
2020-21,Naji Marshall,1630230,3,31.0,15.0,4.0,0.667
2020-21,Naji Marshall,1630230,6,20.0,2.0,3.0,0.0
2020-21,Naji Marshall,1630230,7,22.0,1.0,4.0,0.0
2020-21,Naji Marshall,1630230,15,30.0,14.5,4.0,0.45
2020-21,Naji Marshall,1630230,19,28.0,7.0,4.0,0.286
2020-21,Nassir Little,1629642,-15,21.0,14.0,1.0,0.444
2020-21,Nassir Little,1629642,-11,20.0,5.0,1.0,0.5
2020-21,Nassir Little,1629642,-10,29.0,30.0,1.0,0.611
2020-21,Nassir Little,1629642,-2,20.0,7.0,1.0,0.75
2020-21,Nassir Little,1629642,4,22.5,5.5,1.5,0.3145
2020-21,Nassir Little,1629642,9,22.0,6.0,0.0,0.429
2020-21,Nassir Little,1629642,12,23.0,13.0,2.0,0.714
2020-21,Nassir Little,1629642,15,23.0,11.0,0.0,1.0
2020-21,Nathan Knight,1630233,12,22.0,15.0,1.0,0.667
2020-21,Nathan Knight,1630233,14,26.0,13.0,0.0,0.667
2020-21,Nathan Knight,1630233,17,22.0,16.0,2.0,0.6
2020-21,Naz Reid,1629675,-23,30.0,9.0,2.0,0.3
2020-21,Naz Reid,1629675,-21,27.0,11.0,4.0,0.385
2020-21,Naz Reid,1629675,-17,24.0,16.0,0.5,0.5145
2020-21,Naz Reid,1629675,-14,20.0,13.0,0.0,0.5
2020-21,Naz Reid,1629675,-12,25.0,14.0,0.0,0.429
2020-21,Naz Reid,1629675,-11,24.0,11.0,1.0,0.313
2020-21,Naz Reid,1629675,-10,30.0,10.0,0.0,0.444
2020-21,Naz Reid,1629675,-8,27.0,17.0,1.0,0.667
2020-21,Naz Reid,1629675,-7,27.0,9.0,1.0,0.444
2020-21,Naz Reid,1629675,-5,32.0,8.0,3.0,0.429
2020-21,Naz Reid,1629675,-4,28.25,18.0,1.0,0.573
2020-21,Naz Reid,1629675,-2,22.0,17.0,0.0,0.538
2020-21,Naz Reid,1629675,-1,25.0,13.0,2.0,0.857
2020-21,Naz Reid,1629675,0,23.0,13.0,1.0,0.667
2020-21,Naz Reid,1629675,2,22.0,18.0,1.0,0.714
2020-21,Naz Reid,1629675,4,24.0,17.0,1.0,0.7
2020-21,Naz Reid,1629675,5,20.0,6.0,2.0,0.25
2020-21,Naz Reid,1629675,7,22.5,20.0,2.0,0.6165
2020-21,Naz Reid,1629675,8,27.0,20.0,2.0,0.5
2020-21,Naz Reid,1629675,21,20.0,10.0,0.0,0.5
2020-21,Naz Reid,1629675,22,23.0,15.0,1.0,0.778
2020-21,Nemanja Bjelica,202357,-12,21.0,11.0,1.0,0.833
2020-21,Nemanja Bjelica,202357,-8,34.0,25.0,3.0,0.524
2020-21,Nemanja Bjelica,202357,-3,20.0,11.0,4.0,0.375
2020-21,Nemanja Bjelica,202357,-2,26.0,9.0,3.0,0.5
2020-21,Nemanja Bjelica,202357,-1,20.0,12.0,1.0,0.5
2020-21,Nemanja Bjelica,202357,2,26.0,12.0,0.0,0.417
2020-21,Nemanja Bjelica,202357,6,24.0,6.0,6.0,0.333
2020-21,Nemanja Bjelica,202357,7,24.0,10.0,5.0,0.4
2020-21,Nemanja Bjelica,202357,10,28.0,15.0,6.0,0.625
2020-21,Nemanja Bjelica,202357,13,37.0,21.0,6.0,0.615
2020-21,Nerlens Noel,203457,-29,22.0,5.0,1.0,1.0
2020-21,Nerlens Noel,203457,-22,21.0,2.0,0.0,0.5
2020-21,Nerlens Noel,203457,-21,20.0,4.0,0.0,0.5
2020-21,Nerlens Noel,203457,-18,25.0,7.5,0.0,0.5835
2020-21,Nerlens Noel,203457,-13,29.0,5.0,0.0,0.667
2020-21,Nerlens Noel,203457,-12,26.0,6.0,0.0,0.667
2020-21,Nerlens Noel,203457,-10,27.0,8.0,0.0,0.667
2020-21,Nerlens Noel,203457,-9,29.5,4.0,1.0,0.4165
2020-21,Nerlens Noel,203457,-8,29.0,6.0,1.0,0.429
2020-21,Nerlens Noel,203457,-5,25.0,6.0,0.5,0.75
2020-21,Nerlens Noel,203457,-4,29.5,8.0,1.0,0.4645
2020-21,Nerlens Noel,203457,-3,22.0,6.0,1.0,0.5
2020-21,Nerlens Noel,203457,-2,29.5,7.5,1.25,0.75
2020-21,Nerlens Noel,203457,-1,36.0,13.0,0.0,0.833
2020-21,Nerlens Noel,203457,0,32.0,2.0,0.0,0.5
2020-21,Nerlens Noel,203457,1,32.5,7.0,1.0,0.625
2020-21,Nerlens Noel,203457,2,23.0,5.0,0.0,0.667
2020-21,Nerlens Noel,203457,5,29.0,1.0,1.0,0.0
2020-21,Nerlens Noel,203457,6,24.333333333333332,6.666666666666667,1.0,0.711
2020-21,Nerlens Noel,203457,7,29.0,7.5,1.5,0.619
2020-21,Nerlens Noel,203457,8,32.0,10.0,0.0,0.833
2020-21,Nerlens Noel,203457,11,31.333333333333332,7.333333333333333,1.0,0.7556666666666668
2020-21,Nerlens Noel,203457,12,29.0,8.0,0.0,0.571
2020-21,Nerlens Noel,203457,13,39.0,8.0,2.0,0.8
2020-21,Nerlens Noel,203457,15,24.0,2.0,0.0,0.333
2020-21,Nerlens Noel,203457,16,26.0,4.0,1.0,1.0
2020-21,Nerlens Noel,203457,17,27.0,6.0,2.0,1.0
2020-21,Nerlens Noel,203457,21,24.0,0.0,1.0,0.0
2020-21,Nerlens Noel,203457,24,27.0,6.0,1.5,0.5
2020-21,Nic Claxton,1629651,-7,22.0,4.0,0.0,0.5
2020-21,Nic Claxton,1629651,-3,22.0,3.5,1.0,0.5
2020-21,Nic Claxton,1629651,-2,24.0,3.5,0.0,0.225
2020-21,Nic Claxton,1629651,-1,22.0,18.0,0.0,0.875
2020-21,Nic Claxton,1629651,4,21.0,16.0,0.0,0.8
2020-21,Nic Claxton,1629651,5,23.0,10.0,1.0,0.714
2020-21,Nic Claxton,1629651,6,24.0,11.5,1.0,0.6
2020-21,Nic Claxton,1629651,14,23.0,0.0,2.0,0.0
2020-21,Nic Claxton,1629651,19,20.0,12.0,1.0,0.857
2020-21,Nic Claxton,1629651,21,20.0,6.0,2.0,0.75
2020-21,Nic Claxton,1629651,24,22.0,11.0,1.0,0.5
2020-21,Nic Claxton,1629651,26,25.0,10.0,0.0,1.0
2020-21,Nickeil Alexander-Walker,1629638,-25,34.0,13.0,3.0,0.357
2020-21,Nickeil Alexander-Walker,1629638,-19,24.0,10.0,2.0,0.4
2020-21,Nickeil Alexander-Walker,1629638,-16,32.0,13.0,4.0,0.308
2020-21,Nickeil Alexander-Walker,1629638,-14,35.0,12.0,3.0,0.2
2020-21,Nickeil Alexander-Walker,1629638,-13,30.0,9.0,2.0,0.308
2020-21,Nickeil Alexander-Walker,1629638,-11,21.0,10.0,1.0,0.5
2020-21,Nickeil Alexander-Walker,1629638,-9,21.0,11.0,4.0,0.4
2020-21,Nickeil Alexander-Walker,1629638,-6,31.0,13.5,4.5,0.3355
2020-21,Nickeil Alexander-Walker,1629638,-5,20.0,12.0,2.0,0.625
2020-21,Nickeil Alexander-Walker,1629638,-4,27.5,21.5,0.5,0.476
2020-21,Nickeil Alexander-Walker,1629638,-3,30.0,20.0,1.0,0.533
2020-21,Nickeil Alexander-Walker,1629638,-2,34.5,11.5,5.0,0.354
2020-21,Nickeil Alexander-Walker,1629638,-1,40.0,30.0,4.0,0.458
2020-21,Nickeil Alexander-Walker,1629638,2,22.0,13.0,3.0,0.41900000000000004
2020-21,Nickeil Alexander-Walker,1629638,4,26.0,16.5,2.0,0.4335
2020-21,Nickeil Alexander-Walker,1629638,6,31.0,24.5,4.5,0.521
2020-21,Nickeil Alexander-Walker,1629638,9,26.0,13.0,1.0,0.357
2020-21,Nickeil Alexander-Walker,1629638,11,29.0,8.0,5.0,0.273
2020-21,Nickeil Alexander-Walker,1629638,14,23.0,15.0,4.0,0.462
2020-21,Nickeil Alexander-Walker,1629638,17,33.0,17.0,3.0,0.467
2020-21,Nickeil Alexander-Walker,1629638,20,34.0,18.0,3.0,0.5
2020-21,Nico Mannion,1630185,-19,29.0,19.0,3.0,0.417
2020-21,Nico Mannion,1630185,-17,30.0,10.0,4.0,0.429
2020-21,Nico Mannion,1630185,-9,32.0,11.0,7.0,0.25
2020-21,Nico Mannion,1630185,-7,26.0,9.5,4.0,0.3645
2020-21,Nico Mannion,1630185,-2,25.0,10.0,5.0,0.333
2020-21,Nicolas Batum,201587,-23,30.0,9.0,5.0,0.2
2020-21,Nicolas Batum,201587,-17,21.0,4.0,1.0,0.5
2020-21,Nicolas Batum,201587,-14,27.0,5.0,3.0,0.333
2020-21,Nicolas Batum,201587,-11,33.0,2.0,5.0,0.25
2020-21,Nicolas Batum,201587,-10,30.0,14.0,3.0,0.556
2020-21,Nicolas Batum,201587,-7,29.5,7.0,2.5,0.393
2020-21,Nicolas Batum,201587,-6,27.5,4.5,3.5,0.268
2020-21,Nicolas Batum,201587,-5,30.0,0.0,0.0,0.0
2020-21,Nicolas Batum,201587,-4,28.0,5.5,2.5,0.41700000000000004
2020-21,Nicolas Batum,201587,-3,27.0,7.0,1.5,0.479
2020-21,Nicolas Batum,201587,-2,31.333333333333332,12.0,2.3333333333333335,0.41900000000000004
2020-21,Nicolas Batum,201587,-1,28.5,9.0,3.0,0.6665
2020-21,Nicolas Batum,201587,0,28.5,4.5,1.5,0.125
2020-21,Nicolas Batum,201587,1,28.0,8.5,1.5,0.47650000000000003
2020-21,Nicolas Batum,201587,2,28.0,12.0,1.3333333333333333,0.4916666666666667
2020-21,Nicolas Batum,201587,3,29.0,13.5,3.0,0.4645
2020-21,Nicolas Batum,201587,4,27.0,13.0,3.0,0.625
2020-21,Nicolas Batum,201587,5,25.0,12.0,1.0,0.667
2020-21,Nicolas Batum,201587,7,30.0,4.5,2.0,0.20850000000000002
2020-21,Nicolas Batum,201587,8,21.5,6.5,1.0,0.5835
2020-21,Nicolas Batum,201587,9,26.0,2.0,4.0,0.5
2020-21,Nicolas Batum,201587,10,26.333333333333332,10.666666666666666,2.0,0.5459999999999999
2020-21,Nicolas Batum,201587,12,31.333333333333332,7.333333333333333,3.6666666666666665,0.4096666666666667
2020-21,Nicolas Batum,201587,13,30.5,10.25,2.5,0.4995
2020-21,Nicolas Batum,201587,15,35.0,8.0,2.0,0.333
2020-21,Nicolas Batum,201587,16,27.0,8.0,1.0,0.5
2020-21,Nicolas Batum,201587,17,35.0,21.0,3.0,0.667
2020-21,Nicolas Batum,201587,19,27.0,11.0,2.0,0.6
2020-21,Nicolas Batum,201587,20,26.0,5.0,2.5,0.333
2020-21,Nicolas Batum,201587,21,27.5,10.0,2.0,0.5625
2020-21,Nicolas Batum,201587,22,23.5,9.5,1.5,0.45
2020-21,Nicolas Batum,201587,26,23.333333333333332,8.0,2.3333333333333335,0.5556666666666666
2020-21,Nicolas Batum,201587,28,27.0,3.0,3.0,0.25
2020-21,Nicolas Batum,201587,29,31.0,14.0,3.0,0.833
2020-21,Nicolo Melli,1629740,-6,20.0,0.0,1.0,0.0
2020-21,Nicolo Melli,1629740,-5,22.0,6.0,0.0,0.4
2020-21,Nicolo Melli,1629740,1,23.0,0.0,4.0,0.0
2020-21,Nicolo Melli,1629740,2,23.0,2.0,0.0,0.0
2020-21,Nicolo Melli,1629740,4,20.0,0.0,1.0,0.0
2020-21,Nicolo Melli,1629740,5,32.0,0.0,1.0,0.0
2020-21,Nicolo Melli,1629740,7,21.0,6.0,1.0,0.333
2020-21,Nicolo Melli,1629740,16,21.0,9.0,3.0,0.6
2020-21,Nicolo Melli,1629740,22,28.0,10.0,3.0,1.0
2020-21,Nikola Jokic,203999,-20,38.0,24.0,10.0,0.538
2020-21,Nikola Jokic,203999,-18,33.0,19.0,6.0,0.438
2020-21,Nikola Jokic,203999,-14,37.0,27.0,8.0,0.476
2020-21,Nikola Jokic,203999,-13,34.0,25.5,6.5,0.5635
2020-21,Nikola Jokic,203999,-12,36.0,26.0,11.0,0.5
2020-21,Nikola Jokic,203999,-11,34.0,23.0,11.0,0.471
2020-21,Nikola Jokic,203999,-10,33.0,20.0,4.0,0.615
2020-21,Nikola Jokic,203999,-9,36.0,33.5,5.0,0.5115
2020-21,Nikola Jokic,203999,-8,34.0,13.0,6.0,0.375
2020-21,Nikola Jokic,203999,-7,36.0,15.0,6.0,0.333
2020-21,Nikola Jokic,203999,-6,41.0,38.0,4.0,0.452
2020-21,Nikola Jokic,203999,-4,31.5,21.5,7.5,0.7164999999999999
2020-21,Nikola Jokic,203999,-3,35.0,26.0,7.333333333333333,0.54
2020-21,Nikola Jokic,203999,-2,38.0,29.5,6.5,0.5
2020-21,Nikola Jokic,203999,0,37.0,41.0,5.0,0.531
2020-21,Nikola Jokic,203999,1,33.5,21.5,11.5,0.5905
2020-21,Nikola Jokic,203999,2,39.0,46.5,8.5,0.651
2020-21,Nikola Jokic,203999,3,37.0,32.4,6.8,0.5468
2020-21,Nikola Jokic,203999,5,37.0,28.6,10.2,0.593
2020-21,Nikola Jokic,203999,6,39.0,35.0,9.0,0.609
2020-21,Nikola Jokic,203999,7,35.333333333333336,25.0,11.0,0.5193333333333333
2020-21,Nikola Jokic,203999,8,34.5,25.75,5.0,0.56675
2020-21,Nikola Jokic,203999,9,28.0,24.333333333333332,9.666666666666666,0.6819999999999999
2020-21,Nikola Jokic,203999,10,32.0,23.5,11.0,0.607
2020-21,Nikola Jokic,203999,11,32.5,26.0,7.5,0.5735
2020-21,Nikola Jokic,203999,12,32.666666666666664,32.0,7.0,0.5386666666666666
2020-21,Nikola Jokic,203999,13,34.333333333333336,21.666666666666668,7.666666666666667,0.5333333333333333
2020-21,Nikola Jokic,203999,14,37.0,47.0,5.0,0.654
2020-21,Nikola Jokic,203999,15,33.0,24.5,11.0,0.54
2020-21,Nikola Jokic,203999,16,34.0,22.0,6.5,0.5569999999999999
2020-21,Nikola Jokic,203999,18,31.0,28.5,11.0,0.644
2020-21,Nikola Jokic,203999,20,31.0,17.5,13.0,0.655
2020-21,Nikola Jokic,203999,23,41.0,37.0,9.0,0.567
2020-21,Nikola Jokic,203999,24,29.0,15.0,12.0,0.75
2020-21,Nikola Jokic,203999,27,29.5,15.5,11.0,0.762
2020-21,Nikola Jokic,203999,32,29.0,12.0,12.0,0.714
2020-21,Nikola Jokic,203999,34,30.0,19.0,13.0,0.8
2020-21,Nikola Vucevic,202696,-41,24.0,17.0,1.0,0.412
2020-21,Nikola Vucevic,202696,-29,23.0,19.0,3.0,0.533
2020-21,Nikola Vucevic,202696,-27,28.0,10.0,1.0,0.308
2020-21,Nikola Vucevic,202696,-24,31.0,21.0,3.0,0.563
2020-21,Nikola Vucevic,202696,-23,29.333333333333332,21.0,2.0,0.48866666666666664
2020-21,Nikola Vucevic,202696,-20,31.0,14.5,2.0,0.28200000000000003
2020-21,Nikola Vucevic,202696,-19,31.666666666666668,19.0,3.3333333333333335,0.39266666666666666
2020-21,Nikola Vucevic,202696,-18,32.333333333333336,21.333333333333332,3.3333333333333335,0.4266666666666667
2020-21,Nikola Vucevic,202696,-15,32.0,24.0,6.0,0.409
2020-21,Nikola Vucevic,202696,-14,33.333333333333336,21.333333333333332,3.6666666666666665,0.5303333333333333
2020-21,Nikola Vucevic,202696,-11,29.0,12.5,3.5,0.3385
2020-21,Nikola Vucevic,202696,-10,36.0,31.0,4.25,0.47425
2020-21,Nikola Vucevic,202696,-9,32.5,21.0,3.5,0.406
2020-21,Nikola Vucevic,202696,-8,34.333333333333336,19.666666666666668,3.0,0.35966666666666663
2020-21,Nikola Vucevic,202696,-7,33.5,30.0,2.0,0.601
2020-21,Nikola Vucevic,202696,-6,34.0,24.0,3.0,0.444
2020-21,Nikola Vucevic,202696,-5,35.0,25.333333333333332,4.0,0.5096666666666666
2020-21,Nikola Vucevic,202696,-4,33.25,25.25,2.75,0.52325
2020-21,Nikola Vucevic,202696,-3,31.0,22.5,3.0,0.6585
2020-21,Nikola Vucevic,202696,-2,38.0,26.0,6.0,0.611
2020-21,Nikola Vucevic,202696,-1,36.0,28.0,7.0,0.478
2020-21,Nikola Vucevic,202696,0,34.5,25.0,4.0,0.48725
2020-21,Nikola Vucevic,202696,1,35.0,14.0,6.0,0.3335
2020-21,Nikola Vucevic,202696,2,37.0,16.0,5.0,0.333
2020-21,Nikola Vucevic,202696,3,32.0,16.0,6.0,0.368
2020-21,Nikola Vucevic,202696,5,31.0,25.5,2.5,0.4825
2020-21,Nikola Vucevic,202696,6,35.0,32.0,5.0,0.483
2020-21,Nikola Vucevic,202696,7,38.0,22.0,8.0,0.333
2020-21,Nikola Vucevic,202696,9,34.0,42.0,4.0,0.773
2020-21,Nikola Vucevic,202696,10,37.25,31.0,4.5,0.52325
2020-21,Nikola Vucevic,202696,11,34.0,28.0,5.0,0.667
2020-21,Nikola Vucevic,202696,12,31.666666666666668,21.0,4.666666666666667,0.5296666666666666
2020-21,Nikola Vucevic,202696,14,30.0,29.0,3.0,0.5
2020-21,Nikola Vucevic,202696,16,34.0,31.0,4.0,0.5535
2020-21,Nikola Vucevic,202696,24,28.0,18.0,6.0,0.615
2020-21,Nikola Vucevic,202696,25,38.0,30.0,10.0,0.565
2020-21,Norman Powell,1626181,-26,26.0,11.0,1.0,0.273
2020-21,Norman Powell,1626181,-23,33.0,21.333333333333332,3.3333333333333335,0.4403333333333333
2020-21,Norman Powell,1626181,-21,31.0,12.0,2.0,0.333
2020-21,Norman Powell,1626181,-15,34.5,23.5,1.5,0.4365
2020-21,Norman Powell,1626181,-14,39.0,24.0,6.0,0.421
2020-21,Norman Powell,1626181,-13,23.0,12.0,1.0,0.182
2020-21,Norman Powell,1626181,-12,35.0,28.0,1.5,0.5835
2020-21,Norman Powell,1626181,-11,34.333333333333336,25.666666666666668,1.6666666666666667,0.6203333333333334
2020-21,Norman Powell,1626181,-10,29.333333333333332,16.0,1.0,0.42533333333333334
2020-21,Norman Powell,1626181,-9,34.0,17.0,4.0,0.467
2020-21,Norman Powell,1626181,-8,33.0,13.0,1.0,0.4
2020-21,Norman Powell,1626181,-7,35.5,24.5,5.0,0.44299999999999995
2020-21,Norman Powell,1626181,-6,31.0,15.0,0.0,0.4
2020-21,Norman Powell,1626181,-4,35.0,20.0,2.0,0.4545
2020-21,Norman Powell,1626181,-3,36.0,13.0,2.0,0.417
2020-21,Norman Powell,1626181,-1,31.0,9.5,0.0,0.3365
2020-21,Norman Powell,1626181,0,37.0,12.666666666666666,2.0,0.33966666666666673
2020-21,Norman Powell,1626181,1,38.0,19.0,1.0,0.333
2020-21,Norman Powell,1626181,2,36.0,18.0,0.0,0.538
2020-21,Norman Powell,1626181,3,38.0,24.333333333333332,2.6666666666666665,0.49300000000000005
2020-21,Norman Powell,1626181,4,30.5,22.0,0.5,0.644
2020-21,Norman Powell,1626181,7,34.0,17.0,2.0,0.4
2020-21,Norman Powell,1626181,9,30.25,16.25,1.25,0.536
2020-21,Norman Powell,1626181,11,31.666666666666668,25.0,3.3333333333333335,0.5313333333333333
2020-21,Norman Powell,1626181,12,34.5,25.5,2.25,0.56775
2020-21,Norman Powell,1626181,13,24.0,22.0,3.0,0.667
2020-21,Norman Powell,1626181,14,34.666666666666664,25.333333333333332,2.0,0.5576666666666666
2020-21,Norman Powell,1626181,15,30.0,22.333333333333332,3.0,0.5336666666666666
2020-21,Norman Powell,1626181,19,32.5,17.0,1.5,0.5635
2020-21,Norman Powell,1626181,21,33.0,14.0,2.0,0.5
2020-21,Norman Powell,1626181,22,28.0,24.0,2.0,0.5
2020-21,Norman Powell,1626181,24,30.0,18.0,1.0,0.462
2020-21,Norman Powell,1626181,28,34.0,17.0,1.0,0.538
2020-21,Norman Powell,1626181,36,24.0,15.0,1.0,0.462
2020-21,O.G. Anunoby,1628384,-19,31.0,19.0,3.0,0.5
2020-21,O.G. Anunoby,1628384,-14,36.0,8.0,2.0,0.4
2020-21,O.G. Anunoby,1628384,-13,30.0,10.0,1.0,0.667
2020-21,O.G. Anunoby,1628384,-12,34.5,11.5,3.5,0.3345
2020-21,O.G. Anunoby,1628384,-10,35.0,18.0,1.0,0.538
2020-21,O.G. Anunoby,1628384,-7,36.5,16.5,2.5,0.4645
2020-21,O.G. Anunoby,1628384,-6,35.5,17.0,3.0,0.4395
2020-21,O.G. Anunoby,1628384,-5,30.0,11.5,2.0,0.472
2020-21,O.G. Anunoby,1628384,-4,35.0,16.5,1.5,0.625
2020-21,O.G. Anunoby,1628384,-3,37.0,23.5,3.0,0.476
2020-21,O.G. Anunoby,1628384,-2,32.5,23.0,4.5,0.4905
2020-21,O.G. Anunoby,1628384,0,37.5,15.0,0.5,0.5665
2020-21,O.G. Anunoby,1628384,2,32.333333333333336,12.333333333333334,1.6666666666666667,0.42933333333333334
2020-21,O.G. Anunoby,1628384,3,33.75,15.5,2.0,0.48550000000000004
2020-21,O.G. Anunoby,1628384,4,38.5,16.0,2.5,0.4265
2020-21,O.G. Anunoby,1628384,5,36.0,20.0,2.0,0.636
2020-21,O.G. Anunoby,1628384,11,32.0,13.0,0.0,0.417
2020-21,O.G. Anunoby,1628384,12,27.0,11.0,5.0,0.625
2020-21,O.G. Anunoby,1628384,14,39.0,30.0,1.0,0.563
2020-21,O.G. Anunoby,1628384,16,34.0,25.0,1.0,0.571
2020-21,O.G. Anunoby,1628384,17,28.0,8.0,2.0,0.25
2020-21,O.G. Anunoby,1628384,18,29.0,16.5,1.5,0.5780000000000001
2020-21,O.G. Anunoby,1628384,20,28.0,23.0,3.0,0.5
2020-21,O.G. Anunoby,1628384,22,32.333333333333336,13.666666666666666,2.0,0.4073333333333333
2020-21,O.G. Anunoby,1628384,43,26.0,21.0,2.0,0.667
2020-21,Obi Toppin,1630167,-19,26.0,7.0,3.0,0.429
2020-21,Obi Toppin,1630167,-4,23.0,9.0,1.0,0.25
2020-21,Onyeka Okongwu,1630168,-13,21.0,12.0,0.0,0.714
2020-21,Onyeka Okongwu,1630168,-10,32.0,13.0,1.0,0.5
2020-21,Onyeka Okongwu,1630168,-2,28.0,6.0,1.0,0.5
2020-21,Onyeka Okongwu,1630168,17,32.0,21.0,3.0,0.769
2020-21,Oshae Brissett,1629052,-20,29.0,5.0,2.0,0.286
2020-21,Oshae Brissett,1629052,-15,26.5,14.5,0.5,0.3515
2020-21,Oshae Brissett,1629052,-10,23.0,8.0,0.0,0.375
2020-21,Oshae Brissett,1629052,-7,39.0,18.0,1.0,0.455
2020-21,Oshae Brissett,1629052,-6,24.0,13.0,0.0,0.625
2020-21,Oshae Brissett,1629052,-4,22.0,8.0,0.0,1.0
2020-21,Oshae Brissett,1629052,-2,28.0,2.0,2.0,0.0
2020-21,Oshae Brissett,1629052,0,38.0,11.0,2.0,0.375
2020-21,Oshae Brissett,1629052,2,35.0,14.0,1.0,0.4
2020-21,Oshae Brissett,1629052,4,23.0,10.0,0.0,0.429
2020-21,Oshae Brissett,1629052,10,30.0,21.5,1.5,0.729
2020-21,Oshae Brissett,1629052,12,42.0,23.0,1.0,0.5
2020-21,Oshae Brissett,1629052,28,30.0,13.0,1.0,0.429
2020-21,Oshae Brissett,1629052,49,40.0,16.0,3.0,0.545
2020-21,Otto Porter Jr.,203490,-25,22.0,9.0,2.0,0.273
2020-21,Otto Porter Jr.,203490,-14,26.0,3.0,3.0,0.125
2020-21,Otto Porter Jr.,203490,-12,24.0,7.0,3.0,0.222
2020-21,Otto Porter Jr.,203490,-9,23.0,14.0,1.0,0.5
2020-21,Otto Porter Jr.,203490,-8,28.0,22.0,3.0,0.692
2020-21,Otto Porter Jr.,203490,-4,28.0,15.0,2.0,0.364
2020-21,Otto Porter Jr.,203490,-3,24.5,14.5,2.5,0.45
2020-21,Otto Porter Jr.,203490,-2,20.0,12.0,3.0,0.75
2020-21,Otto Porter Jr.,203490,-1,22.0,13.0,3.0,0.5
2020-21,Otto Porter Jr.,203490,0,30.0,28.0,3.0,0.714
2020-21,Otto Porter Jr.,203490,3,25.0,8.0,1.0,0.429
2020-21,Otto Porter Jr.,203490,4,26.0,12.0,1.0,0.393
2020-21,Otto Porter Jr.,203490,10,20.0,6.0,0.0,0.25
2020-21,Otto Porter Jr.,203490,12,23.0,14.0,2.0,0.7
2020-21,Otto Porter Jr.,203490,15,21.5,12.0,2.5,0.526
2020-21,P.J. Tucker,200782,-28,22.0,1.0,1.0,0.0
2020-21,P.J. Tucker,200782,-24,28.0,7.0,3.0,0.429
2020-21,P.J. Tucker,200782,-23,26.333333333333332,2.0,0.6666666666666666,0.20366666666666666
2020-21,P.J. Tucker,200782,-19,22.0,0.0,1.0,0.0
2020-21,P.J. Tucker,200782,-18,32.0,2.0,0.0,0.125
2020-21,P.J. Tucker,200782,-16,23.0,0.0,2.0,0.0
2020-21,P.J. Tucker,200782,-14,26.5,9.0,1.0,0.4375
2020-21,P.J. Tucker,200782,-13,38.0,7.0,1.0,0.667
2020-21,P.J. Tucker,200782,-11,30.0,3.0,1.0,0.3335
2020-21,P.J. Tucker,200782,-9,23.0,6.0,3.0,0.625
2020-21,P.J. Tucker,200782,-8,27.333333333333332,1.6666666666666667,1.3333333333333333,0.111
2020-21,P.J. Tucker,200782,-7,23.0,3.0,2.0,1.0
2020-21,P.J. Tucker,200782,-6,32.0,5.0,1.5,0.2
2020-21,P.J. Tucker,200782,-4,21.0,2.0,0.0,0.5
2020-21,P.J. Tucker,200782,-2,22.0,0.0,1.0,0.0
2020-21,P.J. Tucker,200782,-1,26.5,2.5,0.5,0.3335
2020-21,P.J. Tucker,200782,1,34.0,0.0,0.0,0.0
2020-21,P.J. Tucker,200782,3,28.0,5.0,0.0,0.5
2020-21,P.J. Tucker,200782,4,26.0,4.333333333333333,0.6666666666666666,0.222
2020-21,P.J. Tucker,200782,6,35.0,10.0,2.0,0.75
2020-21,P.J. Tucker,200782,7,26.0,2.3333333333333335,1.0,0.389
2020-21,P.J. Tucker,200782,12,24.0,6.0,1.0,0.6
2020-21,P.J. Tucker,200782,13,24.0,2.0,1.0,0.0
2020-21,P.J. Tucker,200782,18,33.0,3.0,2.0,0.125
2020-21,P.J. Tucker,200782,24,28.0,15.0,5.0,0.714
2020-21,P.J. Tucker,200782,29,26.0,6.0,2.0,0.5
2020-21,P.J. Washington,1629023,-21,27.333333333333332,3.6666666666666665,2.3333333333333335,0.19733333333333333
2020-21,P.J. Washington,1629023,-19,21.0,3.0,2.0,0.167
2020-21,P.J. Washington,1629023,-18,26.5,7.0,0.5,0.34099999999999997
2020-21,P.J. Washington,1629023,-17,25.5,10.5,3.0,0.378
2020-21,P.J. Washington,1629023,-16,30.0,9.666666666666666,1.6666666666666667,0.341
2020-21,P.J. Washington,1629023,-15,26.5,12.5,4.0,0.3015
2020-21,P.J. Washington,1629023,-11,28.5,17.0,1.0,0.5715
2020-21,P.J. Washington,1629023,-10,28.0,8.0,3.0,0.345
2020-21,P.J. Washington,1629023,-7,30.5,17.0,1.5,0.48350000000000004
2020-21,P.J. Washington,1629023,-6,31.5,12.0,2.0,0.4165
2020-21,P.J. Washington,1629023,-5,41.0,42.0,2.0,0.682
2020-21,P.J. Washington,1629023,-4,31.0,12.0,2.0,0.231
2020-21,P.J. Washington,1629023,-3,26.0,12.0,5.0,0.4
2020-21,P.J. Washington,1629023,0,31.0,9.0,1.0,0.5
2020-21,P.J. Washington,1629023,1,31.0,17.5,1.5,0.5425
2020-21,P.J. Washington,1629023,2,29.5,12.0,3.0,0.4
2020-21,P.J. Washington,1629023,3,36.0,19.5,1.5,0.5
2020-21,P.J. Washington,1629023,4,32.4,10.6,1.6,0.40499999999999997
2020-21,P.J. Washington,1629023,5,37.0,17.0,3.0,0.599
2020-21,P.J. Washington,1629023,6,25.0,10.0,5.0,0.667
2020-21,P.J. Washington,1629023,7,35.0,14.0,3.5,0.375
2020-21,P.J. Washington,1629023,8,33.0,21.5,1.5,0.5355
2020-21,P.J. Washington,1629023,10,31.0,18.0,4.0,0.462
2020-21,P.J. Washington,1629023,11,31.0,13.0,2.5,0.4325
2020-21,P.J. Washington,1629023,15,25.0,6.0,3.0,0.667
2020-21,P.J. Washington,1629023,16,37.0,9.0,4.0,0.375
2020-21,P.J. Washington,1629023,17,29.666666666666668,11.333333333333334,3.3333333333333335,0.312
2020-21,P.J. Washington,1629023,19,30.0,13.666666666666666,4.333333333333333,0.46366666666666667
2020-21,P.J. Washington,1629023,21,28.0,13.5,3.0,0.4165
2020-21,P.J. Washington,1629023,22,37.0,16.0,2.0,0.412
2020-21,P.J. Washington,1629023,25,38.0,22.0,5.0,0.667
2020-21,PJ Dozier,1628408,-15,23.0,6.0,1.0,0.286
2020-21,PJ Dozier,1628408,-14,20.5,4.5,1.0,0.22649999999999998
2020-21,PJ Dozier,1628408,-12,29.0,9.0,5.0,0.364
2020-21,PJ Dozier,1628408,-9,23.0,5.0,1.0,0.286
2020-21,PJ Dozier,1628408,-8,21.0,2.0,1.0,0.167
2020-21,PJ Dozier,1628408,-6,26.0,9.0,1.0,0.375
2020-21,PJ Dozier,1628408,-5,27.0,6.5,3.0,0.411
2020-21,PJ Dozier,1628408,-4,26.5,9.5,1.5,0.317
2020-21,PJ Dozier,1628408,-3,21.5,6.0,2.0,0.3335
2020-21,PJ Dozier,1628408,-2,28.0,7.5,2.0,0.3645
2020-21,PJ Dozier,1628408,2,22.0,10.0,2.0,0.667
2020-21,PJ Dozier,1628408,8,27.0,14.0,2.0,0.545
2020-21,PJ Dozier,1628408,9,28.0,8.0,5.0,0.333
2020-21,PJ Dozier,1628408,13,22.0,13.0,0.0,0.625
2020-21,PJ Dozier,1628408,14,37.0,10.0,5.0,0.333
2020-21,PJ Dozier,1628408,18,24.0,9.0,3.0,0.6
2020-21,PJ Dozier,1628408,20,28.0,15.0,4.0,0.6
2020-21,PJ Dozier,1628408,21,25.0,17.0,2.5,0.563
2020-21,PJ Dozier,1628408,24,26.0,9.0,3.0,0.333
2020-21,PJ Dozier,1628408,25,27.5,9.0,2.0,0.333
2020-21,PJ Dozier,1628408,28,22.0,19.0,1.0,0.471
2020-21,PJ Dozier,1628408,31,22.0,5.0,8.0,0.4
2020-21,Pascal Siakam,1627783,-20,36.0,22.0,3.0,0.625
2020-21,Pascal Siakam,1627783,-17,35.0,11.0,3.0,0.417
2020-21,Pascal Siakam,1627783,-16,24.0,10.0,1.0,0.4
2020-21,Pascal Siakam,1627783,-15,38.0,20.0,6.0,0.471
2020-21,Pascal Siakam,1627783,-14,34.0,20.0,0.0,0.348
2020-21,Pascal Siakam,1627783,-13,32.666666666666664,18.0,2.6666666666666665,0.47400000000000003
2020-21,Pascal Siakam,1627783,-12,35.0,22.0,4.5,0.401
2020-21,Pascal Siakam,1627783,-11,32.0,21.333333333333332,2.0,0.48466666666666663
2020-21,Pascal Siakam,1627783,-9,35.0,10.0,2.0,0.125
2020-21,Pascal Siakam,1627783,-7,34.5,14.5,3.5,0.311
2020-21,Pascal Siakam,1627783,-6,36.0,18.0,6.0,0.316
2020-21,Pascal Siakam,1627783,-4,38.75,18.5,4.75,0.38425
2020-21,Pascal Siakam,1627783,-3,24.0,5.0,4.0,0.167
2020-21,Pascal Siakam,1627783,-2,36.0,22.0,10.0,0.529
2020-21,Pascal Siakam,1627783,-1,35.333333333333336,23.0,5.333333333333333,0.44166666666666665
2020-21,Pascal Siakam,1627783,0,41.0,29.5,3.5,0.498
2020-21,Pascal Siakam,1627783,1,37.0,15.0,4.0,0.4
2020-21,Pascal Siakam,1627783,3,38.0,26.0,4.0,0.4855
2020-21,Pascal Siakam,1627783,4,37.25,21.25,5.75,0.45175
2020-21,Pascal Siakam,1627783,5,40.0,27.0,2.0,0.333
2020-21,Pascal Siakam,1627783,6,32.0,9.0,4.0,0.286
2020-21,Pascal Siakam,1627783,7,40.0,25.0,3.0,0.474
2020-21,Pascal Siakam,1627783,8,35.5,27.0,5.0,0.49849999999999994
2020-21,Pascal Siakam,1627783,10,37.0,27.0,5.0,0.5
2020-21,Pascal Siakam,1627783,11,38.5,32.5,6.0,0.5665
2020-21,Pascal Siakam,1627783,12,35.0,10.0,6.0,0.4
2020-21,Pascal Siakam,1627783,13,35.5,29.0,4.5,0.4725
2020-21,Pascal Siakam,1627783,14,38.0,23.0,6.0,0.348
2020-21,Pascal Siakam,1627783,15,36.0,12.0,8.0,0.364
2020-21,Pascal Siakam,1627783,16,37.0,27.0,6.0,0.526
2020-21,Pascal Siakam,1627783,17,32.0,21.0,8.0,0.6074999999999999
2020-21,Pascal Siakam,1627783,18,33.0,15.0,5.0,0.5
2020-21,Pascal Siakam,1627783,27,33.5,28.0,2.5,0.511
2020-21,Pascal Siakam,1627783,34,34.0,27.0,6.0,0.5
2020-21,Pascal Siakam,1627783,49,31.0,36.0,5.0,0.583
2020-21,Pat Connaughton,1626192,-14,23.5,6.5,0.5,0.5
2020-21,Pat Connaughton,1626192,-13,27.0,5.0,2.5,0.4165
2020-21,Pat Connaughton,1626192,-12,26.0,8.0,1.0,0.75
2020-21,Pat Connaughton,1626192,-11,27.0,11.0,1.0,0.5
2020-21,Pat Connaughton,1626192,-10,29.0,2.0,0.0,0.5
2020-21,Pat Connaughton,1626192,-8,30.0,5.0,1.0,0.667
2020-21,Pat Connaughton,1626192,-7,27.0,4.0,0.0,0.286
2020-21,Pat Connaughton,1626192,-5,22.5,8.5,1.0,0.521
2020-21,Pat Connaughton,1626192,-4,28.0,11.0,0.0,0.571
2020-21,Pat Connaughton,1626192,-3,30.0,15.0,0.0,0.545
2020-21,Pat Connaughton,1626192,-2,29.0,9.666666666666666,1.6666666666666667,0.5
2020-21,Pat Connaughton,1626192,-1,22.666666666666668,3.6666666666666665,0.6666666666666666,0.24433333333333337
2020-21,Pat Connaughton,1626192,1,23.5,3.75,2.5,0.31875
2020-21,Pat Connaughton,1626192,2,25.5,4.5,1.0,0.2665
2020-21,Pat Connaughton,1626192,3,23.0,9.0,0.0,0.75
2020-21,Pat Connaughton,1626192,4,25.0,5.0,2.5,0.238
2020-21,Pat Connaughton,1626192,5,26.5,5.5,0.5,0.4
2020-21,Pat Connaughton,1626192,6,28.333333333333332,14.333333333333334,1.6666666666666667,0.548
2020-21,Pat Connaughton,1626192,7,31.0,16.0,3.0,0.6
2020-21,Pat Connaughton,1626192,8,27.0,7.5,2.5,0.5835
2020-21,Pat Connaughton,1626192,9,25.0,3.0,2.0,0.167
2020-21,Pat Connaughton,1626192,13,21.5,9.0,0.5,0.45
2020-21,Pat Connaughton,1626192,21,26.0,14.0,0.0,0.417
2020-21,Pat Connaughton,1626192,23,28.0,12.0,2.0,0.75
2020-21,Pat Connaughton,1626192,26,27.5,15.5,1.5,0.639
2020-21,Pat Connaughton,1626192,30,26.0,3.0,3.0,0.2
2020-21,Patrick Beverley,201976,-23,21.0,2.0,0.0,0.0
2020-21,Patrick Beverley,201976,-19,25.0,5.0,2.0,0.25
2020-21,Patrick Beverley,201976,-18,22.0,5.0,2.0,0.286
2020-21,Patrick Beverley,201976,-12,25.0,7.0,5.0,0.333
2020-21,Patrick Beverley,201976,-7,25.0,17.0,1.0,0.6
2020-21,Patrick Beverley,201976,-5,27.0,7.0,0.0,0.667
2020-21,Patrick Beverley,201976,-4,36.0,10.0,2.0,0.375
2020-21,Patrick Beverley,201976,-2,23.0,8.0,2.0,1.0
2020-21,Patrick Beverley,201976,-1,20.0,8.0,3.0,0.286
2020-21,Patrick Beverley,201976,0,28.0,5.0,4.0,0.333
2020-21,Patrick Beverley,201976,2,20.0,5.0,1.0,0.5
2020-21,Patrick Beverley,201976,3,24.0,17.0,2.0,0.714
2020-21,Patrick Beverley,201976,5,21.0,9.0,0.0,0.5
2020-21,Patrick Beverley,201976,7,21.0,11.0,3.0,0.5
2020-21,Patrick Beverley,201976,8,31.0,13.5,5.5,0.475
2020-21,Patrick Beverley,201976,10,22.333333333333332,5.333333333333333,1.3333333333333333,0.259
2020-21,Patrick Beverley,201976,13,21.0,12.0,1.0,0.571
2020-21,Patrick Beverley,201976,14,27.0,7.0,1.0,0.25
2020-21,Patrick Beverley,201976,19,27.0,8.0,2.0,0.667
2020-21,Patrick Beverley,201976,21,27.0,6.0,0.0,0.286
2020-21,Patrick Beverley,201976,23,24.5,4.0,1.0,0.25
2020-21,Patrick Beverley,201976,26,20.0,16.0,5.0,0.625
2020-21,Patrick Beverley,201976,29,26.0,11.0,6.0,0.429
2020-21,Patrick Patterson,202335,-10,35.5,11.5,3.5,0.46
2020-21,Patrick Patterson,202335,-7,20.0,12.0,0.0,0.455
2020-21,Patrick Patterson,202335,7,25.0,7.0,1.0,1.0
2020-21,Patrick Williams,1630172,-26,27.0,5.0,4.0,0.25
2020-21,Patrick Williams,1630172,-23,32.0,14.5,0.5,0.455
2020-21,Patrick Williams,1630172,-19,28.0,5.0,1.5,0.35
2020-21,Patrick Williams,1630172,-17,26.0,13.0,1.0,0.857
2020-21,Patrick Williams,1630172,-16,21.0,4.0,0.0,0.5835
2020-21,Patrick Williams,1630172,-14,27.0,16.5,1.0,0.488
2020-21,Patrick Williams,1630172,-13,28.5,5.5,0.5,0.2145
2020-21,Patrick Williams,1630172,-12,25.5,6.5,1.0,0.45199999999999996
2020-21,Patrick Williams,1630172,-11,31.0,5.666666666666667,0.6666666666666666,0.3156666666666667
2020-21,Patrick Williams,1630172,-10,27.0,9.5,1.0,0.607
2020-21,Patrick Williams,1630172,-9,29.833333333333332,9.666666666666666,1.5,0.46849999999999997
2020-21,Patrick Williams,1630172,-8,33.0,20.0,1.0,0.636
2020-21,Patrick Williams,1630172,-7,35.0,14.0,2.0,0.714
2020-21,Patrick Williams,1630172,-6,26.0,7.0,1.0,0.2
2020-21,Patrick Williams,1630172,-4,25.0,10.0,1.3333333333333333,0.4703333333333333
2020-21,Patrick Williams,1630172,-3,28.75,8.75,1.5,0.36025
2020-21,Patrick Williams,1630172,-2,29.5,8.5,1.0,0.5
2020-21,Patrick Williams,1630172,-1,30.0,10.0,2.6666666666666665,0.5416666666666666
2020-21,Patrick Williams,1630172,0,29.8,7.2,1.4,0.46419999999999995
2020-21,Patrick Williams,1630172,1,20.0,12.0,2.0,0.5
2020-21,Patrick Williams,1630172,2,24.5,11.0,1.5,0.5625
2020-21,Patrick Williams,1630172,3,24.5,10.0,2.5,0.5595
2020-21,Patrick Williams,1630172,5,32.0,12.0,1.0,0.5
2020-21,Patrick Williams,1630172,6,29.666666666666668,7.333333333333333,1.3333333333333333,0.35366666666666663
2020-21,Patrick Williams,1630172,7,26.666666666666668,6.0,1.6666666666666667,0.4286666666666667
2020-21,Patrick Williams,1630172,8,32.0,6.0,3.0,0.5
2020-21,Patrick Williams,1630172,9,30.25,14.25,2.25,0.68475
2020-21,Patrick Williams,1630172,19,26.0,11.0,2.0,0.8
2020-21,Patrick Williams,1630172,22,33.0,16.0,1.0,0.538
2020-21,Patrick Williams,1630172,28,34.0,14.0,1.0,0.75
2020-21,Patty Mills,201988,-29,24.0,10.0,3.0,0.4
2020-21,Patty Mills,201988,-22,27.0,6.0,3.0,0.2
2020-21,Patty Mills,201988,-19,22.0,8.0,2.0,0.333
2020-21,Patty Mills,201988,-18,21.5,4.5,1.5,0.225
2020-21,Patty Mills,201988,-17,33.0,16.0,2.0,0.462
2020-21,Patty Mills,201988,-16,20.0,0.0,3.0,0.0
2020-21,Patty Mills,201988,-14,27.0,7.0,3.0,0.3
2020-21,Patty Mills,201988,-12,22.5,9.5,3.0,0.375
2020-21,Patty Mills,201988,-10,22.0,6.0,0.0,0.333
2020-21,Patty Mills,201988,-9,24.0,9.333333333333334,3.0,0.35766666666666663
2020-21,Patty Mills,201988,-5,25.333333333333332,8.0,2.3333333333333335,0.302
2020-21,Patty Mills,201988,-4,25.666666666666668,9.333333333333334,1.6666666666666667,0.41866666666666674
2020-21,Patty Mills,201988,-1,29.0,12.0,3.3333333333333335,0.32266666666666666
2020-21,Patty Mills,201988,0,27.5,12.5,2.6666666666666665,0.441
2020-21,Patty Mills,201988,1,25.666666666666668,12.333333333333334,1.6666666666666667,0.421
2020-21,Patty Mills,201988,2,25.75,11.0,4.0,0.3915
2020-21,Patty Mills,201988,3,25.0,12.0,2.0,0.3
2020-21,Patty Mills,201988,5,23.0,6.0,4.0,0.4375
2020-21,Patty Mills,201988,6,30.5,14.5,2.5,0.38549999999999995
2020-21,Patty Mills,201988,7,26.0,13.0,1.0,0.333
2020-21,Patty Mills,201988,8,24.0,19.5,2.5,0.5835
2020-21,Patty Mills,201988,9,24.0,9.5,1.0,0.222
2020-21,Patty Mills,201988,11,23.0,10.0,3.0,0.5
2020-21,Patty Mills,201988,12,25.666666666666668,19.666666666666668,3.0,0.6943333333333334
2020-21,Patty Mills,201988,14,29.0,13.5,2.5,0.48650000000000004
2020-21,Patty Mills,201988,15,27.0,12.0,2.0,0.545
2020-21,Patty Mills,201988,17,21.0,14.0,1.0,0.5
2020-21,Patty Mills,201988,19,24.5,14.0,1.5,0.5375
2020-21,Patty Mills,201988,21,31.0,14.0,3.0,0.364
2020-21,Patty Mills,201988,29,20.0,21.0,3.0,0.571
2020-21,Patty Mills,201988,30,23.0,13.0,2.0,0.4
2020-21,Paul George,202331,-24,23.0,15.0,3.0,0.357
2020-21,Paul George,202331,-22,24.0,15.0,4.0,0.308
2020-21,Paul George,202331,-14,29.333333333333332,15.666666666666666,3.3333333333333335,0.3173333333333333
2020-21,Paul George,202331,-12,37.0,25.0,4.0,0.273
2020-21,Paul George,202331,-10,41.0,28.0,5.0,0.5
2020-21,Paul George,202331,-7,41.0,18.0,4.0,0.4
2020-21,Paul George,202331,-4,36.666666666666664,24.0,6.333333333333333,0.41100000000000003
2020-21,Paul George,202331,-3,33.0,25.333333333333332,5.0,0.387
2020-21,Paul George,202331,-2,34.5,25.0,7.0,0.48250000000000004
2020-21,Paul George,202331,0,39.0,25.0,7.0,0.692
2020-21,Paul George,202331,2,36.0,32.0,9.0,0.48
2020-21,Paul George,202331,3,37.0,20.0,2.0,0.238
2020-21,Paul George,202331,4,38.0,36.0,8.0,0.52
2020-21,Paul George,202331,5,36.0,15.666666666666666,3.3333333333333335,0.30633333333333335
2020-21,Paul George,202331,6,32.5,21.5,4.5,0.45725
2020-21,Paul George,202331,7,34.0,36.0,5.0,0.611
2020-21,Paul George,202331,10,36.0,33.0,3.0,0.591
2020-21,Paul George,202331,12,38.0,26.0,9.0,0.4325
2020-21,Paul George,202331,13,32.0,19.0,12.0,0.571
2020-21,Paul George,202331,14,36.0,23.0,9.0,0.571
2020-21,Paul George,202331,15,31.0,16.0,3.0,0.429
2020-21,Paul George,202331,16,30.5,19.0,4.5,0.5680000000000001
2020-21,Paul George,202331,17,34.166666666666664,27.833333333333332,4.833333333333333,0.5696666666666667
2020-21,Paul George,202331,20,34.0,24.0,4.0,0.357
2020-21,Paul George,202331,21,28.0,30.0,3.0,0.647
2020-21,Paul George,202331,22,31.0,21.5,3.0,0.5075
2020-21,Paul George,202331,25,28.0,23.0,7.0,0.533
2020-21,Paul George,202331,26,30.0,24.0,5.0,0.667
2020-21,Paul George,202331,27,28.666666666666668,21.666666666666668,4.666666666666667,0.4626666666666667
2020-21,Paul George,202331,29,34.0,36.0,6.0,0.65
2020-21,Paul George,202331,31,32.0,21.0,10.0,0.571
2020-21,Paul George,202331,32,26.0,17.0,5.0,0.357
2020-21,Paul Millsap,200794,-13,22.0,11.0,6.0,0.5
2020-21,Paul Millsap,200794,-12,29.0,14.0,1.0,0.625
2020-21,Paul Millsap,200794,-11,21.0,11.0,1.0,0.571
2020-21,Paul Millsap,200794,-10,21.0,8.0,0.0,0.6
2020-21,Paul Millsap,200794,-8,31.0,6.0,1.0,0.231
2020-21,Paul Millsap,200794,-6,27.666666666666668,11.0,1.6666666666666667,0.44366666666666665
2020-21,Paul Millsap,200794,-3,26.0,19.0,2.0,0.7
2020-21,Paul Millsap,200794,-2,22.0,14.0,1.0,0.625
2020-21,Paul Millsap,200794,0,21.666666666666668,10.666666666666666,1.6666666666666667,0.6346666666666666
2020-21,Paul Millsap,200794,1,24.0,19.0,1.0,0.875
2020-21,Paul Millsap,200794,2,20.0,4.0,1.0,0.333
2020-21,Paul Millsap,200794,3,29.5,11.0,2.0,0.5
2020-21,Paul Millsap,200794,5,25.333333333333332,6.666666666666667,2.0,0.36133333333333334
2020-21,Paul Millsap,200794,6,20.0,9.0,3.0,0.5
2020-21,Paul Millsap,200794,7,23.0,7.0,2.0,0.4645
2020-21,Paul Millsap,200794,9,24.0,11.0,3.0,0.556
2020-21,Paul Millsap,200794,12,21.0,9.0,0.0,0.375
2020-21,Paul Millsap,200794,13,33.0,12.0,4.0,0.6
2020-21,Paul Millsap,200794,14,20.0,8.0,4.0,0.571
2020-21,Paul Millsap,200794,17,24.0,6.0,2.0,0.231
2020-21,Paul Millsap,200794,21,26.0,13.0,3.0,0.5
2020-21,Paul Millsap,200794,22,26.0,22.0,3.0,0.875
2020-21,Paul Reed,1630194,2,23.0,17.0,3.0,0.538
2020-21,Paul Reed,1630194,7,20.0,6.0,1.0,0.429
2020-21,Paul Reed,1630194,13,26.0,6.0,2.0,0.333
2020-21,Paul Watson,1628778,-9,22.0,6.0,0.0,0.5
2020-21,Paul Watson,1628778,-3,25.0,30.0,1.0,0.769
2020-21,Paul Watson,1628778,1,24.0,3.0,1.0,0.2915
2020-21,Paul Watson,1628778,7,27.0,12.0,2.0,0.5
2020-21,Paul Watson,1628778,10,22.0,0.0,5.0,0.0
2020-21,Paul Watson,1628778,16,20.0,3.0,1.0,0.167
2020-21,Paul Watson,1628778,21,20.0,12.0,2.0,0.571
2020-21,Payton Pritchard,1630202,-24,23.0,6.0,6.0,0.2
2020-21,Payton Pritchard,1630202,-11,29.0,20.0,1.0,0.6
2020-21,Payton Pritchard,1630202,-9,22.5,7.0,1.5,0.4665
2020-21,Payton Pritchard,1630202,-7,25.0,15.0,3.0,0.385
2020-21,Payton Pritchard,1630202,0,26.0,12.0,3.0,0.6583333333333333
2020-21,Payton Pritchard,1630202,1,25.333333333333332,17.0,2.3333333333333335,0.48733333333333334
2020-21,Payton Pritchard,1630202,2,21.5,10.5,1.0,0.5625
2020-21,Payton Pritchard,1630202,3,27.0,10.0,5.0,0.5
2020-21,Payton Pritchard,1630202,5,23.0,18.0,2.5,0.646
2020-21,Payton Pritchard,1630202,6,20.0,6.0,4.0,0.3
2020-21,Payton Pritchard,1630202,7,27.0,5.0,4.0,0.333
2020-21,Payton Pritchard,1630202,8,24.5,6.5,1.0,0.322
2020-21,Payton Pritchard,1630202,9,24.5,12.0,1.5,0.6665
2020-21,Payton Pritchard,1630202,10,21.0,8.0,3.0,0.667
2020-21,Payton Pritchard,1630202,13,30.0,9.0,1.0,0.667
2020-21,Payton Pritchard,1630202,16,28.0,8.0,3.0,0.25
2020-21,Payton Pritchard,1630202,18,32.0,23.0,8.0,0.615
2020-21,Payton Pritchard,1630202,19,22.0,8.0,7.0,0.6
2020-21,Payton Pritchard,1630202,24,25.0,16.0,3.0,0.462
2020-21,Precious Achiuwa,1630173,-18,27.0,10.0,2.0,0.667
2020-21,Precious Achiuwa,1630173,-6,35.0,17.0,3.0,0.7
2020-21,Precious Achiuwa,1630173,-3,20.0,10.0,3.0,0.5
2020-21,Precious Achiuwa,1630173,-2,20.0,4.0,0.0,0.25
2020-21,Precious Achiuwa,1630173,-1,28.0,8.0,0.0,0.364
2020-21,Precious Achiuwa,1630173,6,41.0,23.0,0.0,0.625
2020-21,Quinndary Weatherspoon,1629683,-6,28.0,13.0,0.0,0.417
2020-21,R.J. Hampton,1630181,-33,30.0,12.0,2.0,0.357
2020-21,R.J. Hampton,1630181,-24,26.0,7.0,3.0,0.273
2020-21,R.J. Hampton,1630181,-18,28.0,14.0,2.0,0.5
2020-21,R.J. Hampton,1630181,-17,26.0,16.0,0.0,0.7
2020-21,R.J. Hampton,1630181,-16,23.0,4.0,0.0,0.333
2020-21,R.J. Hampton,1630181,-15,21.0,8.0,1.0,0.375
2020-21,R.J. Hampton,1630181,-13,32.0,16.0,3.0,0.538
2020-21,R.J. Hampton,1630181,-12,27.666666666666668,13.666666666666666,4.666666666666667,0.429
2020-21,R.J. Hampton,1630181,-11,31.0,18.0,5.0,0.429
2020-21,R.J. Hampton,1630181,-10,20.0,5.0,1.0,0.5
2020-21,R.J. Hampton,1630181,-9,31.0,18.0,5.0,0.467
2020-21,R.J. Hampton,1630181,-8,24.5,12.5,1.0,0.4375
2020-21,R.J. Hampton,1630181,-7,20.0,4.0,2.0,0.4
2020-21,R.J. Hampton,1630181,-6,29.0,16.0,3.0,0.467
2020-21,R.J. Hampton,1630181,-5,21.0,7.0,6.0,0.286
2020-21,R.J. Hampton,1630181,-4,27.0,7.0,2.0,0.5
2020-21,R.J. Hampton,1630181,-3,24.0,11.0,5.0,0.417
2020-21,R.J. Hampton,1630181,-2,24.0,5.0,1.0,0.25
2020-21,R.J. Hampton,1630181,2,20.0,4.0,1.0,0.167
2020-21,R.J. Hampton,1630181,14,35.0,16.0,10.0,0.455
2020-21,R.J. Hampton,1630181,15,30.0,18.0,5.0,0.5
2020-21,RJ Barrett,1629628,-27,28.0,22.0,2.0,0.6
2020-21,RJ Barrett,1629628,-23,28.0,15.0,2.0,0.556
2020-21,RJ Barrett,1629628,-22,30.0,8.0,0.0,0.273
2020-21,RJ Barrett,1629628,-21,27.0,4.0,1.0,0.111
2020-21,RJ Barrett,1629628,-20,36.0,12.0,3.0,0.211
2020-21,RJ Barrett,1629628,-16,37.0,10.0,4.0,0.133
2020-21,RJ Barrett,1629628,-15,40.0,23.0,3.0,0.364
2020-21,RJ Barrett,1629628,-14,34.5,13.5,3.0,0.3875
2020-21,RJ Barrett,1629628,-13,31.0,8.5,3.0,0.23900000000000002
2020-21,RJ Barrett,1629628,-12,32.0,8.0,4.0,0.333
2020-21,RJ Barrett,1629628,-11,32.5,17.5,3.0,0.4415
2020-21,RJ Barrett,1629628,-10,34.0,26.0,5.0,0.733
2020-21,RJ Barrett,1629628,-9,30.5,21.0,2.0,0.5355
2020-21,RJ Barrett,1629628,-8,30.0,23.0,2.0,0.643
2020-21,RJ Barrett,1629628,-7,40.0,17.0,4.0,0.636
2020-21,RJ Barrett,1629628,-5,37.75,18.25,2.25,0.36475
2020-21,RJ Barrett,1629628,-3,30.75,13.5,1.75,0.384
2020-21,RJ Barrett,1629628,-2,30.0,14.0,2.5,0.4555
2020-21,RJ Barrett,1629628,-1,38.0,21.0,7.0,0.364
2020-21,RJ Barrett,1629628,0,38.0,20.0,4.333333333333333,0.41133333333333333
2020-21,RJ Barrett,1629628,1,31.25,13.5,3.0,0.3965
2020-21,RJ Barrett,1629628,2,41.0,17.0,1.0,0.467
2020-21,RJ Barrett,1629628,3,42.0,17.5,4.0,0.40049999999999997
2020-21,RJ Barrett,1629628,4,33.0,17.5,2.5,0.552
2020-21,RJ Barrett,1629628,5,35.333333333333336,19.666666666666668,3.3333333333333335,0.4725
2020-21,RJ Barrett,1629628,7,30.0,21.0,5.0,0.692
2020-21,RJ Barrett,1629628,9,39.0,24.0,0.0,0.471
2020-21,RJ Barrett,1629628,10,33.0,9.0,1.0,0.286
2020-21,RJ Barrett,1629628,11,32.0,19.0,5.0,0.583
2020-21,RJ Barrett,1629628,12,39.0,22.5,2.5,0.5355
2020-21,RJ Barrett,1629628,13,39.5,27.0,5.0,0.5569999999999999
2020-21,RJ Barrett,1629628,14,34.0,24.0,2.0,0.471
2020-21,RJ Barrett,1629628,16,38.5,21.5,4.5,0.45899999999999996
2020-21,RJ Barrett,1629628,17,36.0,32.0,3.0,0.571
2020-21,RJ Barrett,1629628,18,34.0,14.0,3.0,0.39849999999999997
2020-21,RJ Barrett,1629628,20,37.5,21.5,3.5,0.55
2020-21,RJ Barrett,1629628,21,36.0,16.0,3.5,0.4145
2020-21,RJ Barrett,1629628,23,32.5,19.5,4.0,0.607
2020-21,RJ Barrett,1629628,27,39.0,24.0,2.0,0.421
2020-21,RJ Barrett,1629628,31,40.0,21.0,5.0,0.467
2020-21,RJ Barrett,1629628,32,29.0,19.0,3.0,0.455
2020-21,Rajon Rondo,200765,-28,28.0,0.0,8.0,0.0
2020-21,Rajon Rondo,200765,-11,22.0,5.0,5.0,0.333
2020-21,Rajon Rondo,200765,-9,30.0,18.0,5.0,0.667
2020-21,Rajon Rondo,200765,-7,29.0,7.0,7.0,0.5
2020-21,Rajon Rondo,200765,-4,28.0,9.0,13.0,0.364
2020-21,Rajon Rondo,200765,-3,21.0,10.0,5.0,0.571
2020-21,Rajon Rondo,200765,0,24.0,9.0,7.0,0.5
2020-21,Rajon Rondo,200765,2,22.0,6.5,7.5,0.4645
2020-21,Rajon Rondo,200765,7,26.0,10.0,8.0,0.571
2020-21,Rajon Rondo,200765,14,20.0,9.0,5.0,1.0
2020-21,Rajon Rondo,200765,22,20.0,10.0,6.0,0.571
2020-21,Raul Neto,203526,-27,28.0,24.0,1.0,0.529
2020-21,Raul Neto,203526,-20,24.0,11.0,1.0,0.5
2020-21,Raul Neto,203526,-17,24.0,7.0,2.0,0.4
2020-21,Raul Neto,203526,-14,21.0,7.0,4.0,0.375
2020-21,Raul Neto,203526,-12,24.0,10.333333333333334,1.6666666666666667,0.42366666666666664
2020-21,Raul Neto,203526,-11,26.0,10.0,6.0,0.273
2020-21,Raul Neto,203526,-10,25.0,2.0,3.0,0.0
2020-21,Raul Neto,203526,-9,20.0,3.0,3.5,0.111
2020-21,Raul Neto,203526,-7,23.666666666666668,8.333333333333334,1.6666666666666667,0.45166666666666666
2020-21,Raul Neto,203526,-5,27.0,6.0,4.0,0.286
2020-21,Raul Neto,203526,-3,32.333333333333336,18.333333333333332,2.3333333333333335,0.5343333333333334
2020-21,Raul Neto,203526,1,28.0,14.5,4.5,0.5085
2020-21,Raul Neto,203526,2,22.75,10.25,1.75,0.5595
2020-21,Raul Neto,203526,3,23.666666666666668,7.666666666666667,1.6666666666666667,0.45999999999999996
2020-21,Raul Neto,203526,4,22.0,5.0,2.0,0.5
2020-21,Raul Neto,203526,5,24.5,9.5,3.5,0.375
2020-21,Raul Neto,203526,7,25.0,4.0,4.0,0.182
2020-21,Raul Neto,203526,9,24.0,4.0,3.5,0.20850000000000002
2020-21,Raul Neto,203526,10,23.333333333333332,8.333333333333334,0.3333333333333333,0.5923333333333333
2020-21,Raul Neto,203526,11,26.5,9.0,4.0,0.5835
2020-21,Raul Neto,203526,12,29.0,8.0,4.0,0.6
2020-21,Raul Neto,203526,13,23.0,9.0,8.0,0.429
2020-21,Raul Neto,203526,14,33.0,15.0,5.0,0.6
2020-21,Raul Neto,203526,16,22.0,12.0,2.0,0.714
2020-21,Raul Neto,203526,17,36.0,18.0,4.0,0.636
2020-21,Reggie Bullock,203493,-24,20.0,8.0,0.0,0.333
2020-21,Reggie Bullock,203493,-22,37.0,12.0,3.0,0.273
2020-21,Reggie Bullock,203493,-16,25.0,11.0,2.0,0.4
2020-21,Reggie Bullock,203493,-15,20.0,8.0,1.0,0.6
2020-21,Reggie Bullock,203493,-14,24.0,14.0,2.0,0.444
2020-21,Reggie Bullock,203493,-13,24.0,3.0,2.0,0.143
2020-21,Reggie Bullock,203493,-12,22.0,3.0,0.0,0.2
2020-21,Reggie Bullock,203493,-11,35.0,16.0,2.0,0.6
2020-21,Reggie Bullock,203493,-10,30.5,9.5,3.0,0.7085
2020-21,Reggie Bullock,203493,-9,34.0,5.0,2.5,0.30000000000000004
2020-21,Reggie Bullock,203493,-8,22.0,13.0,1.0,0.4
2020-21,Reggie Bullock,203493,-7,26.75,12.25,1.25,0.4475
2020-21,Reggie Bullock,203493,-3,31.333333333333332,8.333333333333334,1.6666666666666667,0.5
2020-21,Reggie Bullock,203493,-2,26.0,8.666666666666666,1.3333333333333333,0.482
2020-21,Reggie Bullock,203493,-1,22.5,5.0,0.5,0.259
2020-21,Reggie Bullock,203493,0,35.5,7.0,1.5,0.293
2020-21,Reggie Bullock,203493,1,35.333333333333336,11.5,1.6666666666666667,0.502
2020-21,Reggie Bullock,203493,2,27.0,9.0,0.0,0.571
2020-21,Reggie Bullock,203493,3,40.0,18.0,4.0,0.545
2020-21,Reggie Bullock,203493,4,40.0,17.0,0.0,0.462
2020-21,Reggie Bullock,203493,6,33.5,12.0,1.75,0.448
2020-21,Reggie Bullock,203493,7,31.0,21.0,2.0,0.545
2020-21,Reggie Bullock,203493,8,38.0,8.0,3.0,0.333
2020-21,Reggie Bullock,203493,9,30.0,13.0,2.0,0.364
2020-21,Reggie Bullock,203493,11,27.0,10.0,0.0,0.364
2020-21,Reggie Bullock,203493,12,35.0,13.0,2.0,0.5
2020-21,Reggie Bullock,203493,13,31.0,12.5,0.5,0.5345
2020-21,Reggie Bullock,203493,14,33.0,13.5,0.5,0.5835
2020-21,Reggie Bullock,203493,15,45.0,24.0,3.0,0.471
2020-21,Reggie Bullock,203493,16,35.0,20.0,3.0,0.438
2020-21,Reggie Bullock,203493,17,29.333333333333332,11.0,2.0,0.43599999999999994
2020-21,Reggie Bullock,203493,19,30.0,12.0,3.0,0.333
2020-21,Reggie Bullock,203493,21,21.0,9.0,3.0,0.6
2020-21,Reggie Bullock,203493,23,36.0,14.0,1.0,0.417
2020-21,Reggie Bullock,203493,27,27.0,22.0,1.0,0.667
2020-21,Reggie Bullock,203493,36,28.0,11.0,0.0,0.444
2020-21,Reggie Jackson,202704,-21,22.0,13.0,1.5,0.5415
2020-21,Reggie Jackson,202704,-14,30.0,10.0,4.0,0.364
2020-21,Reggie Jackson,202704,-13,30.666666666666668,14.0,6.333333333333333,0.4166666666666667
2020-21,Reggie Jackson,202704,-10,36.0,25.0,7.0,0.714
2020-21,Reggie Jackson,202704,-9,28.0,12.0,1.0,0.5
2020-21,Reggie Jackson,202704,-8,21.0,12.0,2.0,0.556
2020-21,Reggie Jackson,202704,-7,26.0,7.0,2.0,0.375
2020-21,Reggie Jackson,202704,-6,34.0,9.0,4.0,0.333
2020-21,Reggie Jackson,202704,-5,25.0,8.0,4.5,0.2145
2020-21,Reggie Jackson,202704,-3,24.0,6.0,8.0,0.333
2020-21,Reggie Jackson,202704,-1,30.0,15.5,5.0,0.5835
2020-21,Reggie Jackson,202704,1,34.0,12.5,3.5,0.4395
2020-21,Reggie Jackson,202704,3,37.0,29.0,1.0,0.5
2020-21,Reggie Jackson,202704,4,33.0,15.5,3.5,0.4085
2020-21,Reggie Jackson,202704,5,26.0,9.0,6.0,0.333
2020-21,Reggie Jackson,202704,6,28.0,14.5,4.5,0.4335
2020-21,Reggie Jackson,202704,7,28.5,11.5,3.5,0.48350000000000004
2020-21,Reggie Jackson,202704,8,28.0,18.5,4.0,0.45599999999999996
2020-21,Reggie Jackson,202704,9,28.0,12.0,3.0,0.714
2020-21,Reggie Jackson,202704,10,26.0,11.0,4.0,0.444
2020-21,Reggie Jackson,202704,13,26.0,7.0,3.5,0.286
2020-21,Reggie Jackson,202704,14,30.0,24.0,3.5,0.5165
2020-21,Reggie Jackson,202704,16,21.0,6.0,1.0,0.25
2020-21,Reggie Jackson,202704,17,26.0,14.5,2.0,0.519
2020-21,Reggie Jackson,202704,18,28.0,17.0,2.0,0.5
2020-21,Reggie Jackson,202704,19,23.0,0.0,3.0,0.0
2020-21,Reggie Jackson,202704,22,25.0,12.0,3.0,0.455
2020-21,Reggie Jackson,202704,23,22.0,8.5,2.5,0.5854999999999999
2020-21,Reggie Jackson,202704,25,25.0,23.0,2.0,0.667
2020-21,Reggie Jackson,202704,29,26.5,15.5,5.5,0.4285
2020-21,Reggie Jackson,202704,32,21.0,13.0,4.0,0.444
2020-21,Reggie Perry,1629617,-7,21.0,11.0,0.0,0.714
2020-21,Reggie Perry,1629617,8,27.0,12.0,1.0,0.444
2020-21,Richaun Holmes,1626158,-31,22.0,18.0,0.0,0.6
2020-21,Richaun Holmes,1626158,-28,30.0,12.0,1.0,0.575
2020-21,Richaun Holmes,1626158,-27,26.5,13.5,1.5,0.6134999999999999
2020-21,Richaun Holmes,1626158,-20,29.5,9.5,2.0,0.4855
2020-21,Richaun Holmes,1626158,-15,21.0,13.0,1.0,0.667
2020-21,Richaun Holmes,1626158,-14,21.0,11.0,2.0,0.714
2020-21,Richaun Holmes,1626158,-13,26.0,12.0,2.0,0.714
2020-21,Richaun Holmes,1626158,-10,25.333333333333332,13.666666666666666,1.0,0.616
2020-21,Richaun Holmes,1626158,-8,28.0,9.0,1.0,0.667
2020-21,Richaun Holmes,1626158,-7,32.0,16.0,3.3333333333333335,0.6216666666666667
2020-21,Richaun Holmes,1626158,-6,22.0,11.0,0.0,0.667
2020-21,Richaun Holmes,1626158,-4,28.333333333333332,10.666666666666666,2.3333333333333335,0.5573333333333333
2020-21,Richaun Holmes,1626158,-3,33.0,10.0,0.0,0.455
2020-21,Richaun Holmes,1626158,-2,35.0,21.0,1.5,0.6845
2020-21,Richaun Holmes,1626158,-1,29.0,11.0,1.5,0.55
2020-21,Richaun Holmes,1626158,0,29.0,14.0,2.0,0.6083333333333333
2020-21,Richaun Holmes,1626158,1,22.0,6.0,1.0,0.5
2020-21,Richaun Holmes,1626158,2,24.0,8.0,0.0,0.6
2020-21,Richaun Holmes,1626158,3,26.0,5.0,2.0,0.25
2020-21,Richaun Holmes,1626158,4,38.0,16.5,3.5,0.7915
2020-21,Richaun Holmes,1626158,5,30.0,10.333333333333334,0.6666666666666666,0.5276666666666666
2020-21,Richaun Holmes,1626158,6,28.0,19.5,0.5,0.6535
2020-21,Richaun Holmes,1626158,8,31.0,23.5,2.5,0.6395
2020-21,Richaun Holmes,1626158,10,27.0,24.0,2.5,0.8295
2020-21,Richaun Holmes,1626158,11,32.0,25.0,1.0,0.714
2020-21,Richaun Holmes,1626158,12,35.0,16.0,3.0,0.545
2020-21,Richaun Holmes,1626158,13,31.0,12.0,2.0,0.6
2020-21,Richaun Holmes,1626158,14,35.0,13.5,1.5,0.741
2020-21,Richaun Holmes,1626158,16,32.0,20.0,3.0,0.769
2020-21,Richaun Holmes,1626158,17,31.0,20.0,3.0,0.727
2020-21,Richaun Holmes,1626158,18,32.0,18.5,1.5,0.657
2020-21,Richaun Holmes,1626158,19,29.5,16.0,1.0,0.7085
2020-21,Richaun Holmes,1626158,20,33.5,21.5,2.5,0.7725
2020-21,Richaun Holmes,1626158,23,35.0,17.0,3.0,0.889
2020-21,Richaun Holmes,1626158,28,24.0,15.0,0.0,0.778
2020-21,Ricky Rubio,201937,-24,25.0,6.0,11.0,0.125
2020-21,Ricky Rubio,201937,-22,25.0,3.0,5.0,0.25
2020-21,Ricky Rubio,201937,-18,21.0,0.0,2.0,0.0
2020-21,Ricky Rubio,201937,-16,24.0,6.0,6.0,0.2
2020-21,Ricky Rubio,201937,-15,21.0,5.0,5.0,0.286
2020-21,Ricky Rubio,201937,-14,23.0,6.0,5.0,0.333
2020-21,Ricky Rubio,201937,-13,23.5,10.5,4.0,0.5415
2020-21,Ricky Rubio,201937,-12,25.0,6.0,6.0,0.25
2020-21,Ricky Rubio,201937,-11,30.0,3.0,7.0,0.143
2020-21,Ricky Rubio,201937,-10,29.5,20.0,11.0,0.549
2020-21,Ricky Rubio,201937,-9,29.0,19.333333333333332,9.333333333333334,0.6699999999999999
2020-21,Ricky Rubio,201937,-8,25.0,6.0,3.0,0.25
2020-21,Ricky Rubio,201937,-7,22.0,12.0,4.0,0.5
2020-21,Ricky Rubio,201937,-6,26.5,7.0,6.0,0.34299999999999997
2020-21,Ricky Rubio,201937,-5,27.0,6.25,5.25,0.32375
2020-21,Ricky Rubio,201937,-4,29.6,9.6,7.0,0.45
2020-21,Ricky Rubio,201937,-3,27.5,9.5,6.0,0.25
2020-21,Ricky Rubio,201937,-2,27.0,5.333333333333333,8.0,0.3443333333333333
2020-21,Ricky Rubio,201937,-1,21.0,2.0,4.0,0.167
2020-21,Ricky Rubio,201937,0,24.5,6.5,7.5,0.325
2020-21,Ricky Rubio,201937,1,27.0,6.5,8.5,0.2665
2020-21,Ricky Rubio,201937,2,25.0,8.25,7.75,0.35425
2020-21,Ricky Rubio,201937,4,27.0,9.0,7.0,0.333
2020-21,Ricky Rubio,201937,5,29.666666666666668,6.333333333333333,8.0,0.20000000000000004
2020-21,Ricky Rubio,201937,6,26.0,9.0,6.0,0.375
2020-21,Ricky Rubio,201937,7,29.0,17.0,7.0,0.364
2020-21,Ricky Rubio,201937,8,20.0,2.0,7.0,0.333
2020-21,Ricky Rubio,201937,9,29.0,16.0,5.0,0.462
2020-21,Ricky Rubio,201937,10,30.0,7.5,7.5,0.25
2020-21,Ricky Rubio,201937,11,30.0,6.0,11.0,0.375
2020-21,Ricky Rubio,201937,12,32.0,16.0,9.0,0.5
2020-21,Ricky Rubio,201937,13,25.0,17.0,9.0,0.462
2020-21,Ricky Rubio,201937,17,28.0,14.5,4.5,0.394
2020-21,Ricky Rubio,201937,27,25.0,18.0,3.0,0.545
2020-21,Ricky Rubio,201937,30,30.0,19.0,5.0,0.571
2020-21,Robert Covington,203496,-25,31.0,6.0,2.0,0.4
2020-21,Robert Covington,203496,-22,24.0,8.0,1.0,0.75
2020-21,Robert Covington,203496,-19,27.0,5.0,2.0,0.222
2020-21,Robert Covington,203496,-18,22.0,3.5,2.5,0.25
2020-21,Robert Covington,203496,-15,34.5,16.5,1.0,0.5035000000000001
2020-21,Robert Covington,203496,-14,34.0,10.0,0.0,0.6
2020-21,Robert Covington,203496,-10,31.0,8.0,1.0,0.2715
2020-21,Robert Covington,203496,-8,29.0,7.5,2.5,0.4645
2020-21,Robert Covington,203496,-7,31.5,8.5,3.0,0.3375
2020-21,Robert Covington,203496,-6,38.0,3.0,1.0,0.0625
2020-21,Robert Covington,203496,-5,32.0,5.0,1.3333333333333333,0.19533333333333333
2020-21,Robert Covington,203496,-3,34.5,11.5,1.5,0.5085
2020-21,Robert Covington,203496,-2,33.0,11.0,1.5,0.464
2020-21,Robert Covington,203496,-1,25.0,0.0,1.0,0.0
2020-21,Robert Covington,203496,0,28.25,9.25,2.0,0.33475
2020-21,Robert Covington,203496,1,29.75,7.5,2.0,0.374
2020-21,Robert Covington,203496,2,33.5,8.0,3.0,0.361
2020-21,Robert Covington,203496,3,29.0,9.0,1.0,0.432
2020-21,Robert Covington,203496,4,34.666666666666664,9.333333333333334,2.0,0.44283333333333336
2020-21,Robert Covington,203496,5,35.0,9.5,1.0,0.5075
2020-21,Robert Covington,203496,6,36.0,10.5,1.0,0.4165
2020-21,Robert Covington,203496,7,32.5,5.5,2.5,0.47650000000000003
2020-21,Robert Covington,203496,8,30.5,8.5,2.0,0.299
2020-21,Robert Covington,203496,9,31.0,7.0,2.0,0.667
2020-21,Robert Covington,203496,11,34.333333333333336,8.0,1.6666666666666667,0.4026666666666667
2020-21,Robert Covington,203496,12,37.0,15.5,1.0,0.7164999999999999
2020-21,Robert Covington,203496,13,28.0,3.0,1.0,0.2
2020-21,Robert Covington,203496,16,30.5,6.0,1.5,0.3395
2020-21,Robert Covington,203496,18,38.0,21.0,2.0,0.727
2020-21,Robert Covington,203496,19,34.0,9.0,4.0,0.6
2020-21,Robert Covington,203496,22,30.0,16.0,1.0,0.75
2020-21,Robert Covington,203496,23,29.0,3.0,0.0,0.2
2020-21,Robert Covington,203496,27,22.0,3.0,0.0,0.333
2020-21,Robert Covington,203496,29,36.0,8.0,2.0,0.25
2020-21,Robert Covington,203496,33,29.0,15.0,1.0,0.5
2020-21,Robert Covington,203496,34,27.0,6.0,4.0,0.5
2020-21,Robert Covington,203496,35,24.0,5.0,0.0,0.333
2020-21,Robert Williams III,1629057,-21,24.0,6.0,0.0,0.429
2020-21,Robert Williams III,1629057,-13,26.0,13.0,3.0,0.857
2020-21,Robert Williams III,1629057,-9,25.0,9.0,2.0,0.4
2020-21,Robert Williams III,1629057,-6,22.5,11.0,1.5,0.775
2020-21,Robert Williams III,1629057,-5,25.0,16.0,4.0,0.667
2020-21,Robert Williams III,1629057,-4,21.0,12.0,1.0,0.857
2020-21,Robert Williams III,1629057,-2,21.0,8.0,3.0,0.667
2020-21,Robert Williams III,1629057,1,25.0,13.5,3.5,0.7225
2020-21,Robert Williams III,1629057,3,21.0,13.0,4.0,0.8
2020-21,Robert Williams III,1629057,4,21.5,14.0,2.5,0.725
2020-21,Robert Williams III,1629057,6,32.0,7.0,5.0,0.6
2020-21,Robert Williams III,1629057,7,24.5,11.0,3.5,0.6890000000000001
2020-21,Robert Williams III,1629057,12,20.0,8.0,2.0,1.0
2020-21,Robert Williams III,1629057,13,24.0,5.0,5.0,0.667
2020-21,Robert Williams III,1629057,17,26.0,10.0,1.0,0.833
2020-21,Robert Williams III,1629057,19,24.0,7.5,3.5,0.7
2020-21,Robert Williams III,1629057,22,25.0,20.0,8.0,1.0
2020-21,Robert Williams III,1629057,28,22.0,6.0,2.0,0.75
2020-21,Robin Lopez,201577,-18,23.0,7.5,1.5,0.4445
2020-21,Robin Lopez,201577,-12,24.5,11.5,0.5,0.5635
2020-21,Robin Lopez,201577,-9,24.0,15.0,2.5,0.6625
2020-21,Robin Lopez,201577,-8,27.5,10.0,2.0,0.5625
2020-21,Robin Lopez,201577,-7,21.0,11.0,0.0,0.6443333333333333
2020-21,Robin Lopez,201577,-6,24.5,9.0,2.5,0.7164999999999999
2020-21,Robin Lopez,201577,-2,21.0,10.0,0.0,0.5
2020-21,Robin Lopez,201577,0,32.0,18.0,0.0,0.889
2020-21,Robin Lopez,201577,1,21.0,18.0,0.0,0.6
2020-21,Robin Lopez,201577,2,22.5,9.0,2.0,0.5
2020-21,Robin Lopez,201577,7,27.0,20.0,2.0,0.643
2020-21,Robin Lopez,201577,8,20.0,12.0,1.0,0.6
2020-21,Robin Lopez,201577,9,23.0,24.0,0.0,0.75
2020-21,Robin Lopez,201577,11,26.0,9.0,0.0,0.667
2020-21,Robin Lopez,201577,12,27.0,9.5,1.5,0.307
2020-21,Robin Lopez,201577,13,25.0,10.0,0.0,0.714
2020-21,Robin Lopez,201577,14,27.5,14.5,1.5,0.909
2020-21,Robin Lopez,201577,16,26.0,14.0,1.5,0.6625
2020-21,Robin Lopez,201577,21,25.5,14.5,1.5,0.8254999999999999
2020-21,Robin Lopez,201577,25,27.0,10.0,2.0,0.375
2020-21,Rodions Kurucs,1629066,13,21.0,2.0,1.0,0.2
2020-21,Rodney Hood,203918,-13,25.0,21.0,2.0,0.643
2020-21,Rodney Hood,203918,-12,20.0,7.0,0.0,0.4
2020-21,Rodney Hood,203918,-7,24.333333333333332,5.333333333333333,2.3333333333333335,0.3
2020-21,Rodney Hood,203918,-4,27.0,6.0,1.0,0.5
2020-21,Rodney Hood,203918,-2,21.0,6.0,1.0,0.5
2020-21,Rodney Hood,203918,-1,27.0,13.0,0.0,0.5
2020-21,Rodney Hood,203918,2,24.0,5.0,1.0,0.4
2020-21,Rodney Hood,203918,3,23.0,8.0,1.0,0.4
2020-21,Rodney Hood,203918,11,27.0,6.0,0.5,0.4165
2020-21,Rodney Hood,203918,13,22.0,6.0,2.0,0.4
2020-21,Rodney Hood,203918,15,29.5,11.5,1.5,0.4585
2020-21,Rodney Hood,203918,19,34.0,16.0,3.0,0.5
2020-21,Rodney McGruder,203585,-4,28.0,10.0,2.0,0.5
2020-21,Rodney McGruder,203585,0,24.0,13.0,1.0,0.5
2020-21,Rodney McGruder,203585,17,26.0,20.0,5.0,0.5
2020-21,Romeo Langford,1629641,-16,24.0,6.0,0.0,0.4
2020-21,Romeo Langford,1629641,-11,21.0,5.0,0.0,0.4
2020-21,Romeo Langford,1629641,-10,21.0,2.0,3.0,0.2
2020-21,Romeo Langford,1629641,-3,20.0,8.0,2.0,0.6
2020-21,Romeo Langford,1629641,-1,34.0,14.0,1.0,0.455
2020-21,Romeo Langford,1629641,7,31.0,2.0,0.0,0.25
2020-21,Rondae Hollis-Jefferson,1626178,-18,21.0,7.0,1.0,0.2
2020-21,Rondae Hollis-Jefferson,1626178,1,23.0,5.0,3.0,0.667
2020-21,Royce O'Neale,1626220,-22,25.0,10.0,0.0,0.571
2020-21,Royce O'Neale,1626220,-18,30.0,3.0,5.0,0.25
2020-21,Royce O'Neale,1626220,-16,34.0,5.0,1.0,0.5
2020-21,Royce O'Neale,1626220,-13,31.0,2.0,1.0,0.333
2020-21,Royce O'Neale,1626220,-12,26.0,12.0,3.0,1.0
2020-21,Royce O'Neale,1626220,-11,37.0,7.5,2.5,0.393
2020-21,Royce O'Neale,1626220,-10,29.0,2.5,3.0,0.3125
2020-21,Royce O'Neale,1626220,-7,34.0,2.0,3.0,0.2
2020-21,Royce O'Neale,1626220,-5,34.0,6.0,4.0,0.333
2020-21,Royce O'Neale,1626220,-4,33.333333333333336,9.333333333333334,2.3333333333333335,0.525
2020-21,Royce O'Neale,1626220,-2,33.0,8.0,3.6666666666666665,0.4346666666666667
2020-21,Royce O'Neale,1626220,-1,28.0,7.333333333333333,2.6666666666666665,0.47633333333333333
2020-21,Royce O'Neale,1626220,0,28.0,7.0,0.0,0.429
2020-21,Royce O'Neale,1626220,1,33.0,9.0,0.0,1.0
2020-21,Royce O'Neale,1626220,2,37.0,8.333333333333334,3.3333333333333335,0.286
2020-21,Royce O'Neale,1626220,3,31.666666666666668,10.333333333333334,1.3333333333333333,0.472
2020-21,Royce O'Neale,1626220,4,31.5,4.5,3.0,0.25
2020-21,Royce O'Neale,1626220,5,33.0,6.5,2.5,0.393
2020-21,Royce O'Neale,1626220,6,32.333333333333336,6.0,0.3333333333333333,0.3666666666666667
2020-21,Royce O'Neale,1626220,7,32.5,14.0,4.0,0.597
2020-21,Royce O'Neale,1626220,8,26.0,2.0,1.0,0.333
2020-21,Royce O'Neale,1626220,9,31.6,5.8,2.8,0.3174
2020-21,Royce O'Neale,1626220,10,31.0,7.0,5.0,0.667
2020-21,Royce O'Neale,1626220,11,32.5,11.0,4.5,0.5
2020-21,Royce O'Neale,1626220,12,29.0,5.0,2.5,0.5
2020-21,Royce O'Neale,1626220,14,30.0,4.666666666666667,2.6666666666666665,0.389
2020-21,Royce O'Neale,1626220,15,34.0,2.5,1.0,0.3335
2020-21,Royce O'Neale,1626220,16,32.5,8.5,3.0,0.4165
2020-21,Royce O'Neale,1626220,17,28.666666666666668,9.333333333333334,3.3333333333333335,0.5683333333333334
2020-21,Royce O'Neale,1626220,18,32.5,8.0,2.0,0.425
2020-21,Royce O'Neale,1626220,19,27.0,2.0,0.0,0.25
2020-21,Royce O'Neale,1626220,20,26.0,10.0,0.0,0.8
2020-21,Royce O'Neale,1626220,21,30.0,9.5,4.0,0.75
2020-21,Royce O'Neale,1626220,22,32.0,5.333333333333333,3.3333333333333335,0.3833333333333333
2020-21,Royce O'Neale,1626220,25,28.0,6.0,2.0,0.667
2020-21,Royce O'Neale,1626220,26,26.0,9.0,3.0,0.5
2020-21,Royce O'Neale,1626220,38,26.0,7.0,2.0,0.75
2020-21,Rudy Gay,200752,-22,21.0,4.0,1.0,0.2
2020-21,Rudy Gay,200752,-18,24.0,13.0,1.0,0.625
2020-21,Rudy Gay,200752,-16,24.0,15.0,3.0,0.5
2020-21,Rudy Gay,200752,-13,21.0,11.0,2.0,0.273
2020-21,Rudy Gay,200752,-11,23.0,10.0,2.0,0.4
2020-21,Rudy Gay,200752,-7,22.5,13.0,1.0,0.4495
2020-21,Rudy Gay,200752,-6,25.0,8.0,1.0,0.3
2020-21,Rudy Gay,200752,-5,22.0,7.0,0.0,0.4
2020-21,Rudy Gay,200752,-4,28.0,14.5,2.5,0.3375
2020-21,Rudy Gay,200752,-3,30.0,16.0,1.5,0.39849999999999997
2020-21,Rudy Gay,200752,-2,25.0,15.5,2.0,0.41500000000000004
2020-21,Rudy Gay,200752,-1,24.0,16.0,0.5,0.49650000000000005
2020-21,Rudy Gay,200752,1,24.0,15.0,0.0,0.6
2020-21,Rudy Gay,200752,2,25.0,10.0,3.0,0.364
2020-21,Rudy Gay,200752,3,23.0,10.333333333333334,1.0,0.4443333333333333
2020-21,Rudy Gay,200752,9,23.333333333333332,17.333333333333332,1.3333333333333333,0.48333333333333334
2020-21,Rudy Gay,200752,11,23.5,10.5,1.5,0.381
2020-21,Rudy Gay,200752,12,23.0,14.0,1.0,0.545
2020-21,Rudy Gay,200752,13,22.0,13.5,1.5,0.49450000000000005
2020-21,Rudy Gay,200752,14,21.0,10.0,1.0,0.444
2020-21,Rudy Gay,200752,16,20.5,11.0,3.0,0.561
2020-21,Rudy Gay,200752,21,23.666666666666668,15.333333333333334,1.0,0.5063333333333333
2020-21,Rudy Gay,200752,22,20.0,19.0,1.0,0.556
2020-21,Rudy Gay,200752,23,22.0,13.0,0.0,0.556
2020-21,Rudy Gay,200752,24,23.0,21.0,1.0,0.471
2020-21,Rudy Gobert,203497,-18,34.0,14.0,2.0,0.778
2020-21,Rudy Gobert,203497,-15,26.0,11.0,2.0,0.4355
2020-21,Rudy Gobert,203497,-12,23.0,8.0,1.0,0.75
2020-21,Rudy Gobert,203497,-9,36.0,15.0,2.0,0.589
2020-21,Rudy Gobert,203497,-7,32.5,12.5,2.0,0.75
2020-21,Rudy Gobert,203497,-5,31.0,8.0,1.0,0.571
2020-21,Rudy Gobert,203497,-4,33.666666666666664,12.666666666666666,0.3333333333333333,0.602
2020-21,Rudy Gobert,203497,-2,35.5,14.5,1.5,0.5635
2020-21,Rudy Gobert,203497,-1,36.0,9.0,0.0,0.5
2020-21,Rudy Gobert,203497,0,29.0,13.5,1.5,0.625
2020-21,Rudy Gobert,203497,1,33.5,15.0,2.5,0.857
2020-21,Rudy Gobert,203497,2,33.0,22.0,1.0,0.692
2020-21,Rudy Gobert,203497,3,32.0,12.0,1.5,0.8335
2020-21,Rudy Gobert,203497,4,30.0,16.0,0.0,0.778
2020-21,Rudy Gobert,203497,5,32.8,14.8,1.8,0.8333999999999999
2020-21,Rudy Gobert,203497,7,31.0,11.0,1.5,0.44999999999999996
2020-21,Rudy Gobert,203497,8,31.5,14.0,1.0,0.7335
2020-21,Rudy Gobert,203497,9,29.75,17.25,0.75,0.78175
2020-21,Rudy Gobert,203497,10,32.0,25.0,1.0,0.786
2020-21,Rudy Gobert,203497,11,34.5,18.5,1.0,0.8285
2020-21,Rudy Gobert,203497,12,36.5,18.5,2.5,0.525
2020-21,Rudy Gobert,203497,13,29.0,6.5,0.0,0.365
2020-21,Rudy Gobert,203497,14,27.75,15.5,0.75,0.6577500000000001
2020-21,Rudy Gobert,203497,15,28.0,20.0,2.0,0.8
2020-21,Rudy Gobert,203497,16,30.0,12.0,3.0,1.0
2020-21,Rudy Gobert,203497,17,30.333333333333332,14.333333333333334,1.0,0.8093333333333333
2020-21,Rudy Gobert,203497,18,27.0,7.0,1.0,0.286
2020-21,Rudy Gobert,203497,19,31.0,16.5,2.0,0.784
2020-21,Rudy Gobert,203497,20,26.0,16.0,1.0,0.556
2020-21,Rudy Gobert,203497,22,29.0,13.0,1.0,0.75
2020-21,Rudy Gobert,203497,23,32.0,16.5,2.0,0.873
2020-21,Rudy Gobert,203497,24,29.0,10.0,1.0,0.75
2020-21,Rudy Gobert,203497,25,28.5,19.5,1.0,0.6335
2020-21,Rudy Gobert,203497,27,27.0,13.0,1.0,0.641
2020-21,Rudy Gobert,203497,28,23.0,12.0,0.0,0.714
2020-21,Rudy Gobert,203497,30,20.0,11.0,1.0,0.667
2020-21,Rudy Gobert,203497,31,21.0,10.0,1.0,0.5
2020-21,Rudy Gobert,203497,36,27.0,13.0,1.0,0.75
2020-21,Rudy Gobert,203497,38,25.5,14.5,1.0,0.646
2020-21,Rudy Gobert,203497,44,25.0,19.0,0.0,0.75
2020-21,Rui Hachimura,1629060,-29,22.0,5.0,0.0,0.167
2020-21,Rui Hachimura,1629060,-26,25.0,7.0,1.0,0.286
2020-21,Rui Hachimura,1629060,-25,29.5,11.0,1.5,0.33599999999999997
2020-21,Rui Hachimura,1629060,-21,27.0,8.0,1.0,0.3515
2020-21,Rui Hachimura,1629060,-20,21.0,9.0,0.0,0.6
2020-21,Rui Hachimura,1629060,-17,25.0,11.0,0.0,0.3
2020-21,Rui Hachimura,1629060,-16,37.0,17.0,3.0,0.583
2020-21,Rui Hachimura,1629060,-13,24.0,8.0,0.0,0.5
2020-21,Rui Hachimura,1629060,-11,35.25,15.0,2.5,0.5095
2020-21,Rui Hachimura,1629060,-8,24.0,9.0,1.0,0.333
2020-21,Rui Hachimura,1629060,-7,35.0,16.5,3.0,0.4425
2020-21,Rui Hachimura,1629060,-6,32.5,12.0,2.5,0.47750000000000004
2020-21,Rui Hachimura,1629060,-5,34.0,16.0,0.0,0.583
2020-21,Rui Hachimura,1629060,-4,32.333333333333336,18.0,1.3333333333333333,0.41333333333333333
2020-21,Rui Hachimura,1629060,-3,28.0,18.0,0.0,0.636
2020-21,Rui Hachimura,1629060,-2,31.2,12.2,1.6,0.4408
2020-21,Rui Hachimura,1629060,-1,25.0,2.0,1.0,0.2
2020-21,Rui Hachimura,1629060,0,37.0,18.0,0.5,0.51125
2020-21,Rui Hachimura,1629060,2,36.5,20.5,1.5,0.625
2020-21,Rui Hachimura,1629060,3,34.0,13.0,1.0,0.462
2020-21,Rui Hachimura,1629060,4,28.25,13.5,1.25,0.4925
2020-21,Rui Hachimura,1629060,5,35.0,11.0,5.0,0.273
2020-21,Rui Hachimura,1629060,6,34.5,16.5,1.5,0.6385
2020-21,Rui Hachimura,1629060,8,29.0,12.0,2.0,0.5
2020-21,Rui Hachimura,1629060,9,36.0,13.0,3.0,0.5
2020-21,Rui Hachimura,1629060,10,41.0,21.0,2.0,0.563
2020-21,Rui Hachimura,1629060,11,34.0,13.0,0.5,0.4585
2020-21,Rui Hachimura,1629060,12,30.0,9.0,2.0,0.333
2020-21,Rui Hachimura,1629060,13,28.0,18.0,1.6666666666666667,0.5813333333333334
2020-21,Rui Hachimura,1629060,17,23.0,6.0,0.0,0.286
2020-21,Rui Hachimura,1629060,20,31.0,27.0,2.0,0.632
2020-21,Rui Hachimura,1629060,23,35.0,14.0,0.0,0.545
2020-21,Russell Westbrook,201566,-26,34.0,20.0,10.0,0.5
2020-21,Russell Westbrook,201566,-24,32.0,25.0,8.0,0.526
2020-21,Russell Westbrook,201566,-23,35.0,16.0,12.0,0.438
2020-21,Russell Westbrook,201566,-22,29.0,18.0,5.0,0.447
2020-21,Russell Westbrook,201566,-21,32.0,17.0,14.0,0.353
2020-21,Russell Westbrook,201566,-20,30.0,14.666666666666666,10.666666666666666,0.3793333333333333
2020-21,Russell Westbrook,201566,-19,35.5,24.5,7.5,0.4565
2020-21,Russell Westbrook,201566,-18,39.0,42.0,12.0,0.5
2020-21,Russell Westbrook,201566,-17,30.5,13.0,10.0,0.23199999999999998
2020-21,Russell Westbrook,201566,-14,32.0,17.0,10.0,0.467
2020-21,Russell Westbrook,201566,-13,28.0,19.0,7.0,0.412
2020-21,Russell Westbrook,201566,-12,35.0,24.0,4.0,0.455
2020-21,Russell Westbrook,201566,-11,42.0,22.0,14.0,0.346
2020-21,Russell Westbrook,201566,-10,39.0,22.0,11.0,0.444
2020-21,Russell Westbrook,201566,-9,27.0,26.0,4.0,0.444
2020-21,Russell Westbrook,201566,-8,39.0,26.0,10.0,0.421
2020-21,Russell Westbrook,201566,-6,37.0,22.0,14.0,0.35
2020-21,Russell Westbrook,201566,-4,38.0,25.8,13.2,0.4466
2020-21,Russell Westbrook,201566,-3,40.0,42.0,9.0,0.567
2020-21,Russell Westbrook,201566,-1,40.0,20.5,15.0,0.3275
2020-21,Russell Westbrook,201566,0,40.0,22.666666666666668,10.333333333333334,0.37766666666666665
2020-21,Russell Westbrook,201566,1,35.666666666666664,17.0,13.0,0.39599999999999996
2020-21,Russell Westbrook,201566,2,37.333333333333336,23.666666666666668,14.0,0.521
2020-21,Russell Westbrook,201566,3,35.666666666666664,18.333333333333332,10.666666666666666,0.48
2020-21,Russell Westbrook,201566,4,43.0,33.0,15.0,0.423
2020-21,Russell Westbrook,201566,6,43.0,36.0,9.0,0.542
2020-21,Russell Westbrook,201566,7,36.5,38.0,14.5,0.5545
2020-21,Russell Westbrook,201566,8,43.0,13.0,17.0,0.263
2020-21,Russell Westbrook,201566,9,40.0,18.5,10.0,0.347
2020-21,Russell Westbrook,201566,10,37.0,27.0,14.0,0.488
2020-21,Russell Westbrook,201566,11,36.0,25.0,11.0,0.545
2020-21,Russell Westbrook,201566,12,39.5,15.5,15.5,0.358
2020-21,Russell Westbrook,201566,13,37.0,23.0,15.0,0.727
2020-21,Russell Westbrook,201566,14,30.0,15.0,11.0,0.412
2020-21,Russell Westbrook,201566,15,33.0,21.0,11.0,0.4455
2020-21,Russell Westbrook,201566,16,34.0,28.0,11.5,0.4885
2020-21,Russell Westbrook,201566,18,34.0,19.0,10.0,0.4
2020-21,Russell Westbrook,201566,20,39.0,21.0,17.0,0.389
2020-21,Russell Westbrook,201566,21,38.0,14.0,24.0,0.625
2020-21,Russell Westbrook,201566,27,29.0,13.0,11.0,0.316
2020-21,Saben Lee,1630240,-9,21.0,7.0,3.5,0.4
2020-21,Saben Lee,1630240,-8,20.0,8.0,6.0,0.5
2020-21,Saben Lee,1630240,-6,20.0,9.0,7.0,0.5
2020-21,Saben Lee,1630240,-5,21.0,2.0,4.0,0.0
2020-21,Saben Lee,1630240,-4,22.5,9.5,4.5,0.527
2020-21,Saben Lee,1630240,-3,32.0,13.0,7.0,0.5
2020-21,Saben Lee,1630240,-2,26.0,19.0,5.0,0.583
2020-21,Saben Lee,1630240,-1,28.0,21.0,4.0,0.727
2020-21,Saben Lee,1630240,0,27.0,10.0,7.0,0.625
2020-21,Saben Lee,1630240,1,28.0,22.0,5.0,0.778
2020-21,Saben Lee,1630240,2,21.0,8.0,0.0,0.444
2020-21,Saben Lee,1630240,3,32.0,12.0,5.0,0.571
2020-21,Saben Lee,1630240,13,20.0,20.0,7.0,0.727
2020-21,Saben Lee,1630240,24,23.0,8.0,3.0,0.429
2020-21,Saddiq Bey,1630180,-23,28.0,14.0,1.0,0.429
2020-21,Saddiq Bey,1630180,-20,24.0,14.0,0.0,0.6
2020-21,Saddiq Bey,1630180,-19,35.0,21.0,2.0,0.5
2020-21,Saddiq Bey,1630180,-18,24.0,4.0,0.0,0.143
2020-21,Saddiq Bey,1630180,-17,29.666666666666668,8.666666666666666,0.0,0.3686666666666667
2020-21,Saddiq Bey,1630180,-15,39.0,14.0,1.0,0.267
2020-21,Saddiq Bey,1630180,-14,30.5,14.5,2.0,0.238
2020-21,Saddiq Bey,1630180,-13,25.0,0.0,2.0,0.0
2020-21,Saddiq Bey,1630180,-12,32.0,14.0,1.0,0.417
2020-21,Saddiq Bey,1630180,-11,32.5,9.5,2.5,0.3055
2020-21,Saddiq Bey,1630180,-10,30.0,15.0,2.0,0.4165
2020-21,Saddiq Bey,1630180,-9,34.0,21.0,1.3333333333333333,0.5136666666666666
2020-21,Saddiq Bey,1630180,-8,26.0,10.0,0.0,0.5
2020-21,Saddiq Bey,1630180,-7,23.0,25.0,1.0,0.6
2020-21,Saddiq Bey,1630180,-6,31.0,13.0,1.0,0.5
2020-21,Saddiq Bey,1630180,-5,29.0,11.0,1.0,0.3
2020-21,Saddiq Bey,1630180,-4,31.5,15.0,1.0,0.4265
2020-21,Saddiq Bey,1630180,-3,33.666666666666664,15.666666666666666,3.6666666666666665,0.347
2020-21,Saddiq Bey,1630180,-2,24.0,7.0,2.0,0.333
2020-21,Saddiq Bey,1630180,-1,29.0,11.5,0.0,0.3695
2020-21,Saddiq Bey,1630180,1,31.0,9.0,2.0,0.25
2020-21,Saddiq Bey,1630180,2,28.5,19.5,3.5,0.5145
2020-21,Saddiq Bey,1630180,3,31.5,10.5,2.5,0.276
2020-21,Saddiq Bey,1630180,4,30.5,15.25,1.75,0.4255
2020-21,Saddiq Bey,1630180,5,32.8,18.2,1.4,0.4974
2020-21,Saddiq Bey,1630180,6,27.0,30.0,0.0,0.833
2020-21,Saddiq Bey,1630180,10,28.333333333333332,13.0,3.3333333333333335,0.5626666666666666
2020-21,Saddiq Bey,1630180,13,30.25,12.5,1.25,0.45025
2020-21,Saddiq Bey,1630180,14,39.0,18.0,2.0,0.4
2020-21,Saddiq Bey,1630180,25,26.0,11.0,1.0,0.375
2020-21,Sam Merrill,1630241,-19,28.0,8.0,5.0,0.3
2020-21,Sam Merrill,1630241,-15,27.0,2.0,1.0,0.111
2020-21,Sam Merrill,1630241,3,26.0,13.0,2.0,0.385
2020-21,Sean McDermott,1630253,-7,21.0,9.0,1.0,0.6
2020-21,Sean McDermott,1630253,3,21.0,4.0,2.0,0.25
2020-21,Sekou Doumbouya,1629635,-17,27.0,9.0,1.0,0.4
2020-21,Sekou Doumbouya,1629635,-15,26.0,12.0,1.0,0.429
2020-21,Sekou Doumbouya,1629635,-12,24.0,4.0,1.0,0.143
2020-21,Sekou Doumbouya,1629635,-8,33.0,20.0,2.0,0.6
2020-21,Sekou Doumbouya,1629635,-6,22.0,3.0,4.0,0.2
2020-21,Sekou Doumbouya,1629635,-4,24.0,10.0,1.3333333333333333,0.3526666666666667
2020-21,Sekou Doumbouya,1629635,-3,21.0,5.0,2.0,0.4
2020-21,Sekou Doumbouya,1629635,0,30.0,6.0,2.0,0.3
2020-21,Sekou Doumbouya,1629635,2,22.0,11.0,1.0,0.444
2020-21,Sekou Doumbouya,1629635,3,29.0,14.0,1.0,0.5
2020-21,Sekou Doumbouya,1629635,7,28.0,14.0,2.0,0.5
2020-21,Sekou Doumbouya,1629635,10,23.0,8.0,3.0,0.333
2020-21,Sekou Doumbouya,1629635,12,23.0,14.0,2.0,0.455
2020-21,Sekou Doumbouya,1629635,23,27.0,9.0,1.0,0.5
2020-21,Semi Ojeleye,1628400,-29,30.0,3.0,0.0,0.167
2020-21,Semi Ojeleye,1628400,-18,23.0,8.0,1.0,0.75
2020-21,Semi Ojeleye,1628400,-9,23.0,4.0,1.0,0.0
2020-21,Semi Ojeleye,1628400,-6,24.0,9.0,1.0,0.429
2020-21,Semi Ojeleye,1628400,-5,20.0,2.0,1.0,0.25
2020-21,Semi Ojeleye,1628400,-4,33.0,6.0,0.0,0.4
2020-21,Semi Ojeleye,1628400,-1,24.333333333333332,8.0,0.6666666666666666,0.46799999999999997
2020-21,Semi Ojeleye,1628400,0,23.0,9.0,3.0,0.6
2020-21,Semi Ojeleye,1628400,5,22.0,0.0,0.0,0.0
2020-21,Semi Ojeleye,1628400,7,20.0,3.0,1.0,0.143
2020-21,Semi Ojeleye,1628400,8,24.5,15.0,1.0,0.522
2020-21,Semi Ojeleye,1628400,10,20.0,0.0,2.0,0.0
2020-21,Semi Ojeleye,1628400,11,27.0,6.0,1.0,0.4
2020-21,Semi Ojeleye,1628400,18,23.0,6.0,0.0,0.5
2020-21,Semi Ojeleye,1628400,20,30.0,24.0,0.0,0.667
2020-21,Semi Ojeleye,1628400,23,27.0,8.0,1.0,0.429
2020-21,Semi Ojeleye,1628400,28,22.0,9.0,1.0,0.5
2020-21,Serge Ibaka,201586,-8,22.0,11.5,0.5,0.5235
2020-21,Serge Ibaka,201586,-7,22.0,9.0,4.0,0.364
2020-21,Serge Ibaka,201586,-6,21.0,9.5,0.0,0.5235
2020-21,Serge Ibaka,201586,-3,24.0,11.5,2.5,0.45
2020-21,Serge Ibaka,201586,-2,24.75,10.5,0.75,0.44775
2020-21,Serge Ibaka,201586,0,27.0,17.0,1.0,0.875
2020-21,Serge Ibaka,201586,1,20.0,9.0,1.0,0.273
2020-21,Serge Ibaka,201586,2,29.5,12.5,1.5,0.521
2020-21,Serge Ibaka,201586,4,23.0,8.0,1.0,0.167
2020-21,Serge Ibaka,201586,5,22.0,9.0,1.0,0.444
2020-21,Serge Ibaka,201586,6,20.0,10.0,2.0,1.0
2020-21,Serge Ibaka,201586,9,23.0,15.0,1.0,0.833
2020-21,Serge Ibaka,201586,10,22.666666666666668,11.333333333333334,1.3333333333333333,0.4643333333333333
2020-21,Serge Ibaka,201586,11,22.0,17.0,1.0,0.875
2020-21,Serge Ibaka,201586,13,34.0,12.0,1.0,0.385
2020-21,Serge Ibaka,201586,14,28.5,15.5,2.5,0.7085
2020-21,Serge Ibaka,201586,16,25.0,11.0,3.0,0.408
2020-21,Serge Ibaka,201586,18,20.0,14.0,3.0,0.75
2020-21,Serge Ibaka,201586,20,26.0,16.0,4.5,0.5035000000000001
2020-21,Serge Ibaka,201586,24,23.0,13.0,1.0,0.6
2020-21,Seth Curry,203552,-19,24.0,8.0,1.0,0.3
2020-21,Seth Curry,203552,-17,25.0,13.0,1.0,0.455
2020-21,Seth Curry,203552,-16,22.5,5.0,1.5,0.1835
2020-21,Seth Curry,203552,-15,29.5,10.5,1.5,0.5555
2020-21,Seth Curry,203552,-13,24.0,9.0,1.0,0.333
2020-21,Seth Curry,203552,-9,27.0,7.0,2.0,0.429
2020-21,Seth Curry,203552,-7,30.0,16.5,4.5,0.4505
2020-21,Seth Curry,203552,-6,25.5,9.5,2.5,0.432
2020-21,Seth Curry,203552,-4,30.5,12.5,4.0,0.382
2020-21,Seth Curry,203552,-3,26.0,0.0,3.0,0.0
2020-21,Seth Curry,203552,-2,29.0,22.0,1.0,0.538
2020-21,Seth Curry,203552,-1,32.0,13.0,4.0,0.5
2020-21,Seth Curry,203552,0,34.0,10.0,4.0,0.333
2020-21,Seth Curry,203552,1,34.666666666666664,13.333333333333334,3.6666666666666665,0.42933333333333334
2020-21,Seth Curry,203552,2,29.0,16.5,3.5,0.5905
2020-21,Seth Curry,203552,3,30.0,2.0,3.0,0.167
2020-21,Seth Curry,203552,5,26.333333333333332,9.666666666666666,3.0,0.433
2020-21,Seth Curry,203552,6,31.0,20.0,2.0,0.5
2020-21,Seth Curry,203552,7,29.333333333333332,10.0,2.3333333333333335,0.25266666666666665
2020-21,Seth Curry,203552,9,29.0,11.5,2.0,0.4185
2020-21,Seth Curry,203552,10,25.0,12.0,7.0,0.333
2020-21,Seth Curry,203552,12,27.0,12.333333333333334,3.6666666666666665,0.53
2020-21,Seth Curry,203552,13,28.5,15.0,3.5,0.6134999999999999
2020-21,Seth Curry,203552,15,36.5,15.5,0.5,0.491
2020-21,Seth Curry,203552,16,33.5,18.5,2.5,0.615
2020-21,Seth Curry,203552,17,29.0,15.0,2.0,0.667
2020-21,Seth Curry,203552,18,26.25,11.75,1.5,0.4595
2020-21,Seth Curry,203552,20,26.5,11.0,4.0,0.513
2020-21,Seth Curry,203552,21,23.0,20.0,2.0,0.778
2020-21,Seth Curry,203552,23,29.0,15.5,3.0,0.5569999999999999
2020-21,Seth Curry,203552,24,24.0,21.0,3.0,0.583
2020-21,Seth Curry,203552,27,35.0,20.0,4.0,0.7
2020-21,Seth Curry,203552,29,26.0,21.0,4.0,0.563
2020-21,Shai Gilgeous-Alexander,1628983,-36,27.0,21.0,1.0,0.588
2020-21,Shai Gilgeous-Alexander,1628983,-33,26.0,13.0,6.0,0.455
2020-21,Shai Gilgeous-Alexander,1628983,-31,28.0,19.0,5.0,0.533
2020-21,Shai Gilgeous-Alexander,1628983,-22,28.5,18.0,2.5,0.4305
2020-21,Shai Gilgeous-Alexander,1628983,-21,27.0,18.0,4.0,0.467
2020-21,Shai Gilgeous-Alexander,1628983,-19,27.0,14.0,7.0,0.455
2020-21,Shai Gilgeous-Alexander,1628983,-18,34.0,15.0,3.0,0.333
2020-21,Shai Gilgeous-Alexander,1628983,-15,35.0,27.0,5.0,0.667
2020-21,Shai Gilgeous-Alexander,1628983,-14,29.5,16.0,4.5,0.5
2020-21,Shai Gilgeous-Alexander,1628983,-12,36.0,16.0,5.0,0.308
2020-21,Shai Gilgeous-Alexander,1628983,-11,34.0,30.0,5.0,0.471
2020-21,Shai Gilgeous-Alexander,1628983,-10,37.0,26.5,7.5,0.525
2020-21,Shai Gilgeous-Alexander,1628983,-8,33.0,23.0,7.0,0.8
2020-21,Shai Gilgeous-Alexander,1628983,-4,36.0,21.0,9.0,0.412
2020-21,Shai Gilgeous-Alexander,1628983,-2,32.0,22.0,6.0,0.429
2020-21,Shai Gilgeous-Alexander,1628983,0,32.0,20.5,5.0,0.5165
2020-21,Shai Gilgeous-Alexander,1628983,1,34.0,23.666666666666668,6.666666666666667,0.5496666666666666
2020-21,Shai Gilgeous-Alexander,1628983,3,37.5,27.0,8.5,0.5215000000000001
2020-21,Shai Gilgeous-Alexander,1628983,4,35.0,27.0,5.5,0.4535
2020-21,Shai Gilgeous-Alexander,1628983,7,34.0,31.0,7.0,0.545
2020-21,Shai Gilgeous-Alexander,1628983,8,35.0,24.0,4.0,0.563
2020-21,Shai Gilgeous-Alexander,1628983,10,35.0,31.0,9.0,0.6
2020-21,Shai Gilgeous-Alexander,1628983,11,32.0,32.0,6.0,0.5
2020-21,Shai Gilgeous-Alexander,1628983,14,34.0,24.0,9.0,0.4
2020-21,Shai Gilgeous-Alexander,1628983,15,38.0,42.0,4.0,0.65
2020-21,Shai Gilgeous-Alexander,1628983,17,36.0,33.0,8.0,0.579
2020-21,Shai Gilgeous-Alexander,1628983,18,43.0,33.0,10.0,0.684
2020-21,Shake Milton,1629003,-24,28.0,9.0,2.0,0.273
2020-21,Shake Milton,1629003,-22,22.0,6.0,2.0,0.333
2020-21,Shake Milton,1629003,-21,24.0,12.0,4.0,0.444
2020-21,Shake Milton,1629003,-17,24.0,5.0,2.0,0.2
2020-21,Shake Milton,1629003,-14,31.0,19.5,5.0,0.495
2020-21,Shake Milton,1629003,-10,20.0,16.0,1.0,0.545
2020-21,Shake Milton,1629003,-7,21.5,10.5,2.0,0.472
2020-21,Shake Milton,1629003,-6,22.0,10.0,1.0,0.3
2020-21,Shake Milton,1629003,-5,24.0,11.0,2.6666666666666665,0.375
2020-21,Shake Milton,1629003,-4,22.0,10.0,0.0,0.5
2020-21,Shake Milton,1629003,-2,30.0,18.333333333333332,2.3333333333333335,0.452
2020-21,Shake Milton,1629003,-1,20.0,12.0,2.0,0.4
2020-21,Shake Milton,1629003,2,24.0,10.0,3.6666666666666665,0.37633333333333335
2020-21,Shake Milton,1629003,3,26.0,20.0,4.0,0.571
2020-21,Shake Milton,1629003,4,29.0,26.0,4.0,0.643
2020-21,Shake Milton,1629003,5,24.75,15.75,2.75,0.597
2020-21,Shake Milton,1629003,6,23.5,10.0,3.0,0.27849999999999997
2020-21,Shake Milton,1629003,7,25.0,15.0,9.0,0.462
2020-21,Shake Milton,1629003,8,20.0,11.0,2.0,0.455
2020-21,Shake Milton,1629003,10,25.0,14.0,3.5,0.45199999999999996
2020-21,Shake Milton,1629003,12,23.0,19.0,1.0,0.471
2020-21,Shake Milton,1629003,14,28.0,12.0,3.0,0.364
2020-21,Shake Milton,1629003,15,26.0,10.0,6.0,0.273
2020-21,Shake Milton,1629003,16,24.0,10.0,5.0,0.5
2020-21,Shake Milton,1629003,17,20.0,15.0,4.0,0.467
2020-21,Shake Milton,1629003,19,28.0,20.5,3.0,0.492
2020-21,Shake Milton,1629003,20,24.0,14.0,6.0,0.4
2020-21,Shake Milton,1629003,23,27.0,27.0,4.0,0.714
2020-21,Shake Milton,1629003,24,27.0,31.0,7.0,0.733
2020-21,Shake Milton,1629003,33,29.0,19.0,3.0,0.545
2020-21,Shaquille Harrison,1627885,-8,21.0,2.0,2.0,0.25
2020-21,Shaquille Harrison,1627885,-1,21.0,0.0,1.0,0.0
2020-21,Shaquille Harrison,1627885,8,26.0,7.0,0.0,0.286
2020-21,Sindarius Thornwell,1628414,-13,26.0,3.0,3.0,0.333
2020-21,Sindarius Thornwell,1628414,-12,21.0,0.0,1.0,0.0
2020-21,Sindarius Thornwell,1628414,-3,21.0,3.0,3.0,0.143
2020-21,Sindarius Thornwell,1628414,2,24.0,6.0,5.0,0.286
2020-21,Skylar Mays,1630219,-21,22.0,11.0,1.0,0.625
2020-21,Skylar Mays,1630219,17,27.0,16.0,7.0,0.636
2020-21,Solomon Hill,203524,-35,30.0,14.0,4.0,0.4
2020-21,Solomon Hill,203524,-23,22.0,8.0,2.0,0.667
2020-21,Solomon Hill,203524,-19,21.0,2.0,1.0,0.0
2020-21,Solomon Hill,203524,-14,25.0,7.0,1.0,0.429
2020-21,Solomon Hill,203524,-13,28.0,10.0,1.0,0.444
2020-21,Solomon Hill,203524,-11,26.333333333333332,3.6666666666666665,0.6666666666666666,0.143
2020-21,Solomon Hill,203524,-10,22.0,9.0,1.0,0.5
2020-21,Solomon Hill,203524,-8,24.0,4.5,1.5,0.3
2020-21,Solomon Hill,203524,-7,28.5,2.5,1.5,0.2
2020-21,Solomon Hill,203524,-5,25.0,3.0,1.0,0.25
2020-21,Solomon Hill,203524,-3,23.0,4.0,1.0,0.2915
2020-21,Solomon Hill,203524,0,30.0,7.0,1.0,0.286
2020-21,Solomon Hill,203524,1,23.0,0.0,1.0,0.0
2020-21,Solomon Hill,203524,2,30.0,7.5,1.5,0.3125
2020-21,Solomon Hill,203524,3,27.5,8.5,1.0,0.625
2020-21,Solomon Hill,203524,4,29.0,4.0,0.0,0.333
2020-21,Solomon Hill,203524,5,33.0,2.0,1.0,0.125
2020-21,Solomon Hill,203524,7,24.0,0.0,2.0,0.0
2020-21,Solomon Hill,203524,9,33.0,18.0,1.0,0.545
2020-21,Solomon Hill,203524,11,26.0,0.0,1.0,0.0
2020-21,Solomon Hill,203524,14,29.0,0.0,2.0,0.0
2020-21,Solomon Hill,203524,16,22.0,0.0,1.0,0.0
2020-21,Solomon Hill,203524,19,33.0,7.5,2.0,0.354
2020-21,Solomon Hill,203524,20,21.5,3.0,1.5,0.111
2020-21,Solomon Hill,203524,22,21.0,0.0,1.0,0.0
2020-21,Solomon Hill,203524,28,20.0,3.0,1.0,0.5
2020-21,Solomon Hill,203524,29,30.0,5.0,3.0,0.4
2020-21,Solomon Hill,203524,30,35.0,6.0,4.0,0.286
2020-21,Spencer Dinwiddie,203915,16,29.0,6.0,2.0,0.333
2020-21,Stanley Johnson,1626169,-15,32.0,5.0,0.0,0.286
2020-21,Stanley Johnson,1626169,-11,26.0,11.0,2.0,0.571
2020-21,Stanley Johnson,1626169,-9,22.333333333333332,6.0,1.3333333333333333,0.4206666666666667
2020-21,Stanley Johnson,1626169,-8,35.333333333333336,23.333333333333332,4.666666666666667,0.5426666666666667
2020-21,Stanley Johnson,1626169,-7,20.0,0.0,4.0,0.0
2020-21,Stanley Johnson,1626169,-3,21.0,6.0,0.0,0.667
2020-21,Stanley Johnson,1626169,-2,35.0,14.0,1.0,0.5
2020-21,Stanley Johnson,1626169,0,29.0,0.0,5.0,0.0
2020-21,Stanley Johnson,1626169,1,34.0,15.0,1.0,0.313
2020-21,Stanley Johnson,1626169,2,20.0,6.0,3.0,0.667
2020-21,Stanley Johnson,1626169,3,28.0,3.5,5.0,0.0835
2020-21,Stanley Johnson,1626169,4,23.0,7.0,3.0,0.5
2020-21,Stanley Johnson,1626169,6,29.0,0.0,2.0,0.0
2020-21,Stanley Johnson,1626169,10,20.0,13.0,2.0,0.625
2020-21,Stephen Curry,201939,-27,31.0,26.5,3.5,0.475
2020-21,Stephen Curry,201939,-26,33.0,27.0,5.0,0.588
2020-21,Stephen Curry,201939,-24,26.666666666666668,19.666666666666668,6.666666666666667,0.4126666666666667
2020-21,Stephen Curry,201939,-23,30.5,23.5,7.0,0.4165
2020-21,Stephen Curry,201939,-21,36.0,26.5,6.0,0.4445
2020-21,Stephen Curry,201939,-19,26.0,14.0,3.0,0.375
2020-21,Stephen Curry,201939,-16,34.0,31.0,4.5,0.45699999999999996
2020-21,Stephen Curry,201939,-12,29.0,27.0,2.0,0.529
2020-21,Stephen Curry,201939,-10,35.0,25.0,6.5,0.3505
2020-21,Stephen Curry,201939,-9,37.0,37.0,2.0,0.419
2020-21,Stephen Curry,201939,-7,37.0,38.0,7.0,0.4675
2020-21,Stephen Curry,201939,-6,36.0,35.0,5.0,0.464
2020-21,Stephen Curry,201939,-3,35.0,26.0,7.0,0.364
2020-21,Stephen Curry,201939,-2,35.0,20.0,3.0,0.412
2020-21,Stephen Curry,201939,2,36.0,36.0,3.0,0.474
2020-21,Stephen Curry,201939,3,35.5,35.0,5.5,0.556
2020-21,Stephen Curry,201939,4,37.0,37.0,7.0,0.5055
2020-21,Stephen Curry,201939,5,34.0,33.0,5.0,0.48
2020-21,Stephen Curry,201939,6,36.0,21.0,6.0,0.318
2020-21,Stephen Curry,201939,7,36.2,33.4,5.6,0.44279999999999997
2020-21,Stephen Curry,201939,8,39.0,31.0,6.5,0.42100000000000004
2020-21,Stephen Curry,201939,10,30.0,18.0,8.0,0.389
2020-21,Stephen Curry,201939,11,36.0,49.0,5.0,0.5
2020-21,Stephen Curry,201939,13,36.0,38.0,11.0,0.542
2020-21,Stephen Curry,201939,14,39.0,46.0,9.0,0.444
2020-21,Stephen Curry,201939,15,31.0,32.0,2.0,0.55
2020-21,Stephen Curry,201939,16,34.0,41.666666666666664,5.0,0.5263333333333333
2020-21,Stephen Curry,201939,19,33.6,34.8,6.4,0.5
2020-21,Stephen Curry,201939,20,32.5,49.0,5.0,0.6325000000000001
2020-21,Stephen Curry,201939,23,35.0,29.0,9.0,0.533
2020-21,Stephen Curry,201939,24,31.0,34.0,7.0,0.524
2020-21,Stephen Curry,201939,25,30.0,30.0,5.0,0.391
2020-21,Stephen Curry,201939,26,29.5,29.0,7.5,0.5735
2020-21,Stephen Curry,201939,27,33.0,32.0,3.0,0.611
2020-21,Stephen Curry,201939,28,33.0,16.0,8.0,0.353
2020-21,Stephen Curry,201939,30,31.0,26.0,7.0,0.588
2020-21,Stephen Curry,201939,31,29.0,45.5,5.0,0.619
2020-21,Sterling Brown,1628425,-30,27.0,5.0,3.0,0.125
2020-21,Sterling Brown,1628425,-28,25.0,11.0,0.0,0.5
2020-21,Sterling Brown,1628425,-21,27.0,8.0,0.0,0.429
2020-21,Sterling Brown,1628425,-19,37.0,15.0,1.0,0.375
2020-21,Sterling Brown,1628425,-18,30.0,12.0,2.0,0.625
2020-21,Sterling Brown,1628425,-16,28.0,6.0,1.0,0.286
2020-21,Sterling Brown,1628425,-13,28.0,7.0,1.0,0.286
2020-21,Sterling Brown,1628425,-12,29.0,12.0,1.0,0.675
2020-21,Sterling Brown,1628425,-11,27.5,8.5,4.0,0.5
2020-21,Sterling Brown,1628425,-10,22.0,11.0,3.0,0.5
2020-21,Sterling Brown,1628425,-9,21.0,10.0,0.0,0.429
2020-21,Sterling Brown,1628425,-6,24.2,9.0,0.8,0.4866
2020-21,Sterling Brown,1628425,-5,28.5,5.5,2.0,0.3145
2020-21,Sterling Brown,1628425,-4,33.0,9.5,0.5,0.325
2020-21,Sterling Brown,1628425,-3,28.5,3.5,2.5,0.155
2020-21,Sterling Brown,1628425,-2,25.0,11.0,3.0,0.667
2020-21,Sterling Brown,1628425,-1,25.0,9.0,2.0,0.429
2020-21,Sterling Brown,1628425,0,36.0,23.0,3.0,0.529
2020-21,Sterling Brown,1628425,1,25.0,14.0,2.0,0.556
2020-21,Sterling Brown,1628425,5,20.0,6.0,1.0,0.286
2020-21,Sterling Brown,1628425,6,36.0,8.0,1.0,0.5
2020-21,Sterling Brown,1628425,7,27.0,16.0,2.0,0.667
2020-21,Sterling Brown,1628425,8,23.5,7.5,1.5,0.667
2020-21,Sterling Brown,1628425,9,23.0,16.0,0.0,0.75
2020-21,Sterling Brown,1628425,10,26.0,16.0,2.0,0.857
2020-21,Sterling Brown,1628425,24,33.0,20.0,2.0,0.7
2020-21,Steven Adams,203500,-25,25.0,6.0,1.0,0.333
2020-21,Steven Adams,203500,-24,21.0,0.0,0.0,0.0
2020-21,Steven Adams,203500,-23,41.0,8.0,1.0,0.429
2020-21,Steven Adams,203500,-21,33.0,4.0,1.0,0.5
2020-21,Steven Adams,203500,-20,30.0,8.0,3.0,0.444
2020-21,Steven Adams,203500,-16,24.5,8.0,1.0,0.55
2020-21,Steven Adams,203500,-15,23.0,11.0,1.0,1.0
2020-21,Steven Adams,203500,-10,21.5,6.5,1.5,0.667
2020-21,Steven Adams,203500,-9,27.0,9.5,1.0,0.9285
2020-21,Steven Adams,203500,-8,23.0,6.0,1.0,0.5
2020-21,Steven Adams,203500,-7,26.5,3.5,2.0,0.3
2020-21,Steven Adams,203500,-6,23.0,4.0,1.0,0.667
2020-21,Steven Adams,203500,-5,36.0,4.0,3.0,0.25
2020-21,Steven Adams,203500,-4,33.0,8.0,2.6666666666666665,0.6213333333333333
2020-21,Steven Adams,203500,-2,29.6,8.2,2.0,0.681
2020-21,Steven Adams,203500,-1,31.0,8.5,3.0,0.657
2020-21,Steven Adams,203500,0,30.0,9.5,2.5,0.4875
2020-21,Steven Adams,203500,3,26.5,11.0,1.5,0.5635
2020-21,Steven Adams,203500,4,31.2,7.8,3.4,0.6742
2020-21,Steven Adams,203500,5,26.666666666666668,4.0,1.0,0.4443333333333333
2020-21,Steven Adams,203500,7,29.0,6.0,4.0,1.0
2020-21,Steven Adams,203500,9,23.0,8.0,0.0,0.8
2020-21,Steven Adams,203500,10,30.0,14.0,3.0,0.875
2020-21,Steven Adams,203500,11,30.0,12.0,1.0,1.0
2020-21,Steven Adams,203500,13,21.0,6.0,2.0,0.5
2020-21,Steven Adams,203500,14,25.0,12.0,0.0,1.0
2020-21,Steven Adams,203500,15,31.0,14.0,2.0,0.538
2020-21,Steven Adams,203500,16,30.0,8.0,3.0,0.667
2020-21,Steven Adams,203500,17,30.0,10.0,3.0,0.714
2020-21,Steven Adams,203500,18,30.0,8.0,3.0,0.571
2020-21,Steven Adams,203500,21,28.0,11.0,4.0,0.4
2020-21,Steven Adams,203500,23,29.0,4.0,1.0,0.667
2020-21,Steven Adams,203500,25,21.0,10.0,2.0,1.0
2020-21,Steven Adams,203500,27,32.0,6.0,3.0,0.375
2020-21,Svi Mykhailiuk,1629004,-43,23.0,3.0,0.0,0.2
2020-21,Svi Mykhailiuk,1629004,-24,23.0,6.0,0.0,0.286
2020-21,Svi Mykhailiuk,1629004,-22,26.0,17.0,2.0,0.5
2020-21,Svi Mykhailiuk,1629004,-21,22.0,5.0,1.0,0.286
2020-21,Svi Mykhailiuk,1629004,-18,23.0,6.0,2.0,0.182
2020-21,Svi Mykhailiuk,1629004,-16,25.0,17.0,2.0,0.438
2020-21,Svi Mykhailiuk,1629004,-15,25.0,14.0,3.0,0.545
2020-21,Svi Mykhailiuk,1629004,-13,27.0,16.0,1.0,0.7
2020-21,Svi Mykhailiuk,1629004,-12,20.0,6.0,1.0,0.429
2020-21,Svi Mykhailiuk,1629004,-10,31.0,10.5,3.5,0.45
2020-21,Svi Mykhailiuk,1629004,-8,24.0,2.0,0.0,0.2
2020-21,Svi Mykhailiuk,1629004,-6,31.0,12.0,5.0,0.5
2020-21,Svi Mykhailiuk,1629004,-5,24.0,14.0,3.0,0.333
2020-21,Svi Mykhailiuk,1629004,-3,25.0,11.0,3.0,0.571
2020-21,Svi Mykhailiuk,1629004,-1,30.0,8.5,2.5,0.3885
2020-21,Svi Mykhailiuk,1629004,0,29.0,13.0,3.0,0.5
2020-21,Svi Mykhailiuk,1629004,1,32.0,16.0,3.0,0.5035
2020-21,Svi Mykhailiuk,1629004,2,20.0,15.0,3.0,0.545
2020-21,Svi Mykhailiuk,1629004,3,23.5,12.75,3.0,0.45575
2020-21,Svi Mykhailiuk,1629004,5,28.0,13.5,0.0,0.4645
2020-21,Svi Mykhailiuk,1629004,6,23.0,14.0,3.0,0.5
2020-21,Svi Mykhailiuk,1629004,7,21.0,9.0,3.0,0.4
2020-21,Svi Mykhailiuk,1629004,13,36.0,17.0,1.0,0.545
2020-21,Svi Mykhailiuk,1629004,18,25.0,18.0,3.0,0.636
2020-21,T.J. McConnell,204456,-31,22.0,9.0,6.0,0.5
2020-21,T.J. McConnell,204456,-23,29.0,10.0,4.0,0.556
2020-21,T.J. McConnell,204456,-20,22.0,13.0,0.0,0.6
2020-21,T.J. McConnell,204456,-18,25.0,2.0,6.0,0.333
2020-21,T.J. McConnell,204456,-17,24.0,8.0,4.0,0.364
2020-21,T.J. McConnell,204456,-16,24.0,6.0,4.0,0.4
2020-21,T.J. McConnell,204456,-14,24.0,6.0,5.0,0.6
2020-21,T.J. McConnell,204456,-11,24.5,8.5,5.0,0.5075
2020-21,T.J. McConnell,204456,-8,30.0,11.0,6.0,0.5694
2020-21,T.J. McConnell,204456,-7,34.5,18.0,5.5,0.5355000000000001
2020-21,T.J. McConnell,204456,-6,21.0,12.0,4.0,0.667
2020-21,T.J. McConnell,204456,-5,23.0,6.666666666666667,2.6666666666666665,0.5886666666666667
2020-21,T.J. McConnell,204456,-4,26.0,8.0,6.25,0.42725
2020-21,T.J. McConnell,204456,-3,30.0,8.0,9.0,0.5
2020-21,T.J. McConnell,204456,-2,27.0,6.0,12.0,0.6
2020-21,T.J. McConnell,204456,-1,24.25,7.25,5.5,0.5545
2020-21,T.J. McConnell,204456,0,24.75,5.5,7.25,0.44775
2020-21,T.J. McConnell,204456,1,46.0,17.0,12.0,0.615
2020-21,T.J. McConnell,204456,2,26.0,8.666666666666666,6.666666666666667,0.5499999999999999
2020-21,T.J. McConnell,204456,4,21.5,11.5,5.5,0.75
2020-21,T.J. McConnell,204456,6,28.5,13.0,6.0,0.5895
2020-21,T.J. McConnell,204456,8,31.0,15.0,8.0,0.538
2020-21,T.J. McConnell,204456,11,25.0,10.0,1.0,0.625
2020-21,T.J. McConnell,204456,12,35.0,19.0,15.0,0.75
2020-21,T.J. McConnell,204456,13,30.75,10.0,12.0,0.6085
2020-21,T.J. McConnell,204456,14,36.0,16.0,13.0,1.0
2020-21,T.J. McConnell,204456,15,29.0,6.0,13.0,0.167
2020-21,T.J. McConnell,204456,16,28.0,6.0,7.0,0.429
2020-21,T.J. McConnell,204456,17,22.5,8.5,6.5,0.75
2020-21,T.J. McConnell,204456,21,27.5,11.0,8.0,0.655
2020-21,T.J. McConnell,204456,25,24.0,10.0,4.0,0.556
2020-21,T.J. McConnell,204456,26,29.0,16.0,15.0,0.889
2020-21,T.J. McConnell,204456,32,32.0,6.0,12.0,0.375
2020-21,T.J. Warren,203933,-12,29.0,17.0,0.0,0.538
2020-21,T.J. Warren,203933,-2,37.0,17.0,1.0,0.571
2020-21,T.J. Warren,203933,6,22.0,5.0,1.0,0.25
2020-21,T.J. Warren,203933,9,26.0,23.0,3.0,0.625
2020-21,Taj Gibson,201959,-11,30.5,7.5,1.0,0.65
2020-21,Taj Gibson,201959,-5,21.0,8.0,1.0,0.667
2020-21,Taj Gibson,201959,-4,21.0,6.0,1.0,0.75
2020-21,Taj Gibson,201959,-3,25.0,6.0,1.0,0.667
2020-21,Taj Gibson,201959,-2,23.5,5.5,0.5,0.8335
2020-21,Taj Gibson,201959,2,31.0,3.0,0.0,0.333
2020-21,Taj Gibson,201959,6,25.5,8.5,1.5,0.5415
2020-21,Taj Gibson,201959,7,28.4,5.6,1.8,0.4892
2020-21,Taj Gibson,201959,8,27.0,4.0,0.0,0.667
2020-21,Taj Gibson,201959,10,24.0,8.0,0.0,0.667
2020-21,Taj Gibson,201959,13,21.0,6.0,1.0,0.6
2020-21,Taj Gibson,201959,17,23.0,9.0,1.0,0.8
2020-21,Taj Gibson,201959,18,26.0,10.0,1.0,0.6
2020-21,Taj Gibson,201959,19,20.0,11.0,1.0,1.0
2020-21,Taj Gibson,201959,36,31.0,6.0,0.0,0.75
2020-21,Talen Horton-Tucker,1629659,-22,22.0,4.0,2.0,0.4
2020-21,Talen Horton-Tucker,1629659,-16,30.0,8.0,5.0,0.25
2020-21,Talen Horton-Tucker,1629659,-14,27.0,9.0,5.0,0.333
2020-21,Talen Horton-Tucker,1629659,-8,23.0,6.0,4.0,0.3395
2020-21,Talen Horton-Tucker,1629659,-7,22.5,10.0,4.5,0.527
2020-21,Talen Horton-Tucker,1629659,-4,25.666666666666668,17.0,3.3333333333333335,0.5606666666666666
2020-21,Talen Horton-Tucker,1629659,-3,23.0,10.666666666666666,1.3333333333333333,0.43966666666666665
2020-21,Talen Horton-Tucker,1629659,-1,21.0,14.0,7.0,0.625
2020-21,Talen Horton-Tucker,1629659,0,21.0,7.0,3.0,0.429
2020-21,Talen Horton-Tucker,1629659,2,30.0,15.333333333333334,7.666666666666667,0.5259999999999999
2020-21,Talen Horton-Tucker,1629659,3,21.0,10.0,0.0,0.5
2020-21,Talen Horton-Tucker,1629659,4,25.0,17.0,6.0,0.6
2020-21,Talen Horton-Tucker,1629659,5,23.5,11.5,2.75,0.38525
2020-21,Talen Horton-Tucker,1629659,6,28.0,13.0,2.5,0.5725
2020-21,Talen Horton-Tucker,1629659,7,20.0,10.0,3.0,0.444
2020-21,Talen Horton-Tucker,1629659,8,23.0,16.5,3.5,0.771
2020-21,Talen Horton-Tucker,1629659,9,21.0,15.0,1.0,0.462
2020-21,Talen Horton-Tucker,1629659,11,23.0,7.0,2.0,0.333
2020-21,Talen Horton-Tucker,1629659,17,22.0,17.0,2.0,0.667
2020-21,Talen Horton-Tucker,1629659,18,34.0,14.0,11.0,0.25
2020-21,Talen Horton-Tucker,1629659,20,27.0,18.0,10.0,0.7
2020-21,Taurean Prince,1627752,-30,28.0,7.0,4.0,0.375
2020-21,Taurean Prince,1627752,-27,20.0,4.0,2.0,0.4
2020-21,Taurean Prince,1627752,-17,21.0,10.0,1.0,0.3
2020-21,Taurean Prince,1627752,-16,21.0,6.0,2.0,0.222
2020-21,Taurean Prince,1627752,-14,28.0,12.0,2.5,0.4
2020-21,Taurean Prince,1627752,-12,22.0,5.0,1.0,0.3215
2020-21,Taurean Prince,1627752,-7,21.0,8.0,3.0,0.429
2020-21,Taurean Prince,1627752,-5,22.0,7.5,1.5,0.4405
2020-21,Taurean Prince,1627752,-3,32.0,19.0,3.0,0.538
2020-21,Taurean Prince,1627752,-2,24.0,11.0,1.0,0.375
2020-21,Taurean Prince,1627752,-1,26.0,11.0,2.0,0.364
2020-21,Taurean Prince,1627752,2,21.0,9.0,5.0,0.333
2020-21,Taurean Prince,1627752,4,28.0,10.5,2.5,0.35
2020-21,Taurean Prince,1627752,8,24.0,7.0,4.0,0.333
2020-21,Taurean Prince,1627752,10,24.0,16.0,0.0,0.308
2020-21,Taurean Prince,1627752,14,24.5,18.0,3.5,0.6
2020-21,Taurean Prince,1627752,15,28.0,25.0,3.0,0.692
2020-21,Taurean Prince,1627752,18,21.0,13.0,1.0,0.5
2020-21,Taurean Prince,1627752,20,30.5,16.5,4.5,0.5780000000000001
2020-21,Taurean Prince,1627752,31,25.0,14.0,2.0,0.333
2020-21,Terance Mann,1629611,-29,23.0,4.0,2.0,0.25
2020-21,Terance Mann,1629611,-12,33.0,10.0,1.0,0.5
2020-21,Terance Mann,1629611,-10,29.0,8.0,3.0,0.5
2020-21,Terance Mann,1629611,-9,29.0,17.0,2.0,0.667
2020-21,Terance Mann,1629611,-8,27.0,10.0,0.5,0.425
2020-21,Terance Mann,1629611,-7,22.0,8.0,3.0,0.286
2020-21,Terance Mann,1629611,-5,28.0,9.0,1.0,0.333
2020-21,Terance Mann,1629611,-3,31.5,14.0,6.5,0.3125
2020-21,Terance Mann,1629611,0,36.0,15.0,3.0,0.625
2020-21,Terance Mann,1629611,1,20.0,20.0,2.0,1.0
2020-21,Terance Mann,1629611,2,28.0,10.5,3.0,0.4
2020-21,Terance Mann,1629611,3,25.0,11.0,2.5,0.5665
2020-21,Terance Mann,1629611,5,28.0,23.0,1.0,0.833
2020-21,Terance Mann,1629611,6,23.0,9.0,2.5,0.5445
2020-21,Terance Mann,1629611,7,37.0,5.0,1.0,0.333
2020-21,Terance Mann,1629611,8,24.0,7.0,1.0,0.5
2020-21,Terance Mann,1629611,10,24.0,12.0,3.0,0.556
2020-21,Terance Mann,1629611,11,21.0,5.0,2.0,0.5
2020-21,Terance Mann,1629611,12,22.0,16.0,0.0,0.7
2020-21,Terance Mann,1629611,15,32.0,10.0,3.0,0.3
2020-21,Terance Mann,1629611,16,23.0,19.0,1.0,0.875
2020-21,Terance Mann,1629611,17,26.0,12.0,2.0,0.5
2020-21,Terance Mann,1629611,18,29.666666666666668,12.0,3.6666666666666665,0.625
2020-21,Terance Mann,1629611,19,33.0,14.0,6.0,0.5
2020-21,Terance Mann,1629611,21,33.0,7.0,2.0,0.75
2020-21,Terance Mann,1629611,23,29.0,21.0,2.0,0.571
2020-21,Terence Davis,1629056,-35,20.0,7.0,0.0,0.5
2020-21,Terence Davis,1629056,-30,31.0,20.0,1.0,0.571
2020-21,Terence Davis,1629056,-22,22.0,6.0,1.0,0.222
2020-21,Terence Davis,1629056,-11,27.0,8.0,0.0,0.111
2020-21,Terence Davis,1629056,-7,21.0,6.0,2.0,0.182
2020-21,Terence Davis,1629056,-3,23.0,15.0,0.0,0.417
2020-21,Terence Davis,1629056,0,31.0,22.0,4.0,0.571
2020-21,Terence Davis,1629056,1,21.0,8.0,4.5,0.381
2020-21,Terence Davis,1629056,2,28.0,16.0,4.0,0.462
2020-21,Terence Davis,1629056,3,32.0,24.0,1.0,0.625
2020-21,Terence Davis,1629056,4,24.0,16.0,1.0,0.5
2020-21,Terence Davis,1629056,8,26.0,12.0,0.0,0.455
2020-21,Terence Davis,1629056,9,20.0,6.0,1.0,0.375
2020-21,Terence Davis,1629056,10,30.0,18.0,3.0,0.462
2020-21,Terence Davis,1629056,12,23.0,27.0,1.0,0.714
2020-21,Terence Davis,1629056,18,29.0,23.0,3.0,0.75
2020-21,Terence Davis,1629056,20,31.0,27.0,3.0,0.6
2020-21,Terence Davis,1629056,22,29.0,18.0,7.0,0.455
2020-21,Terence Davis,1629056,25,22.0,18.0,3.0,0.538
2020-21,Terence Davis,1629056,32,25.0,8.0,3.0,0.375
2020-21,Terrence Ross,203082,-32,25.0,4.0,3.0,0.333
2020-21,Terrence Ross,203082,-30,25.0,5.0,3.0,0.111
2020-21,Terrence Ross,203082,-22,28.0,4.0,2.0,0.2
2020-21,Terrence Ross,203082,-21,27.0,4.0,4.0,0.167
2020-21,Terrence Ross,203082,-20,28.5,9.5,1.5,0.375
2020-21,Terrence Ross,203082,-16,30.0,18.333333333333332,4.333333333333333,0.41333333333333333
2020-21,Terrence Ross,203082,-15,21.0,6.0,2.0,0.6
2020-21,Terrence Ross,203082,-14,27.0,6.5,2.5,0.1875
2020-21,Terrence Ross,203082,-12,20.0,13.0,1.0,0.385
2020-21,Terrence Ross,203082,-11,27.333333333333332,13.333333333333334,1.6666666666666667,0.48
2020-21,Terrence Ross,203082,-10,26.0,12.0,3.0,0.182
2020-21,Terrence Ross,203082,-9,23.0,24.0,1.0,0.667
2020-21,Terrence Ross,203082,-8,37.0,29.5,3.0,0.5275000000000001
2020-21,Terrence Ross,203082,-7,35.666666666666664,20.333333333333332,2.3333333333333335,0.4123333333333334
2020-21,Terrence Ross,203082,-4,32.0,6.0,2.0,0.125
2020-21,Terrence Ross,203082,-3,32.666666666666664,20.333333333333332,2.6666666666666665,0.3973333333333333
2020-21,Terrence Ross,203082,-2,27.0,10.5,1.5,0.569
2020-21,Terrence Ross,203082,-1,30.0,26.0,2.0,0.429
2020-21,Terrence Ross,203082,1,26.5,14.5,2.5,0.3855
2020-21,Terrence Ross,203082,3,30.0,19.0,4.0,0.389
2020-21,Terrence Ross,203082,6,32.0,12.0,2.0,0.444
2020-21,Terrence Ross,203082,8,31.0,19.5,2.0,0.469
2020-21,Terrence Ross,203082,9,28.0,19.0,1.0,0.429
2020-21,Terrence Ross,203082,10,32.5,17.0,3.0,0.383
2020-21,Terrence Ross,203082,11,29.5,18.0,2.5,0.47550000000000003
2020-21,Terrence Ross,203082,12,25.0,15.0,1.0,0.25
2020-21,Terrence Ross,203082,17,21.0,20.0,2.0,0.667
2020-21,Terrence Ross,203082,22,29.5,28.0,2.0,0.546
2020-21,Terry Rozier,1626179,-26,31.0,12.0,2.0,0.455
2020-21,Terry Rozier,1626179,-20,26.5,16.5,3.5,0.451
2020-21,Terry Rozier,1626179,-19,31.5,23.0,5.5,0.5
2020-21,Terry Rozier,1626179,-18,30.0,14.25,2.75,0.33399999999999996
2020-21,Terry Rozier,1626179,-17,35.5,10.5,4.5,0.243
2020-21,Terry Rozier,1626179,-16,31.0,23.0,3.5,0.5405
2020-21,Terry Rozier,1626179,-15,34.5,20.0,3.0,0.4325
2020-21,Terry Rozier,1626179,-14,36.0,10.0,5.0,0.231
2020-21,Terry Rozier,1626179,-13,26.0,12.0,3.0,0.313
2020-21,Terry Rozier,1626179,-12,35.0,15.25,4.75,0.355
2020-21,Terry Rozier,1626179,-11,36.0,15.0,5.0,0.375
2020-21,Terry Rozier,1626179,-9,43.0,22.0,8.0,0.45
2020-21,Terry Rozier,1626179,-8,33.666666666666664,19.0,3.6666666666666665,0.4716666666666667
2020-21,Terry Rozier,1626179,-7,37.5,22.5,5.5,0.5169999999999999
2020-21,Terry Rozier,1626179,-6,34.0,24.0,2.0,0.556
2020-21,Terry Rozier,1626179,-5,40.0,30.0,7.0,0.5269999999999999
2020-21,Terry Rozier,1626179,-4,36.5,34.0,6.5,0.5760000000000001
2020-21,Terry Rozier,1626179,-3,37.0,15.0,4.5,0.43
2020-21,Terry Rozier,1626179,-2,34.0,20.5,5.0,0.3055
2020-21,Terry Rozier,1626179,-1,36.0,10.0,4.0,0.273
2020-21,Terry Rozier,1626179,0,32.0,19.0,2.0,0.583
2020-21,Terry Rozier,1626179,1,35.0,23.0,2.0,0.533
2020-21,Terry Rozier,1626179,2,35.0,17.0,3.5,0.39849999999999997
2020-21,Terry Rozier,1626179,3,41.0,43.0,4.0,0.615
2020-21,Terry Rozier,1626179,4,36.0,25.0,6.0,0.45
2020-21,Terry Rozier,1626179,7,38.0,7.0,4.0,0.2
2020-21,Terry Rozier,1626179,8,38.333333333333336,27.0,4.666666666666667,0.49333333333333335
2020-21,Terry Rozier,1626179,9,34.333333333333336,19.333333333333332,5.333333333333333,0.43133333333333335
2020-21,Terry Rozier,1626179,10,36.5,30.5,2.0,0.5605
2020-21,Terry Rozier,1626179,11,30.0,18.0,3.0,0.471
2020-21,Terry Rozier,1626179,13,33.0,17.0,5.0,0.38466666666666666
2020-21,Terry Rozier,1626179,16,37.25,24.5,6.0,0.46125
2020-21,Terry Rozier,1626179,19,29.0,25.0,4.0,0.643
2020-21,Terry Rozier,1626179,20,30.0,20.5,2.5,0.4155
2020-21,Terry Rozier,1626179,23,29.0,31.0,4.0,0.571
2020-21,Terry Rozier,1626179,25,39.0,15.0,3.0,0.261
2020-21,Terry Rozier,1626179,29,33.5,27.5,4.0,0.539
2020-21,Thaddeus Young,201152,-19,22.0,6.0,2.0,0.4
2020-21,Thaddeus Young,201152,-17,22.0,6.0,2.0,0.6
2020-21,Thaddeus Young,201152,-16,27.0,13.0,3.0,0.462
2020-21,Thaddeus Young,201152,-15,26.5,14.0,5.0,0.75
2020-21,Thaddeus Young,201152,-9,24.333333333333332,14.666666666666666,3.6666666666666665,0.5756666666666667
2020-21,Thaddeus Young,201152,-7,22.333333333333332,9.0,3.3333333333333335,0.6443333333333333
2020-21,Thaddeus Young,201152,-5,26.5,12.5,4.0,0.7855
2020-21,Thaddeus Young,201152,-4,30.0,19.0,4.0,0.5
2020-21,Thaddeus Young,201152,-3,24.0,13.5,6.0,0.683
2020-21,Thaddeus Young,201152,-2,23.75,10.75,2.75,0.59575
2020-21,Thaddeus Young,201152,-1,25.0,14.0,4.333333333333333,0.569
2020-21,Thaddeus Young,201152,0,25.0,13.0,3.0,0.462
2020-21,Thaddeus Young,201152,1,20.0,12.0,3.0,0.667
2020-21,Thaddeus Young,201152,2,25.5,10.0,5.5,0.5625
2020-21,Thaddeus Young,201152,3,26.5,13.333333333333334,5.666666666666667,0.5675
2020-21,Thaddeus Young,201152,4,29.0,12.666666666666666,6.333333333333333,0.6163333333333333
2020-21,Thaddeus Young,201152,5,25.0,20.0,3.0,0.533
2020-21,Thaddeus Young,201152,6,27.0,8.5,5.5,0.4
2020-21,Thaddeus Young,201152,7,21.0,18.0,4.0,0.667
2020-21,Thaddeus Young,201152,8,22.0,17.0,6.0,0.727
2020-21,Thaddeus Young,201152,9,20.0,8.0,5.0,0.333
2020-21,Thaddeus Young,201152,10,26.333333333333332,12.0,5.333333333333333,0.5666666666666667
2020-21,Thaddeus Young,201152,11,29.5,19.5,4.0,0.6234999999999999
2020-21,Thaddeus Young,201152,12,24.0,10.0,4.5,0.521
2020-21,Thaddeus Young,201152,13,28.0,7.5,6.0,0.4
2020-21,Thaddeus Young,201152,15,22.5,14.5,4.0,0.672
2020-21,Thaddeus Young,201152,16,20.0,18.0,3.0,0.8
2020-21,Thaddeus Young,201152,19,25.666666666666668,11.333333333333334,5.0,0.49433333333333335
2020-21,Thanasis Antetokounmpo,203648,-6,26.0,12.0,3.0,0.333
2020-21,Thanasis Antetokounmpo,203648,1,36.0,23.0,5.0,0.533
2020-21,Thanasis Antetokounmpo,203648,3,22.0,1.0,3.0,0.0
2020-21,Thanasis Antetokounmpo,203648,22,20.0,7.0,1.0,0.6
2020-21,Theo Maledon,1630177,-46,22.0,7.0,1.0,0.083
2020-21,Theo Maledon,1630177,-42,24.0,8.0,2.0,0.143
2020-21,Theo Maledon,1630177,-28,32.0,4.5,4.5,0.15
2020-21,Theo Maledon,1630177,-27,24.0,13.0,2.0,0.333
2020-21,Theo Maledon,1630177,-26,28.333333333333332,20.333333333333332,1.6666666666666667,0.42700000000000005
2020-21,Theo Maledon,1630177,-23,22.0,10.0,2.0,0.333
2020-21,Theo Maledon,1630177,-22,27.0,9.0,2.0,0.6
2020-21,Theo Maledon,1630177,-21,31.0,18.0,3.0,0.438
2020-21,Theo Maledon,1630177,-20,31.0,14.0,4.0,0.37966666666666665
2020-21,Theo Maledon,1630177,-18,31.0,20.0,8.0,0.455
2020-21,Theo Maledon,1630177,-17,28.0,8.333333333333334,1.3333333333333333,0.373
2020-21,Theo Maledon,1630177,-16,28.75,10.5,3.25,0.33125
2020-21,Theo Maledon,1630177,-14,28.0,10.0,3.0,0.571
2020-21,Theo Maledon,1630177,-12,30.0,14.0,4.0,0.353
2020-21,Theo Maledon,1630177,-11,24.0,9.0,2.0,0.429
2020-21,Theo Maledon,1630177,-10,29.0,14.5,6.5,0.375
2020-21,Theo Maledon,1630177,-8,29.666666666666668,15.666666666666666,3.6666666666666665,0.5463333333333333
2020-21,Theo Maledon,1630177,-7,29.0,6.0,1.0,0.2
2020-21,Theo Maledon,1630177,-5,28.0,8.333333333333334,4.666666666666667,0.4206666666666667
2020-21,Theo Maledon,1630177,-4,27.0,7.0,3.0,0.286
2020-21,Theo Maledon,1630177,-3,31.0,8.0,5.0,0.2915
2020-21,Theo Maledon,1630177,-2,28.5,9.0,7.0,0.2655
2020-21,Theo Maledon,1630177,-1,33.333333333333336,10.333333333333334,4.0,0.30866666666666664
2020-21,Theo Maledon,1630177,1,21.0,6.0,4.0,0.286
2020-21,Theo Maledon,1630177,2,30.25,11.75,4.75,0.47275
2020-21,Theo Maledon,1630177,3,26.666666666666668,11.666666666666666,3.3333333333333335,0.4166666666666667
2020-21,Theo Maledon,1630177,6,29.0,11.0,2.0,0.571
2020-21,Theo Maledon,1630177,7,34.0,3.0,3.0,0.2
2020-21,Theo Maledon,1630177,10,36.0,9.0,7.0,0.3
2020-21,Theo Maledon,1630177,13,22.0,4.0,3.0,0.25
2020-21,Thomas Bryant,1628418,-14,33.0,11.0,1.0,0.667
2020-21,Thomas Bryant,1628418,-12,29.0,7.0,2.0,0.429
2020-21,Thomas Bryant,1628418,-11,33.0,13.0,2.0,0.556
2020-21,Thomas Bryant,1628418,-3,30.0,19.0,1.0,0.727
2020-21,Thomas Bryant,1628418,-1,27.0,21.0,2.0,0.75
2020-21,Thomas Bryant,1628418,1,32.0,16.0,5.0,0.533
2020-21,Thomas Bryant,1628418,2,25.0,10.0,0.0,0.385
2020-21,Thomas Bryant,1628418,3,34.0,28.0,0.0,0.909
2020-21,Thomas Bryant,1628418,25,22.0,18.0,2.0,1.0
2020-21,Tim Frazier,204025,-7,24.0,4.0,7.0,0.091
2020-21,Tim Hardaway Jr.,203501,-27,27.0,18.0,1.0,0.7
2020-21,Tim Hardaway Jr.,203501,-20,25.5,15.25,2.5,0.4535
2020-21,Tim Hardaway Jr.,203501,-19,30.0,15.0,0.0,0.308
2020-21,Tim Hardaway Jr.,203501,-18,28.5,19.5,3.0,0.426
2020-21,Tim Hardaway Jr.,203501,-17,22.0,2.0,2.0,0.0
2020-21,Tim Hardaway Jr.,203501,-16,33.0,13.0,4.0,0.267
2020-21,Tim Hardaway Jr.,203501,-14,21.0,12.0,3.0,0.364
2020-21,Tim Hardaway Jr.,203501,-13,25.333333333333332,7.333333333333333,2.0,0.3263333333333333
2020-21,Tim Hardaway Jr.,203501,-12,27.666666666666668,12.666666666666666,1.3333333333333333,0.34299999999999997
2020-21,Tim Hardaway Jr.,203501,-11,22.0,11.0,0.0,0.455
2020-21,Tim Hardaway Jr.,203501,-9,25.666666666666668,11.0,2.0,0.39266666666666666
2020-21,Tim Hardaway Jr.,203501,-8,21.0,9.0,2.0,0.333
2020-21,Tim Hardaway Jr.,203501,-7,28.5,18.5,1.5,0.5
2020-21,Tim Hardaway Jr.,203501,-5,32.0,24.0,1.0,0.389
2020-21,Tim Hardaway Jr.,203501,-4,33.0,18.5,2.5,0.47150000000000003
2020-21,Tim Hardaway Jr.,203501,-3,26.0,13.0,0.0,0.4375
2020-21,Tim Hardaway Jr.,203501,-2,31.0,15.5,2.0,0.377
2020-21,Tim Hardaway Jr.,203501,1,33.5,20.0,1.5,0.528
2020-21,Tim Hardaway Jr.,203501,2,26.0,13.5,2.0,0.3915
2020-21,Tim Hardaway Jr.,203501,3,29.75,20.25,1.5,0.46125000000000005
2020-21,Tim Hardaway Jr.,203501,5,21.0,13.0,1.0,0.333
2020-21,Tim Hardaway Jr.,203501,6,39.0,28.5,1.0,0.6335
2020-21,Tim Hardaway Jr.,203501,7,25.0,12.333333333333334,3.6666666666666665,0.3423333333333333
2020-21,Tim Hardaway Jr.,203501,8,33.0,18.0,3.0,0.438
2020-21,Tim Hardaway Jr.,203501,9,32.25,29.0,2.0,0.55525
2020-21,Tim Hardaway Jr.,203501,10,27.333333333333332,13.333333333333334,0.0,0.37200000000000005
2020-21,Tim Hardaway Jr.,203501,12,24.5,15.0,1.0,0.509
2020-21,Tim Hardaway Jr.,203501,13,26.0,11.5,2.5,0.331
2020-21,Tim Hardaway Jr.,203501,15,34.0,19.0,3.0,0.462
2020-21,Tim Hardaway Jr.,203501,17,30.25,18.25,2.25,0.46125
2020-21,Tim Hardaway Jr.,203501,18,29.5,25.0,2.0,0.643
2020-21,Tim Hardaway Jr.,203501,19,33.0,36.0,1.0,0.542
2020-21,Tim Hardaway Jr.,203501,20,27.0,25.0,3.0,0.692
2020-21,Tim Hardaway Jr.,203501,22,23.0,8.0,1.0,0.444
2020-21,Tim Hardaway Jr.,203501,27,22.0,18.0,2.0,0.5
2020-21,Timothe Luwawu-Cabarrot,1627789,-32,24.0,6.0,0.0,0.167
2020-21,Timothe Luwawu-Cabarrot,1627789,-30,33.0,14.0,1.0,0.294
2020-21,Timothe Luwawu-Cabarrot,1627789,-16,26.0,11.0,1.0,0.444
2020-21,Timothe Luwawu-Cabarrot,1627789,-10,20.0,12.0,4.0,0.667
2020-21,Timothe Luwawu-Cabarrot,1627789,-8,22.0,10.0,1.0,0.5
2020-21,Timothe Luwawu-Cabarrot,1627789,-7,22.0,7.5,1.5,0.264
2020-21,Timothe Luwawu-Cabarrot,1627789,-6,23.0,8.0,1.0,0.5
2020-21,Timothe Luwawu-Cabarrot,1627789,-5,26.0,3.0,2.0,0.2
2020-21,Timothe Luwawu-Cabarrot,1627789,-3,27.0,11.0,3.0,0.571
2020-21,Timothe Luwawu-Cabarrot,1627789,-1,24.0,9.0,1.5,0.5625
2020-21,Timothe Luwawu-Cabarrot,1627789,1,32.0,11.0,2.0,0.3515
2020-21,Timothe Luwawu-Cabarrot,1627789,2,22.0,11.0,0.0,0.5
2020-21,Timothe Luwawu-Cabarrot,1627789,3,31.5,13.0,1.5,0.3725
2020-21,Timothe Luwawu-Cabarrot,1627789,5,23.0,8.0,1.0,0.75
2020-21,Timothe Luwawu-Cabarrot,1627789,7,23.5,6.0,0.5,0.307
2020-21,Timothe Luwawu-Cabarrot,1627789,8,26.0,6.0,1.0,0.154
2020-21,Timothe Luwawu-Cabarrot,1627789,10,23.0,14.0,1.0,0.714
2020-21,Timothe Luwawu-Cabarrot,1627789,12,22.0,7.0,1.0,0.25
2020-21,Timothe Luwawu-Cabarrot,1627789,13,24.0,11.0,1.0,0.556
2020-21,Timothe Luwawu-Cabarrot,1627789,18,26.0,15.0,3.0,0.556
2020-21,Timothe Luwawu-Cabarrot,1627789,23,22.0,5.0,2.0,0.143
2020-21,Tobias Harris,202699,-29,25.0,12.0,2.0,0.462
2020-21,Tobias Harris,202699,-26,32.0,12.0,5.0,0.357
2020-21,Tobias Harris,202699,-21,25.0,9.0,2.0,0.4
2020-21,Tobias Harris,202699,-20,26.0,21.0,3.0,0.571
2020-21,Tobias Harris,202699,-19,32.0,19.0,2.5,0.4545
2020-21,Tobias Harris,202699,-17,29.0,18.0,6.0,0.5
2020-21,Tobias Harris,202699,-16,28.0,16.0,5.0,0.5
2020-21,Tobias Harris,202699,-15,33.0,29.0,6.0,0.684
2020-21,Tobias Harris,202699,-14,37.0,17.0,5.0,0.333
2020-21,Tobias Harris,202699,-11,33.0,30.5,2.0,0.5545
2020-21,Tobias Harris,202699,-7,34.0,27.0,3.0,0.458
2020-21,Tobias Harris,202699,-5,37.0,14.5,2.0,0.2895
2020-21,Tobias Harris,202699,-3,35.0,23.5,3.0,0.5315
2020-21,Tobias Harris,202699,-2,36.0,24.0,5.0,0.471
2020-21,Tobias Harris,202699,-1,35.0,17.333333333333332,4.666666666666667,0.5143333333333333
2020-21,Tobias Harris,202699,0,35.0,20.0,4.0,0.278
2020-21,Tobias Harris,202699,1,34.5,31.0,3.0,0.6575
2020-21,Tobias Harris,202699,2,39.0,17.0,5.0,0.8
2020-21,Tobias Harris,202699,4,34.5,20.0,1.5,0.5355000000000001
2020-21,Tobias Harris,202699,5,29.0,6.0,3.5,0.293
2020-21,Tobias Harris,202699,6,33.0,23.333333333333332,4.666666666666667,0.6463333333333333
2020-21,Tobias Harris,202699,7,31.75,18.5,2.25,0.5095000000000001
2020-21,Tobias Harris,202699,8,37.0,26.0,4.0,0.533
2020-21,Tobias Harris,202699,10,30.0,27.0,0.0,0.526
2020-21,Tobias Harris,202699,12,30.5,20.5,3.0,0.48550000000000004
2020-21,Tobias Harris,202699,13,34.0,17.0,0.0,0.429
2020-21,Tobias Harris,202699,15,33.0,16.0,3.0,0.5665
2020-21,Tobias Harris,202699,16,30.5,13.5,3.5,0.3585
2020-21,Tobias Harris,202699,17,34.0,21.0,3.0,0.769
2020-21,Tobias Harris,202699,19,24.0,15.5,4.5,0.5415
2020-21,Tobias Harris,202699,20,34.25,18.5,4.75,0.4935
2020-21,Tobias Harris,202699,21,37.0,26.0,3.0,0.55
2020-21,Tobias Harris,202699,22,32.333333333333336,19.333333333333332,5.0,0.521
2020-21,Tobias Harris,202699,24,29.0,22.0,2.0,0.625
2020-21,Tobias Harris,202699,30,28.0,24.5,5.5,0.6000000000000001
2020-21,Tobias Harris,202699,32,30.0,17.0,2.0,0.5
2020-21,Tobias Harris,202699,36,28.0,23.0,7.0,0.556
2020-21,Tomas Satoransky,203107,-24,24.0,8.0,4.0,0.5
2020-21,Tomas Satoransky,203107,-23,30.0,9.0,6.0,0.571
2020-21,Tomas Satoransky,203107,-20,25.0,11.0,4.0,0.5
2020-21,Tomas Satoransky,203107,-19,22.0,2.0,2.0,0.2
2020-21,Tomas Satoransky,203107,-13,20.0,2.0,4.0,0.2
2020-21,Tomas Satoransky,203107,-11,25.0,10.0,6.0,0.571
2020-21,Tomas Satoransky,203107,-10,22.0,13.0,1.0,0.857
2020-21,Tomas Satoransky,203107,-8,29.666666666666668,13.333333333333334,7.333333333333333,0.48100000000000004
2020-21,Tomas Satoransky,203107,-7,30.0,8.0,5.0,0.667
2020-21,Tomas Satoransky,203107,-6,22.0,10.0,6.0,0.556
2020-21,Tomas Satoransky,203107,-5,20.0,10.0,7.0,0.4
2020-21,Tomas Satoransky,203107,-4,29.0,9.666666666666666,4.666666666666667,0.5296666666666666
2020-21,Tomas Satoransky,203107,-3,22.0,3.0,3.0,0.333
2020-21,Tomas Satoransky,203107,-2,24.5,10.0,5.0,0.5075
2020-21,Tomas Satoransky,203107,-1,22.5,9.5,6.0,0.6000000000000001
2020-21,Tomas Satoransky,203107,0,27.0,6.5,7.0,0.278
2020-21,Tomas Satoransky,203107,2,22.0,6.0,3.0,0.429
2020-21,Tomas Satoransky,203107,3,27.0,9.5,7.0,0.65
2020-21,Tomas Satoransky,203107,4,22.5,11.0,2.5,0.8165
2020-21,Tomas Satoransky,203107,6,24.0,3.0,6.0,0.143
2020-21,Tomas Satoransky,203107,7,26.0,4.0,5.0,0.286
2020-21,Tomas Satoransky,203107,8,30.0,19.0,11.0,0.8
2020-21,Tomas Satoransky,203107,9,21.0,10.0,2.0,0.75
2020-21,Tomas Satoransky,203107,10,25.0,16.0,4.0,0.857
2020-21,Tomas Satoransky,203107,11,34.0,7.0,3.0,0.429
2020-21,Tomas Satoransky,203107,12,21.0,6.0,7.0,0.5
2020-21,Tomas Satoransky,203107,13,27.0,9.0,6.0,0.6
2020-21,Tomas Satoransky,203107,17,27.0,8.0,9.0,0.444
2020-21,Tomas Satoransky,203107,19,21.0,6.0,4.0,0.5
2020-21,Tomas Satoransky,203107,28,30.0,13.0,7.0,0.571
2020-21,Tony Bradley,1628396,-22,23.0,13.0,2.0,0.625
2020-21,Tony Bradley,1628396,-18,24.0,9.0,0.0,0.667
2020-21,Tony Bradley,1628396,-13,25.0,16.0,1.0,0.636
2020-21,Tony Bradley,1628396,-6,24.0,14.0,2.0,0.75
2020-21,Tony Bradley,1628396,-4,20.0,12.0,0.0,0.667
2020-21,Tony Bradley,1628396,-3,20.0,8.0,0.0,1.0
2020-21,Tony Bradley,1628396,3,22.0,9.0,2.0,0.571
2020-21,Tony Bradley,1628396,8,23.0,12.0,0.0,0.714
2020-21,Tony Bradley,1628396,9,21.0,14.0,0.0,1.0
2020-21,Tony Bradley,1628396,10,24.0,11.0,1.0,0.714
2020-21,Tony Bradley,1628396,13,22.0,11.0,1.0,0.667
2020-21,Tony Bradley,1628396,15,32.0,18.0,0.0,1.0
2020-21,Tony Bradley,1628396,18,20.0,4.0,4.0,0.667
2020-21,Tony Bradley,1628396,26,23.0,14.0,1.0,0.75
2020-21,Tony Snell,203503,-16,22.0,5.0,2.0,1.0
2020-21,Tony Snell,203503,-13,25.5,5.0,0.5,0.75
2020-21,Tony Snell,203503,-6,22.0,3.0,2.0,0.2
2020-21,Tony Snell,203503,-4,24.5,10.0,1.5,0.9
2020-21,Tony Snell,203503,-3,37.5,9.5,1.0,0.45
2020-21,Tony Snell,203503,-2,29.0,11.0,2.0,0.8
2020-21,Tony Snell,203503,-1,25.0,6.0,0.0,0.667
2020-21,Tony Snell,203503,0,26.0,9.0,2.5,0.357
2020-21,Tony Snell,203503,1,22.0,12.0,1.0,0.8
2020-21,Tony Snell,203503,3,28.0,0.0,1.0,0.0
2020-21,Tony Snell,203503,4,27.0,6.0,2.0,0.5
2020-21,Tony Snell,203503,5,34.0,9.5,1.5,0.65
2020-21,Tony Snell,203503,6,29.0,8.0,1.0,0.667
2020-21,Tony Snell,203503,8,28.0,12.0,4.0,0.5
2020-21,Tony Snell,203503,11,23.666666666666668,8.0,1.0,0.6236666666666667
2020-21,Tony Snell,203503,12,26.0,5.5,2.0,0.2855
2020-21,Tony Snell,203503,13,23.0,5.0,2.0,1.0
2020-21,Tony Snell,203503,24,21.0,3.0,1.0,0.5
2020-21,Torrey Craig,1628470,-30,22.0,3.0,0.0,0.25
2020-21,Torrey Craig,1628470,-17,21.0,7.0,0.0,0.375
2020-21,Torrey Craig,1628470,-11,20.0,10.0,1.0,0.571
2020-21,Torrey Craig,1628470,-6,23.0,8.0,2.0,0.4
2020-21,Torrey Craig,1628470,-2,30.0,18.0,1.0,0.8
2020-21,Torrey Craig,1628470,0,26.0,14.5,0.5,0.667
2020-21,Torrey Craig,1628470,4,29.0,10.0,1.0,0.444
2020-21,Torrey Craig,1628470,5,22.0,9.0,1.0,0.7
2020-21,Torrey Craig,1628470,8,29.0,11.0,4.0,0.455
2020-21,Torrey Craig,1628470,19,28.0,7.0,2.0,0.3
2020-21,Torrey Craig,1628470,21,20.0,14.0,1.0,0.833
2020-21,Trae Young,1629027,-27,23.0,25.0,3.0,0.533
2020-21,Trae Young,1629027,-26,36.0,31.0,11.0,0.625
2020-21,Trae Young,1629027,-20,33.0,14.0,11.0,0.353
2020-21,Trae Young,1629027,-17,24.0,4.0,7.0,0.091
2020-21,Trae Young,1629027,-16,34.0,21.0,7.0,0.571
2020-21,Trae Young,1629027,-15,35.0,7.0,3.0,0.222
2020-21,Trae Young,1629027,-12,31.0,17.0,8.0,0.333
2020-21,Trae Young,1629027,-11,38.0,26.0,11.0,0.304
2020-21,Trae Young,1629027,-8,31.0,21.5,6.5,0.3995
2020-21,Trae Young,1629027,-7,28.0,32.0,4.0,0.526
2020-21,Trae Young,1629027,-5,34.666666666666664,23.666666666666668,11.0,0.36800000000000005
2020-21,Trae Young,1629027,-4,38.5,26.0,8.5,0.387
2020-21,Trae Young,1629027,-2,38.0,25.0,16.0,0.467
2020-21,Trae Young,1629027,-1,31.5,22.0,10.0,0.475
2020-21,Trae Young,1629027,0,34.5,22.0,8.0,0.36250000000000004
2020-21,Trae Young,1629027,1,35.0,21.0,11.0,0.375
2020-21,Trae Young,1629027,2,37.5,29.0,10.0,0.4185
2020-21,Trae Young,1629027,3,34.0,16.0,10.0,0.375
2020-21,Trae Young,1629027,4,35.0,21.0,9.0,0.444
2020-21,Trae Young,1629027,5,31.0,30.0,11.0,0.444
2020-21,Trae Young,1629027,6,36.0,35.0,15.0,0.526
2020-21,Trae Young,1629027,7,36.57142857142857,26.857142857142858,11.571428571428571,0.3895714285714286
2020-21,Trae Young,1629027,8,34.0,30.0,10.0,0.476
2020-21,Trae Young,1629027,9,35.5,21.5,11.0,0.307
2020-21,Trae Young,1629027,11,32.0,21.0,7.0,0.333
2020-21,Trae Young,1629027,12,33.8,30.6,8.4,0.4574
2020-21,Trae Young,1629027,13,33.0,22.0,11.75,0.40925
2020-21,Trae Young,1629027,14,30.666666666666668,30.333333333333332,7.333333333333333,0.503
2020-21,Trae Young,1629027,15,35.0,33.0,7.0,0.643
2020-21,Trae Young,1629027,18,30.5,29.5,9.0,0.55
2020-21,Trae Young,1629027,20,31.0,34.0,8.5,0.5369999999999999
2020-21,Trae Young,1629027,26,28.0,24.0,9.5,0.488
2020-21,Trae Young,1629027,30,25.0,37.0,7.0,0.833
2020-21,Tre Jones,1630200,-15,28.0,9.0,5.0,0.5
2020-21,Tre Jones,1630200,-8,21.0,4.0,3.0,0.333
2020-21,Tre Jones,1630200,2,23.0,11.0,3.0,0.625
2020-21,Tremont Waters,1629682,-17,24.0,5.0,5.0,0.125
2020-21,Tremont Waters,1629682,-6,23.0,3.0,5.0,0.125
2020-21,Tremont Waters,1629682,-2,24.0,6.0,6.0,0.429
2020-21,Tremont Waters,1629682,0,22.0,7.0,3.0,0.333
2020-21,Tremont Waters,1629682,7,22.0,14.0,7.0,0.5
2020-21,Tremont Waters,1629682,20,25.0,17.0,5.0,0.538
2020-21,Trent Forrest,1630235,-5,20.0,8.0,3.0,0.25
2020-21,Trent Forrest,1630235,0,20.0,8.0,6.0,0.667
2020-21,Trent Forrest,1630235,3,21.0,9.0,0.0,0.6
2020-21,Trent Forrest,1630235,18,21.0,6.0,2.0,0.75
2020-21,Trent Forrest,1630235,25,21.0,9.0,6.0,0.75
2020-21,Trevor Ariza,2772,-23,33.0,9.0,1.0,0.429
2020-21,Trevor Ariza,2772,-19,25.0,18.0,1.0,0.636
2020-21,Trevor Ariza,2772,-9,29.0,11.0,1.0,0.364
2020-21,Trevor Ariza,2772,-8,23.0,7.0,1.0,0.222
2020-21,Trevor Ariza,2772,-7,24.0,13.0,2.0,0.571
2020-21,Trevor Ariza,2772,-6,26.0,2.0,4.0,0.0
2020-21,Trevor Ariza,2772,-4,31.0,13.0,3.0,0.625
2020-21,Trevor Ariza,2772,-1,32.0,12.666666666666666,1.6666666666666667,0.42333333333333334
2020-21,Trevor Ariza,2772,0,34.0,18.0,2.0,0.429
2020-21,Trevor Ariza,2772,1,26.333333333333332,10.666666666666666,1.3333333333333333,0.3813333333333333
2020-21,Trevor Ariza,2772,4,28.5,9.5,1.5,0.472
2020-21,Trevor Ariza,2772,5,22.0,6.0,3.0,0.4
2020-21,Trevor Ariza,2772,6,30.0,11.0,1.3333333333333333,0.42733333333333334
2020-21,Trevor Ariza,2772,7,34.0,10.0,4.0,0.444
2020-21,Trevor Ariza,2772,11,32.0,15.0,0.0,0.556
2020-21,Trevor Ariza,2772,13,29.0,4.0,1.0,0.286
2020-21,Trevor Ariza,2772,15,26.0,4.0,3.0,0.2715
2020-21,Trevor Ariza,2772,16,27.5,9.0,4.0,0.27999999999999997
2020-21,Trevor Ariza,2772,18,29.0,3.0,0.0,0.2
2020-21,Trey Burke,203504,-23,28.0,5.0,1.0,0.286
2020-21,Trey Burke,203504,-16,24.5,15.0,2.0,0.4495
2020-21,Trey Burke,203504,-13,22.0,12.0,1.5,0.35
2020-21,Trey Burke,203504,-9,27.0,13.0,1.0,0.417
2020-21,Trey Burke,203504,1,25.0,9.0,1.0,0.667
2020-21,Trey Burke,203504,3,20.0,13.0,0.0,0.5
2020-21,Trey Burke,203504,4,21.0,8.0,3.0,0.667
2020-21,Trey Burke,203504,7,31.0,22.0,3.0,0.563
2020-21,Trey Burke,203504,13,27.0,12.0,5.0,0.39399999999999996
2020-21,Trey Burke,203504,25,21.0,29.0,4.0,0.846
2020-21,Trey Burke,203504,32,31.0,8.0,2.0,0.154
2020-21,Trey Lyles,1626168,-14,26.5,12.5,0.5,0.5555
2020-21,Trey Lyles,1626168,-8,26.0,8.0,1.0,0.429
2020-21,Trey Lyles,1626168,-2,35.0,5.0,2.0,0.5
2020-21,Trey Lyles,1626168,-1,30.0,12.5,0.0,0.5345
2020-21,Trey Lyles,1626168,5,30.0,18.0,2.0,0.538
2020-21,Tristan Thompson,202684,-20,22.0,2.0,4.0,0.167
2020-21,Tristan Thompson,202684,-19,21.0,8.0,0.0,0.375
2020-21,Tristan Thompson,202684,-18,26.0,3.0,0.0,0.2
2020-21,Tristan Thompson,202684,-15,22.5,5.5,1.5,0.4375
2020-21,Tristan Thompson,202684,-12,20.0,2.0,2.0,0.5
2020-21,Tristan Thompson,202684,-11,26.5,4.5,2.0,0.3395
2020-21,Tristan Thompson,202684,-7,26.0,13.5,0.0,0.625
2020-21,Tristan Thompson,202684,-6,24.666666666666668,8.0,0.3333333333333333,0.422
2020-21,Tristan Thompson,202684,-5,28.0,10.0,1.0,0.714
2020-21,Tristan Thompson,202684,-4,25.0,13.0,0.0,1.0
2020-21,Tristan Thompson,202684,-3,31.0,12.5,0.5,0.729
2020-21,Tristan Thompson,202684,-2,25.0,5.0,2.0,0.5
2020-21,Tristan Thompson,202684,-1,27.5,10.0,3.0,0.4375
2020-21,Tristan Thompson,202684,0,26.0,8.0,1.0,0.429
2020-21,Tristan Thompson,202684,1,23.333333333333332,9.666666666666666,0.6666666666666666,0.593
2020-21,Tristan Thompson,202684,2,22.0,8.0,0.0,0.375
2020-21,Tristan Thompson,202684,3,28.0,12.0,3.0,0.556
2020-21,Tristan Thompson,202684,4,26.0,14.0,1.0,0.714
2020-21,Tristan Thompson,202684,5,25.333333333333332,8.666666666666666,1.0,0.537
2020-21,Tristan Thompson,202684,6,20.666666666666668,4.333333333333333,1.6666666666666667,0.2776666666666667
2020-21,Tristan Thompson,202684,8,27.0,11.0,3.0,0.667
2020-21,Tristan Thompson,202684,9,31.0,2.0,0.0,1.0
2020-21,Tristan Thompson,202684,11,24.0,13.5,3.0,0.75
2020-21,Tristan Thompson,202684,13,26.666666666666668,10.0,1.6666666666666667,0.5726666666666667
2020-21,Tristan Thompson,202684,24,22.0,7.0,0.0,0.4
2020-21,Tristan Thompson,202684,31,22.0,5.0,1.0,0.286
2020-21,Troy Brown Jr.,1628972,-24,23.0,12.0,1.0,0.714
2020-21,Troy Brown Jr.,1628972,-23,22.0,3.0,1.0,0.333
2020-21,Troy Brown Jr.,1628972,-6,21.0,10.0,1.0,0.429
2020-21,Troy Brown Jr.,1628972,-2,28.0,6.0,1.0,0.333
2020-21,Troy Brown Jr.,1628972,2,21.0,9.0,1.0,0.333
2020-21,Troy Brown Jr.,1628972,7,21.0,15.0,2.0,0.857
2020-21,Troy Brown Jr.,1628972,8,25.0,2.0,2.0,0.167
2020-21,Troy Brown Jr.,1628972,11,22.0,7.0,1.0,0.5
2020-21,Ty Jerome,1629660,-21,21.0,10.0,3.0,0.222
2020-21,Ty Jerome,1629660,-16,31.0,23.0,3.0,0.563
2020-21,Ty Jerome,1629660,-15,30.0,22.0,2.0,0.667
2020-21,Ty Jerome,1629660,-14,21.0,7.0,1.0,0.429
2020-21,Ty Jerome,1629660,-12,28.0,11.0,5.0,0.4
2020-21,Ty Jerome,1629660,-11,21.0,9.0,5.0,0.444
2020-21,Ty Jerome,1629660,-9,24.0,15.666666666666666,4.333333333333333,0.5516666666666666
2020-21,Ty Jerome,1629660,-7,24.0,10.5,4.0,0.4305
2020-21,Ty Jerome,1629660,-6,22.0,15.0,5.0,0.5
2020-21,Ty Jerome,1629660,-5,29.0,11.0,5.0,0.6
2020-21,Ty Jerome,1629660,-3,28.0,13.0,2.0,0.714
2020-21,Ty Jerome,1629660,-1,26.0,13.333333333333334,2.6666666666666665,0.4776666666666667
2020-21,Ty Jerome,1629660,0,23.0,15.0,3.0,0.6
2020-21,Ty Jerome,1629660,1,26.0,3.0,1.0,0.125
2020-21,Ty Jerome,1629660,4,23.666666666666668,10.333333333333334,4.333333333333333,0.5473333333333333
2020-21,Ty Jerome,1629660,10,28.0,2.0,5.0,0.167
2020-21,Ty Jerome,1629660,11,25.0,15.0,6.0,0.714
2020-21,Tyler Cook,1629076,-13,34.0,17.0,1.0,0.875
2020-21,Tyler Cook,1629076,-9,22.0,12.0,1.0,0.833
2020-21,Tyler Cook,1629076,-7,20.0,8.0,0.0,0.429
2020-21,Tyler Cook,1629076,-6,30.0,12.0,2.0,0.545
2020-21,Tyler Cook,1629076,-4,25.666666666666668,10.0,1.0,0.6153333333333334
2020-21,Tyler Cook,1629076,10,23.0,9.0,2.0,0.667
2020-21,Tyler Cook,1629076,12,23.0,4.0,0.0,0.4
2020-21,Tyler Herro,1629639,-32,33.0,23.0,7.0,0.563
2020-21,Tyler Herro,1629639,-25,22.0,4.0,4.0,0.143
2020-21,Tyler Herro,1629639,-21,27.0,10.0,0.0,0.455
2020-21,Tyler Herro,1629639,-18,28.0,12.0,1.0,0.2585
2020-21,Tyler Herro,1629639,-17,39.0,34.0,4.0,0.462
2020-21,Tyler Herro,1629639,-16,29.0,11.0,2.0,0.455
2020-21,Tyler Herro,1629639,-15,31.0,17.0,3.0,0.438
2020-21,Tyler Herro,1629639,-14,26.0,5.0,6.0,0.2
2020-21,Tyler Herro,1629639,-13,27.0,19.0,4.0,0.7
2020-21,Tyler Herro,1629639,-9,32.5,11.5,7.0,0.3065
2020-21,Tyler Herro,1629639,-8,40.0,27.0,2.0,0.55
2020-21,Tyler Herro,1629639,-7,32.0,13.0,4.0,0.429
2020-21,Tyler Herro,1629639,-5,33.5,12.75,3.5,0.29725
2020-21,Tyler Herro,1629639,-4,29.666666666666668,17.666666666666668,5.0,0.446
2020-21,Tyler Herro,1629639,-3,33.0,23.5,1.5,0.6194999999999999
2020-21,Tyler Herro,1629639,-2,37.0,31.0,2.0,0.6
2020-21,Tyler Herro,1629639,0,32.0,11.0,3.0,0.3
2020-21,Tyler Herro,1629639,1,35.5,17.0,4.0,0.399
2020-21,Tyler Herro,1629639,2,33.666666666666664,13.0,3.0,0.3960000000000001
2020-21,Tyler Herro,1629639,3,32.0,17.0,2.0,0.462
2020-21,Tyler Herro,1629639,4,23.0,10.0,1.0,0.571
2020-21,Tyler Herro,1629639,5,27.0,13.0,2.3333333333333335,0.33499999999999996
2020-21,Tyler Herro,1629639,6,30.0,10.0,2.0,0.2833333333333334
2020-21,Tyler Herro,1629639,7,29.0,22.0,3.0,0.5
2020-21,Tyler Herro,1629639,8,29.666666666666668,14.666666666666666,4.333333333333333,0.45166666666666666
2020-21,Tyler Herro,1629639,10,36.0,22.5,3.5,0.641
2020-21,Tyler Herro,1629639,11,30.0,14.0,3.0,0.545
2020-21,Tyler Herro,1629639,12,25.0,22.0,4.0,0.615
2020-21,Tyler Herro,1629639,17,29.0,7.0,8.0,0.333
2020-21,Tyler Herro,1629639,19,29.0,14.0,4.0,0.4
2020-21,Tyler Herro,1629639,21,32.0,21.5,7.5,0.6535
2020-21,Tyler Johnson,204020,-44,24.0,7.0,0.0,0.286
2020-21,Tyler Johnson,204020,-17,23.0,0.0,1.0,0.0
2020-21,Tyler Johnson,204020,-14,24.0,4.0,1.0,0.286
2020-21,Tyler Johnson,204020,-7,22.0,8.5,2.5,0.3885
2020-21,Tyler Johnson,204020,-1,20.0,0.0,0.0,0.0
2020-21,Tyler Johnson,204020,3,21.0,15.0,1.0,0.714
2020-21,Tyler Johnson,204020,5,22.0,5.5,2.0,0.3145
2020-21,Tyler Johnson,204020,6,24.0,6.5,1.0,0.35
2020-21,Tyler Johnson,204020,9,27.0,8.0,4.0,0.375
2020-21,Tyler Johnson,204020,12,29.0,13.5,1.5,0.5
2020-21,Tyler Johnson,204020,17,28.5,13.0,1.5,0.444
2020-21,Tyrese Haliburton,1630169,-42,30.0,13.0,8.0,0.429
2020-21,Tyrese Haliburton,1630169,-21,26.333333333333332,8.333333333333334,3.3333333333333335,0.38233333333333336
2020-21,Tyrese Haliburton,1630169,-19,28.5,15.0,4.5,0.5165
2020-21,Tyrese Haliburton,1630169,-15,29.5,13.5,8.0,0.5625
2020-21,Tyrese Haliburton,1630169,-14,31.0,17.0,9.0,0.7
2020-21,Tyrese Haliburton,1630169,-12,25.0,3.0,2.5,0.333
2020-21,Tyrese Haliburton,1630169,-10,30.0,10.0,3.0,0.364
2020-21,Tyrese Haliburton,1630169,-9,24.0,8.0,4.0,0.3
2020-21,Tyrese Haliburton,1630169,-8,30.0,7.0,7.0,0.273
2020-21,Tyrese Haliburton,1630169,-7,29.5,14.5,5.5,0.4655
2020-21,Tyrese Haliburton,1630169,-6,32.333333333333336,13.666666666666666,6.333333333333333,0.4666666666666666
2020-21,Tyrese Haliburton,1630169,-5,30.0,12.5,5.0,0.34650000000000003
2020-21,Tyrese Haliburton,1630169,-4,24.5,11.5,1.0,0.579
2020-21,Tyrese Haliburton,1630169,-3,25.0,7.0,9.0,0.2
2020-21,Tyrese Haliburton,1630169,-2,34.0,23.0,8.0,0.625
2020-21,Tyrese Haliburton,1630169,-1,28.666666666666668,13.333333333333334,3.3333333333333335,0.5253333333333333
2020-21,Tyrese Haliburton,1630169,0,33.0,14.666666666666666,6.333333333333333,0.45566666666666666
2020-21,Tyrese Haliburton,1630169,1,30.2,14.8,5.0,0.499
2020-21,Tyrese Haliburton,1630169,2,35.0,16.0,7.666666666666667,0.5056666666666667
2020-21,Tyrese Haliburton,1630169,4,32.0,17.0,4.0,0.417
2020-21,Tyrese Haliburton,1630169,6,28.0,7.0,5.5,0.375
2020-21,Tyrese Haliburton,1630169,8,28.0,7.5,6.0,0.3335
2020-21,Tyrese Haliburton,1630169,9,33.0,9.0,7.0,0.444
2020-21,Tyrese Haliburton,1630169,11,36.0,28.0,2.0,0.733
2020-21,Tyrese Haliburton,1630169,12,36.333333333333336,20.0,8.666666666666666,0.5376666666666666
2020-21,Tyrese Haliburton,1630169,13,31.0,13.0,5.0,0.4095
2020-21,Tyrese Haliburton,1630169,20,27.5,14.0,8.0,0.5905
2020-21,Tyrese Haliburton,1630169,21,33.0,21.0,1.0,0.636
2020-21,Tyrese Maxey,1630178,-24,30.0,15.0,4.0,0.5
2020-21,Tyrese Maxey,1630178,-17,43.0,39.0,6.0,0.545
2020-21,Tyrese Maxey,1630178,-14,26.0,12.333333333333334,3.0,0.383
2020-21,Tyrese Maxey,1630178,-7,20.0,17.0,2.0,0.5
2020-21,Tyrese Maxey,1630178,-3,20.5,13.0,3.0,0.5125
2020-21,Tyrese Maxey,1630178,-2,25.0,15.0,1.0,0.6
2020-21,Tyrese Maxey,1630178,-1,21.0,10.0,0.0,0.556
2020-21,Tyrese Maxey,1630178,2,22.0,6.0,1.0,0.1925
2020-21,Tyrese Maxey,1630178,4,26.5,13.0,5.0,0.4495
2020-21,Tyrese Maxey,1630178,7,20.0,16.0,2.0,0.583
2020-21,Tyrese Maxey,1630178,11,21.5,7.0,5.0,0.2915
2020-21,Tyrese Maxey,1630178,16,34.0,30.0,6.0,0.579
2020-21,Tyrese Maxey,1630178,25,35.0,22.0,4.0,0.636
2020-21,Tyus Jones,1626145,-24,22.0,6.0,2.0,0.429
2020-21,Tyus Jones,1626145,-18,31.0,14.0,3.0,0.545
2020-21,Tyus Jones,1626145,-17,32.0,8.0,8.0,0.375
2020-21,Tyus Jones,1626145,-15,25.0,6.0,8.0,0.375
2020-21,Tyus Jones,1626145,-11,26.0,9.0,6.0,0.444
2020-21,Tyus Jones,1626145,-8,34.0,9.0,4.0,0.333
2020-21,Tyus Jones,1626145,-5,21.0,12.0,3.0,0.571
2020-21,Tyus Jones,1626145,-1,27.0,9.0,7.0,0.333
2020-21,Tyus Jones,1626145,1,30.0,11.0,10.0,0.417
2020-21,Tyus Jones,1626145,3,20.0,12.0,3.0,0.5
2020-21,Tyus Jones,1626145,7,21.0,8.0,8.0,0.444
2020-21,Tyus Jones,1626145,8,21.5,8.0,2.5,0.3145
2020-21,Tyus Jones,1626145,13,22.0,0.0,4.0,0.0
2020-21,Tyus Jones,1626145,17,22.0,11.0,3.0,0.625
2020-21,Tyus Jones,1626145,18,31.0,13.0,7.0,0.556
2020-21,Tyus Jones,1626145,23,27.0,11.0,14.0,0.556
2020-21,Tyus Jones,1626145,25,28.0,6.0,12.0,0.429
2020-21,Vernon Carey Jr.,1630176,14,34.0,21.0,1.0,0.643
2020-21,Victor Oladipo,203506,-23,36.0,33.0,5.0,0.36
2020-21,Victor Oladipo,203506,-22,31.0,26.0,4.0,0.391
2020-21,Victor Oladipo,203506,-18,33.0,18.5,4.0,0.40900000000000003
2020-21,Victor Oladipo,203506,-17,31.0,17.0,5.0,0.4
2020-21,Victor Oladipo,203506,-16,33.0,23.0,9.0,0.333
2020-21,Victor Oladipo,203506,-12,37.0,16.0,3.0,0.188
2020-21,Victor Oladipo,203506,-10,35.0,18.0,2.0,0.3
2020-21,Victor Oladipo,203506,-8,41.0,20.0,3.0,0.381
2020-21,Victor Oladipo,203506,-7,33.5,19.0,3.5,0.361
2020-21,Victor Oladipo,203506,-6,27.5,7.5,5.0,0.268
2020-21,Victor Oladipo,203506,-4,37.0,21.0,4.0,0.4
2020-21,Victor Oladipo,203506,-2,38.5,30.5,4.5,0.5395
2020-21,Victor Oladipo,203506,0,25.0,18.0,2.0,0.625
2020-21,Victor Oladipo,203506,1,32.5,14.5,3.5,0.2915
2020-21,Victor Oladipo,203506,3,26.0,19.0,5.5,0.44899999999999995
2020-21,Victor Oladipo,203506,4,31.75,21.75,4.75,0.40725
2020-21,Victor Oladipo,203506,5,34.0,23.0,5.333333333333333,0.5996666666666667
2020-21,Victor Oladipo,203506,8,30.0,23.5,3.5,0.569
2020-21,Victor Oladipo,203506,10,29.0,8.0,5.0,0.231
2020-21,Victor Oladipo,203506,21,29.0,15.5,7.5,0.366
2020-21,Vlatko Cancar,1628427,-16,20.0,8.0,1.0,0.5
2020-21,Vlatko Cancar,1628427,11,31.0,11.0,0.0,0.556
2020-21,Vlatko Cancar,1628427,22,22.0,4.0,1.0,0.333
2020-21,Wayne Ellington,201961,-20,24.0,3.0,2.0,0.143
2020-21,Wayne Ellington,201961,-18,28.0,10.0,5.0,0.333
2020-21,Wayne Ellington,201961,-17,23.0,12.0,0.0,0.556
2020-21,Wayne Ellington,201961,-14,28.0,17.0,2.0,0.667
2020-21,Wayne Ellington,201961,-11,33.0,16.0,3.0,0.455
2020-21,Wayne Ellington,201961,-9,20.0,9.0,1.0,0.6
2020-21,Wayne Ellington,201961,-8,26.2,13.4,1.8,0.522
2020-21,Wayne Ellington,201961,-7,23.0,7.0,1.0,0.375
2020-21,Wayne Ellington,201961,-6,20.0,11.0,0.0,0.4
2020-21,Wayne Ellington,201961,-5,21.0,6.0,2.0,0.286
2020-21,Wayne Ellington,201961,-3,20.5,5.5,1.5,0.3095
2020-21,Wayne Ellington,201961,-1,32.0,17.0,1.0,0.545
2020-21,Wayne Ellington,201961,2,22.0,9.0,1.0,0.333
2020-21,Wayne Ellington,201961,4,20.0,3.0,1.0,0.2
2020-21,Wayne Ellington,201961,5,26.0,9.0,1.0,0.375
2020-21,Wayne Ellington,201961,6,22.0,9.0,2.5,0.5285
2020-21,Wayne Ellington,201961,11,25.0,16.5,3.0,0.607
2020-21,Wayne Ellington,201961,12,26.0,9.0,0.0,0.6
2020-21,Wayne Ellington,201961,16,32.0,18.0,0.0,0.545
2020-21,Wayne Ellington,201961,18,26.0,25.0,0.0,0.727
2020-21,Wayne Ellington,201961,19,27.0,24.0,2.0,0.583
2020-21,Wayne Ellington,201961,24,28.0,20.0,2.0,0.583
2020-21,Wayne Ellington,201961,31,32.0,20.0,3.0,0.7
2020-21,Wendell Carter Jr.,1628976,-26,27.0,12.0,0.0,0.364
2020-21,Wendell Carter Jr.,1628976,-24,22.0,16.0,1.0,0.636
2020-21,Wendell Carter Jr.,1628976,-21,31.0,14.5,0.5,0.432
2020-21,Wendell Carter Jr.,1628976,-20,27.0,9.0,2.0,0.2
2020-21,Wendell Carter Jr.,1628976,-18,21.0,0.0,1.0,0.0
2020-21,Wendell Carter Jr.,1628976,-17,23.0,12.666666666666666,1.3333333333333333,0.49266666666666675
2020-21,Wendell Carter Jr.,1628976,-16,25.0,12.0,3.0,0.714
2020-21,Wendell Carter Jr.,1628976,-14,31.0,11.0,1.0,0.714
2020-21,Wendell Carter Jr.,1628976,-13,25.0,6.0,2.0,0.4
2020-21,Wendell Carter Jr.,1628976,-12,27.666666666666668,10.666666666666666,2.6666666666666665,0.48733333333333334
2020-21,Wendell Carter Jr.,1628976,-11,22.0,4.0,3.0,0.2
2020-21,Wendell Carter Jr.,1628976,-6,23.0,8.0,1.0,0.36650000000000005
2020-21,Wendell Carter Jr.,1628976,-5,24.0,2.0,2.0,0.333
2020-21,Wendell Carter Jr.,1628976,-4,28.25,14.0,2.75,0.6
2020-21,Wendell Carter Jr.,1628976,-3,27.5,13.5,3.0,0.5225
2020-21,Wendell Carter Jr.,1628976,-2,26.333333333333332,14.0,1.0,0.5926666666666667
2020-21,Wendell Carter Jr.,1628976,-1,25.0,10.8,1.4,0.5054000000000001
2020-21,Wendell Carter Jr.,1628976,0,25.0,23.0,3.0,0.6
2020-21,Wendell Carter Jr.,1628976,1,25.5,13.5,2.75,0.5235
2020-21,Wendell Carter Jr.,1628976,2,31.0,9.0,4.5,0.4365
2020-21,Wendell Carter Jr.,1628976,4,20.0,11.0,1.0,0.571
2020-21,Wendell Carter Jr.,1628976,5,25.0,12.5,1.0,0.5854999999999999
2020-21,Wendell Carter Jr.,1628976,12,30.0,21.0,2.0,0.615
2020-21,Wendell Carter Jr.,1628976,14,34.0,10.0,3.0,0.625
2020-21,Wendell Carter Jr.,1628976,17,22.0,9.0,2.0,0.5
2020-21,Wendell Carter Jr.,1628976,22,27.0,7.0,4.0,0.273
2020-21,Wenyen Gabriel,1629117,-8,26.0,7.0,1.0,0.6
2020-21,Wenyen Gabriel,1629117,3,30.0,14.0,2.0,0.455
2020-21,Wenyen Gabriel,1629117,6,20.0,4.0,0.0,0.25
2020-21,Wenyen Gabriel,1629117,13,21.0,12.0,0.0,0.429
2020-21,Wes Iwundu,1628411,-11,26.5,6.0,0.5,0.45199999999999996
2020-21,Wes Iwundu,1628411,-10,26.0,4.0,1.0,0.143
2020-21,Wes Iwundu,1628411,-8,24.5,6.5,1.5,0.5355
2020-21,Wes Iwundu,1628411,-7,22.0,1.0,0.0,0.0
2020-21,Wes Iwundu,1628411,-5,20.0,7.0,1.0,0.286
2020-21,Wes Iwundu,1628411,-2,20.0,6.0,0.0,0.6
2020-21,Wes Iwundu,1628411,0,21.0,2.0,1.0,0.0
2020-21,Wes Iwundu,1628411,1,27.0,11.0,0.0,0.75
2020-21,Wes Iwundu,1628411,3,24.0,2.0,1.0,0.0
2020-21,Wes Iwundu,1628411,9,20.0,3.0,1.0,0.333
2020-21,Wes Iwundu,1628411,17,32.0,0.0,1.0,0.0
2020-21,Wesley Matthews,202083,-17,22.0,3.0,0.0,0.143
2020-21,Wesley Matthews,202083,-11,25.0,0.0,2.0,0.0
2020-21,Wesley Matthews,202083,-8,27.0,6.5,1.0,0.3395
2020-21,Wesley Matthews,202083,-7,26.0,7.0,1.0,0.373
2020-21,Wesley Matthews,202083,-6,30.5,14.0,1.0,0.432
2020-21,Wesley Matthews,202083,-4,24.0,2.0,1.0,0.25
2020-21,Wesley Matthews,202083,-1,25.0,0.0,3.0,0.0
2020-21,Wesley Matthews,202083,1,23.333333333333332,5.666666666666667,0.6666666666666666,0.29633333333333334
2020-21,Wesley Matthews,202083,3,27.0,14.0,1.0,0.714
2020-21,Wesley Matthews,202083,6,30.0,10.0,1.0,0.4
2020-21,Wesley Matthews,202083,8,21.5,10.5,0.0,0.5835
2020-21,Wesley Matthews,202083,9,22.0,3.0,2.0,0.5
2020-21,Wesley Matthews,202083,10,26.0,16.0,1.0,0.714
2020-21,Wesley Matthews,202083,13,33.0,9.0,1.0,0.6
2020-21,Wesley Matthews,202083,14,23.0,8.0,1.0,0.429
2020-21,Wesley Matthews,202083,16,22.0,3.0,2.0,0.0
2020-21,Wesley Matthews,202083,17,23.0,3.0,0.0,0.2
2020-21,Wesley Matthews,202083,19,21.5,6.0,0.0,0.3095
2020-21,Wesley Matthews,202083,20,24.0,6.0,1.0,0.4
2020-21,Will Barton,203115,-20,23.0,0.0,0.0,0.0
2020-21,Will Barton,203115,-19,38.0,24.0,4.0,0.563
2020-21,Will Barton,203115,-13,37.0,22.0,1.0,0.571
2020-21,Will Barton,203115,-12,33.0,16.5,3.0,0.6615
2020-21,Will Barton,203115,-11,26.333333333333332,10.333333333333334,2.0,0.47333333333333333
2020-21,Will Barton,203115,-10,34.0,8.0,2.0,0.429
2020-21,Will Barton,203115,-9,28.0,12.0,2.0,0.2355
2020-21,Will Barton,203115,-8,36.0,9.0,4.0,0.375
2020-21,Will Barton,203115,-6,26.0,6.0,5.0,0.222
2020-21,Will Barton,203115,-5,33.0,17.0,2.0,0.5
2020-21,Will Barton,203115,-4,28.333333333333332,10.0,3.6666666666666665,0.3336666666666666
2020-21,Will Barton,203115,-2,26.333333333333332,2.6666666666666665,3.6666666666666665,0.10333333333333333
2020-21,Will Barton,203115,-1,44.0,28.0,7.0,0.421
2020-21,Will Barton,203115,0,29.0,12.0,2.5,0.42200000000000004
2020-21,Will Barton,203115,1,27.0,10.5,4.0,0.362
2020-21,Will Barton,203115,2,30.0,4.0,3.5,0.1965
2020-21,Will Barton,203115,3,36.5,13.5,5.5,0.35050000000000003
2020-21,Will Barton,203115,4,33.0,14.0,4.0,0.385
2020-21,Will Barton,203115,5,32.0,17.0,3.0,0.4
2020-21,Will Barton,203115,8,40.0,16.0,3.0,0.4
2020-21,Will Barton,203115,9,35.0,16.5,3.0,0.4425
2020-21,Will Barton,203115,10,36.0,17.0,1.0,0.429
2020-21,Will Barton,203115,12,27.5,12.5,2.5,0.47750000000000004
2020-21,Will Barton,203115,13,32.5,16.5,4.25,0.5475
2020-21,Will Barton,203115,15,29.75,14.5,5.0,0.504
2020-21,Will Barton,203115,16,31.5,9.5,2.5,0.3165
2020-21,Will Barton,203115,18,35.0,16.0,4.0,0.38
2020-21,Will Barton,203115,19,36.0,24.0,4.0,0.625
2020-21,Will Barton,203115,23,34.0,14.0,2.5,0.43300000000000005
2020-21,Will Barton,203115,25,22.0,11.0,0.0,0.417
2020-21,Will Barton,203115,27,27.0,15.0,5.0,0.5
2020-21,Will Barton,203115,29,26.0,16.0,0.0,0.7
2020-21,Willie Cauley-Stein,1626161,-4,25.0,7.5,0.0,0.8125
2020-21,Willie Cauley-Stein,1626161,-3,25.333333333333332,5.666666666666667,1.0,0.438
2020-21,Willie Cauley-Stein,1626161,-1,20.0,6.0,2.0,0.5
2020-21,Willie Cauley-Stein,1626161,2,20.0,4.0,0.0,0.333
2020-21,Willie Cauley-Stein,1626161,4,24.5,5.5,1.5,0.7
2020-21,Willie Cauley-Stein,1626161,5,29.0,14.0,2.0,0.875
2020-21,Willie Cauley-Stein,1626161,6,26.0,8.0,0.0,0.667
2020-21,Willie Cauley-Stein,1626161,7,29.0,4.0,2.0,1.0
2020-21,Willie Cauley-Stein,1626161,15,22.0,3.0,1.0,0.5
2020-21,Willie Cauley-Stein,1626161,17,26.0,2.0,1.0,0.0
2020-21,Willie Cauley-Stein,1626161,18,27.5,13.0,1.5,0.6425
2020-21,Willie Cauley-Stein,1626161,19,23.0,14.0,0.0,0.833
2020-21,Willie Cauley-Stein,1626161,41,23.0,6.0,0.0,0.75
2020-21,Willy Hernangomez,1626195,-17,25.0,10.0,1.0,0.8
2020-21,Willy Hernangomez,1626195,-16,29.0,19.0,1.0,0.727
2020-21,Willy Hernangomez,1626195,-13,21.0,9.0,0.0,0.444
2020-21,Willy Hernangomez,1626195,-9,22.0,6.0,2.0,0.3
2020-21,Willy Hernangomez,1626195,-7,23.5,13.0,4.5,0.4645
2020-21,Willy Hernangomez,1626195,-5,21.0,9.0,1.0,0.5
2020-21,Willy Hernangomez,1626195,-4,21.0,8.0,3.0,0.8
2020-21,Willy Hernangomez,1626195,-3,23.0,9.0,1.0,0.5
2020-21,Willy Hernangomez,1626195,-1,23.333333333333332,10.666666666666666,2.3333333333333335,0.552
2020-21,Willy Hernangomez,1626195,1,20.0,10.0,0.0,0.8
2020-21,Willy Hernangomez,1626195,2,23.0,7.0,0.0,0.6
2020-21,Willy Hernangomez,1626195,3,28.0,13.0,2.0,0.545
2020-21,Willy Hernangomez,1626195,4,25.0,15.0,1.0,1.0
2020-21,Willy Hernangomez,1626195,7,28.0,13.0,1.0,0.625
2020-21,Willy Hernangomez,1626195,8,29.0,11.0,0.0,0.385
2020-21,Willy Hernangomez,1626195,10,24.0,14.0,4.0,0.625
2020-21,Willy Hernangomez,1626195,11,20.0,8.0,1.0,0.444
2020-21,Willy Hernangomez,1626195,14,30.0,12.0,0.0,0.714
2020-21,Willy Hernangomez,1626195,16,27.0,12.0,0.0,0.571
2020-21,Xavier Tillman,1630214,-20,22.0,12.0,2.0,0.5
2020-21,Xavier Tillman,1630214,-17,20.0,2.0,2.0,1.0
2020-21,Xavier Tillman,1630214,-12,28.0,8.0,2.0,0.5
2020-21,Xavier Tillman,1630214,-11,24.0,9.0,0.0,0.333
2020-21,Xavier Tillman,1630214,-10,21.0,5.5,1.0,0.381
2020-21,Xavier Tillman,1630214,-7,28.0,12.0,1.0,0.625
2020-21,Xavier Tillman,1630214,-5,22.0,12.0,1.0,0.75
2020-21,Xavier Tillman,1630214,-4,28.0,5.0,1.0,0.4
2020-21,Xavier Tillman,1630214,-3,41.0,18.0,1.0,0.583
2020-21,Xavier Tillman,1630214,-2,28.0,11.0,3.0,0.556
2020-21,Xavier Tillman,1630214,-1,23.0,9.0,2.0,0.667
2020-21,Xavier Tillman,1630214,2,21.0,15.0,2.0,0.7
2020-21,Xavier Tillman,1630214,3,31.0,16.0,1.0,0.875
2020-21,Xavier Tillman,1630214,4,21.0,6.0,3.0,0.375
2020-21,Xavier Tillman,1630214,5,23.0,13.0,1.3333333333333333,0.578
2020-21,Xavier Tillman,1630214,6,20.0,11.0,0.0,0.714
2020-21,Xavier Tillman,1630214,18,23.0,10.0,1.0,0.667
2020-21,Xavier Tillman,1630214,19,23.0,4.0,5.0,0.4
2020-21,Yogi Ferrell,1627812,-10,26.0,8.0,4.0,0.2665
2020-21,Yogi Ferrell,1627812,-7,26.0,14.0,2.0,0.417
2020-21,Yogi Ferrell,1627812,15,20.0,8.0,7.0,0.333
2020-21,Yuta Watanabe,1629139,-14,24.0,11.0,0.0,0.5
2020-21,Yuta Watanabe,1629139,-13,30.0,6.0,1.0,0.333
2020-21,Yuta Watanabe,1629139,-7,21.0,8.0,3.0,0.333
2020-21,Yuta Watanabe,1629139,-2,29.0,10.0,4.0,0.5
2020-21,Yuta Watanabe,1629139,0,21.0,3.0,2.0,0.143
2020-21,Yuta Watanabe,1629139,6,22.0,14.0,1.0,0.857
2020-21,Yuta Watanabe,1629139,9,26.0,21.0,2.0,0.636
2020-21,Yuta Watanabe,1629139,10,24.0,12.0,2.0,0.8
2020-21,Zach LaVine,203897,-26,25.0,22.0,1.0,0.474
2020-21,Zach LaVine,203897,-25,27.0,16.0,2.0,0.438
2020-21,Zach LaVine,203897,-21,34.0,30.0,3.0,0.579
2020-21,Zach LaVine,203897,-20,29.5,20.0,3.5,0.456
2020-21,Zach LaVine,203897,-17,31.0,22.0,3.5,0.462
2020-21,Zach LaVine,203897,-15,32.0,19.0,7.0,0.438
2020-21,Zach LaVine,203897,-14,39.0,28.0,5.0,0.485
2020-21,Zach LaVine,203897,-13,37.0,30.0,5.0,0.321
2020-21,Zach LaVine,203897,-12,32.0,19.0,3.6666666666666665,0.36833333333333335
2020-21,Zach LaVine,203897,-10,34.5,32.5,2.5,0.5595
2020-21,Zach LaVine,203897,-9,37.0,30.0,6.0,0.625
2020-21,Zach LaVine,203897,-8,37.0,24.0,7.0,0.476
2020-21,Zach LaVine,203897,-7,36.5,28.0,7.5,0.4095
2020-21,Zach LaVine,203897,-5,33.0,30.0,3.5,0.439
2020-21,Zach LaVine,203897,-4,38.5,33.5,2.5,0.6045
2020-21,Zach LaVine,203897,-3,36.8,36.0,6.4,0.5326
2020-21,Zach LaVine,203897,-2,36.0,26.0,8.0,0.429
2020-21,Zach LaVine,203897,-1,34.5,26.5,3.5,0.5
2020-21,Zach LaVine,203897,1,37.333333333333336,26.666666666666668,6.333333333333333,0.48
2020-21,Zach LaVine,203897,2,34.0,24.0,2.0,0.533
2020-21,Zach LaVine,203897,4,32.0,25.0,2.0,0.417
2020-21,Zach LaVine,203897,5,37.5,29.5,4.5,0.5055
2020-21,Zach LaVine,203897,6,36.0,32.5,4.5,0.655
2020-21,Zach LaVine,203897,8,33.666666666666664,25.333333333333332,5.666666666666667,0.586
2020-21,Zach LaVine,203897,9,38.0,30.0,7.0,0.5
2020-21,Zach LaVine,203897,11,34.5,16.5,8.0,0.2625
2020-21,Zach LaVine,203897,12,32.0,18.0,1.0,0.375
2020-21,Zach LaVine,203897,15,35.0,37.0,5.5,0.6910000000000001
2020-21,Zach LaVine,203897,16,34.0,17.0,4.5,0.36650000000000005
2020-21,Zach LaVine,203897,19,35.0,30.0,6.0,0.625
2020-21,Zach LaVine,203897,20,37.0,34.0,8.5,0.5900000000000001
2020-21,Zach LaVine,203897,26,33.0,39.0,4.0,0.64
2020-21,Zach LaVine,203897,36,30.5,30.5,4.0,0.625
2020-21,Zeke Nnaji,1630192,-18,26.0,2.0,0.0,0.333
2020-21,Zeke Nnaji,1630192,-6,29.0,7.0,1.0,0.6
2020-21,Zeke Nnaji,1630192,0,20.0,8.0,2.0,0.429
2020-21,Zeke Nnaji,1630192,9,23.0,16.0,0.0,0.714
2020-21,Zeke Nnaji,1630192,10,23.0,10.0,0.0,0.5
2020-21,Zion Williamson,1629627,-29,30.0,24.0,2.0,0.692
2020-21,Zion Williamson,1629627,-27,28.0,20.0,0.0,0.692
2020-21,Zion Williamson,1629627,-24,22.0,16.0,6.0,0.333
2020-21,Zion Williamson,1629627,-21,34.0,27.0,2.0,0.643
2020-21,Zion Williamson,1629627,-15,34.0,21.0,4.0,0.474
2020-21,Zion Williamson,1629627,-14,29.0,26.0,4.0,0.579
2020-21,Zion Williamson,1629627,-13,36.333333333333336,27.666666666666668,2.6666666666666665,0.5256666666666666
2020-21,Zion Williamson,1629627,-12,35.333333333333336,29.0,4.666666666666667,0.653
2020-21,Zion Williamson,1629627,-11,37.0,34.0,6.0,0.577
2020-21,Zion Williamson,1629627,-9,32.0,29.0,1.0,0.706
2020-21,Zion Williamson,1629627,-8,35.0,32.0,3.0,0.737
2020-21,Zion Williamson,1629627,-7,35.5,31.5,2.0,0.667
2020-21,Zion Williamson,1629627,-6,33.5,23.5,1.5,0.5145
2020-21,Zion Williamson,1629627,-4,33.5,26.0,3.5,0.5785
2020-21,Zion Williamson,1629627,-3,33.0,29.0,4.5,0.6695
2020-21,Zion Williamson,1629627,-2,38.0,33.0,2.0,0.565
2020-21,Zion Williamson,1629627,-1,36.0,27.666666666666668,1.6666666666666667,0.5183333333333334
2020-21,Zion Williamson,1629627,0,38.0,28.0,4.5,0.556
2020-21,Zion Williamson,1629627,2,33.0,30.333333333333332,5.333333333333333,0.5413333333333333
2020-21,Zion Williamson,1629627,3,31.0,32.0,5.0,0.722
2020-21,Zion Williamson,1629627,4,33.0,27.5,3.5,0.6415
2020-21,Zion Williamson,1629627,6,29.5,18.0,1.5,0.6245
2020-21,Zion Williamson,1629627,7,36.0,38.0,4.0,0.727
2020-21,Zion Williamson,1629627,8,32.0,21.0,1.0,0.583
2020-21,Zion Williamson,1629627,9,38.0,30.0,4.0,0.619
2020-21,Zion Williamson,1629627,10,34.0,21.0,7.0,0.538
2020-21,Zion Williamson,1629627,11,30.0,23.0,5.0,0.727
2020-21,Zion Williamson,1629627,12,29.5,24.5,5.5,0.6565
2020-21,Zion Williamson,1629627,13,38.0,39.0,5.0,0.842
2020-21,Zion Williamson,1629627,14,36.333333333333336,32.333333333333336,5.0,0.8016666666666666
2020-21,Zion Williamson,1629627,15,37.0,23.0,7.0,0.471
2020-21,Zion Williamson,1629627,16,34.0,38.0,6.0,0.65
2020-21,Zion Williamson,1629627,18,35.0,24.0,2.0,0.474
2020-21,Zion Williamson,1629627,19,34.0,27.0,6.0,0.5
2020-21,Zion Williamson,1629627,20,22.0,23.0,2.0,0.75
2020-21,Zion Williamson,1629627,24,32.0,27.0,5.0,0.813
2020-21,Zion Williamson,1629627,25,28.0,27.0,5.0,0.692
2020-21,Zion Williamson,1629627,29,20.0,20.0,7.0,0.6
2020-21,Zion Williamson,1629627,37,32.0,28.0,6.0,0.857
