season_year,personName,personId,plusMinusPoints,minutes,points,assists,fieldGoalsPercentage
2021-22,Aaron Gordon,203932,-28,27.0,8.0,1.0,0.333
2021-22,Aaron Gordon,203932,-27,27.0,9.0,0.0,0.333
2021-22,Aaron Gordon,203932,-18,21.0,13.0,0.0,0.6
2021-22,Aaron Gordon,203932,-16,29.5,16.0,3.5,0.5275
2021-22,Aaron Gordon,203932,-15,33.5,17.0,3.5,0.55
2021-22,Aaron Gordon,203932,-14,34.0,16.5,2.0,0.639
2021-22,Aaron Gordon,203932,-13,20.0,7.0,2.0,0.5
2021-22,Aaron Gordon,203932,-12,31.5,10.5,2.0,0.369
2021-22,Aaron Gordon,203932,-11,33.0,21.0,0.0,0.625
2021-22,Aaron Gordon,203932,-7,32.0,20.0,2.5,0.595
2021-22,Aaron Gordon,203932,-6,33.0,17.0,2.0,0.533
2021-22,Aaron Gordon,203932,-5,28.0,15.0,1.0,0.5
2021-22,Aaron Gordon,203932,-4,35.0,25.0,3.0,0.75
2021-22,Aaron Gordon,203932,-2,29.5,9.5,1.0,0.33599999999999997
2021-22,Aaron Gordon,203932,-1,29.0,12.5,1.0,0.596
2021-22,Aaron Gordon,203932,0,37.0,17.0,3.0,0.583
2021-22,Aaron Gordon,203932,1,31.333333333333332,15.333333333333334,2.3333333333333335,0.6549999999999999
2021-22,Aaron Gordon,203932,2,30.0,13.0,2.25,0.3655
2021-22,Aaron Gordon,203932,3,32.75,12.75,2.25,0.49225
2021-22,Aaron Gordon,203932,5,29.0,10.666666666666666,1.0,0.6
2021-22,Aaron Gordon,203932,6,33.5,16.25,1.75,0.54275
2021-22,Aaron Gordon,203932,7,30.5,15.0,2.0,0.4645
2021-22,Aaron Gordon,203932,8,31.5,16.0,4.5,0.5445
2021-22,Aaron Gordon,203932,9,30.0,17.5,3.5,0.631
2021-22,Aaron Gordon,203932,10,35.0,18.5,4.0,0.501
2021-22,Aaron Gordon,203932,11,29.5,7.0,3.0,0.39649999999999996
2021-22,Aaron Gordon,203932,12,27.0,6.5,4.5,0.45
2021-22,Aaron Gordon,203932,13,28.333333333333332,13.666666666666666,2.0,0.47466666666666674
2021-22,Aaron Gordon,203932,14,36.0,17.0,3.0,0.5035000000000001
2021-22,Aaron Gordon,203932,17,34.0,22.0,2.0,0.636
2021-22,Aaron Gordon,203932,18,34.333333333333336,18.333333333333332,4.0,0.5936666666666667
2021-22,Aaron Gordon,203932,20,31.5,18.5,4.5,0.474
2021-22,Aaron Gordon,203932,21,43.0,28.0,3.0,0.625
2021-22,Aaron Gordon,203932,22,29.0,12.0,4.0,0.833
2021-22,Aaron Gordon,203932,24,28.333333333333332,19.0,1.0,0.5753333333333334
2021-22,Aaron Gordon,203932,26,31.0,12.0,2.0,0.4
2021-22,Aaron Gordon,203932,28,32.0,16.0,4.0,0.538
2021-22,Aaron Gordon,203932,29,32.0,17.0,7.0,0.429
2021-22,Aaron Holiday,1628988,-23,27.0,8.0,1.0,0.5
2021-22,Aaron Holiday,1628988,-18,22.0,11.0,3.0,0.5
2021-22,Aaron Holiday,1628988,-16,26.0,12.0,1.0,0.545
2021-22,Aaron Holiday,1628988,-12,21.0,5.0,3.0,0.222
2021-22,Aaron Holiday,1628988,-9,29.0,4.0,5.0,0.286
2021-22,Aaron Holiday,1628988,-8,34.0,11.0,4.0,0.556
2021-22,Aaron Holiday,1628988,-6,24.0,12.0,5.0,0.444
2021-22,Aaron Holiday,1628988,-5,21.0,11.0,5.0,0.556
2021-22,Aaron Holiday,1628988,-2,25.0,7.0,2.0,0.333
2021-22,Aaron Holiday,1628988,0,33.0,10.0,5.0,0.176
2021-22,Aaron Holiday,1628988,4,24.0,8.0,3.5,0.375
2021-22,Aaron Holiday,1628988,7,28.0,16.0,5.0,0.545
2021-22,Aaron Holiday,1628988,9,24.0,7.0,4.0,0.5
2021-22,Aaron Holiday,1628988,11,20.5,10.0,5.0,0.619
2021-22,Aaron Holiday,1628988,12,20.0,6.0,3.0,0.4
2021-22,Aaron Holiday,1628988,13,22.0,9.0,7.0,0.4
2021-22,Aaron Holiday,1628988,16,24.0,12.0,5.0,1.0
2021-22,Aaron Holiday,1628988,19,27.0,9.0,9.0,0.333
2021-22,Aaron Nesmith,1630174,-12,20.0,0.0,0.0,0.0
2021-22,Aaron Nesmith,1630174,-1,38.0,13.0,1.0,0.625
2021-22,Aaron Nesmith,1630174,5,26.0,0.0,1.0,0.0
2021-22,Aaron Nesmith,1630174,7,22.0,11.0,0.0,0.375
2021-22,Aaron Nesmith,1630174,11,22.0,5.0,1.0,0.5
2021-22,Aaron Nesmith,1630174,24,23.0,18.0,0.0,0.667
2021-22,Aaron Nesmith,1630174,29,22.0,11.0,3.0,0.5
2021-22,Aaron Wiggins,1630598,-23,22.0,4.0,0.0,0.5
2021-22,Aaron Wiggins,1630598,-21,38.0,25.0,5.0,0.474
2021-22,Aaron Wiggins,1630598,-19,28.666666666666668,5.666666666666667,0.6666666666666666,0.28833333333333333
2021-22,Aaron Wiggins,1630598,-18,30.0,8.666666666666666,2.6666666666666665,0.295
2021-22,Aaron Wiggins,1630598,-17,33.0,13.0,3.0,0.444
2021-22,Aaron Wiggins,1630598,-16,21.0,6.0,0.0,0.429
2021-22,Aaron Wiggins,1630598,-15,29.0,13.0,1.0,0.5135
2021-22,Aaron Wiggins,1630598,-11,33.0,2.0,3.0,0.2
2021-22,Aaron Wiggins,1630598,-10,21.0,8.0,0.0,0.375
2021-22,Aaron Wiggins,1630598,-9,28.5,8.0,2.0,0.479
2021-22,Aaron Wiggins,1630598,-8,23.0,8.0,1.0,0.667
2021-22,Aaron Wiggins,1630598,-7,38.0,22.0,1.0,0.526
2021-22,Aaron Wiggins,1630598,-6,29.0,17.0,1.0,0.714
2021-22,Aaron Wiggins,1630598,-4,26.0,5.5,2.0,0.325
2021-22,Aaron Wiggins,1630598,-3,26.0,5.0,1.0,0.25
2021-22,Aaron Wiggins,1630598,0,32.0,24.0,1.0,0.8
2021-22,Aaron Wiggins,1630598,1,34.0,19.0,4.5,0.4715
2021-22,Aaron Wiggins,1630598,3,37.0,10.0,0.0,0.4
2021-22,Aaron Wiggins,1630598,5,30.0,8.0,0.0,0.667
2021-22,Aaron Wiggins,1630598,6,23.5,6.0,0.5,0.3335
2021-22,Aaron Wiggins,1630598,7,24.5,12.5,2.5,0.5835
2021-22,Aaron Wiggins,1630598,8,28.0,7.0,2.0,0.375
2021-22,Aaron Wiggins,1630598,13,25.0,14.0,0.0,0.625
2021-22,Aaron Wiggins,1630598,15,26.0,11.0,1.5,0.5
2021-22,Admiral Schofield,1629678,-26,22.0,6.0,2.0,0.25
2021-22,Admiral Schofield,1629678,-18,20.0,10.0,1.0,0.5
2021-22,Admiral Schofield,1629678,-8,26.0,6.0,1.0,0.429
2021-22,Admiral Schofield,1629678,-4,20.0,7.0,0.0,0.667
2021-22,Admiral Schofield,1629678,6,20.0,5.0,1.0,0.5
2021-22,Admiral Schofield,1629678,10,21.0,8.0,0.0,0.5
2021-22,Admiral Schofield,1629678,12,22.0,6.0,3.0,0.4
2021-22,Admiral Schofield,1629678,14,25.0,8.0,2.0,1.0
2021-22,Al Horford,201143,-29,25.0,4.0,1.0,0.25
2021-22,Al Horford,201143,-20,24.0,8.0,3.0,0.375
2021-22,Al Horford,201143,-19,29.0,9.0,3.0,0.25
2021-22,Al Horford,201143,-18,34.0,21.0,9.0,0.533
2021-22,Al Horford,201143,-14,33.0,6.0,4.0,0.333
2021-22,Al Horford,201143,-10,28.666666666666668,13.0,2.3333333333333335,0.47400000000000003
2021-22,Al Horford,201143,-7,24.0,11.0,2.0,0.417
2021-22,Al Horford,201143,-6,24.0,10.0,2.0,0.455
2021-22,Al Horford,201143,-5,27.0,6.5,6.0,0.25
2021-22,Al Horford,201143,-4,26.0,14.0,3.0,0.455
2021-22,Al Horford,201143,-3,29.5,18.0,4.5,0.678
2021-22,Al Horford,201143,-2,32.333333333333336,12.333333333333334,4.333333333333333,0.5803333333333333
2021-22,Al Horford,201143,-1,31.0,10.5,1.0,0.46099999999999997
2021-22,Al Horford,201143,0,24.0,8.0,3.0,0.5
2021-22,Al Horford,201143,1,30.333333333333332,13.0,3.6666666666666665,0.48066666666666663
2021-22,Al Horford,201143,2,31.5,9.0,2.5,0.375
2021-22,Al Horford,201143,4,29.428571428571427,8.428571428571429,4.0,0.4248571428571429
2021-22,Al Horford,201143,5,28.0,8.0,2.0,0.5835
2021-22,Al Horford,201143,6,29.5,10.0,3.5,0.49250000000000005
2021-22,Al Horford,201143,8,27.0,11.0,4.0,0.5346666666666666
2021-22,Al Horford,201143,9,33.5,5.0,4.0,0.15
2021-22,Al Horford,201143,10,31.5,13.0,3.5,0.43900000000000006
2021-22,Al Horford,201143,11,34.0,11.0,7.0,0.5
2021-22,Al Horford,201143,12,34.0,10.0,3.0,0.5
2021-22,Al Horford,201143,13,25.0,9.0,1.0,0.7083333333333334
2021-22,Al Horford,201143,14,26.0,12.0,7.0,0.333
2021-22,Al Horford,201143,16,36.0,8.0,3.0,0.667
2021-22,Al Horford,201143,17,27.0,8.0,4.0,0.5
2021-22,Al Horford,201143,18,34.0,19.0,3.0,0.4165
2021-22,Al Horford,201143,19,22.0,3.0,2.0,0.111
2021-22,Al Horford,201143,20,31.0,9.0,3.0,0.6
2021-22,Al Horford,201143,22,24.0,11.0,4.0,0.444
2021-22,Al Horford,201143,23,30.0,11.5,1.5,0.7
2021-22,Al Horford,201143,24,31.0,14.0,2.0,0.444
2021-22,Al Horford,201143,25,32.5,10.5,3.0,0.472
2021-22,Al Horford,201143,26,28.0,13.0,5.0,0.5
2021-22,Al Horford,201143,31,22.0,9.0,7.0,0.375
2021-22,Al Horford,201143,34,29.0,10.0,6.0,0.444
2021-22,Alec Burks,202692,-19,33.0,6.0,0.0,0.333
2021-22,Alec Burks,202692,-17,31.0,15.0,1.0,0.375
2021-22,Alec Burks,202692,-16,31.0,11.5,0.5,0.3185
2021-22,Alec Burks,202692,-14,32.5,7.0,5.5,0.202
2021-22,Alec Burks,202692,-13,27.0,11.0,1.0,0.333
2021-22,Alec Burks,202692,-12,32.0,14.0,2.5,0.4655
2021-22,Alec Burks,202692,-11,37.0,21.5,5.0,0.487
2021-22,Alec Burks,202692,-10,34.333333333333336,14.333333333333334,2.6666666666666665,0.325
2021-22,Alec Burks,202692,-9,27.666666666666668,10.666666666666666,2.0,0.5133333333333333
2021-22,Alec Burks,202692,-8,20.0,8.0,4.0,0.25
2021-22,Alec Burks,202692,-7,33.666666666666664,12.0,3.6666666666666665,0.29533333333333334
2021-22,Alec Burks,202692,-6,28.0,15.5,3.5,0.5315
2021-22,Alec Burks,202692,-5,24.666666666666668,10.333333333333334,2.6666666666666665,0.333
2021-22,Alec Burks,202692,-4,29.0,13.0,0.0,0.5
2021-22,Alec Burks,202692,-3,29.5,15.0,2.0,0.5835
2021-22,Alec Burks,202692,-2,37.0,3.0,7.0,0.1
2021-22,Alec Burks,202692,-1,36.0,1.0,5.0,0.0
2021-22,Alec Burks,202692,1,27.0,15.0,3.5,0.5895
2021-22,Alec Burks,202692,2,29.333333333333332,15.333333333333334,2.0,0.4373333333333333
2021-22,Alec Burks,202692,3,29.0,12.666666666666666,2.0,0.3203333333333333
2021-22,Alec Burks,202692,4,25.0,15.0,4.0,0.5236666666666666
2021-22,Alec Burks,202692,7,30.5,8.5,4.5,0.2925
2021-22,Alec Burks,202692,8,33.5,11.5,3.0,0.30000000000000004
2021-22,Alec Burks,202692,9,23.0,11.0,1.6666666666666667,0.35533333333333333
2021-22,Alec Burks,202692,10,34.5,20.5,1.5,0.487
2021-22,Alec Burks,202692,11,35.0,17.0,8.0,0.5
2021-22,Alec Burks,202692,12,35.0,16.0,6.0,0.556
2021-22,Alec Burks,202692,13,36.0,11.0,3.0,0.3
2021-22,Alec Burks,202692,15,33.0,17.0,3.0,0.455
2021-22,Alec Burks,202692,18,27.0,10.0,2.0,0.333
2021-22,Alec Burks,202692,24,37.0,7.5,6.0,0.39649999999999996
2021-22,Alec Burks,202692,25,29.0,13.5,4.5,0.389
2021-22,Alec Burks,202692,26,36.0,12.5,5.5,0.265
2021-22,Alec Burks,202692,28,26.0,34.0,2.0,0.706
2021-22,Alec Burks,202692,44,32.0,19.0,6.0,0.857
2021-22,Aleem Ford,1630758,-12,21.0,4.0,1.0,0.333
2021-22,Aleksej Pokusevski,1630197,-13,27.5,15.0,6.5,0.4545
2021-22,Aleksej Pokusevski,1630197,-12,26.0,12.0,2.0,0.4
2021-22,Aleksej Pokusevski,1630197,-11,25.0,9.0,5.0,0.333
2021-22,Aleksej Pokusevski,1630197,-8,31.5,14.0,3.0,0.5975
2021-22,Aleksej Pokusevski,1630197,-7,20.0,7.0,2.0,0.6
2021-22,Aleksej Pokusevski,1630197,-3,26.0,12.0,3.0,0.556
2021-22,Aleksej Pokusevski,1630197,-2,31.0,11.0,4.0,0.354
2021-22,Aleksej Pokusevski,1630197,-1,23.0,4.0,3.0,0.2
2021-22,Aleksej Pokusevski,1630197,0,25.0,12.5,1.0,0.518
2021-22,Aleksej Pokusevski,1630197,2,27.666666666666668,13.0,6.0,0.4026666666666667
2021-22,Aleksej Pokusevski,1630197,4,27.0,10.0,4.0,0.375
2021-22,Aleksej Pokusevski,1630197,5,21.0,3.0,2.0,0.333
2021-22,Aleksej Pokusevski,1630197,6,41.0,11.0,11.0,0.364
2021-22,Aleksej Pokusevski,1630197,7,28.0,9.0,1.0,0.333
2021-22,Aleksej Pokusevski,1630197,8,27.0,16.0,1.0,0.714
2021-22,Aleksej Pokusevski,1630197,10,23.5,10.5,2.0,0.35250000000000004
2021-22,Aleksej Pokusevski,1630197,13,29.0,6.0,4.0,0.3
2021-22,Aleksej Pokusevski,1630197,17,31.0,7.0,5.0,0.15
2021-22,Aleksej Pokusevski,1630197,21,29.0,9.0,3.0,0.444
2021-22,Alex Caruso,1627936,-21,27.0,11.0,2.0,0.429
2021-22,Alex Caruso,1627936,-19,25.0,8.0,3.0,0.429
2021-22,Alex Caruso,1627936,-16,23.0,2.0,6.5,0.2
2021-22,Alex Caruso,1627936,-14,32.0,9.0,4.0,0.429
2021-22,Alex Caruso,1627936,-13,25.0,2.0,1.0,0.2
2021-22,Alex Caruso,1627936,-11,28.0,3.0,4.5,0.2
2021-22,Alex Caruso,1627936,-10,27.0,6.0,2.0,0.286
2021-22,Alex Caruso,1627936,-9,22.5,3.5,3.5,0.25
2021-22,Alex Caruso,1627936,-7,30.5,6.0,2.0,0.3125
2021-22,Alex Caruso,1627936,-6,32.0,15.0,2.0,0.6
2021-22,Alex Caruso,1627936,-4,27.0,6.0,5.0,0.4
2021-22,Alex Caruso,1627936,-3,22.0,16.0,1.0,0.857
2021-22,Alex Caruso,1627936,-2,25.0,14.0,7.0,0.714
2021-22,Alex Caruso,1627936,-1,31.0,6.0,6.0,0.5
2021-22,Alex Caruso,1627936,1,30.0,3.0,2.0,0.25
2021-22,Alex Caruso,1627936,2,23.0,7.0,4.0,0.273
2021-22,Alex Caruso,1627936,3,34.0,22.0,6.0,0.75
2021-22,Alex Caruso,1627936,5,37.0,12.0,9.0,0.333
2021-22,Alex Caruso,1627936,7,32.0,10.0,6.0,0.4
2021-22,Alex Caruso,1627936,8,37.0,17.0,2.0,0.545
2021-22,Alex Caruso,1627936,9,26.5,7.5,3.5,0.45825
2021-22,Alex Caruso,1627936,15,33.0,7.0,7.0,0.375
2021-22,Alex Caruso,1627936,16,38.0,7.0,5.0,0.182
2021-22,Alex Caruso,1627936,17,31.0,7.0,5.0,0.286
2021-22,Alex Caruso,1627936,18,30.0,9.5,4.5,0.425
2021-22,Alex Caruso,1627936,21,26.5,7.5,6.0,0.34299999999999997
2021-22,Alex Caruso,1627936,22,28.0,9.0,3.0,0.571
2021-22,Alex Caruso,1627936,28,34.0,0.0,5.0,0.0
2021-22,Alex Caruso,1627936,38,25.0,4.0,3.0,0.4
2021-22,Alex Len,203458,-23,23.0,5.0,1.0,0.4
2021-22,Alex Len,203458,-12,22.0,8.0,0.0,0.5
2021-22,Alex Len,203458,-9,23.0,4.0,1.0,0.154
2021-22,Alex Len,203458,-7,21.0,12.0,0.0,0.5
2021-22,Alex Len,203458,-6,22.0,15.0,2.0,0.75
2021-22,Alex Len,203458,-5,23.0,16.0,0.0,0.538
2021-22,Alex Len,203458,1,20.0,6.0,2.0,0.75
2021-22,Alex Len,203458,2,23.5,11.5,2.5,0.6515
2021-22,Alex Len,203458,6,36.0,12.0,0.0,0.5
2021-22,Alex Len,203458,16,20.0,12.0,2.0,0.667
2021-22,Alfonzo McKinnie,1628035,-31,29.0,6.0,1.0,0.333
2021-22,Alfonzo McKinnie,1628035,-8,27.0,4.0,1.0,0.333
2021-22,Alfonzo McKinnie,1628035,9,29.0,16.0,1.0,0.6
2021-22,Alize Johnson,1628993,-8,21.0,9.0,0.0,0.5
2021-22,Alperen Sengun,1630578,-23,23.0,10.0,4.0,0.667
2021-22,Alperen Sengun,1630578,-22,20.0,0.0,4.0,0.0
2021-22,Alperen Sengun,1630578,-19,22.0,10.0,5.0,0.4
2021-22,Alperen Sengun,1630578,-18,21.0,14.0,2.0,0.5
2021-22,Alperen Sengun,1630578,-17,34.0,9.0,8.0,0.333
2021-22,Alperen Sengun,1630578,-16,24.0,14.0,2.0,0.48350000000000004
2021-22,Alperen Sengun,1630578,-15,30.0,13.0,3.0,0.455
2021-22,Alperen Sengun,1630578,-14,22.0,11.0,1.0,0.5
2021-22,Alperen Sengun,1630578,-12,28.0,12.666666666666666,4.333333333333333,0.45166666666666666
2021-22,Alperen Sengun,1630578,-11,23.0,14.0,1.0,0.385
2021-22,Alperen Sengun,1630578,-9,26.5,8.0,3.0,0.4165
2021-22,Alperen Sengun,1630578,-8,23.0,14.0,0.0,0.417
2021-22,Alperen Sengun,1630578,-7,22.0,12.0,3.0,0.714
2021-22,Alperen Sengun,1630578,-6,28.5,9.5,3.5,0.5569999999999999
2021-22,Alperen Sengun,1630578,-5,24.5,8.0,4.0,0.3165
2021-22,Alperen Sengun,1630578,-3,20.0,11.0,2.0,0.429
2021-22,Alperen Sengun,1630578,-2,25.0,6.0,4.0,0.429
2021-22,Alperen Sengun,1630578,-1,26.5,13.5,3.5,0.625
2021-22,Alperen Sengun,1630578,0,21.0,13.0,1.0,0.4
2021-22,Alperen Sengun,1630578,1,21.0,15.0,0.0,0.444
2021-22,Alperen Sengun,1630578,2,22.0,6.0,4.0,0.5
2021-22,Alperen Sengun,1630578,3,22.0,15.0,6.0,0.625
2021-22,Alperen Sengun,1630578,6,39.0,21.0,2.0,0.45
2021-22,Alperen Sengun,1630578,7,23.0,10.0,3.0,0.5
2021-22,Alperen Sengun,1630578,9,20.0,8.0,7.0,0.5
2021-22,Alperen Sengun,1630578,11,26.0,13.0,3.0,0.46099999999999997
2021-22,Alperen Sengun,1630578,13,23.5,18.0,3.5,0.5
2021-22,Alperen Sengun,1630578,15,24.0,11.0,4.0,0.4
2021-22,Alperen Sengun,1630578,20,24.0,9.0,3.0,0.5
2021-22,Amir Coffey,1629599,-30,24.0,10.0,0.0,0.364
2021-22,Amir Coffey,1629599,-23,25.0,5.0,5.0,0.286
2021-22,Amir Coffey,1629599,-20,33.5,14.5,3.0,0.55
2021-22,Amir Coffey,1629599,-17,30.0,2.0,0.0,0.167
2021-22,Amir Coffey,1629599,-15,39.0,19.0,2.0,0.35
2021-22,Amir Coffey,1629599,-14,34.0,11.5,1.5,0.47750000000000004
2021-22,Amir Coffey,1629599,-13,25.0,8.5,0.5,0.5895
2021-22,Amir Coffey,1629599,-9,27.0,12.0,1.5,0.4355
2021-22,Amir Coffey,1629599,-8,32.0,8.5,3.0,0.273
2021-22,Amir Coffey,1629599,-6,25.5,11.5,3.0,0.4285
2021-22,Amir Coffey,1629599,-5,25.0,10.666666666666666,1.6666666666666667,0.541
2021-22,Amir Coffey,1629599,-4,25.5,7.5,1.5,0.3145
2021-22,Amir Coffey,1629599,-3,28.0,9.0,2.0,0.333
2021-22,Amir Coffey,1629599,-2,27.25,14.0,1.75,0.5045
2021-22,Amir Coffey,1629599,0,25.5,11.0,2.5,0.653
2021-22,Amir Coffey,1629599,1,26.0,7.0,1.5,0.268
2021-22,Amir Coffey,1629599,4,23.5,8.5,1.0,0.5835
2021-22,Amir Coffey,1629599,5,26.0,8.0,2.0,0.5
2021-22,Amir Coffey,1629599,6,38.5,15.0,3.5,0.47250000000000003
2021-22,Amir Coffey,1629599,8,23.0,3.0,1.0,0.333
2021-22,Amir Coffey,1629599,9,31.0,12.5,3.0,0.556
2021-22,Amir Coffey,1629599,12,34.0,19.0,5.0,0.417
2021-22,Amir Coffey,1629599,13,35.0,16.0,7.0,0.6
2021-22,Amir Coffey,1629599,15,30.5,21.0,2.5,0.595
2021-22,Amir Coffey,1629599,16,33.0,21.0,3.0,0.667
2021-22,Amir Coffey,1629599,21,25.0,3.0,2.0,0.5
2021-22,Amir Coffey,1629599,24,24.0,5.0,2.0,0.333
2021-22,Amir Coffey,1629599,40,42.0,35.0,5.0,0.591
2021-22,Amir Coffey,1629599,41,42.0,32.0,7.0,0.625
2021-22,Andre Drummond,203083,-13,20.0,6.0,3.0,0.429
2021-22,Andre Drummond,203083,-12,30.0,9.0,2.5,0.3075
2021-22,Andre Drummond,203083,-11,21.0,14.0,1.0,0.875
2021-22,Andre Drummond,203083,-8,26.5,13.0,1.5,0.7915
2021-22,Andre Drummond,203083,-6,28.0,4.0,1.0,0.4
2021-22,Andre Drummond,203083,-5,38.0,14.0,1.0,0.556
2021-22,Andre Drummond,203083,-2,29.0,4.0,3.5,0.375
2021-22,Andre Drummond,203083,-1,34.5,17.0,2.5,0.8634999999999999
2021-22,Andre Drummond,203083,1,23.0,17.0,1.0,0.6
2021-22,Andre Drummond,203083,4,23.0,15.5,2.0,0.49650000000000005
2021-22,Andre Drummond,203083,9,23.0,15.0,2.0,0.636
2021-22,Andre Drummond,203083,11,30.0,11.0,2.0,0.333
2021-22,Andre Drummond,203083,12,24.0,12.0,1.0,0.5845
2021-22,Andre Drummond,203083,14,27.0,15.0,1.0,0.778
2021-22,Andre Drummond,203083,15,33.0,14.0,7.0,0.455
2021-22,Andre Drummond,203083,16,20.0,7.0,2.0,0.5
2021-22,Andre Drummond,203083,19,31.0,9.0,3.0,0.375
2021-22,Andre Drummond,203083,20,29.0,17.0,5.0,0.778
2021-22,Andre Drummond,203083,23,24.0,11.0,4.0,0.571
2021-22,Andre Iguodala,2738,-26,20.0,0.0,1.0,0.0
2021-22,Andre Iguodala,2738,-12,20.0,0.0,2.0,0.0
2021-22,Andre Iguodala,2738,-11,24.0,0.0,3.0,0.0
2021-22,Andre Iguodala,2738,-9,24.0,1.5,3.0,0.1
2021-22,Andre Iguodala,2738,1,20.0,5.0,7.0,0.667
2021-22,Andre Iguodala,2738,8,22.0,12.0,2.0,0.571
2021-22,Andre Iguodala,2738,10,24.0,12.0,6.0,0.556
2021-22,Andre Iguodala,2738,12,23.0,12.0,8.0,0.714
2021-22,Andre Iguodala,2738,13,23.0,4.0,3.0,1.0
2021-22,Andre Iguodala,2738,15,24.0,4.0,5.0,0.222
2021-22,Andre Iguodala,2738,16,25.0,6.333333333333333,5.666666666666667,0.46199999999999997
2021-22,Andre Iguodala,2738,19,24.0,0.0,8.0,0.0
2021-22,Andrew Wiggins,203952,-23,30.0,11.0,1.0,0.333
2021-22,Andrew Wiggins,203952,-19,29.0,10.0,2.0,0.333
2021-22,Andrew Wiggins,203952,-15,27.0,16.0,1.0,0.545
2021-22,Andrew Wiggins,203952,-14,23.0,10.5,2.0,0.4495
2021-22,Andrew Wiggins,203952,-13,30.0,12.0,4.0,0.385
2021-22,Andrew Wiggins,203952,-12,29.5,13.5,2.5,0.45
2021-22,Andrew Wiggins,203952,-10,38.0,11.0,2.0,0.333
2021-22,Andrew Wiggins,203952,-9,29.333333333333332,14.0,3.3333333333333335,0.4523333333333333
2021-22,Andrew Wiggins,203952,-8,31.0,21.0,1.0,0.412
2021-22,Andrew Wiggins,203952,-7,33.666666666666664,14.0,1.0,0.3236666666666667
2021-22,Andrew Wiggins,203952,-6,34.0,15.0,1.0,0.467
2021-22,Andrew Wiggins,203952,-5,31.75,15.25,3.25,0.4435
2021-22,Andrew Wiggins,203952,-4,32.5,20.5,2.0,0.5245
2021-22,Andrew Wiggins,203952,-2,34.0,23.0,0.0,0.571
2021-22,Andrew Wiggins,203952,-1,31.5,10.5,4.0,0.375
2021-22,Andrew Wiggins,203952,0,35.0,17.0,1.5,0.4525
2021-22,Andrew Wiggins,203952,1,32.333333333333336,14.666666666666666,2.6666666666666665,0.3526666666666667
2021-22,Andrew Wiggins,203952,2,29.5,15.5,1.5,0.5135
2021-22,Andrew Wiggins,203952,3,28.333333333333332,12.666666666666666,0.6666666666666666,0.36999999999999994
2021-22,Andrew Wiggins,203952,4,34.25,21.0,3.75,0.509
2021-22,Andrew Wiggins,203952,5,31.5,16.5,3.0,0.401
2021-22,Andrew Wiggins,203952,6,34.0,25.666666666666668,0.3333333333333333,0.537
2021-22,Andrew Wiggins,203952,7,34.0,22.0,3.0,0.48350000000000004
2021-22,Andrew Wiggins,203952,8,31.0,14.0,1.0,0.3975
2021-22,Andrew Wiggins,203952,9,28.0,14.0,3.0,0.333
2021-22,Andrew Wiggins,203952,10,31.0,18.333333333333332,1.0,0.4963333333333333
2021-22,Andrew Wiggins,203952,13,33.0,21.333333333333332,2.6666666666666665,0.49933333333333335
2021-22,Andrew Wiggins,203952,14,34.333333333333336,19.666666666666668,3.0,0.49500000000000005
2021-22,Andrew Wiggins,203952,15,25.0,14.0,3.0,0.455
2021-22,Andrew Wiggins,203952,16,34.0,14.5,2.5,0.45799999999999996
2021-22,Andrew Wiggins,203952,17,28.5,18.5,2.0,0.478
2021-22,Andrew Wiggins,203952,18,29.0,19.0,3.0,0.5945
2021-22,Andrew Wiggins,203952,19,29.0,28.0,3.0,0.529
2021-22,Andrew Wiggins,203952,20,27.0,19.0,1.0,0.615
2021-22,Andrew Wiggins,203952,21,34.0,25.0,2.0,0.625
2021-22,Andrew Wiggins,203952,24,29.0,19.0,2.0,0.5
2021-22,Andrew Wiggins,203952,25,33.0,19.0,1.0,0.538
2021-22,Andrew Wiggins,203952,26,32.0,17.0,3.0,0.7
2021-22,Andrew Wiggins,203952,30,32.0,32.0,3.0,0.6
2021-22,Anfernee Simons,1629014,-35,27.0,19.0,3.0,0.412
2021-22,Anfernee Simons,1629014,-31,28.0,11.0,6.0,0.4
2021-22,Anfernee Simons,1629014,-29,29.0,22.0,0.0,0.438
2021-22,Anfernee Simons,1629014,-21,20.0,12.0,1.0,0.385
2021-22,Anfernee Simons,1629014,-20,29.0,16.0,4.0,0.278
2021-22,Anfernee Simons,1629014,-18,34.0,8.0,2.0,0.188
2021-22,Anfernee Simons,1629014,-14,27.0,16.0,4.0,0.545
2021-22,Anfernee Simons,1629014,-13,37.0,19.0,5.0,0.412
2021-22,Anfernee Simons,1629014,-12,34.0,14.0,7.0,0.4
2021-22,Anfernee Simons,1629014,-11,28.0,24.0,3.0,0.5
2021-22,Anfernee Simons,1629014,-10,32.0,15.0,6.0,0.437
2021-22,Anfernee Simons,1629014,-9,31.0,11.5,3.5,0.25
2021-22,Anfernee Simons,1629014,-8,26.0,11.0,2.0,0.5
2021-22,Anfernee Simons,1629014,-6,28.666666666666668,15.0,2.6666666666666665,0.37033333333333335
2021-22,Anfernee Simons,1629014,-5,23.0,5.0,2.0,0.286
2021-22,Anfernee Simons,1629014,-4,28.0,19.0,2.0,0.538
2021-22,Anfernee Simons,1629014,-3,23.0,14.5,1.5,0.5225
2021-22,Anfernee Simons,1629014,-2,36.75,29.25,4.25,0.4795
2021-22,Anfernee Simons,1629014,-1,30.0,22.0,4.0,0.5645
2021-22,Anfernee Simons,1629014,3,30.5,19.5,4.0,0.42974999999999997
2021-22,Anfernee Simons,1629014,4,33.0,21.5,5.0,0.364
2021-22,Anfernee Simons,1629014,5,37.0,24.5,6.0,0.47250000000000003
2021-22,Anfernee Simons,1629014,6,36.5,19.5,6.0,0.4155
2021-22,Anfernee Simons,1629014,7,23.0,5.0,4.0,0.182
2021-22,Anfernee Simons,1629014,8,31.333333333333332,20.333333333333332,4.333333333333333,0.4483333333333333
2021-22,Anfernee Simons,1629014,10,35.0,27.0,6.0,0.647
2021-22,Anfernee Simons,1629014,13,32.666666666666664,21.0,8.0,0.38766666666666666
2021-22,Anfernee Simons,1629014,14,28.0,17.0,2.0,0.6
2021-22,Anfernee Simons,1629014,18,35.0,13.0,7.0,0.364
2021-22,Anfernee Simons,1629014,25,24.0,18.0,1.0,0.5
2021-22,Anfernee Simons,1629014,26,35.0,31.0,6.0,0.5
2021-22,Anthony Davis,203076,-22,27.0,20.0,1.0,0.667
2021-22,Anthony Davis,203076,-19,35.0,21.0,1.0,0.556
2021-22,Anthony Davis,203076,-16,39.0,22.5,3.0,0.47350000000000003
2021-22,Anthony Davis,203076,-14,37.0,30.0,3.5,0.5605
2021-22,Anthony Davis,203076,-10,34.0,28.0,8.0,0.44
2021-22,Anthony Davis,203076,-9,36.0,27.0,4.0,0.667
2021-22,Anthony Davis,203076,-8,28.5,15.5,2.0,0.6855
2021-22,Anthony Davis,203076,-7,34.5,30.5,1.5,0.6060000000000001
2021-22,Anthony Davis,203076,-6,36.666666666666664,22.666666666666668,3.0,0.40599999999999997
2021-22,Anthony Davis,203076,-5,33.0,22.0,2.0,0.533
2021-22,Anthony Davis,203076,-4,44.0,24.0,4.0,0.435
2021-22,Anthony Davis,203076,-2,38.0,27.5,1.5,0.5385
2021-22,Anthony Davis,203076,-1,34.75,21.0,3.75,0.55825
2021-22,Anthony Davis,203076,0,39.0,34.0,6.0,0.583
2021-22,Anthony Davis,203076,2,37.0,28.5,3.0,0.528
2021-22,Anthony Davis,203076,3,42.0,35.0,4.0,0.484
2021-22,Anthony Davis,203076,4,36.5,23.5,4.0,0.569
2021-22,Anthony Davis,203076,5,38.0,24.0,5.0,0.5894999999999999
2021-22,Anthony Davis,203076,6,32.0,16.0,2.0,0.412
2021-22,Anthony Davis,203076,8,33.0,20.0,3.0,0.412
2021-22,Anthony Davis,203076,9,41.0,28.0,3.0,0.684
2021-22,Anthony Davis,203076,10,34.0,25.0,3.0,0.545
2021-22,Anthony Davis,203076,11,31.0,15.0,3.0,0.5
2021-22,Anthony Davis,203076,17,35.0,17.0,3.0,0.538
2021-22,Anthony Davis,203076,21,39.0,20.0,2.0,0.444
2021-22,Anthony Edwards,1630162,-32,32.0,13.0,2.0,0.353
2021-22,Anthony Edwards,1630162,-21,37.0,15.0,5.0,0.385
2021-22,Anthony Edwards,1630162,-19,31.0,24.0,4.0,0.556
2021-22,Anthony Edwards,1630162,-18,33.5,19.5,4.0,0.4235
2021-22,Anthony Edwards,1630162,-17,31.0,18.0,4.0,0.471
2021-22,Anthony Edwards,1630162,-16,42.0,27.0,3.0,0.409
2021-22,Anthony Edwards,1630162,-15,27.0,11.0,2.0,0.444
2021-22,Anthony Edwards,1630162,-14,35.5,19.0,3.5,0.4395
2021-22,Anthony Edwards,1630162,-13,40.0,20.0,7.0,0.316
2021-22,Anthony Edwards,1630162,-12,36.0,19.0,4.0,0.438
2021-22,Anthony Edwards,1630162,-11,36.5,25.5,4.5,0.4495
2021-22,Anthony Edwards,1630162,-9,34.0,19.0,4.0,0.412
2021-22,Anthony Edwards,1630162,-8,31.0,6.0,1.0,0.0
2021-22,Anthony Edwards,1630162,-5,38.5,17.0,4.5,0.297
2021-22,Anthony Edwards,1630162,-3,37.333333333333336,34.666666666666664,6.0,0.5373333333333333
2021-22,Anthony Edwards,1630162,-2,36.5,26.0,4.25,0.41725
2021-22,Anthony Edwards,1630162,-1,32.0,20.25,3.5,0.4
2021-22,Anthony Edwards,1630162,0,36.333333333333336,20.666666666666668,2.6666666666666665,0.39399999999999996
2021-22,Anthony Edwards,1630162,1,31.0,17.0,3.0,0.318
2021-22,Anthony Edwards,1630162,2,31.0,21.0,3.5,0.473
2021-22,Anthony Edwards,1630162,3,31.0,15.5,1.5,0.325
2021-22,Anthony Edwards,1630162,4,30.0,5.0,3.0,0.286
2021-22,Anthony Edwards,1630162,5,33.6,16.2,3.8,0.3656
2021-22,Anthony Edwards,1630162,6,30.666666666666668,19.0,5.666666666666667,0.3626666666666667
2021-22,Anthony Edwards,1630162,7,28.5,16.5,3.5,0.5025000000000001
2021-22,Anthony Edwards,1630162,8,43.0,20.0,5.0,0.426
2021-22,Anthony Edwards,1630162,9,38.0,28.0,6.0,0.524
2021-22,Anthony Edwards,1630162,10,37.5,22.5,3.0,0.41100000000000003
2021-22,Anthony Edwards,1630162,12,33.0,13.0,6.0,0.455
2021-22,Anthony Edwards,1630162,13,38.0,37.0,4.0,0.52
2021-22,Anthony Edwards,1630162,14,38.0,40.0,0.0,0.519
2021-22,Anthony Edwards,1630162,15,35.0,15.0,4.0,0.375
2021-22,Anthony Edwards,1630162,17,33.0,25.0,4.0,0.563
2021-22,Anthony Edwards,1630162,18,36.0,43.5,4.5,0.619
2021-22,Anthony Edwards,1630162,19,37.5,30.0,5.0,0.431
2021-22,Anthony Edwards,1630162,20,32.0,22.0,2.0,0.471
2021-22,Anthony Edwards,1630162,22,34.0,19.0,6.0,0.412
2021-22,Anthony Edwards,1630162,23,32.0,28.0,4.0,0.647
2021-22,Anthony Edwards,1630162,24,32.0,12.0,4.0,0.429
2021-22,Anthony Edwards,1630162,26,31.0,29.0,3.0,0.476
2021-22,Anthony Edwards,1630162,27,33.0,18.0,1.0,0.375
2021-22,Anthony Edwards,1630162,31,29.0,24.0,7.0,0.563
2021-22,Anthony Edwards,1630162,36,26.0,23.0,2.0,0.8
2021-22,Anthony Gill,1630264,-27,25.0,9.0,1.0,0.125
2021-22,Anthony Gill,1630264,3,24.0,9.0,3.0,0.5
2021-22,Anthony Gill,1630264,6,26.0,15.0,0.0,0.857
2021-22,Anthony Gill,1630264,9,21.5,6.5,2.0,0.8335
2021-22,Anthony Gill,1630264,13,25.0,6.0,2.0,0.75
2021-22,Armoni Brooks,1629717,-22,21.0,3.0,3.0,0.167
2021-22,Armoni Brooks,1629717,-17,21.5,6.0,1.5,0.2775
2021-22,Armoni Brooks,1629717,-16,33.0,21.0,3.0,0.412
2021-22,Armoni Brooks,1629717,-15,24.0,6.0,0.0,0.333
2021-22,Armoni Brooks,1629717,-13,22.5,12.0,0.0,0.41500000000000004
2021-22,Armoni Brooks,1629717,-9,35.0,11.0,4.0,0.267
2021-22,Armoni Brooks,1629717,-8,22.0,6.0,4.0,0.333
2021-22,Armoni Brooks,1629717,-7,26.5,9.0,3.0,0.356
2021-22,Armoni Brooks,1629717,-4,24.0,3.0,3.0,0.125
2021-22,Armoni Brooks,1629717,-3,25.0,11.0,2.0,0.333
2021-22,Armoni Brooks,1629717,8,25.0,17.0,2.0,0.556
2021-22,Armoni Brooks,1629717,10,31.5,16.0,5.0,0.5
2021-22,Armoni Brooks,1629717,13,21.0,2.0,1.0,0.143
2021-22,Armoni Brooks,1629717,15,26.0,12.0,3.0,0.6
2021-22,Austin Reaves,1630559,-32,25.5,7.5,0.5,0.35
2021-22,Austin Reaves,1630559,-20,21.0,2.0,0.0,0.2
2021-22,Austin Reaves,1630559,-19,26.0,9.0,3.0,0.429
2021-22,Austin Reaves,1630559,-16,22.0,0.0,2.0,0.0
2021-22,Austin Reaves,1630559,-13,30.0,10.0,1.0,0.6
2021-22,Austin Reaves,1630559,-12,29.0,4.0,1.0,0.333
2021-22,Austin Reaves,1630559,-10,33.0,17.0,2.0,0.571
2021-22,Austin Reaves,1630559,-6,29.0,11.0,6.0,0.444
2021-22,Austin Reaves,1630559,-3,27.5,12.5,1.5,0.6875
2021-22,Austin Reaves,1630559,-2,25.5,6.75,1.5,0.4375
2021-22,Austin Reaves,1630559,-1,28.0,11.0,4.0,0.6
2021-22,Austin Reaves,1630559,0,23.0,9.0,0.75,0.7
2021-22,Austin Reaves,1630559,1,20.0,7.0,2.0,0.5
2021-22,Austin Reaves,1630559,2,20.0,2.0,0.0,0.333
2021-22,Austin Reaves,1630559,3,24.0,4.333333333333333,0.3333333333333333,0.16666666666666666
2021-22,Austin Reaves,1630559,5,22.0,2.0,1.0,0.35
2021-22,Austin Reaves,1630559,6,25.0,5.0,2.0,1.0
2021-22,Austin Reaves,1630559,7,24.5,12.5,1.0,0.625
2021-22,Austin Reaves,1630559,8,28.0,9.0,2.0,0.5
2021-22,Austin Reaves,1630559,9,28.5,17.0,4.5,0.55
2021-22,Austin Reaves,1630559,10,26.5,7.5,1.5,0.4165
2021-22,Austin Reaves,1630559,11,27.0,13.0,0.0,0.75
2021-22,Austin Reaves,1630559,12,36.0,21.5,6.5,0.506
2021-22,Austin Reaves,1630559,13,23.666666666666668,5.333333333333333,2.6666666666666665,0.3873333333333333
2021-22,Austin Reaves,1630559,17,25.5,11.5,2.5,0.45199999999999996
2021-22,Austin Reaves,1630559,18,30.0,10.0,4.0,0.3645
2021-22,Austin Rivers,203085,-20,27.0,10.0,3.0,0.5
2021-22,Austin Rivers,203085,-18,32.0,8.0,1.0,0.5
2021-22,Austin Rivers,203085,-12,24.0,8.0,1.5,0.4585
2021-22,Austin Rivers,203085,-10,23.5,8.0,4.0,0.4645
2021-22,Austin Rivers,203085,-7,25.0,3.5,0.5,0.20850000000000002
2021-22,Austin Rivers,203085,-6,29.0,2.0,1.0,0.2
2021-22,Austin Rivers,203085,-5,29.0,7.0,2.0,0.3255
2021-22,Austin Rivers,203085,-4,21.0,11.0,1.0,0.571
2021-22,Austin Rivers,203085,-1,26.0,8.5,1.5,0.55
2021-22,Austin Rivers,203085,0,29.666666666666668,10.0,2.0,0.355
2021-22,Austin Rivers,203085,2,23.0,12.0,2.0,0.5
2021-22,Austin Rivers,203085,3,29.0,10.0,1.0,0.5854999999999999
2021-22,Austin Rivers,203085,4,29.0,12.0,0.0,0.571
2021-22,Austin Rivers,203085,5,30.0,12.0,4.0,0.5
2021-22,Austin Rivers,203085,7,34.0,15.0,4.0,0.5
2021-22,Austin Rivers,203085,8,26.5,10.0,2.0,0.4355
2021-22,Austin Rivers,203085,9,24.5,3.5,2.0,0.2
2021-22,Austin Rivers,203085,10,25.0,6.666666666666667,1.3333333333333333,0.5166666666666667
2021-22,Austin Rivers,203085,11,23.333333333333332,6.0,1.0,0.37633333333333335
2021-22,Austin Rivers,203085,13,29.0,4.0,2.0,0.0
2021-22,Austin Rivers,203085,15,23.0,14.0,1.0,0.634
2021-22,Austin Rivers,203085,18,23.5,6.0,2.0,0.7145
2021-22,Austin Rivers,203085,19,35.0,12.0,1.0,0.667
2021-22,Austin Rivers,203085,21,20.0,8.0,2.0,0.429
2021-22,Avery Bradley,202340,-29,22.0,4.0,3.0,0.4
2021-22,Avery Bradley,202340,-25,20.0,0.0,0.0,0.0
2021-22,Avery Bradley,202340,-21,23.0,8.0,0.0,0.375
2021-22,Avery Bradley,202340,-20,23.0,7.0,1.0,0.2
2021-22,Avery Bradley,202340,-15,26.0,5.0,1.0,0.333
2021-22,Avery Bradley,202340,-14,21.0,7.0,3.0,0.5
2021-22,Avery Bradley,202340,-12,23.0,5.5,2.0,0.21100000000000002
2021-22,Avery Bradley,202340,-11,26.0,9.0,0.0,0.375
2021-22,Avery Bradley,202340,-10,24.0,0.0,1.0,0.0
2021-22,Avery Bradley,202340,-9,27.0,10.0,1.0,0.8
2021-22,Avery Bradley,202340,-7,25.0,5.5,0.0,0.4165
2021-22,Avery Bradley,202340,-6,23.5,6.0,0.5,0.45
2021-22,Avery Bradley,202340,-5,27.25,7.25,0.5,0.46775
2021-22,Avery Bradley,202340,-3,33.0,10.0,1.0,0.8
2021-22,Avery Bradley,202340,-1,25.0,2.0,1.0,0.25
2021-22,Avery Bradley,202340,0,31.666666666666668,7.666666666666667,1.6666666666666667,0.2776666666666667
2021-22,Avery Bradley,202340,1,32.0,7.0,0.0,0.375
2021-22,Avery Bradley,202340,2,27.5,8.0,1.5,0.4405
2021-22,Avery Bradley,202340,4,27.0,8.0,0.5,0.36650000000000005
2021-22,Avery Bradley,202340,5,29.0,15.0,1.0,0.455
2021-22,Avery Bradley,202340,7,28.0,10.0,0.0,0.8
2021-22,Avery Bradley,202340,8,30.0,14.0,0.0,0.462
2021-22,Avery Bradley,202340,9,23.5,9.5,1.5,0.4165
2021-22,Avery Bradley,202340,11,30.0,15.0,1.0,0.455
2021-22,Avery Bradley,202340,12,28.0,6.0,0.0,0.286
2021-22,Avery Bradley,202340,13,26.0,22.0,0.0,0.571
2021-22,Avery Bradley,202340,15,23.0,21.0,0.0,0.727
2021-22,Avery Bradley,202340,18,25.5,2.5,1.0,0.25
2021-22,Avery Bradley,202340,30,23.0,7.0,0.0,0.6
2021-22,Ayo Dosunmu,1630245,-35,27.0,7.0,1.0,0.375
2021-22,Ayo Dosunmu,1630245,-31,32.0,4.0,5.0,0.25
2021-22,Ayo Dosunmu,1630245,-29,31.0,0.0,0.0,0.0
2021-22,Ayo Dosunmu,1630245,-25,23.0,5.0,1.0,0.333
2021-22,Ayo Dosunmu,1630245,-24,24.0,9.0,1.0,0.444
2021-22,Ayo Dosunmu,1630245,-20,32.0,2.0,0.0,0.143
2021-22,Ayo Dosunmu,1630245,-18,40.0,7.0,0.0,0.333
2021-22,Ayo Dosunmu,1630245,-17,22.333333333333332,6.333333333333333,1.3333333333333333,0.5276666666666666
2021-22,Ayo Dosunmu,1630245,-15,28.5,11.0,3.5,0.725
2021-22,Ayo Dosunmu,1630245,-14,30.666666666666668,5.0,2.0,0.5183333333333333
2021-22,Ayo Dosunmu,1630245,-13,26.5,10.5,4.0,0.5225
2021-22,Ayo Dosunmu,1630245,-12,22.0,0.0,3.0,0.0
2021-22,Ayo Dosunmu,1630245,-10,33.0,14.5,4.5,0.5355
2021-22,Ayo Dosunmu,1630245,-8,28.5,6.5,2.5,0.25
2021-22,Ayo Dosunmu,1630245,-6,39.0,21.0,10.0,0.9
2021-22,Ayo Dosunmu,1630245,-5,31.0,11.0,4.0,0.417
2021-22,Ayo Dosunmu,1630245,-4,28.5,6.5,4.5,0.3305
2021-22,Ayo Dosunmu,1630245,-3,35.0,8.0,7.0,0.571
2021-22,Ayo Dosunmu,1630245,-2,41.5,11.0,8.0,0.542
2021-22,Ayo Dosunmu,1630245,1,39.5,13.5,7.5,0.604
2021-22,Ayo Dosunmu,1630245,2,34.0,11.5,4.5,0.6945
2021-22,Ayo Dosunmu,1630245,3,31.8,9.8,4.8,0.4868
2021-22,Ayo Dosunmu,1630245,4,33.5,14.0,4.5,0.532
2021-22,Ayo Dosunmu,1630245,5,35.0,10.0,3.0,0.333
2021-22,Ayo Dosunmu,1630245,6,29.5,11.0,5.75,0.622
2021-22,Ayo Dosunmu,1630245,9,24.0,8.0,2.0,0.667
2021-22,Ayo Dosunmu,1630245,10,44.0,26.0,6.0,0.5
2021-22,Ayo Dosunmu,1630245,11,38.0,18.0,8.0,0.875
2021-22,Ayo Dosunmu,1630245,12,33.0,7.0,11.0,0.667
2021-22,Ayo Dosunmu,1630245,14,36.0,9.0,7.0,0.667
2021-22,Ayo Dosunmu,1630245,15,28.666666666666668,18.666666666666668,4.666666666666667,0.8306666666666667
2021-22,Ayo Dosunmu,1630245,16,23.0,11.0,0.0,0.833
2021-22,Ayo Dosunmu,1630245,17,20.0,4.0,1.0,0.167
2021-22,Ayo Dosunmu,1630245,18,41.0,14.0,10.0,0.857
2021-22,Ayo Dosunmu,1630245,20,38.0,7.0,4.0,0.3
2021-22,Ayo Dosunmu,1630245,23,27.0,10.0,0.0,0.444
2021-22,BJ Johnson,1629168,-11,20.0,5.0,0.0,0.4
2021-22,BJ Johnson,1629168,-8,20.0,7.0,0.0,0.375
2021-22,Bam Adebayo,1628389,-21,24.0,14.0,2.0,0.625
2021-22,Bam Adebayo,1628389,-20,31.0,12.0,5.0,0.455
2021-22,Bam Adebayo,1628389,-17,31.0,10.0,2.0,0.3
2021-22,Bam Adebayo,1628389,-14,31.0,17.0,1.0,0.857
2021-22,Bam Adebayo,1628389,-12,29.0,13.0,4.0,0.5
2021-22,Bam Adebayo,1628389,-10,33.0,25.0,4.0,0.563
2021-22,Bam Adebayo,1628389,-9,35.0,24.0,6.0,0.579
2021-22,Bam Adebayo,1628389,-8,40.5,16.0,2.0,0.5585
2021-22,Bam Adebayo,1628389,-7,39.0,17.0,3.0,0.4
2021-22,Bam Adebayo,1628389,-6,29.333333333333332,15.666666666666666,4.333333333333333,0.551
2021-22,Bam Adebayo,1628389,-5,39.0,30.0,0.0,0.667
2021-22,Bam Adebayo,1628389,-3,35.5,27.0,4.0,0.569
2021-22,Bam Adebayo,1628389,-2,35.0,32.0,2.0,0.765
2021-22,Bam Adebayo,1628389,-1,34.666666666666664,18.333333333333332,4.333333333333333,0.5579999999999999
2021-22,Bam Adebayo,1628389,0,33.0,20.0,3.5,0.5545
2021-22,Bam Adebayo,1628389,1,30.0,24.0,0.0,0.471
2021-22,Bam Adebayo,1628389,3,33.0,28.0,4.0,0.45
2021-22,Bam Adebayo,1628389,4,35.0,17.0,6.0,0.583
2021-22,Bam Adebayo,1628389,5,34.0,16.0,4.0,0.5
2021-22,Bam Adebayo,1628389,6,31.333333333333332,14.666666666666666,2.6666666666666665,0.4013333333333333
2021-22,Bam Adebayo,1628389,7,33.0,9.0,6.0,0.444
2021-22,Bam Adebayo,1628389,8,31.333333333333332,17.0,4.0,0.5273333333333333
2021-22,Bam Adebayo,1628389,9,30.0,22.0,3.0,0.7
2021-22,Bam Adebayo,1628389,10,30.0,18.5,2.5,0.5680000000000001
2021-22,Bam Adebayo,1628389,11,32.0,19.0,2.5,0.5165
2021-22,Bam Adebayo,1628389,12,32.5,24.75,4.0,0.608
2021-22,Bam Adebayo,1628389,14,25.0,16.0,3.0,0.778
2021-22,Bam Adebayo,1628389,16,30.0,20.0,2.0,0.563
2021-22,Bam Adebayo,1628389,17,27.0,20.0,3.0,0.333
2021-22,Bam Adebayo,1628389,18,32.5,16.0,6.5,0.527
2021-22,Bam Adebayo,1628389,19,43.0,15.0,5.0,0.417
2021-22,Bam Adebayo,1628389,20,28.0,15.0,5.0,0.75
2021-22,Bam Adebayo,1628389,22,37.0,19.0,4.0,0.667
2021-22,Bam Adebayo,1628389,24,31.0,22.0,1.0,0.625
2021-22,Bam Adebayo,1628389,25,27.666666666666668,21.333333333333332,2.3333333333333335,0.6396666666666667
2021-22,Bam Adebayo,1628389,26,30.0,18.0,3.0,0.538
2021-22,Bam Adebayo,1628389,30,23.0,20.0,1.0,0.692
2021-22,Ben McLemore,203463,-34,30.0,14.0,3.0,0.625
2021-22,Ben McLemore,203463,-25,20.0,12.0,0.0,0.571
2021-22,Ben McLemore,203463,-24,20.0,0.0,2.0,0.0
2021-22,Ben McLemore,203463,-20,22.0,7.0,1.0,0.381
2021-22,Ben McLemore,203463,-18,20.0,12.0,0.0,0.444
2021-22,Ben McLemore,203463,-17,26.5,11.0,2.0,0.5275
2021-22,Ben McLemore,203463,-16,21.0,11.0,0.0,0.5
2021-22,Ben McLemore,203463,-13,27.0,11.0,3.0,0.444
2021-22,Ben McLemore,203463,-12,22.5,21.0,1.5,0.6035
2021-22,Ben McLemore,203463,-11,29.0,18.0,4.0,0.429
2021-22,Ben McLemore,203463,-10,29.0,28.0,0.0,0.409
2021-22,Ben McLemore,203463,-8,21.0,11.0,0.0,0.286
2021-22,Ben McLemore,203463,-7,24.0,13.5,1.5,0.8
2021-22,Ben McLemore,203463,-6,25.5,17.0,1.5,0.38
2021-22,Ben McLemore,203463,-5,30.0,13.0,1.0,0.25
2021-22,Ben McLemore,203463,-4,25.0,12.0,1.0,0.5
2021-22,Ben McLemore,203463,-3,26.0,13.666666666666666,1.3333333333333333,0.405
2021-22,Ben McLemore,203463,0,26.666666666666668,18.333333333333332,0.6666666666666666,0.4136666666666667
2021-22,Ben McLemore,203463,5,32.0,28.0,1.0,0.455
2021-22,Ben McLemore,203463,8,25.333333333333332,14.666666666666666,1.0,0.42966666666666664
2021-22,Ben McLemore,203463,15,20.0,12.0,1.0,0.444
2021-22,Ben McLemore,203463,17,25.5,17.0,0.5,0.4545
2021-22,Ben McLemore,203463,22,30.0,17.0,2.0,0.5
2021-22,Bismack Biyombo,202687,-11,22.0,7.0,2.0,1.0
2021-22,Bismack Biyombo,202687,-10,22.0,10.0,2.0,0.444
2021-22,Bismack Biyombo,202687,-1,25.0,14.0,1.0,0.714
2021-22,Bismack Biyombo,202687,0,29.0,12.0,0.0,0.444
2021-22,Bismack Biyombo,202687,1,31.0,16.0,1.0,0.7
2021-22,Bismack Biyombo,202687,6,29.0,21.0,5.0,0.75
2021-22,Bismack Biyombo,202687,8,29.0,16.0,3.0,1.0
2021-22,Bismack Biyombo,202687,12,29.0,14.0,0.0,0.667
2021-22,Bismack Biyombo,202687,13,27.0,9.0,1.0,0.667
2021-22,Bismack Biyombo,202687,16,24.0,17.0,1.0,0.8
2021-22,Bismack Biyombo,202687,24,30.0,14.0,2.0,0.636
2021-22,Blake Griffin,201933,-27,20.0,8.0,0.0,0.375
2021-22,Blake Griffin,201933,-23,29.0,19.0,2.0,0.583
2021-22,Blake Griffin,201933,-14,21.0,2.0,4.0,0.2
2021-22,Blake Griffin,201933,-10,21.0,9.0,5.0,0.5
2021-22,Blake Griffin,201933,-8,26.5,10.5,1.5,0.219
2021-22,Blake Griffin,201933,-7,32.0,17.0,6.0,0.462
2021-22,Blake Griffin,201933,-6,24.0,11.5,1.0,0.5
2021-22,Blake Griffin,201933,-3,30.0,13.0,6.0,0.667
2021-22,Blake Griffin,201933,2,30.0,7.0,5.0,0.222
2021-22,Blake Griffin,201933,4,27.0,15.0,3.0,0.556
2021-22,Blake Griffin,201933,5,20.0,9.0,3.0,0.75
2021-22,Blake Griffin,201933,9,25.0,8.0,3.0,0.25
2021-22,Blake Griffin,201933,10,22.0,6.0,3.0,0.5
2021-22,Blake Griffin,201933,13,20.0,6.0,6.0,0.5
2021-22,Blake Griffin,201933,14,20.0,8.0,2.0,0.75
2021-22,Blake Griffin,201933,15,24.0,6.0,1.0,0.429
2021-22,Blake Griffin,201933,18,27.0,14.0,3.0,0.556
2021-22,Blake Griffin,201933,22,27.0,13.0,3.0,0.625
2021-22,Bobby Portis,1626171,-22,23.0,11.0,0.0,0.455
2021-22,Bobby Portis,1626171,-17,25.75,15.0,2.0,0.44175
2021-22,Bobby Portis,1626171,-15,20.0,7.0,0.0,0.154
2021-22,Bobby Portis,1626171,-13,41.0,22.0,2.0,0.667
2021-22,Bobby Portis,1626171,-12,24.0,6.0,1.0,0.333
2021-22,Bobby Portis,1626171,-11,31.0,17.0,0.0,0.533
2021-22,Bobby Portis,1626171,-9,30.5,17.0,0.5,0.542
2021-22,Bobby Portis,1626171,-8,21.0,11.0,0.0,0.444
2021-22,Bobby Portis,1626171,-7,28.25,9.25,1.0,0.393
2021-22,Bobby Portis,1626171,-6,26.0,10.0,1.0,0.364
2021-22,Bobby Portis,1626171,-4,35.0,19.0,3.0,0.429
2021-22,Bobby Portis,1626171,-1,26.0,12.0,0.5,0.43900000000000006
2021-22,Bobby Portis,1626171,0,22.0,16.0,4.0,0.462
2021-22,Bobby Portis,1626171,1,31.0,11.75,0.25,0.44325000000000003
2021-22,Bobby Portis,1626171,2,32.5,19.0,1.0,0.6535
2021-22,Bobby Portis,1626171,3,31.0,17.333333333333332,0.3333333333333333,0.4756666666666667
2021-22,Bobby Portis,1626171,4,27.5,13.0,1.5,0.36275
2021-22,Bobby Portis,1626171,5,28.0,20.0,3.0,0.5
2021-22,Bobby Portis,1626171,6,28.5,16.0,1.5,0.4425
2021-22,Bobby Portis,1626171,7,32.0,21.0,0.75,0.55275
2021-22,Bobby Portis,1626171,8,32.0,13.0,0.0,0.5
2021-22,Bobby Portis,1626171,9,26.5,12.5,1.5,0.43900000000000006
2021-22,Bobby Portis,1626171,10,29.25,14.25,1.5,0.4765
2021-22,Bobby Portis,1626171,11,27.75,10.75,0.5,0.36475
2021-22,Bobby Portis,1626171,13,29.5,11.0,3.0,0.5235
2021-22,Bobby Portis,1626171,14,27.5,15.0,1.5,0.547
2021-22,Bobby Portis,1626171,15,22.0,6.0,1.0,0.5
2021-22,Bobby Portis,1626171,16,21.5,17.0,0.5,0.47750000000000004
2021-22,Bobby Portis,1626171,17,31.5,17.0,2.0,0.46799999999999997
2021-22,Bobby Portis,1626171,21,34.0,17.0,2.0,0.571
2021-22,Bobby Portis,1626171,23,29.0,19.0,0.0,0.5
2021-22,Bobby Portis,1626171,25,22.0,13.0,3.0,0.455
2021-22,Bobby Portis,1626171,27,28.0,22.5,1.0,0.5315
2021-22,Bobby Portis,1626171,28,27.5,20.5,1.0,0.6515
2021-22,Bobby Portis,1626171,32,23.0,30.0,5.0,0.846
2021-22,Bogdan Bogdanovic,203992,-25,27.0,15.0,2.0,0.417
2021-22,Bogdan Bogdanovic,203992,-21,27.0,5.0,2.0,0.286
2021-22,Bogdan Bogdanovic,203992,-18,29.0,13.0,1.0,0.545
2021-22,Bogdan Bogdanovic,203992,-17,29.25,12.5,2.75,0.3055
2021-22,Bogdan Bogdanovic,203992,-15,31.0,15.0,2.0,0.429
2021-22,Bogdan Bogdanovic,203992,-13,31.0,12.0,2.0,0.313
2021-22,Bogdan Bogdanovic,203992,-12,35.0,15.0,3.0,0.42600000000000005
2021-22,Bogdan Bogdanovic,203992,-11,33.0,14.0,4.0,0.545
2021-22,Bogdan Bogdanovic,203992,-9,34.0,18.666666666666668,3.3333333333333335,0.41500000000000004
2021-22,Bogdan Bogdanovic,203992,-8,32.0,19.0,3.0,0.412
2021-22,Bogdan Bogdanovic,203992,-5,23.0,9.0,6.0,0.154
2021-22,Bogdan Bogdanovic,203992,-3,25.0,10.0,2.5,0.2175
2021-22,Bogdan Bogdanovic,203992,-2,31.0,16.0,2.25,0.44925
2021-22,Bogdan Bogdanovic,203992,0,26.666666666666668,12.666666666666666,2.6666666666666665,0.36133333333333334
2021-22,Bogdan Bogdanovic,203992,1,30.0,9.0,4.0,0.308
2021-22,Bogdan Bogdanovic,203992,2,27.0,10.0,3.0,0.333
2021-22,Bogdan Bogdanovic,203992,3,25.0,14.0,2.0,0.4355
2021-22,Bogdan Bogdanovic,203992,4,32.25,23.0,3.25,0.4675
2021-22,Bogdan Bogdanovic,203992,6,30.5,17.5,2.5,0.53125
2021-22,Bogdan Bogdanovic,203992,7,29.0,14.0,2.0,0.455
2021-22,Bogdan Bogdanovic,203992,8,29.25,16.25,4.5,0.4135
2021-22,Bogdan Bogdanovic,203992,12,21.0,6.0,2.0,0.222
2021-22,Bogdan Bogdanovic,203992,14,36.0,19.0,4.5,0.479
2021-22,Bogdan Bogdanovic,203992,15,24.666666666666668,13.0,2.0,0.434
2021-22,Bogdan Bogdanovic,203992,16,25.0,15.5,3.5,0.465
2021-22,Bogdan Bogdanovic,203992,17,28.0,13.333333333333334,2.6666666666666665,0.4523333333333333
2021-22,Bogdan Bogdanovic,203992,18,25.0,23.0,6.0,0.692
2021-22,Bogdan Bogdanovic,203992,20,29.333333333333332,16.333333333333332,5.333333333333333,0.47100000000000003
2021-22,Bogdan Bogdanovic,203992,21,28.0,18.0,4.0,0.462
2021-22,Bogdan Bogdanovic,203992,23,29.0,18.0,3.0,0.583
2021-22,Bogdan Bogdanovic,203992,25,29.0,30.0,3.0,0.6
2021-22,Bogdan Bogdanovic,203992,36,25.0,8.0,4.0,0.75
2021-22,Bojan Bogdanovic,202711,-25,32.0,21.0,1.0,0.389
2021-22,Bojan Bogdanovic,202711,-24,31.0,17.0,2.0,0.4
2021-22,Bojan Bogdanovic,202711,-22,34.0,12.0,2.0,0.556
2021-22,Bojan Bogdanovic,202711,-21,24.0,5.0,0.0,0.091
2021-22,Bojan Bogdanovic,202711,-18,25.0,25.0,1.0,0.643
2021-22,Bojan Bogdanovic,202711,-16,32.0,23.0,2.0,0.636
2021-22,Bojan Bogdanovic,202711,-15,33.0,11.0,1.0,0.2635
2021-22,Bojan Bogdanovic,202711,-13,31.0,8.0,0.0,0.333
2021-22,Bojan Bogdanovic,202711,-12,31.0,20.0,1.0,0.429
2021-22,Bojan Bogdanovic,202711,-11,32.0,18.0,1.0,0.4
2021-22,Bojan Bogdanovic,202711,-10,32.0,21.0,1.0,0.412
2021-22,Bojan Bogdanovic,202711,-9,34.0,17.0,1.0,0.373
2021-22,Bojan Bogdanovic,202711,-8,30.0,11.0,2.0,0.385
2021-22,Bojan Bogdanovic,202711,-7,28.0,26.0,3.0,0.421
2021-22,Bojan Bogdanovic,202711,-6,31.5,20.5,0.5,0.5355
2021-22,Bojan Bogdanovic,202711,-5,31.0,17.0,2.6666666666666665,0.40066666666666667
2021-22,Bojan Bogdanovic,202711,-4,31.75,18.25,2.25,0.46799999999999997
2021-22,Bojan Bogdanovic,202711,-3,28.0,16.0,2.0,0.5
2021-22,Bojan Bogdanovic,202711,-2,33.0,21.0,0.6666666666666666,0.42133333333333334
2021-22,Bojan Bogdanovic,202711,0,32.666666666666664,18.666666666666668,4.0,0.38000000000000006
2021-22,Bojan Bogdanovic,202711,2,28.0,15.0,3.5,0.488
2021-22,Bojan Bogdanovic,202711,5,28.0,20.5,0.5,0.48450000000000004
2021-22,Bojan Bogdanovic,202711,6,34.0,26.0,2.0,0.438
2021-22,Bojan Bogdanovic,202711,7,31.25,17.0,1.0,0.455
2021-22,Bojan Bogdanovic,202711,8,26.0,16.666666666666668,2.6666666666666665,0.44366666666666665
2021-22,Bojan Bogdanovic,202711,9,32.0,16.0,3.0,0.429
2021-22,Bojan Bogdanovic,202711,10,31.0,18.5,1.0,0.47175
2021-22,Bojan Bogdanovic,202711,11,30.75,15.75,1.25,0.4605
2021-22,Bojan Bogdanovic,202711,12,33.0,13.0,1.0,0.455
2021-22,Bojan Bogdanovic,202711,13,36.0,18.0,0.0,0.538
2021-22,Bojan Bogdanovic,202711,15,30.0,24.5,1.5,0.5115
2021-22,Bojan Bogdanovic,202711,16,30.0,19.0,3.0,0.513
2021-22,Bojan Bogdanovic,202711,17,28.0,22.0,2.0,0.588
2021-22,Bojan Bogdanovic,202711,18,34.0,24.0,2.0,0.429
2021-22,Bojan Bogdanovic,202711,19,29.5,15.0,1.5,0.35000000000000003
2021-22,Bojan Bogdanovic,202711,25,26.333333333333332,19.0,2.6666666666666665,0.48433333333333334
2021-22,Bojan Bogdanovic,202711,27,25.0,20.0,1.0,0.7
2021-22,Bojan Bogdanovic,202711,36,29.0,19.0,4.0,0.571
2021-22,Bojan Bogdanovic,202711,43,24.0,27.0,2.0,0.643
2021-22,Bol Bol,1629626,8,20.0,11.0,1.0,0.714
2021-22,Bones Hyland,1630538,-31,36.0,13.0,3.0,0.357
2021-22,Bones Hyland,1630538,-14,20.0,11.0,4.0,0.375
2021-22,Bones Hyland,1630538,-6,23.0,8.5,1.0,0.4165
2021-22,Bones Hyland,1630538,-4,22.0,4.5,2.5,0.3335
2021-22,Bones Hyland,1630538,-2,21.0,12.0,4.0,0.375
2021-22,Bones Hyland,1630538,-1,24.0,23.0,3.0,0.538
2021-22,Bones Hyland,1630538,1,20.0,9.0,3.0,0.5
2021-22,Bones Hyland,1630538,2,21.0,15.0,4.0,0.5
2021-22,Bones Hyland,1630538,3,23.0,16.5,4.0,0.55
2021-22,Bones Hyland,1630538,4,24.0,12.0,7.0,0.39249999999999996
2021-22,Bones Hyland,1630538,6,34.0,17.0,7.0,0.462
2021-22,Bones Hyland,1630538,7,24.0,11.0,4.0,0.364
2021-22,Bones Hyland,1630538,8,20.0,19.0,3.0,0.667
2021-22,Bones Hyland,1630538,9,24.0,17.0,6.0,0.4
2021-22,Bones Hyland,1630538,10,24.0,19.5,5.5,0.6605
2021-22,Bones Hyland,1630538,11,25.0,9.0,3.5,0.35850000000000004
2021-22,Bones Hyland,1630538,13,28.0,14.0,2.0,0.571
2021-22,Bones Hyland,1630538,15,26.0,24.0,2.0,0.727
2021-22,Bones Hyland,1630538,16,26.5,19.5,2.5,0.528
2021-22,Bones Hyland,1630538,19,20.0,16.0,7.0,0.625
2021-22,Bones Hyland,1630538,24,22.0,17.0,3.0,0.5
2021-22,Bones Hyland,1630538,27,25.0,22.0,3.0,0.5
2021-22,Bones Hyland,1630538,34,32.0,27.0,2.0,0.533
2021-22,Brad Wanamaker,202954,-9,27.0,2.0,5.0,0.167
2021-22,Brad Wanamaker,202954,-8,25.0,6.0,3.0,0.5
2021-22,Brad Wanamaker,202954,0,21.0,5.0,4.0,0.5
2021-22,Brad Wanamaker,202954,12,27.0,7.0,7.0,0.4
2021-22,Brad Wanamaker,202954,20,20.0,12.0,0.0,0.429
2021-22,Bradley Beal,203078,-26,26.0,14.0,1.0,0.353
2021-22,Bradley Beal,203078,-25,31.0,19.0,7.0,0.412
2021-22,Bradley Beal,203078,-19,34.0,24.0,3.0,0.476
2021-22,Bradley Beal,203078,-18,30.5,24.5,3.5,0.5965
2021-22,Bradley Beal,203078,-17,32.0,23.5,5.0,0.5425
2021-22,Bradley Beal,203078,-13,36.5,14.0,11.0,0.3015
2021-22,Bradley Beal,203078,-11,35.5,20.5,8.5,0.385
2021-22,Bradley Beal,203078,-9,36.5,29.5,5.25,0.55875
2021-22,Bradley Beal,203078,-8,31.0,19.0,4.0,0.364
2021-22,Bradley Beal,203078,-6,38.0,25.0,7.0,0.444
2021-22,Bradley Beal,203078,-5,39.0,18.0,9.0,0.278
2021-22,Bradley Beal,203078,-2,39.0,22.5,5.0,0.42200000000000004
2021-22,Bradley Beal,203078,-1,39.0,25.0,8.0,0.526
2021-22,Bradley Beal,203078,0,35.0,22.666666666666668,5.333333333333333,0.385
2021-22,Bradley Beal,203078,1,34.666666666666664,23.666666666666668,6.666666666666667,0.4546666666666666
2021-22,Bradley Beal,203078,3,42.0,27.0,17.0,0.4
2021-22,Bradley Beal,203078,4,44.5,35.5,7.0,0.4375
2021-22,Bradley Beal,203078,7,37.0,24.0,7.666666666666667,0.42333333333333334
2021-22,Bradley Beal,203078,10,37.5,19.5,7.5,0.42200000000000004
2021-22,Bradley Beal,203078,15,37.0,26.0,7.0,0.714
2021-22,Bradley Beal,203078,16,30.0,23.0,8.5,0.574
2021-22,Bradley Beal,203078,20,32.0,13.0,6.0,0.417
2021-22,Bradley Beal,203078,24,34.0,23.0,4.0,0.368
2021-22,Brandon Boston Jr.,1630527,-9,25.0,13.0,2.0,0.385
2021-22,Brandon Boston Jr.,1630527,-8,24.5,8.5,2.0,0.2905
2021-22,Brandon Boston Jr.,1630527,-6,23.0,13.0,1.0,0.5
2021-22,Brandon Boston Jr.,1630527,-3,20.0,4.0,1.0,0.222
2021-22,Brandon Boston Jr.,1630527,-2,22.0,8.0,2.0,0.273
2021-22,Brandon Boston Jr.,1630527,0,24.0,13.0,1.0,0.444
2021-22,Brandon Boston Jr.,1630527,1,27.5,14.0,2.0,0.3875
2021-22,Brandon Boston Jr.,1630527,5,20.0,11.0,3.0,0.364
2021-22,Brandon Boston Jr.,1630527,6,23.0,7.0,2.0,0.273
2021-22,Brandon Boston Jr.,1630527,10,25.0,27.0,0.0,0.692
2021-22,Brandon Boston Jr.,1630527,16,27.0,16.0,2.0,0.462
2021-22,Brandon Boston Jr.,1630527,31,21.0,19.0,2.0,0.571
2021-22,Brandon Boston Jr.,1630527,34,38.0,18.0,5.0,0.533
2021-22,Brandon Clarke,1629634,-13,20.0,9.0,1.0,0.6
2021-22,Brandon Clarke,1629634,-12,32.0,16.0,2.0,0.667
2021-22,Brandon Clarke,1629634,-11,27.0,8.0,1.0,0.6
2021-22,Brandon Clarke,1629634,-9,21.0,3.0,2.0,0.25
2021-22,Brandon Clarke,1629634,-8,23.0,14.0,1.0,0.757
2021-22,Brandon Clarke,1629634,-7,26.0,16.0,1.0,0.875
2021-22,Brandon Clarke,1629634,-6,25.0,14.0,1.0,0.667
2021-22,Brandon Clarke,1629634,-2,23.0,10.0,3.0,0.8
2021-22,Brandon Clarke,1629634,-1,25.0,10.0,1.0,0.6
2021-22,Brandon Clarke,1629634,0,22.333333333333332,11.333333333333334,1.3333333333333333,0.598
2021-22,Brandon Clarke,1629634,3,26.0,12.0,0.0,0.429
2021-22,Brandon Clarke,1629634,4,26.5,11.5,2.5,0.394
2021-22,Brandon Clarke,1629634,5,21.0,6.0,2.0,0.429
2021-22,Brandon Clarke,1629634,6,22.0,18.0,1.0,0.889
2021-22,Brandon Clarke,1629634,7,21.0,10.0,3.0,0.75
2021-22,Brandon Clarke,1629634,8,24.0,20.0,2.5,0.75
2021-22,Brandon Clarke,1629634,9,22.5,18.5,1.0,0.727
2021-22,Brandon Clarke,1629634,10,25.0,10.0,0.0,0.625
2021-22,Brandon Clarke,1629634,12,25.0,13.0,0.0,0.6
2021-22,Brandon Clarke,1629634,16,23.5,10.0,1.0,0.55
2021-22,Brandon Clarke,1629634,17,23.5,14.5,1.5,0.667
2021-22,Brandon Clarke,1629634,19,20.0,15.0,2.0,0.875
2021-22,Brandon Clarke,1629634,26,20.0,14.0,1.0,0.7
2021-22,Brandon Goodwin,1629164,3,25.0,7.0,5.0,0.25
2021-22,Brandon Goodwin,1629164,4,32.0,7.0,8.0,0.333
2021-22,Brandon Goodwin,1629164,6,30.5,19.0,6.5,0.6325000000000001
2021-22,Brandon Goodwin,1629164,7,37.0,8.0,6.0,0.182
2021-22,Brandon Goodwin,1629164,9,36.0,12.0,9.0,0.286
2021-22,Brandon Goodwin,1629164,10,24.0,15.0,5.0,0.5
2021-22,Brandon Goodwin,1629164,11,24.0,13.0,6.0,0.667
2021-22,Brandon Ingram,1627742,-32,30.0,29.0,3.0,0.647
2021-22,Brandon Ingram,1627742,-29,36.0,25.0,6.0,0.462
2021-22,Brandon Ingram,1627742,-22,25.5,11.5,3.5,0.286
2021-22,Brandon Ingram,1627742,-19,36.0,9.0,4.0,0.154
2021-22,Brandon Ingram,1627742,-15,33.0,15.0,1.0,0.5
2021-22,Brandon Ingram,1627742,-13,37.0,19.0,5.0,0.429
2021-22,Brandon Ingram,1627742,-11,36.5,16.0,6.0,0.3335
2021-22,Brandon Ingram,1627742,-10,33.0,16.0,5.0,0.278
2021-22,Brandon Ingram,1627742,-9,33.0,18.0,4.0,0.444
2021-22,Brandon Ingram,1627742,-8,37.0,32.0,8.5,0.5
2021-22,Brandon Ingram,1627742,-7,34.5,15.0,5.0,0.2945
2021-22,Brandon Ingram,1627742,-6,39.0,19.0,3.5,0.487
2021-22,Brandon Ingram,1627742,-3,35.5,28.75,5.75,0.46299999999999997
2021-22,Brandon Ingram,1627742,-2,36.666666666666664,26.666666666666668,3.3333333333333335,0.43
2021-22,Brandon Ingram,1627742,-1,34.0,27.5,4.5,0.6174999999999999
2021-22,Brandon Ingram,1627742,0,38.0,27.0,9.0,0.44
2021-22,Brandon Ingram,1627742,2,35.75,26.0,6.0,0.4475
2021-22,Brandon Ingram,1627742,4,31.0,20.5,5.0,0.3975
2021-22,Brandon Ingram,1627742,6,35.0,22.0,6.0,0.409
2021-22,Brandon Ingram,1627742,7,37.0,34.0,4.0,0.524
2021-22,Brandon Ingram,1627742,9,31.5,24.5,8.5,0.494
2021-22,Brandon Ingram,1627742,10,29.0,19.0,4.0,0.412
2021-22,Brandon Ingram,1627742,12,35.0,26.0,9.5,0.4395
2021-22,Brandon Ingram,1627742,15,30.0,18.0,6.0,0.5075
2021-22,Brandon Ingram,1627742,16,35.0,33.0,12.0,0.571
2021-22,Brandon Ingram,1627742,20,31.5,21.5,7.0,0.47250000000000003
2021-22,Brandon Ingram,1627742,21,33.666666666666664,25.333333333333332,4.666666666666667,0.5806666666666667
2021-22,Brandon Ingram,1627742,23,33.0,17.0,8.0,0.333
2021-22,Brandon Ingram,1627742,26,30.0,29.0,6.0,0.688
2021-22,Brandon Ingram,1627742,27,33.5,25.5,5.0,0.5965
2021-22,Brandon Ingram,1627742,28,33.0,26.0,5.0,0.474
2021-22,Brandon Ingram,1627742,29,31.0,19.0,8.0,0.444
2021-22,Brandon Knight,202688,-12,20.0,10.0,3.0,0.5
2021-22,Brandon Knight,202688,13,24.0,18.0,5.0,0.5
2021-22,Brandon Williams,1630314,-32,25.0,7.0,3.0,0.231
2021-22,Brandon Williams,1630314,-31,28.5,10.0,3.0,0.225
2021-22,Brandon Williams,1630314,-30,23.0,2.0,2.0,0.1
2021-22,Brandon Williams,1630314,-26,26.0,9.0,1.0,0.231
2021-22,Brandon Williams,1630314,-25,33.0,27.0,2.0,0.389
2021-22,Brandon Williams,1630314,-21,23.0,9.0,5.0,0.4
2021-22,Brandon Williams,1630314,-16,28.0,13.0,4.0,0.4325
2021-22,Brandon Williams,1630314,-12,28.5,13.5,7.5,0.34299999999999997
2021-22,Brandon Williams,1630314,-9,35.0,20.0,6.0,0.471
2021-22,Brandon Williams,1630314,-7,28.0,14.0,2.0,0.4
2021-22,Brandon Williams,1630314,-6,29.0,17.0,3.0,0.4
2021-22,Brandon Williams,1630314,-5,27.0,10.0,10.0,0.4
2021-22,Brandon Williams,1630314,0,40.0,25.0,12.0,0.4
2021-22,Brandon Williams,1630314,8,36.0,16.5,3.5,0.31
2021-22,Brandon Williams,1630314,13,37.0,24.0,5.0,0.526
2021-22,Braxton Key,1630296,-15,21.0,12.0,3.0,0.714
2021-22,Braxton Key,1630296,-2,28.0,12.0,2.0,0.455
2021-22,Braxton Key,1630296,12,23.0,5.0,0.0,0.25
2021-22,Braxton Key,1630296,18,30.0,10.0,1.0,0.417
2021-22,Brook Lopez,201572,-18,20.0,15.0,1.0,0.6
2021-22,Brook Lopez,201572,-11,21.0,10.0,0.0,0.444
2021-22,Brook Lopez,201572,-9,20.0,5.0,0.0,0.286
2021-22,Brook Lopez,201572,-8,23.0,15.0,0.0,0.438
2021-22,Brook Lopez,201572,-3,29.0,17.0,0.0,0.429
2021-22,Brook Lopez,201572,0,28.0,8.0,0.0,0.333
2021-22,Brook Lopez,201572,1,25.0,13.5,1.0,0.4585
2021-22,Brook Lopez,201572,7,23.0,10.0,2.0,0.444
2021-22,Brook Lopez,201572,18,29.0,28.0,0.0,0.643
2021-22,Brook Lopez,201572,21,21.0,17.0,0.0,0.636
2021-22,Bruce Brown,1628971,-42,31.0,4.0,1.0,0.333
2021-22,Bruce Brown,1628971,-28,31.0,0.0,0.0,0.0
2021-22,Bruce Brown,1628971,-23,25.0,11.0,0.0,0.667
2021-22,Bruce Brown,1628971,-22,24.0,10.0,1.0,0.556
2021-22,Bruce Brown,1628971,-19,34.0,15.0,5.0,0.417
2021-22,Bruce Brown,1628971,-16,26.0,14.0,3.0,0.75
2021-22,Bruce Brown,1628971,-15,23.0,14.0,1.0,0.455
2021-22,Bruce Brown,1628971,-14,34.0,10.0,4.0,0.3
2021-22,Bruce Brown,1628971,-13,21.0,4.0,2.0,0.333
2021-22,Bruce Brown,1628971,-9,26.0,4.0,2.0,0.182
2021-22,Bruce Brown,1628971,-8,34.0,23.0,3.0,0.471
2021-22,Bruce Brown,1628971,-7,25.0,5.75,0.75,0.3165
2021-22,Bruce Brown,1628971,-6,24.0,8.0,0.0,0.571
2021-22,Bruce Brown,1628971,-5,27.0,8.0,1.0,0.571
2021-22,Bruce Brown,1628971,-4,20.0,4.0,1.0,0.30000000000000004
2021-22,Bruce Brown,1628971,-3,27.333333333333332,9.333333333333334,0.6666666666666666,0.47500000000000003
2021-22,Bruce Brown,1628971,-1,23.0,10.0,5.0,1.0
2021-22,Bruce Brown,1628971,0,32.0,17.0,2.6666666666666665,0.605
2021-22,Bruce Brown,1628971,1,26.0,9.0,1.0,0.5355
2021-22,Bruce Brown,1628971,2,35.5,19.5,5.5,0.5575
2021-22,Bruce Brown,1628971,3,27.5,9.25,3.25,0.65
2021-22,Bruce Brown,1628971,4,35.5,17.0,4.0,0.5105
2021-22,Bruce Brown,1628971,5,29.0,15.0,3.5,0.432
2021-22,Bruce Brown,1628971,6,28.0,14.0,1.0,0.667
2021-22,Bruce Brown,1628971,9,36.5,15.0,4.0,0.5625
2021-22,Bruce Brown,1628971,10,22.0,15.0,4.0,0.8
2021-22,Bruce Brown,1628971,11,20.0,6.0,1.0,1.0
2021-22,Bruce Brown,1628971,12,32.5,8.5,3.5,0.43900000000000006
2021-22,Bruce Brown,1628971,16,29.0,11.0,0.0,0.556
2021-22,Bruce Brown,1628971,17,36.0,16.0,4.0,0.667
2021-22,Bruce Brown,1628971,18,28.5,12.5,1.0,0.5835
2021-22,Bruce Brown,1628971,21,23.0,8.0,5.0,0.75
2021-22,Bruce Brown,1628971,23,22.0,2.0,2.0,0.25
2021-22,Bruce Brown,1628971,28,37.0,19.0,6.0,0.667
2021-22,Bruce Brown,1628971,30,31.0,10.0,8.0,0.375
2021-22,Bruno Fernando,1628981,6,22.0,16.0,0.0,1.0
2021-22,Bruno Fernando,1628981,16,22.0,17.0,2.0,0.75
2021-22,Bryn Forbes,1627854,-14,21.0,3.0,0.5,0.2715
2021-22,Bryn Forbes,1627854,-8,31.0,7.0,3.0,0.214
2021-22,Bryn Forbes,1627854,-7,20.0,8.0,2.0,0.5
2021-22,Bryn Forbes,1627854,-3,30.5,17.5,2.0,0.4365
2021-22,Bryn Forbes,1627854,-2,22.5,11.0,1.5,0.6025
2021-22,Bryn Forbes,1627854,-1,20.0,12.0,1.0,0.444
2021-22,Bryn Forbes,1627854,1,20.0,16.0,2.0,0.714
2021-22,Bryn Forbes,1627854,2,26.0,17.0,1.5,0.5095000000000001
2021-22,Bryn Forbes,1627854,3,24.0,23.0,1.0,0.75
2021-22,Bryn Forbes,1627854,4,22.0,14.0,0.0,0.441
2021-22,Bryn Forbes,1627854,5,25.0,18.0,5.0,0.429
2021-22,Bryn Forbes,1627854,7,28.5,19.5,0.5,0.525
2021-22,Bryn Forbes,1627854,8,22.0,9.0,2.0,0.2
2021-22,Bryn Forbes,1627854,9,30.0,22.5,2.5,0.436
2021-22,Bryn Forbes,1627854,11,29.0,22.0,0.0,0.667
2021-22,Bryn Forbes,1627854,15,23.0,15.0,1.0,0.462
2021-22,Bryn Forbes,1627854,18,20.0,14.0,1.0,0.6
2021-22,Bryn Forbes,1627854,27,24.0,17.0,1.0,0.6
2021-22,Buddy Hield,1627741,-25,29.0,14.0,1.0,0.294
2021-22,Buddy Hield,1627741,-24,32.0,14.0,3.0,0.417
2021-22,Buddy Hield,1627741,-22,28.5,14.0,2.0,0.3875
2021-22,Buddy Hield,1627741,-21,32.0,5.0,5.0,0.143
2021-22,Buddy Hield,1627741,-20,34.0,18.0,6.0,0.538
2021-22,Buddy Hield,1627741,-18,27.0,11.0,0.0,0.308
2021-22,Buddy Hield,1627741,-17,23.0,2.0,1.0,0.0
2021-22,Buddy Hield,1627741,-16,30.0,16.0,3.0,0.462
2021-22,Buddy Hield,1627741,-15,27.0,9.0,2.5,0.3685
2021-22,Buddy Hield,1627741,-13,33.0,15.0,1.5,0.3875
2021-22,Buddy Hield,1627741,-12,29.2,11.4,3.8,0.3038
2021-22,Buddy Hield,1627741,-11,29.0,11.6,1.8,0.3458
2021-22,Buddy Hield,1627741,-10,26.0,11.0,2.0,0.417
2021-22,Buddy Hield,1627741,-9,36.0,16.333333333333332,2.3333333333333335,0.3406666666666667
2021-22,Buddy Hield,1627741,-5,37.0,22.5,4.5,0.5395
2021-22,Buddy Hield,1627741,-4,27.0,14.5,1.5,0.322
2021-22,Buddy Hield,1627741,-2,29.5,13.0,1.0,0.34550000000000003
2021-22,Buddy Hield,1627741,-1,33.166666666666664,16.666666666666668,4.333333333333333,0.4608333333333334
2021-22,Buddy Hield,1627741,0,30.0,24.0,3.0,0.4466666666666666
2021-22,Buddy Hield,1627741,1,32.4,16.4,5.6,0.4856
2021-22,Buddy Hield,1627741,2,29.0,17.4,1.8,0.4476
2021-22,Buddy Hield,1627741,3,23.5,17.5,0.5,0.4855
2021-22,Buddy Hield,1627741,4,32.0,17.0,2.6666666666666665,0.39233333333333337
2021-22,Buddy Hield,1627741,5,37.0,17.0,2.5,0.4545
2021-22,Buddy Hield,1627741,7,33.333333333333336,19.0,5.0,0.35000000000000003
2021-22,Buddy Hield,1627741,8,39.0,13.0,1.0,0.316
2021-22,Buddy Hield,1627741,9,36.5,23.0,3.5,0.473
2021-22,Buddy Hield,1627741,10,40.0,25.0,6.0,0.381
2021-22,Buddy Hield,1627741,11,26.333333333333332,19.333333333333332,1.0,0.503
2021-22,Buddy Hield,1627741,12,30.0,15.75,2.0,0.387
2021-22,Buddy Hield,1627741,13,25.0,21.0,0.0,0.5
2021-22,Buddy Hield,1627741,15,34.0,23.5,4.0,0.5165
2021-22,Buddy Hield,1627741,25,35.0,17.0,6.0,0.389
2021-22,CJ Elleby,1629604,-34,36.0,4.0,5.0,0.182
2021-22,CJ Elleby,1629604,-33,34.0,10.0,1.0,0.333
2021-22,CJ Elleby,1629604,-30,22.0,0.0,6.0,0.0
2021-22,CJ Elleby,1629604,-29,28.0,14.0,3.0,0.6
2021-22,CJ Elleby,1629604,-25,29.0,5.0,0.0,0.333
2021-22,CJ Elleby,1629604,-24,26.0,8.0,7.0,0.2
2021-22,CJ Elleby,1629604,-18,23.0,6.0,1.0,0.3885
2021-22,CJ Elleby,1629604,-17,30.0,17.0,0.0,0.636
2021-22,CJ Elleby,1629604,-16,28.0,12.0,1.0,0.833
2021-22,CJ Elleby,1629604,-13,26.0,8.0,1.0,0.44999999999999996
2021-22,CJ Elleby,1629604,-12,23.0,5.0,0.6666666666666666,0.259
2021-22,CJ Elleby,1629604,-10,28.666666666666668,7.333333333333333,2.6666666666666665,0.3213333333333333
2021-22,CJ Elleby,1629604,-9,26.0,8.0,1.0,0.5
2021-22,CJ Elleby,1629604,-8,23.0,10.0,2.0,0.5
2021-22,CJ Elleby,1629604,-4,31.0,1.0,0.0,0.0
2021-22,CJ Elleby,1629604,-2,29.5,7.0,3.5,0.23650000000000002
2021-22,CJ Elleby,1629604,-1,30.0,9.0,3.0,0.111
2021-22,CJ Elleby,1629604,0,24.5,6.5,5.0,0.45
2021-22,CJ Elleby,1629604,2,34.0,12.0,3.0,0.5389999999999999
2021-22,CJ Elleby,1629604,11,26.0,7.0,2.0,0.375
2021-22,CJ Elleby,1629604,12,31.5,8.0,2.0,0.722
2021-22,CJ Elleby,1629604,20,25.0,7.0,2.0,0.286
2021-22,CJ Elleby,1629604,29,34.0,10.0,4.0,0.429
2021-22,CJ McCollum,203468,-32,29.0,16.0,4.0,0.353
2021-22,CJ McCollum,203468,-29,26.0,17.0,6.0,0.389
2021-22,CJ McCollum,203468,-28,31.0,16.0,2.0,0.389
2021-22,CJ McCollum,203468,-25,31.0,32.0,11.0,0.619
2021-22,CJ McCollum,203468,-23,32.0,20.0,4.0,0.438
2021-22,CJ McCollum,203468,-21,37.0,19.0,4.0,0.389
2021-22,CJ McCollum,203468,-20,40.0,19.5,7.0,0.38
2021-22,CJ McCollum,203468,-19,34.0,24.0,6.0,0.381
2021-22,CJ McCollum,203468,-18,37.0,25.0,8.0,0.417
2021-22,CJ McCollum,203468,-17,36.0,17.333333333333332,6.0,0.40399999999999997
2021-22,CJ McCollum,203468,-16,39.0,20.0,3.0,0.4
2021-22,CJ McCollum,203468,-15,39.0,16.0,4.0,0.353
2021-22,CJ McCollum,203468,-14,30.0,21.0,2.0,0.412
2021-22,CJ McCollum,203468,-13,35.0,29.0,4.0,0.565
2021-22,CJ McCollum,203468,-12,38.0,21.0,7.0,0.588
2021-22,CJ McCollum,203468,-10,32.0,21.0,9.0,0.529
2021-22,CJ McCollum,203468,-9,37.0,27.5,5.0,0.5
2021-22,CJ McCollum,203468,-8,33.0,15.0,3.0,0.294
2021-22,CJ McCollum,203468,-7,35.0,21.0,6.0,0.368
2021-22,CJ McCollum,203468,-6,36.666666666666664,20.333333333333332,5.666666666666667,0.43933333333333335
2021-22,CJ McCollum,203468,-3,36.8,23.0,6.0,0.4708
2021-22,CJ McCollum,203468,-2,33.0,25.0,6.0,0.5
2021-22,CJ McCollum,203468,0,35.0,33.0,4.5,0.5315
2021-22,CJ McCollum,203468,2,38.0,15.0,4.0,0.333
2021-22,CJ McCollum,203468,3,34.0,24.0,3.0,0.53
2021-22,CJ McCollum,203468,4,38.0,26.333333333333332,4.666666666666667,0.41300000000000003
2021-22,CJ McCollum,203468,6,32.0,24.0,4.0,0.5
2021-22,CJ McCollum,203468,7,35.0,25.0,5.5,0.5525
2021-22,CJ McCollum,203468,9,36.0,26.0,5.0,0.5
2021-22,CJ McCollum,203468,10,35.5,25.5,5.0,0.639
2021-22,CJ McCollum,203468,11,34.5,19.5,2.5,0.44799999999999995
2021-22,CJ McCollum,203468,12,38.0,25.0,8.0,0.346
2021-22,CJ McCollum,203468,14,37.0,18.0,6.0,0.438
2021-22,CJ McCollum,203468,15,34.0,17.0,9.0,0.438
2021-22,CJ McCollum,203468,16,36.0,28.0,6.0,0.423
2021-22,CJ McCollum,203468,18,29.0,24.0,4.0,0.556
2021-22,CJ McCollum,203468,19,28.0,23.0,7.0,0.474
2021-22,CJ McCollum,203468,20,31.0,25.0,4.5,0.5295000000000001
2021-22,CJ McCollum,203468,23,32.0,25.0,2.0,0.381
2021-22,CJ McCollum,203468,24,31.0,23.0,5.0,0.692
2021-22,CJ McCollum,203468,27,24.0,7.0,5.0,0.2
2021-22,CJ McCollum,203468,28,34.0,32.0,3.0,0.684
2021-22,CJ McCollum,203468,33,28.0,20.0,4.0,0.421
2021-22,Cade Cunningham,1630595,-38,38.0,14.0,7.0,0.333
2021-22,Cade Cunningham,1630595,-30,29.0,8.0,3.0,0.273
2021-22,Cade Cunningham,1630595,-25,31.0,12.0,6.0,0.263
2021-22,Cade Cunningham,1630595,-24,20.0,13.0,0.0,0.5
2021-22,Cade Cunningham,1630595,-23,29.0,9.0,7.0,0.3
2021-22,Cade Cunningham,1630595,-22,29.0,6.0,3.0,0.143
2021-22,Cade Cunningham,1630595,-20,25.5,14.5,4.0,0.44999999999999996
2021-22,Cade Cunningham,1630595,-18,32.0,16.0,8.333333333333334,0.3406666666666667
2021-22,Cade Cunningham,1630595,-17,21.0,12.0,2.0,0.385
2021-22,Cade Cunningham,1630595,-16,32.5,21.5,4.0,0.4265
2021-22,Cade Cunningham,1630595,-15,35.0,25.0,8.0,0.5
2021-22,Cade Cunningham,1630595,-14,41.0,25.0,5.0,0.478
2021-22,Cade Cunningham,1630595,-13,30.5,12.0,4.0,0.235
2021-22,Cade Cunningham,1630595,-12,32.0,34.0,6.0,0.542
2021-22,Cade Cunningham,1630595,-11,28.0,6.0,6.0,0.2
2021-22,Cade Cunningham,1630595,-10,31.0,17.0,6.0,0.25
2021-22,Cade Cunningham,1630595,-9,31.0,9.0,3.0,0.5
2021-22,Cade Cunningham,1630595,-7,35.0,23.0,5.0,0.5193333333333333
2021-22,Cade Cunningham,1630595,-5,35.0,25.0,7.0,0.588
2021-22,Cade Cunningham,1630595,-4,37.6,23.8,6.2,0.45499999999999996
2021-22,Cade Cunningham,1630595,-1,31.0,19.5,5.0,0.4565
2021-22,Cade Cunningham,1630595,0,33.833333333333336,17.333333333333332,5.833333333333333,0.425
2021-22,Cade Cunningham,1630595,1,32.4,16.2,5.0,0.3794
2021-22,Cade Cunningham,1630595,2,36.0,15.0,10.0,0.385
2021-22,Cade Cunningham,1630595,3,34.5,18.5,8.5,0.377
2021-22,Cade Cunningham,1630595,4,31.333333333333332,11.333333333333334,6.333333333333333,0.4666666666666666
2021-22,Cade Cunningham,1630595,5,28.5,22.0,4.0,0.556
2021-22,Cade Cunningham,1630595,6,32.0,19.0,6.0,0.438
2021-22,Cade Cunningham,1630595,7,31.0,18.0,4.0,0.235
2021-22,Cade Cunningham,1630595,9,35.666666666666664,20.333333333333332,6.0,0.3786666666666667
2021-22,Cade Cunningham,1630595,11,43.0,28.0,10.0,0.4
2021-22,Cade Cunningham,1630595,12,33.0,18.0,5.0,0.533
2021-22,Cade Cunningham,1630595,13,37.0,19.0,7.0,0.533
2021-22,Cade Cunningham,1630595,22,38.0,29.0,8.0,0.588
2021-22,Cade Cunningham,1630595,43,35.0,17.0,8.0,0.583
2021-22,Caleb Martin,1628997,-26,26.0,14.0,2.0,0.545
2021-22,Caleb Martin,1628997,-23,25.0,2.0,1.0,0.0
2021-22,Caleb Martin,1628997,-13,27.0,11.0,3.0,0.667
2021-22,Caleb Martin,1628997,-12,22.0,14.0,0.0,0.667
2021-22,Caleb Martin,1628997,-11,26.0,4.0,0.0,0.333
2021-22,Caleb Martin,1628997,-9,27.0,11.0,0.0,0.5
2021-22,Caleb Martin,1628997,-6,28.0,16.0,3.0,0.5
2021-22,Caleb Martin,1628997,-5,28.0,11.0,1.5,0.38549999999999995
2021-22,Caleb Martin,1628997,-4,24.0,9.0,1.0,0.75
2021-22,Caleb Martin,1628997,-2,24.666666666666668,7.666666666666667,1.0,0.40399999999999997
2021-22,Caleb Martin,1628997,0,31.5,14.5,0.5,0.552
2021-22,Caleb Martin,1628997,1,27.5,10.5,1.5,0.472
2021-22,Caleb Martin,1628997,2,28.0,21.5,1.5,0.653
2021-22,Caleb Martin,1628997,3,23.0,7.0,0.0,0.429
2021-22,Caleb Martin,1628997,4,20.0,7.0,1.0,0.429
2021-22,Caleb Martin,1628997,5,37.0,11.0,0.0,0.444
2021-22,Caleb Martin,1628997,6,24.0,8.0,3.0,0.4
2021-22,Caleb Martin,1628997,7,24.5,12.0,2.0,0.5780000000000001
2021-22,Caleb Martin,1628997,9,21.0,11.0,1.0,0.571
2021-22,Caleb Martin,1628997,10,25.5,9.0,0.5,0.5145
2021-22,Caleb Martin,1628997,12,29.0,8.5,0.5,0.318
2021-22,Caleb Martin,1628997,13,31.0,12.666666666666666,2.3333333333333335,0.598
2021-22,Caleb Martin,1628997,14,21.0,14.0,0.0,0.714
2021-22,Caleb Martin,1628997,15,27.0,16.333333333333332,2.6666666666666665,0.5973333333333334
2021-22,Caleb Martin,1628997,17,32.0,18.0,0.0,0.5
2021-22,Caleb Martin,1628997,22,25.0,6.0,0.0,0.4
2021-22,Caleb Martin,1628997,32,26.0,12.0,1.0,0.5
2021-22,Cam Reddish,1629629,-22,31.0,14.0,2.0,0.357
2021-22,Cam Reddish,1629629,-18,38.0,22.0,3.5,0.3725
2021-22,Cam Reddish,1629629,-12,27.0,19.0,0.0,0.5
2021-22,Cam Reddish,1629629,-11,30.0,16.0,1.0,0.5
2021-22,Cam Reddish,1629629,-6,40.0,33.0,0.0,0.478
2021-22,Cam Reddish,1629629,-5,26.0,10.0,0.0,0.333
2021-22,Cam Reddish,1629629,-4,26.0,20.0,0.0,0.571
2021-22,Cam Reddish,1629629,-3,27.0,12.0,0.0,0.375
2021-22,Cam Reddish,1629629,-2,23.333333333333332,10.666666666666666,1.3333333333333333,0.5423333333333333
2021-22,Cam Reddish,1629629,-1,31.0,18.5,2.0,0.4695
2021-22,Cam Reddish,1629629,2,27.0,15.0,2.0,0.4
2021-22,Cam Reddish,1629629,3,23.0,5.0,2.0,0.2
2021-22,Cam Reddish,1629629,4,28.0,14.0,2.0,0.4
2021-22,Cam Reddish,1629629,5,24.0,13.0,0.5,0.451
2021-22,Cam Reddish,1629629,6,27.0,17.0,1.0,0.357
2021-22,Cam Reddish,1629629,9,25.0,8.0,2.0,0.333
2021-22,Cam Reddish,1629629,13,27.0,18.0,3.0,0.538
2021-22,Cam Reddish,1629629,14,21.0,20.0,1.0,0.467
2021-22,Cam Reddish,1629629,22,25.0,17.0,0.0,0.571
2021-22,Cam Thomas,1630560,-24,25.0,14.0,2.0,0.333
2021-22,Cam Thomas,1630560,-22,32.0,18.0,0.0,0.467
2021-22,Cam Thomas,1630560,-15,24.0,13.0,3.0,0.364
2021-22,Cam Thomas,1630560,-14,25.0,8.0,2.0,0.333
2021-22,Cam Thomas,1630560,-13,30.0,11.0,1.0,0.364
2021-22,Cam Thomas,1630560,-11,30.5,17.5,1.0,0.472
2021-22,Cam Thomas,1630560,-10,25.0,15.0,1.5,0.357
2021-22,Cam Thomas,1630560,-9,24.0,16.0,2.0,0.484
2021-22,Cam Thomas,1630560,-8,30.0,10.0,3.0,0.308
2021-22,Cam Thomas,1630560,-6,29.666666666666668,13.0,3.6666666666666665,0.3293333333333333
2021-22,Cam Thomas,1630560,-5,31.0,30.0,4.0,0.579
2021-22,Cam Thomas,1630560,0,26.5,19.0,1.5,0.5395
2021-22,Cam Thomas,1630560,2,21.0,4.0,0.0,0.286
2021-22,Cam Thomas,1630560,3,29.0,21.0,2.0,0.429
2021-22,Cam Thomas,1630560,5,34.0,20.0,0.0,0.692
2021-22,Cam Thomas,1630560,7,36.0,27.0,0.0,0.611
2021-22,Cam Thomas,1630560,9,24.0,11.0,4.0,0.5
2021-22,Cam Thomas,1630560,11,32.0,22.0,4.0,0.444
2021-22,Cam Thomas,1630560,16,25.0,11.0,1.0,0.444
2021-22,Cam Thomas,1630560,17,26.0,14.0,3.0,0.5
2021-22,Cam Thomas,1630560,27,29.0,13.0,3.0,0.545
2021-22,Cameron Johnson,1629661,-21,31.0,7.0,3.0,0.231
2021-22,Cameron Johnson,1629661,-17,31.0,15.0,2.0,0.308
2021-22,Cameron Johnson,1629661,-14,26.0,9.5,1.5,0.3305
2021-22,Cameron Johnson,1629661,-13,21.0,2.0,4.0,0.333
2021-22,Cameron Johnson,1629661,-12,29.5,14.5,2.0,0.3155
2021-22,Cameron Johnson,1629661,-10,31.5,16.5,0.5,0.5445
2021-22,Cameron Johnson,1629661,-9,22.0,1.0,0.0,0.0
2021-22,Cameron Johnson,1629661,-7,22.0,6.0,1.0,0.6
2021-22,Cameron Johnson,1629661,-6,26.333333333333332,13.666666666666666,1.0,0.5086666666666667
2021-22,Cameron Johnson,1629661,-5,24.0,9.5,1.0,0.311
2021-22,Cameron Johnson,1629661,-4,36.0,8.0,1.0,0.375
2021-22,Cameron Johnson,1629661,-3,23.5,12.0,1.5,0.404
2021-22,Cameron Johnson,1629661,-2,24.0,10.0,0.0,0.333
2021-22,Cameron Johnson,1629661,-1,23.0,11.666666666666666,1.3333333333333333,0.35633333333333334
2021-22,Cameron Johnson,1629661,0,28.5,12.5,0.0,0.356
2021-22,Cameron Johnson,1629661,2,28.6,13.6,1.8,0.4002
2021-22,Cameron Johnson,1629661,4,27.0,15.25,3.0,0.487
2021-22,Cameron Johnson,1629661,5,23.0,16.0,0.0,0.5
2021-22,Cameron Johnson,1629661,7,29.5,13.0,0.5,0.45799999999999996
2021-22,Cameron Johnson,1629661,8,22.75,11.5,0.75,0.46425
2021-22,Cameron Johnson,1629661,9,27.5,28.5,1.0,0.6619999999999999
2021-22,Cameron Johnson,1629661,10,28.0,14.5,3.5,0.6515
2021-22,Cameron Johnson,1629661,12,25.5,14.0,0.5,0.48650000000000004
2021-22,Cameron Johnson,1629661,13,24.0,21.0,3.0,1.0
2021-22,Cameron Johnson,1629661,14,27.0,10.0,2.0,0.5
2021-22,Cameron Johnson,1629661,15,25.5,11.5,1.0,0.5555
2021-22,Cameron Johnson,1629661,16,31.0,14.0,4.0,0.455
2021-22,Cameron Johnson,1629661,17,35.0,11.0,1.0,0.5
2021-22,Cameron Johnson,1629661,18,24.0,9.0,2.5,0.4585
2021-22,Cameron Johnson,1629661,19,23.5,21.0,3.0,0.675
2021-22,Cameron Johnson,1629661,21,20.0,8.0,1.0,0.6
2021-22,Cameron Johnson,1629661,34,29.0,14.0,3.0,0.571
2021-22,Cameron Johnson,1629661,35,35.0,18.0,0.0,0.6
2021-22,Cameron Oliver,1628419,-3,24.0,10.0,2.0,0.444
2021-22,Cameron Payne,1626166,-30,25.0,7.0,2.0,0.176
2021-22,Cameron Payne,1626166,-27,21.0,9.0,2.0,0.333
2021-22,Cameron Payne,1626166,-23,21.0,13.0,4.0,0.417
2021-22,Cameron Payne,1626166,-17,35.0,23.0,8.0,0.474
2021-22,Cameron Payne,1626166,-14,28.0,12.0,4.0,0.333
2021-22,Cameron Payne,1626166,-12,21.0,7.0,2.0,0.273
2021-22,Cameron Payne,1626166,-9,27.5,13.0,8.0,0.303
2021-22,Cameron Payne,1626166,-8,21.0,4.0,5.0,0.286
2021-22,Cameron Payne,1626166,-7,23.0,4.0,11.0,0.25
2021-22,Cameron Payne,1626166,-4,20.0,7.0,3.0,0.25
2021-22,Cameron Payne,1626166,-3,22.0,10.0,5.0,0.154
2021-22,Cameron Payne,1626166,-2,22.0,24.0,3.0,0.643
2021-22,Cameron Payne,1626166,1,34.0,17.0,5.0,0.429
2021-22,Cameron Payne,1626166,3,31.0,13.0,9.0,0.455
2021-22,Cameron Payne,1626166,4,21.0,19.0,3.0,0.571
2021-22,Cameron Payne,1626166,5,21.5,10.5,3.5,0.376
2021-22,Cameron Payne,1626166,6,22.0,17.0,5.0,0.438
2021-22,Cameron Payne,1626166,7,24.0,11.0,7.0,0.833
2021-22,Cameron Payne,1626166,8,24.0,15.0,4.0,0.438
2021-22,Cameron Payne,1626166,9,31.0,20.0,5.0,0.667
2021-22,Cameron Payne,1626166,10,32.0,17.0,16.0,0.375
2021-22,Cameron Payne,1626166,11,20.0,5.0,8.0,0.25
2021-22,Cameron Payne,1626166,13,31.0,11.0,10.0,0.308
2021-22,Cameron Payne,1626166,14,20.5,15.0,3.0,0.393
2021-22,Cameron Payne,1626166,15,29.5,19.0,4.5,0.5
2021-22,Cameron Payne,1626166,18,26.0,14.0,8.0,0.833
2021-22,Cameron Payne,1626166,19,23.0,11.0,5.0,0.714
2021-22,Cameron Payne,1626166,21,29.0,15.0,7.0,0.462
2021-22,Cameron Payne,1626166,23,31.0,6.0,11.0,0.3
2021-22,Cameron Payne,1626166,30,30.0,16.0,7.0,0.538
2021-22,Cameron Payne,1626166,33,23.0,11.0,4.0,0.417
2021-22,Cameron Payne,1626166,35,23.0,9.0,11.0,0.4
2021-22,Caris LeVert,1627747,-28,28.0,16.0,4.0,0.667
2021-22,Caris LeVert,1627747,-23,25.5,11.5,2.5,0.42200000000000004
2021-22,Caris LeVert,1627747,-21,30.5,14.0,4.5,0.29000000000000004
2021-22,Caris LeVert,1627747,-18,35.0,24.0,4.0,0.5205
2021-22,Caris LeVert,1627747,-13,32.0,8.0,6.0,0.267
2021-22,Caris LeVert,1627747,-12,23.0,11.0,1.0,0.444
2021-22,Caris LeVert,1627747,-10,37.5,23.5,6.0,0.4605
2021-22,Caris LeVert,1627747,-9,33.666666666666664,20.666666666666668,4.0,0.39366666666666666
2021-22,Caris LeVert,1627747,-8,28.0,20.5,1.0,0.5405
2021-22,Caris LeVert,1627747,-7,33.0,17.8,5.6,0.41419999999999996
2021-22,Caris LeVert,1627747,-6,36.0,19.0,5.0,0.389
2021-22,Caris LeVert,1627747,-5,33.0,12.0,6.0,0.286
2021-22,Caris LeVert,1627747,-4,28.0,6.0,4.0,0.25
2021-22,Caris LeVert,1627747,-3,33.333333333333336,23.666666666666668,4.666666666666667,0.577
2021-22,Caris LeVert,1627747,-2,35.0,17.0,9.0,0.5
2021-22,Caris LeVert,1627747,-1,33.0,19.0,2.0,0.5
2021-22,Caris LeVert,1627747,1,35.0,23.0,5.0,0.5556666666666666
2021-22,Caris LeVert,1627747,2,37.0,13.5,3.0,0.2575
2021-22,Caris LeVert,1627747,3,27.0,30.0,2.0,0.75
2021-22,Caris LeVert,1627747,4,25.5,9.5,2.5,0.3925
2021-22,Caris LeVert,1627747,6,37.0,24.5,7.0,0.4675
2021-22,Caris LeVert,1627747,7,36.0,19.0,6.0,0.5
2021-22,Caris LeVert,1627747,8,28.0,11.0,2.0,0.364
2021-22,Caris LeVert,1627747,10,25.0,15.0,7.0,0.4
2021-22,Caris LeVert,1627747,12,34.0,19.0,3.0,0.533
2021-22,Caris LeVert,1627747,14,25.0,11.0,3.0,0.5
2021-22,Caris LeVert,1627747,16,29.5,21.0,6.0,0.397
2021-22,Caris LeVert,1627747,17,34.0,9.0,3.0,0.214
2021-22,Caris LeVert,1627747,18,31.0,21.0,5.0,0.444
2021-22,Caris LeVert,1627747,19,30.0,22.0,1.0,0.409
2021-22,Caris LeVert,1627747,20,27.0,15.0,6.0,0.5
2021-22,Caris LeVert,1627747,21,35.0,24.0,11.0,0.444
2021-22,Caris LeVert,1627747,25,20.0,12.0,2.0,0.667
2021-22,Caris LeVert,1627747,38,28.0,6.0,6.0,0.286
2021-22,Carmelo Anthony,2546,-34,25.0,13.0,0.0,0.545
2021-22,Carmelo Anthony,2546,-21,27.0,9.0,1.0,0.4
2021-22,Carmelo Anthony,2546,-20,24.5,7.5,1.0,0.1845
2021-22,Carmelo Anthony,2546,-16,23.0,9.666666666666666,0.0,0.425
2021-22,Carmelo Anthony,2546,-15,30.0,5.0,1.0,0.182
2021-22,Carmelo Anthony,2546,-14,25.333333333333332,10.666666666666666,0.6666666666666666,0.391
2021-22,Carmelo Anthony,2546,-13,26.0,16.0,1.0,0.4
2021-22,Carmelo Anthony,2546,-11,26.0,10.0,1.0,0.347
2021-22,Carmelo Anthony,2546,-10,25.0,9.0,1.0,0.364
2021-22,Carmelo Anthony,2546,-9,29.0,11.0,0.3333333333333333,0.2856666666666667
2021-22,Carmelo Anthony,2546,-8,25.0,16.0,1.3333333333333333,0.4813333333333334
2021-22,Carmelo Anthony,2546,-7,25.5,10.5,2.0,0.3865
2021-22,Carmelo Anthony,2546,-6,30.0,14.0,0.5,0.5355
2021-22,Carmelo Anthony,2546,-5,25.5,10.0,1.0,0.354
2021-22,Carmelo Anthony,2546,-4,21.0,9.0,0.0,0.375
2021-22,Carmelo Anthony,2546,-3,28.0,18.0,1.0,0.5
2021-22,Carmelo Anthony,2546,-2,23.5,11.5,1.5,0.372
2021-22,Carmelo Anthony,2546,1,30.0,16.75,1.25,0.48075
2021-22,Carmelo Anthony,2546,2,24.0,13.0,1.0,0.432
2021-22,Carmelo Anthony,2546,3,24.5,7.0,1.5,0.25
2021-22,Carmelo Anthony,2546,5,30.0,20.0,0.0,0.533
2021-22,Carmelo Anthony,2546,7,25.5,18.5,0.5,0.4355
2021-22,Carmelo Anthony,2546,8,30.333333333333332,15.0,0.6666666666666666,0.528
2021-22,Carmelo Anthony,2546,9,24.0,14.0,0.0,0.625
2021-22,Carmelo Anthony,2546,10,31.0,20.5,2.5,0.575
2021-22,Carmelo Anthony,2546,11,28.0,14.0,2.0,0.5
2021-22,Carmelo Anthony,2546,12,24.0,7.0,3.0,0.167
2021-22,Carmelo Anthony,2546,13,34.0,19.666666666666668,0.6666666666666666,0.578
2021-22,Carmelo Anthony,2546,14,29.0,14.0,2.0,0.308
2021-22,Carmelo Anthony,2546,15,27.0,18.5,1.5,0.5335000000000001
2021-22,Carmelo Anthony,2546,16,20.0,16.0,0.0,0.545
2021-22,Carmelo Anthony,2546,17,27.0,24.0,0.0,0.6
2021-22,Carmelo Anthony,2546,19,27.0,28.0,1.0,0.667
2021-22,Carmelo Anthony,2546,20,34.0,19.0,5.0,0.417
2021-22,Carsen Edwards,1629035,-15,25.0,5.0,4.0,0.222
2021-22,Carsen Edwards,1629035,-3,30.0,13.0,9.0,0.333
2021-22,Cassius Stanley,1630199,-10,27.0,4.0,0.0,0.2
2021-22,Cassius Stanley,1630199,-5,22.0,8.0,1.0,0.375
2021-22,Cassius Stanley,1630199,11,36.0,19.0,1.0,0.75
2021-22,Cedi Osman,1626224,-18,32.0,14.0,3.0,0.357
2021-22,Cedi Osman,1626224,-13,31.0,20.0,1.0,0.538
2021-22,Cedi Osman,1626224,-11,35.0,13.0,1.0,0.417
2021-22,Cedi Osman,1626224,-7,26.0,13.0,1.0,0.46399999999999997
2021-22,Cedi Osman,1626224,-5,23.5,13.0,2.5,0.46099999999999997
2021-22,Cedi Osman,1626224,-4,33.5,7.5,6.0,0.219
2021-22,Cedi Osman,1626224,-3,25.0,9.0,2.0,0.273
2021-22,Cedi Osman,1626224,-2,26.333333333333332,19.333333333333332,4.0,0.642
2021-22,Cedi Osman,1626224,-1,23.5,11.0,2.5,0.30300000000000005
2021-22,Cedi Osman,1626224,0,26.5,16.0,2.0,0.5085
2021-22,Cedi Osman,1626224,1,29.5,5.5,1.5,0.25
2021-22,Cedi Osman,1626224,2,30.5,13.0,2.0,0.3855
2021-22,Cedi Osman,1626224,3,30.0,20.0,2.0,0.467
2021-22,Cedi Osman,1626224,4,23.0,14.0,2.0,0.417
2021-22,Cedi Osman,1626224,5,20.0,11.0,4.0,0.571
2021-22,Cedi Osman,1626224,6,26.5,15.0,3.5,0.528
2021-22,Cedi Osman,1626224,7,27.5,20.5,2.0,0.4875
2021-22,Cedi Osman,1626224,8,27.0,14.333333333333334,2.3333333333333335,0.5186666666666667
2021-22,Cedi Osman,1626224,9,25.5,10.0,3.5,0.4
2021-22,Cedi Osman,1626224,10,32.0,18.5,2.0,0.5135000000000001
2021-22,Cedi Osman,1626224,13,21.0,16.5,1.5,0.587
2021-22,Cedi Osman,1626224,22,27.0,23.0,4.0,0.667
2021-22,Charles Bassey,1629646,-17,22.0,13.0,0.0,0.6
2021-22,Charlie Brown Jr.,1629718,-2,27.0,7.0,1.0,0.5
2021-22,Charlie Brown Jr.,1629718,3,23.0,6.0,0.0,0.286
2021-22,Charlie Brown Jr.,1629718,8,22.0,1.0,0.0,0.0
2021-22,Charlie Brown Jr.,1629718,20,22.0,2.0,0.0,0.0
2021-22,Chaundee Brown,1630602,-16,31.0,16.0,3.0,0.417
2021-22,Chaundee Brown,1630602,-11,30.0,4.0,0.0,0.143
2021-22,Chaundee Brown,1630602,8,20.0,9.0,1.0,0.5
2021-22,Chimezie Metu,1629002,-26,36.0,18.0,0.0,0.333
2021-22,Chimezie Metu,1629002,-21,35.0,14.0,0.0,0.7
2021-22,Chimezie Metu,1629002,-19,20.0,8.0,1.0,0.444
2021-22,Chimezie Metu,1629002,-18,24.0,5.0,1.0,0.4
2021-22,Chimezie Metu,1629002,-16,23.0,8.0,3.0,0.182
2021-22,Chimezie Metu,1629002,-15,25.0,10.0,0.0,0.364
2021-22,Chimezie Metu,1629002,-13,25.0,13.0,2.0,0.75
2021-22,Chimezie Metu,1629002,-12,22.0,10.0,0.0,0.375
2021-22,Chimezie Metu,1629002,-11,25.333333333333332,8.333333333333334,2.3333333333333335,0.4333333333333333
2021-22,Chimezie Metu,1629002,-10,20.0,11.0,0.0,0.5
2021-22,Chimezie Metu,1629002,-8,20.5,4.0,1.5,0.375
2021-22,Chimezie Metu,1629002,-7,26.0,9.0,1.0,0.444
2021-22,Chimezie Metu,1629002,-6,20.0,9.0,0.0,0.5
2021-22,Chimezie Metu,1629002,-5,25.0,4.0,2.0,0.25
2021-22,Chimezie Metu,1629002,-4,27.0,18.0,0.0,0.615
2021-22,Chimezie Metu,1629002,-3,28.0,12.0,0.0,0.625
2021-22,Chimezie Metu,1629002,-2,26.75,13.25,1.5,0.50275
2021-22,Chimezie Metu,1629002,-1,23.5,4.0,1.0,0.35
2021-22,Chimezie Metu,1629002,0,25.5,8.5,1.0,0.4125
2021-22,Chimezie Metu,1629002,4,26.0,14.0,1.0,0.429
2021-22,Chimezie Metu,1629002,6,23.5,17.0,2.0,0.6134999999999999
2021-22,Chimezie Metu,1629002,7,24.0,14.0,0.0,0.333
2021-22,Chimezie Metu,1629002,11,25.333333333333332,13.333333333333334,0.6666666666666666,0.4206666666666667
2021-22,Chimezie Metu,1629002,16,21.0,14.0,4.0,0.625
2021-22,Chris Boucher,1628449,-30,28.0,21.0,2.0,0.316
2021-22,Chris Boucher,1628449,-13,33.0,19.0,0.0,0.571
2021-22,Chris Boucher,1628449,-12,20.0,13.0,0.0,0.625
2021-22,Chris Boucher,1628449,-11,22.0,6.0,0.0,0.4
2021-22,Chris Boucher,1628449,-10,24.0,11.0,0.0,0.571
2021-22,Chris Boucher,1628449,-9,20.0,8.0,0.0,0.8
2021-22,Chris Boucher,1628449,-8,38.0,23.0,0.0,0.538
2021-22,Chris Boucher,1628449,-7,24.0,10.0,0.0,0.429
2021-22,Chris Boucher,1628449,-6,37.0,28.0,0.0,0.714
2021-22,Chris Boucher,1628449,-4,22.0,10.0,0.5,0.2915
2021-22,Chris Boucher,1628449,-3,31.0,14.333333333333334,0.0,0.49099999999999994
2021-22,Chris Boucher,1628449,-2,24.0,6.666666666666667,0.3333333333333333,0.448
2021-22,Chris Boucher,1628449,0,31.0,21.0,3.0,0.429
2021-22,Chris Boucher,1628449,1,24.5,8.5,0.5,0.3375
2021-22,Chris Boucher,1628449,4,25.0,9.333333333333334,0.6666666666666666,0.3273333333333333
2021-22,Chris Boucher,1628449,5,24.5,10.0,0.0,0.394
2021-22,Chris Boucher,1628449,6,35.0,21.0,1.0,0.615
2021-22,Chris Boucher,1628449,7,22.0,17.0,1.0,0.7
2021-22,Chris Boucher,1628449,8,23.5,11.5,0.0,0.5680000000000001
2021-22,Chris Boucher,1628449,10,22.0,10.0,0.0,0.571
2021-22,Chris Boucher,1628449,12,20.0,13.0,1.0,0.556
2021-22,Chris Boucher,1628449,13,22.0,5.0,0.0,0.333
2021-22,Chris Boucher,1628449,15,30.25,15.25,0.5,0.54375
2021-22,Chris Boucher,1628449,16,31.0,9.5,0.0,0.4165
2021-22,Chris Boucher,1628449,17,22.0,14.0,0.0,0.5355
2021-22,Chris Boucher,1628449,19,33.0,17.0,0.0,0.5
2021-22,Chris Boucher,1628449,21,23.0,11.0,1.0,0.5
2021-22,Chris Boucher,1628449,35,30.0,15.0,0.0,0.6
2021-22,Chris Chiozza,1629185,-17,26.0,3.0,7.0,0.167
2021-22,Chris Chiozza,1629185,-14,29.0,4.0,8.0,0.333
2021-22,Chris Chiozza,1629185,-7,20.0,6.0,2.0,0.333
2021-22,Chris Chiozza,1629185,-4,20.0,11.0,1.0,0.444
2021-22,Chris Chiozza,1629185,17,27.0,9.0,5.0,0.429
2021-22,Chris Duarte,1630537,-23,28.0,15.5,2.5,0.4645
2021-22,Chris Duarte,1630537,-19,22.0,12.0,2.0,0.455
2021-22,Chris Duarte,1630537,-17,34.0,25.0,4.0,0.5
2021-22,Chris Duarte,1630537,-15,26.0,10.5,2.0,0.3875
2021-22,Chris Duarte,1630537,-14,26.0,10.0,0.0,0.444
2021-22,Chris Duarte,1630537,-10,37.0,18.0,3.0,0.417
2021-22,Chris Duarte,1630537,-9,32.0,14.0,1.0,0.4
2021-22,Chris Duarte,1630537,-8,21.0,6.0,1.0,0.222
2021-22,Chris Duarte,1630537,-7,26.4,8.8,2.0,0.35300000000000004
2021-22,Chris Duarte,1630537,-6,31.333333333333332,15.0,2.0,0.5276666666666666
2021-22,Chris Duarte,1630537,-5,36.0,15.0,1.0,0.4
2021-22,Chris Duarte,1630537,-4,25.5,11.0,2.5,0.28200000000000003
2021-22,Chris Duarte,1630537,-2,37.0,18.0,4.0,0.467
2021-22,Chris Duarte,1630537,-1,29.666666666666668,14.666666666666666,3.0,0.492
2021-22,Chris Duarte,1630537,0,32.0,12.0,6.0,0.455
2021-22,Chris Duarte,1630537,2,21.0,14.0,2.0,0.455
2021-22,Chris Duarte,1630537,3,35.0,11.0,2.0,0.385
2021-22,Chris Duarte,1630537,4,45.0,15.0,5.0,0.375
2021-22,Chris Duarte,1630537,6,26.5,9.5,1.0,0.3365
2021-22,Chris Duarte,1630537,7,28.833333333333332,14.0,1.3333333333333333,0.425
2021-22,Chris Duarte,1630537,9,34.0,24.0,6.0,0.714
2021-22,Chris Duarte,1630537,10,38.0,27.0,3.0,0.625
2021-22,Chris Duarte,1630537,11,31.0,11.0,0.0,0.357
2021-22,Chris Duarte,1630537,12,28.0,18.0,2.0,0.545
2021-22,Chris Duarte,1630537,13,33.0,10.0,1.0,0.444
2021-22,Chris Duarte,1630537,14,22.0,9.0,3.0,0.273
2021-22,Chris Duarte,1630537,15,41.0,19.0,1.0,0.286
2021-22,Chris Duarte,1630537,16,23.0,12.0,1.0,0.357
2021-22,Chris Duarte,1630537,18,29.0,15.0,4.0,0.385
2021-22,Chris Duarte,1630537,19,31.0,15.0,2.0,0.5
2021-22,Chris Duarte,1630537,23,30.0,23.0,6.0,0.818
2021-22,Chris Paul,101108,-29,25.0,4.0,11.0,0.4
2021-22,Chris Paul,101108,-23,33.0,15.0,10.0,0.545
2021-22,Chris Paul,101108,-15,33.0,9.0,8.0,0.286
2021-22,Chris Paul,101108,-14,31.0,12.0,6.0,0.5
2021-22,Chris Paul,101108,-13,33.0,21.0,8.0,0.429
2021-22,Chris Paul,101108,-11,31.0,8.0,11.0,0.333
2021-22,Chris Paul,101108,-10,30.333333333333332,8.666666666666666,8.0,0.296
2021-22,Chris Paul,101108,-5,33.75,17.5,11.25,0.511
2021-22,Chris Paul,101108,-4,38.0,18.0,12.0,0.5
2021-22,Chris Paul,101108,-3,32.0,15.0,12.0,0.583
2021-22,Chris Paul,101108,-2,33.5,18.5,6.0,0.4855
2021-22,Chris Paul,101108,-1,35.0,22.0,5.0,0.474
2021-22,Chris Paul,101108,0,31.0,10.0,5.0,0.444
2021-22,Chris Paul,101108,1,36.0,7.0,14.0,0.167
2021-22,Chris Paul,101108,2,32.5,13.5,10.0,0.619
2021-22,Chris Paul,101108,3,41.0,16.0,12.0,0.389
2021-22,Chris Paul,101108,4,35.0,18.2,9.8,0.47519999999999996
2021-22,Chris Paul,101108,6,35.0,23.5,14.0,0.513
2021-22,Chris Paul,101108,7,29.75,16.5,9.5,0.522
2021-22,Chris Paul,101108,10,33.0,18.0,14.0,0.5
2021-22,Chris Paul,101108,12,36.333333333333336,14.666666666666666,14.333333333333334,0.509
2021-22,Chris Paul,101108,14,30.0,14.333333333333334,11.333333333333334,0.646
2021-22,Chris Paul,101108,15,32.0,12.0,9.0,0.5
2021-22,Chris Paul,101108,16,34.5,14.5,15.0,0.6475
2021-22,Chris Paul,101108,18,36.5,16.0,13.0,0.618
2021-22,Chris Paul,101108,20,32.5,15.5,14.25,0.454
2021-22,Chris Paul,101108,21,32.5,12.5,13.0,0.451
2021-22,Chris Paul,101108,22,23.0,6.0,12.0,0.429
2021-22,Chris Paul,101108,23,31.333333333333332,12.666666666666666,11.0,0.45166666666666666
2021-22,Chris Paul,101108,24,30.0,17.0,10.0,0.619
2021-22,Chris Paul,101108,25,32.5,17.0,9.0,0.5725
2021-22,Chris Paul,101108,26,35.0,16.0,13.0,0.625
2021-22,Chris Paul,101108,30,30.0,14.0,9.0,0.5
2021-22,Chris Paul,101108,34,26.0,7.0,16.0,0.5
2021-22,Christian Wood,1626174,-28,27.5,12.0,2.5,0.472
2021-22,Christian Wood,1626174,-24,27.666666666666668,14.0,3.0,0.41100000000000003
2021-22,Christian Wood,1626174,-23,25.0,8.0,4.0,0.333
2021-22,Christian Wood,1626174,-21,24.0,20.0,1.0,0.615
2021-22,Christian Wood,1626174,-20,32.0,21.0,1.0,0.474
2021-22,Christian Wood,1626174,-19,24.0,15.0,0.0,0.545
2021-22,Christian Wood,1626174,-18,25.5,13.75,1.5,0.489
2021-22,Christian Wood,1626174,-17,28.5,18.5,1.5,0.5
2021-22,Christian Wood,1626174,-16,32.0,17.0,6.0,0.5
2021-22,Christian Wood,1626174,-15,28.0,12.666666666666666,1.0,0.4056666666666667
2021-22,Christian Wood,1626174,-14,29.0,23.0,1.0,0.571
2021-22,Christian Wood,1626174,-12,28.5,13.5,1.75,0.39675
2021-22,Christian Wood,1626174,-11,34.333333333333336,20.0,3.0,0.525
2021-22,Christian Wood,1626174,-10,29.5,18.5,0.5,0.549
2021-22,Christian Wood,1626174,-9,35.5,14.0,1.0,0.312
2021-22,Christian Wood,1626174,-8,31.666666666666668,18.666666666666668,4.0,0.574
2021-22,Christian Wood,1626174,-5,34.0,18.0,4.0,0.571
2021-22,Christian Wood,1626174,-4,32.333333333333336,20.666666666666668,2.6666666666666665,0.502
2021-22,Christian Wood,1626174,-3,33.0,19.0,4.0,0.538
2021-22,Christian Wood,1626174,-2,33.5,17.0,5.5,0.4145
2021-22,Christian Wood,1626174,-1,33.5,20.5,2.0,0.537
2021-22,Christian Wood,1626174,0,37.0,20.0,3.0,0.5
2021-22,Christian Wood,1626174,2,35.5,19.25,2.5,0.44175
2021-22,Christian Wood,1626174,3,34.0,20.75,3.5,0.50725
2021-22,Christian Wood,1626174,4,31.0,19.0,1.5,0.519
2021-22,Christian Wood,1626174,5,30.0,29.0,3.5,0.6595
2021-22,Christian Wood,1626174,6,28.5,12.5,1.5,0.469
2021-22,Christian Wood,1626174,7,33.0,22.0,1.0,0.667
2021-22,Christian Wood,1626174,13,37.0,28.0,1.0,0.667
2021-22,Christian Wood,1626174,15,28.0,15.5,3.0,0.4515
2021-22,Christian Wood,1626174,16,40.0,33.0,3.0,0.684
2021-22,Christian Wood,1626174,17,36.0,39.0,2.0,0.778
2021-22,Christian Wood,1626174,24,30.0,24.0,0.0,0.529
2021-22,Christian Wood,1626174,26,33.0,31.0,1.0,0.684
2021-22,Chuma Okeke,1629643,-33,25.0,5.0,1.0,0.286
2021-22,Chuma Okeke,1629643,-30,30.0,9.0,1.0,0.333
2021-22,Chuma Okeke,1629643,-23,25.0,8.0,1.0,0.375
2021-22,Chuma Okeke,1629643,-21,20.0,2.0,1.0,0.143
2021-22,Chuma Okeke,1629643,-19,24.0,6.0,1.0,0.333
2021-22,Chuma Okeke,1629643,-17,25.0,10.0,1.0,0.333
2021-22,Chuma Okeke,1629643,-15,26.0,15.0,2.0,0.333
2021-22,Chuma Okeke,1629643,-14,24.666666666666668,5.666666666666667,1.0,0.2896666666666667
2021-22,Chuma Okeke,1629643,-13,34.0,4.0,5.0,0.2
2021-22,Chuma Okeke,1629643,-10,28.0,10.0,0.0,0.333
2021-22,Chuma Okeke,1629643,-9,23.0,4.0,3.0,0.286
2021-22,Chuma Okeke,1629643,-8,26.2,7.6,2.2,0.3456
2021-22,Chuma Okeke,1629643,-7,28.666666666666668,5.666666666666667,1.6666666666666667,0.2803333333333333
2021-22,Chuma Okeke,1629643,-6,26.0,9.0,1.0,0.35933333333333334
2021-22,Chuma Okeke,1629643,-4,30.0,13.0,2.0,0.381
2021-22,Chuma Okeke,1629643,-3,23.0,3.5,2.5,0.229
2021-22,Chuma Okeke,1629643,-2,25.0,6.0,1.0,0.167
2021-22,Chuma Okeke,1629643,-1,31.333333333333332,11.666666666666666,3.0,0.4163333333333334
2021-22,Chuma Okeke,1629643,1,30.0,10.0,2.0,0.4
2021-22,Chuma Okeke,1629643,3,27.666666666666668,10.333333333333334,2.3333333333333335,0.47333333333333333
2021-22,Chuma Okeke,1629643,4,29.0,13.5,4.5,0.4865
2021-22,Chuma Okeke,1629643,5,24.0,13.5,1.5,0.595
2021-22,Chuma Okeke,1629643,6,34.0,20.0,4.0,0.533
2021-22,Chuma Okeke,1629643,7,26.0,5.0,1.0,0.19849999999999998
2021-22,Chuma Okeke,1629643,8,30.0,11.0,1.0,0.364
2021-22,Chuma Okeke,1629643,9,20.0,13.0,1.0,0.714
2021-22,Chuma Okeke,1629643,10,29.5,18.0,1.0,0.616
2021-22,Chuma Okeke,1629643,14,20.0,8.0,2.0,0.222
2021-22,Chuma Okeke,1629643,15,30.0,12.0,1.0,0.357
2021-22,Chuma Okeke,1629643,20,29.0,14.5,2.5,0.577
2021-22,Chuma Okeke,1629643,27,31.0,26.0,4.0,0.692
2021-22,Clint Capela,203991,-36,21.0,13.0,0.0,1.0
2021-22,Clint Capela,203991,-19,29.5,12.5,0.0,0.4735
2021-22,Clint Capela,203991,-16,29.0,5.0,0.0,0.5
2021-22,Clint Capela,203991,-15,30.5,13.0,3.5,0.472
2021-22,Clint Capela,203991,-14,27.0,6.0,1.0,0.286
2021-22,Clint Capela,203991,-13,26.0,8.0,3.0,0.5
2021-22,Clint Capela,203991,-12,26.666666666666668,10.666666666666666,0.3333333333333333,0.488
2021-22,Clint Capela,203991,-11,23.0,15.0,3.0,0.75
2021-22,Clint Capela,203991,-10,28.75,10.0,1.0,0.47025
2021-22,Clint Capela,203991,-9,21.0,10.0,3.0,1.0
2021-22,Clint Capela,203991,-8,23.0,6.0,1.0,0.75
2021-22,Clint Capela,203991,-7,29.0,5.0,1.0,0.25
2021-22,Clint Capela,203991,-6,34.0,13.0,2.0,0.625
2021-22,Clint Capela,203991,-5,25.5,11.5,1.25,0.49575
2021-22,Clint Capela,203991,-4,29.75,14.0,0.5,0.7355
2021-22,Clint Capela,203991,-1,30.0,13.0,1.0,0.5835
2021-22,Clint Capela,203991,0,26.0,17.0,0.0,0.727
2021-22,Clint Capela,203991,1,23.0,6.0,2.0,0.55
2021-22,Clint Capela,203991,2,30.0,11.4,1.4,0.634
2021-22,Clint Capela,203991,4,28.0,13.5,0.0,0.6944999999999999
2021-22,Clint Capela,203991,5,27.666666666666668,11.666666666666666,1.3333333333333333,0.653
2021-22,Clint Capela,203991,6,39.0,18.0,2.0,0.529
2021-22,Clint Capela,203991,7,27.5,12.0,1.0,0.7855
2021-22,Clint Capela,203991,8,30.5,10.5,3.0,0.5145
2021-22,Clint Capela,203991,10,32.0,13.0,1.0,0.625
2021-22,Clint Capela,203991,11,26.666666666666668,12.0,1.1666666666666667,0.7775
2021-22,Clint Capela,203991,12,30.5,19.0,2.5,0.8945000000000001
2021-22,Clint Capela,203991,13,24.0,6.0,0.5,0.4165
2021-22,Clint Capela,203991,14,23.0,8.0,1.0,0.6
2021-22,Clint Capela,203991,15,25.0,6.0,2.0,1.0
2021-22,Clint Capela,203991,16,23.0,6.5,1.5,0.5895
2021-22,Clint Capela,203991,17,20.0,12.0,0.0,1.0
2021-22,Clint Capela,203991,19,33.0,12.0,3.0,1.0
2021-22,Clint Capela,203991,20,29.0,10.0,0.0,0.556
2021-22,Clint Capela,203991,21,27.0,7.0,4.0,0.429
2021-22,Clint Capela,203991,23,32.0,11.0,1.0,0.5
2021-22,Clint Capela,203991,24,23.0,12.0,2.0,0.556
2021-22,Clint Capela,203991,33,29.0,23.0,2.0,0.786
2021-22,Coby White,1629632,-28,28.0,20.0,1.0,0.529
2021-22,Coby White,1629632,-22,22.0,5.0,2.0,0.2
2021-22,Coby White,1629632,-21,25.0,16.0,0.0,0.6
2021-22,Coby White,1629632,-19,22.0,16.0,2.0,0.4
2021-22,Coby White,1629632,-17,26.0,13.5,1.5,0.5055000000000001
2021-22,Coby White,1629632,-16,31.0,16.0,5.0,0.429
2021-22,Coby White,1629632,-15,36.0,19.0,4.0,0.429
2021-22,Coby White,1629632,-13,32.5,16.0,1.5,0.4465
2021-22,Coby White,1629632,-12,24.0,4.0,3.0,0.2
2021-22,Coby White,1629632,-11,28.666666666666668,11.0,3.0,0.21933333333333335
2021-22,Coby White,1629632,-9,24.0,9.0,1.0,0.4
2021-22,Coby White,1629632,-8,30.5,8.5,3.0,0.35
2021-22,Coby White,1629632,-5,33.5,13.5,4.0,0.3855
2021-22,Coby White,1629632,-4,22.5,6.5,1.0,0.286
2021-22,Coby White,1629632,-2,37.0,16.0,5.0,0.462
2021-22,Coby White,1629632,-1,25.5,7.5,3.0,0.2475
2021-22,Coby White,1629632,0,33.0,19.0,3.0,0.639
2021-22,Coby White,1629632,1,30.666666666666668,23.666666666666668,4.0,0.5676666666666667
2021-22,Coby White,1629632,2,28.0,10.5,2.0,0.35
2021-22,Coby White,1629632,3,31.333333333333332,13.0,3.0,0.48500000000000004
2021-22,Coby White,1629632,4,27.5,15.5,3.5,0.423
2021-22,Coby White,1629632,6,39.0,31.0,6.0,0.579
2021-22,Coby White,1629632,7,29.5,21.5,2.0,0.771
2021-22,Coby White,1629632,9,27.5,14.5,3.5,0.455
2021-22,Coby White,1629632,11,23.0,13.0,3.0,0.5
2021-22,Coby White,1629632,13,29.0,10.0,7.0,0.3395
2021-22,Coby White,1629632,15,32.5,12.5,4.0,0.394
2021-22,Coby White,1629632,17,24.5,13.0,3.0,0.5835
2021-22,Coby White,1629632,18,29.0,9.0,5.0,0.444
2021-22,Coby White,1629632,19,36.0,19.5,4.5,0.487
2021-22,Coby White,1629632,39,23.0,20.0,2.0,0.818
2021-22,Cody Martin,1628998,-24,30.0,5.0,4.0,0.4
2021-22,Cody Martin,1628998,-22,24.0,5.0,1.0,0.4
2021-22,Cody Martin,1628998,-19,28.0,7.0,2.0,0.6
2021-22,Cody Martin,1628998,-18,23.5,5.0,3.0,0.3095
2021-22,Cody Martin,1628998,-17,25.0,2.0,2.0,0.333
2021-22,Cody Martin,1628998,-14,20.0,12.0,1.0,1.0
2021-22,Cody Martin,1628998,-13,42.0,14.0,4.0,0.462
2021-22,Cody Martin,1628998,-12,32.0,4.0,1.5,0.1875
2021-22,Cody Martin,1628998,-11,28.0,4.0,4.0,1.0
2021-22,Cody Martin,1628998,-10,23.0,7.5,3.5,0.5
2021-22,Cody Martin,1628998,-9,27.0,8.5,1.5,0.625
2021-22,Cody Martin,1628998,-8,35.0,8.0,2.0,0.429
2021-22,Cody Martin,1628998,-7,36.0,4.0,2.0,0.25
2021-22,Cody Martin,1628998,-6,23.0,10.0,0.0,0.8
2021-22,Cody Martin,1628998,-5,26.0,8.0,3.0,0.25
2021-22,Cody Martin,1628998,-4,24.0,11.0,2.0,1.0
2021-22,Cody Martin,1628998,-3,36.0,13.0,3.0,0.5136666666666666
2021-22,Cody Martin,1628998,-2,25.5,9.5,1.0,0.47650000000000003
2021-22,Cody Martin,1628998,-1,27.333333333333332,8.333333333333334,2.6666666666666665,0.5393333333333333
2021-22,Cody Martin,1628998,0,21.0,3.0,1.0,0.2
2021-22,Cody Martin,1628998,2,26.5,7.0,4.0,0.472
2021-22,Cody Martin,1628998,3,21.0,7.0,1.0,1.0
2021-22,Cody Martin,1628998,4,31.333333333333332,15.0,3.6666666666666665,0.6283333333333333
2021-22,Cody Martin,1628998,5,30.0,7.5,3.5,0.4165
2021-22,Cody Martin,1628998,6,36.0,8.5,4.5,0.5115000000000001
2021-22,Cody Martin,1628998,7,23.0,10.5,3.0,0.6875
2021-22,Cody Martin,1628998,8,28.0,8.0,2.0,0.6
2021-22,Cody Martin,1628998,9,30.0,14.0,0.0,0.545
2021-22,Cody Martin,1628998,10,28.0,15.0,4.0,0.857
2021-22,Cody Martin,1628998,12,25.0,8.0,5.0,0.667
2021-22,Cody Martin,1628998,13,24.0,5.0,3.0,0.333
2021-22,Cody Martin,1628998,14,24.5,7.0,3.5,0.4165
2021-22,Cody Martin,1628998,15,25.0,7.5,2.0,0.7145
2021-22,Cody Martin,1628998,19,25.0,6.0,4.0,0.3666666666666667
2021-22,Cody Martin,1628998,20,26.0,0.0,2.0,0.0
2021-22,Cody Martin,1628998,22,32.0,19.0,4.0,0.545
2021-22,Cody Martin,1628998,23,33.0,8.0,2.0,0.4
2021-22,Cody Martin,1628998,25,21.0,4.0,5.0,0.5
2021-22,Cody Martin,1628998,27,29.0,12.0,5.0,0.667
2021-22,Cody Zeller,203469,-2,20.0,9.0,2.0,0.429
2021-22,Cody Zeller,203469,7,24.0,10.0,1.0,0.75
2021-22,Cole Anthony,1630175,-28,27.0,6.0,2.5,0.261
2021-22,Cole Anthony,1630175,-23,31.5,13.5,2.5,0.381
2021-22,Cole Anthony,1630175,-22,31.0,19.0,4.0,0.438
2021-22,Cole Anthony,1630175,-21,32.0,13.0,8.0,0.429
2021-22,Cole Anthony,1630175,-20,27.333333333333332,14.0,5.666666666666667,0.336
2021-22,Cole Anthony,1630175,-18,31.666666666666668,12.0,3.3333333333333335,0.35766666666666663
2021-22,Cole Anthony,1630175,-17,29.5,9.5,4.5,0.289
2021-22,Cole Anthony,1630175,-16,25.0,19.0,7.0,0.455
2021-22,Cole Anthony,1630175,-15,26.0,12.0,3.0,0.5
2021-22,Cole Anthony,1630175,-14,35.0,21.0,6.0,0.444
2021-22,Cole Anthony,1630175,-13,32.0,13.333333333333334,6.0,0.287
2021-22,Cole Anthony,1630175,-11,36.0,20.0,4.0,0.333
2021-22,Cole Anthony,1630175,-9,30.0,22.0,5.0,0.571
2021-22,Cole Anthony,1630175,-8,36.0,29.0,11.0,0.579
2021-22,Cole Anthony,1630175,-7,33.0,19.0,9.0,0.353
2021-22,Cole Anthony,1630175,-6,34.0,33.0,8.0,0.545
2021-22,Cole Anthony,1630175,-5,30.5,11.75,5.5,0.3245
2021-22,Cole Anthony,1630175,-3,30.5,13.0,5.0,0.3125
2021-22,Cole Anthony,1630175,-2,35.5,17.5,7.0,0.39749999999999996
2021-22,Cole Anthony,1630175,-1,32.5,20.5,9.5,0.35250000000000004
2021-22,Cole Anthony,1630175,0,32.5,13.5,4.0,0.345
2021-22,Cole Anthony,1630175,1,25.0,26.0,7.0,0.429
2021-22,Cole Anthony,1630175,2,34.0,23.0,2.0,0.438
2021-22,Cole Anthony,1630175,3,36.0,26.0,7.0,0.5
2021-22,Cole Anthony,1630175,4,29.25,14.0,6.25,0.393
2021-22,Cole Anthony,1630175,5,33.75,20.0,8.25,0.3825
2021-22,Cole Anthony,1630175,6,24.0,11.0,4.0,0.5
2021-22,Cole Anthony,1630175,7,37.0,17.5,5.5,0.392
2021-22,Cole Anthony,1630175,9,30.0,14.0,6.0,0.5
2021-22,Cole Anthony,1630175,10,35.0,23.0,8.5,0.494
2021-22,Cole Anthony,1630175,12,36.0,12.0,9.0,0.267
2021-22,Cole Anthony,1630175,13,28.0,6.0,7.0,0.143
2021-22,Cole Anthony,1630175,14,33.5,28.0,5.5,0.575
2021-22,Cole Anthony,1630175,15,35.0,15.0,3.0,0.545
2021-22,Cole Anthony,1630175,16,33.0,24.0,5.0,0.538
2021-22,Cole Anthony,1630175,19,34.0,21.0,6.5,0.38949999999999996
2021-22,Cole Anthony,1630175,20,28.0,11.0,3.0,0.214
2021-22,Collin Sexton,1629012,-19,31.0,9.0,3.0,0.222
2021-22,Collin Sexton,1629012,-14,29.0,17.0,1.0,0.538
2021-22,Collin Sexton,1629012,-11,32.0,21.0,2.0,0.615
2021-22,Collin Sexton,1629012,-5,34.0,33.0,1.0,0.619
2021-22,Collin Sexton,1629012,0,35.0,17.0,2.0,0.294
2021-22,Collin Sexton,1629012,1,31.0,9.0,2.0,0.222
2021-22,Collin Sexton,1629012,4,27.0,12.0,5.0,0.357
2021-22,Collin Sexton,1629012,10,24.0,14.0,2.0,0.364
2021-22,Collin Sexton,1629012,17,37.0,26.0,1.0,0.6
2021-22,Corey Kispert,1630557,-27,32.0,10.0,2.0,0.667
2021-22,Corey Kispert,1630557,-21,35.0,8.0,0.0,0.333
2021-22,Corey Kispert,1630557,-20,33.0,21.0,0.0,0.571
2021-22,Corey Kispert,1630557,-17,32.0,13.0,1.0,0.556
2021-22,Corey Kispert,1630557,-16,25.0,8.0,1.0,0.4
2021-22,Corey Kispert,1630557,-13,38.0,14.0,3.0,0.357
2021-22,Corey Kispert,1630557,-12,25.333333333333332,8.0,1.0,0.54
2021-22,Corey Kispert,1630557,-11,33.0,2.0,2.0,0.25
2021-22,Corey Kispert,1630557,-10,32.0,12.0,3.0,0.455
2021-22,Corey Kispert,1630557,-9,34.0,10.0,1.0,0.3
2021-22,Corey Kispert,1630557,-7,23.0,9.0,1.0,0.4
2021-22,Corey Kispert,1630557,-6,24.0,13.0,0.0,0.5
2021-22,Corey Kispert,1630557,-5,25.0,20.0,1.0,0.667
2021-22,Corey Kispert,1630557,-4,28.0,9.25,1.0,0.546
2021-22,Corey Kispert,1630557,-3,27.5,9.0,1.0,0.4
2021-22,Corey Kispert,1630557,-2,25.5,10.0,1.5,0.47750000000000004
2021-22,Corey Kispert,1630557,-1,24.0,16.0,1.0,0.6
2021-22,Corey Kispert,1630557,0,27.75,9.5,2.0,0.35250000000000004
2021-22,Corey Kispert,1630557,1,22.5,9.0,0.5,0.4375
2021-22,Corey Kispert,1630557,3,30.0,7.0,0.0,0.375
2021-22,Corey Kispert,1630557,5,29.333333333333332,8.666666666666666,0.3333333333333333,0.4026666666666667
2021-22,Corey Kispert,1630557,6,29.0,12.5,0.5,0.619
2021-22,Corey Kispert,1630557,8,28.0,4.0,1.0,0.2
2021-22,Corey Kispert,1630557,9,31.0,7.0,2.0,0.333
2021-22,Corey Kispert,1630557,10,30.25,12.5,1.75,0.47150000000000003
2021-22,Corey Kispert,1630557,12,36.0,11.0,5.0,0.364
2021-22,Corey Kispert,1630557,13,31.5,14.0,1.5,0.619
2021-22,Corey Kispert,1630557,16,34.5,18.5,3.0,0.653
2021-22,Corey Kispert,1630557,39,36.0,6.0,3.0,0.333
2021-22,Cory Joseph,202709,-22,24.0,10.0,4.0,0.5
2021-22,Cory Joseph,202709,-18,31.0,7.0,6.0,0.25
2021-22,Cory Joseph,202709,-17,20.0,7.0,2.0,1.0
2021-22,Cory Joseph,202709,-13,26.666666666666668,2.6666666666666665,6.0,0.2333333333333333
2021-22,Cory Joseph,202709,-12,31.0,15.0,3.0,0.6335
2021-22,Cory Joseph,202709,-10,20.666666666666668,6.666666666666667,2.3333333333333335,0.5223333333333334
2021-22,Cory Joseph,202709,-9,27.75,9.25,2.5,0.384
2021-22,Cory Joseph,202709,-8,23.0,5.5,3.5,0.5665
2021-22,Cory Joseph,202709,-7,23.5,17.0,4.5,0.561
2021-22,Cory Joseph,202709,-6,25.0,10.0,4.5,0.389
2021-22,Cory Joseph,202709,-5,27.333333333333332,11.333333333333334,3.0,0.498
2021-22,Cory Joseph,202709,-3,26.0,3.0,1.0,0.25
2021-22,Cory Joseph,202709,-2,22.0,8.0,1.0,0.333
2021-22,Cory Joseph,202709,-1,32.0,7.0,5.5,0.3395
2021-22,Cory Joseph,202709,1,26.0,6.5,3.5,0.333
2021-22,Cory Joseph,202709,2,42.0,21.0,9.0,0.467
2021-22,Cory Joseph,202709,3,21.5,5.5,3.0,0.286
2021-22,Cory Joseph,202709,4,27.0,7.0,2.0,0.333
2021-22,Cory Joseph,202709,5,28.25,9.5,4.0,0.3885
2021-22,Cory Joseph,202709,6,35.0,9.0,3.0,0.5
2021-22,Cory Joseph,202709,7,28.0,7.666666666666667,5.666666666666667,0.5569999999999999
2021-22,Cory Joseph,202709,8,28.0,7.0,5.333333333333333,0.3833333333333333
2021-22,Cory Joseph,202709,9,29.0,12.0,5.0,0.625
2021-22,Cory Joseph,202709,13,26.0,11.0,6.0,0.5
2021-22,Cory Joseph,202709,14,30.0,18.0,2.0,0.636
2021-22,Cory Joseph,202709,16,37.0,19.0,9.0,0.5
2021-22,D'Angelo Russell,1626156,-29,28.0,21.0,3.0,0.583
2021-22,D'Angelo Russell,1626156,-22,27.0,13.0,3.0,0.2
2021-22,D'Angelo Russell,1626156,-19,30.0,4.0,6.0,0.167
2021-22,D'Angelo Russell,1626156,-16,32.0,18.0,9.5,0.324
2021-22,D'Angelo Russell,1626156,-15,28.0,17.0,11.0,0.5
2021-22,D'Angelo Russell,1626156,-14,27.0,6.0,7.0,0.333
2021-22,D'Angelo Russell,1626156,-13,34.0,18.0,7.0,0.467
2021-22,D'Angelo Russell,1626156,-12,30.666666666666668,13.666666666666666,6.333333333333333,0.29933333333333334
2021-22,D'Angelo Russell,1626156,-11,32.0,8.0,7.0,0.182
2021-22,D'Angelo Russell,1626156,-10,26.5,17.5,4.0,0.41500000000000004
2021-22,D'Angelo Russell,1626156,-7,34.0,16.666666666666668,6.0,0.3793333333333333
2021-22,D'Angelo Russell,1626156,-5,41.0,19.0,14.0,0.35
2021-22,D'Angelo Russell,1626156,-4,32.25,16.0,7.75,0.37325
2021-22,D'Angelo Russell,1626156,-3,34.0,29.0,6.0,0.579
2021-22,D'Angelo Russell,1626156,-2,35.0,23.0,6.0,0.571
2021-22,D'Angelo Russell,1626156,0,34.75,25.75,7.0,0.43975
2021-22,D'Angelo Russell,1626156,1,36.333333333333336,21.666666666666668,5.0,0.42333333333333334
2021-22,D'Angelo Russell,1626156,2,34.0,31.0,5.0,0.556
2021-22,D'Angelo Russell,1626156,3,36.0,29.0,6.0,0.48
2021-22,D'Angelo Russell,1626156,5,29.0,6.0,12.0,0.286
2021-22,D'Angelo Russell,1626156,7,33.0,26.333333333333332,6.0,0.49666666666666665
2021-22,D'Angelo Russell,1626156,9,31.0,18.2,7.8,0.4232
2021-22,D'Angelo Russell,1626156,10,34.5,17.5,8.5,0.406
2021-22,D'Angelo Russell,1626156,11,31.5,20.0,9.0,0.3945
2021-22,D'Angelo Russell,1626156,12,28.666666666666668,17.0,8.333333333333334,0.4486666666666667
2021-22,D'Angelo Russell,1626156,13,25.0,17.0,7.0,0.455
2021-22,D'Angelo Russell,1626156,15,29.5,17.5,7.5,0.5835
2021-22,D'Angelo Russell,1626156,16,32.0,14.0,7.5,0.29400000000000004
2021-22,D'Angelo Russell,1626156,17,35.0,16.0,10.0,0.2405
2021-22,D'Angelo Russell,1626156,18,30.0,6.0,6.0,0.182
2021-22,D'Angelo Russell,1626156,20,34.0,17.0,6.0,0.4585
2021-22,D'Angelo Russell,1626156,29,31.0,24.5,8.5,0.6165
2021-22,D'Angelo Russell,1626156,34,27.0,28.0,5.0,0.6
2021-22,D'Angelo Russell,1626156,36,33.0,22.0,7.0,0.421
2021-22,D.J. Augustin,201571,-22,23.0,0.0,3.0,0.0
2021-22,D.J. Augustin,201571,-7,21.0,3.0,6.0,0.25
2021-22,D.J. Augustin,201571,-5,26.0,3.0,2.0,0.25
2021-22,D.J. Augustin,201571,-4,21.0,16.0,1.0,0.667
2021-22,D.J. Augustin,201571,4,22.0,5.0,4.0,0.5
2021-22,D.J. Augustin,201571,8,25.0,20.0,0.0,1.0
2021-22,D.J. Augustin,201571,10,23.0,7.0,3.0,0.4
2021-22,D.J. Augustin,201571,21,22.0,22.0,1.0,0.778
2021-22,D.J. Wilson,1628391,-25,33.0,15.0,4.0,0.75
2021-22,Daishen Nix,1630227,-15,25.0,11.0,3.0,0.625
2021-22,Daishen Nix,1630227,-5,21.0,8.0,5.0,0.6
2021-22,Daishen Nix,1630227,-1,22.0,7.0,4.0,0.333
2021-22,Dalano Banton,1630625,-34,23.0,7.0,6.0,0.25
2021-22,Dalano Banton,1630625,4,21.5,8.0,3.0,0.5835
2021-22,Dalano Banton,1630625,7,20.0,7.0,3.0,0.429
2021-22,Dalano Banton,1630625,16,23.0,7.0,3.0,0.5
2021-22,Dalano Banton,1630625,17,20.0,10.0,3.0,0.625
2021-22,Damian Jones,1627745,-20,25.0,15.0,1.0,0.75
2021-22,Damian Jones,1627745,-17,28.0,12.0,2.0,0.571
2021-22,Damian Jones,1627745,-16,30.0,12.0,1.0,0.833
2021-22,Damian Jones,1627745,-15,34.0,17.0,2.0,0.5
2021-22,Damian Jones,1627745,-12,28.0,22.0,1.0,0.8
2021-22,Damian Jones,1627745,-11,27.0,15.0,1.0,0.75
2021-22,Damian Jones,1627745,-9,23.0,17.0,5.0,0.75
2021-22,Damian Jones,1627745,-8,26.666666666666668,16.333333333333332,3.0,0.7143333333333333
2021-22,Damian Jones,1627745,-5,28.0,11.0,3.0,0.75
2021-22,Damian Jones,1627745,-3,20.0,10.0,2.0,1.0
2021-22,Damian Jones,1627745,-2,22.0,3.5,0.5,0.5
2021-22,Damian Jones,1627745,-1,33.0,13.5,2.5,0.611
2021-22,Damian Jones,1627745,0,23.0,5.0,5.0,0.667
2021-22,Damian Jones,1627745,7,21.0,6.0,2.0,0.6
2021-22,Damian Jones,1627745,9,34.0,24.0,5.0,0.692
2021-22,Damian Jones,1627745,10,25.0,6.0,3.0,1.0
2021-22,Damian Jones,1627745,11,27.0,12.0,0.0,0.8
2021-22,Damian Jones,1627745,13,23.0,9.0,0.0,0.333
2021-22,Damian Jones,1627745,14,24.0,15.0,1.0,0.75
2021-22,Damian Jones,1627745,18,30.0,17.0,2.0,0.778
2021-22,Damian Lillard,203081,-28,36.0,26.0,5.0,0.333
2021-22,Damian Lillard,203081,-22,31.5,22.0,3.5,0.351
2021-22,Damian Lillard,203081,-17,32.0,18.0,7.0,0.333
2021-22,Damian Lillard,203081,-14,35.0,20.0,10.0,0.35
2021-22,Damian Lillard,203081,-13,38.0,28.0,7.0,0.522
2021-22,Damian Lillard,203081,-12,38.0,16.0,6.0,0.333
2021-22,Damian Lillard,203081,-11,31.0,11.0,5.0,0.333
2021-22,Damian Lillard,203081,-8,36.0,24.0,6.0,0.294
2021-22,Damian Lillard,203081,-7,37.0,32.0,5.0,0.474
2021-22,Damian Lillard,203081,-6,37.0,14.0,12.0,0.25
2021-22,Damian Lillard,203081,-5,38.5,33.0,6.5,0.51
2021-22,Damian Lillard,203081,-4,37.0,4.0,11.0,0.154
2021-22,Damian Lillard,203081,-2,40.0,20.0,11.0,0.333
2021-22,Damian Lillard,203081,-1,39.0,32.0,10.0,0.389
2021-22,Damian Lillard,203081,0,42.5,25.5,8.5,0.365
2021-22,Damian Lillard,203081,5,39.0,26.0,8.0,0.37
2021-22,Damian Lillard,203081,7,40.0,24.0,8.0,0.476
2021-22,Damian Lillard,203081,9,35.5,32.0,6.5,0.5025
2021-22,Damian Lillard,203081,13,35.333333333333336,29.666666666666668,5.666666666666667,0.5366666666666666
2021-22,Damian Lillard,203081,15,40.0,22.0,10.0,0.333
2021-22,Damian Lillard,203081,16,32.0,20.0,10.0,0.273
2021-22,Damian Lillard,203081,18,24.0,19.0,8.0,0.545
2021-22,Damian Lillard,203081,29,30.0,25.0,6.0,0.474
2021-22,Damion Lee,1627814,-28,24.0,8.0,2.0,0.6
2021-22,Damion Lee,1627814,-22,27.0,0.0,1.0,0.0
2021-22,Damion Lee,1627814,-19,34.0,14.0,1.0,0.455
2021-22,Damion Lee,1627814,-18,26.0,15.0,2.0,0.75
2021-22,Damion Lee,1627814,-13,32.0,14.0,0.0,0.417
2021-22,Damion Lee,1627814,-12,21.5,7.5,0.5,0.6145
2021-22,Damion Lee,1627814,-2,23.0,4.0,4.0,0.4
2021-22,Damion Lee,1627814,1,25.0,13.0,0.0,0.5225
2021-22,Damion Lee,1627814,5,28.666666666666668,13.333333333333334,2.0,0.4166666666666667
2021-22,Damion Lee,1627814,6,29.333333333333332,14.333333333333334,1.3333333333333333,0.44733333333333336
2021-22,Damion Lee,1627814,7,23.0,6.5,1.5,0.3575
2021-22,Damion Lee,1627814,8,23.0,4.0,1.0,0.167
2021-22,Damion Lee,1627814,9,26.0,13.0,1.5,0.4855
2021-22,Damion Lee,1627814,11,25.666666666666668,11.666666666666666,1.6666666666666667,0.5693333333333334
2021-22,Damion Lee,1627814,12,30.0,14.0,1.0,0.5
2021-22,Damion Lee,1627814,16,25.0,20.0,1.0,0.571
2021-22,Damion Lee,1627814,20,26.0,11.0,0.0,0.5
2021-22,Damion Lee,1627814,21,21.0,5.0,1.0,0.25
2021-22,Damion Lee,1627814,29,23.0,9.0,3.0,0.8
2021-22,Damion Lee,1627814,30,22.5,8.0,1.5,0.479
2021-22,Damion Lee,1627814,36,21.0,7.0,2.0,0.5
2021-22,Daniel Gafford,1629655,-20,22.0,7.0,1.0,0.375
2021-22,Daniel Gafford,1629655,-18,20.0,9.0,0.0,0.8
2021-22,Daniel Gafford,1629655,-14,21.0,8.0,0.0,0.429
2021-22,Daniel Gafford,1629655,-13,22.0,4.0,1.0,0.667
2021-22,Daniel Gafford,1629655,-12,20.0,9.333333333333334,0.6666666666666666,0.5223333333333334
2021-22,Daniel Gafford,1629655,-9,23.0,14.0,0.6666666666666666,0.8366666666666666
2021-22,Daniel Gafford,1629655,-7,21.0,9.0,2.0,0.571
2021-22,Daniel Gafford,1629655,-6,24.333333333333332,14.0,2.0,0.8676666666666666
2021-22,Daniel Gafford,1629655,-5,21.5,6.0,2.0,0.4645
2021-22,Daniel Gafford,1629655,-4,24.5,5.5,1.5,0.45
2021-22,Daniel Gafford,1629655,-2,25.4,12.8,1.2,0.6818
2021-22,Daniel Gafford,1629655,-1,26.5,15.5,1.0,0.54
2021-22,Daniel Gafford,1629655,0,20.0,12.0,0.0,0.833
2021-22,Daniel Gafford,1629655,1,29.5,15.0,1.5,0.889
2021-22,Daniel Gafford,1629655,4,24.0,8.5,1.5,0.875
2021-22,Daniel Gafford,1629655,6,21.0,17.0,1.0,0.778
2021-22,Daniel Gafford,1629655,8,25.0,12.5,1.0,0.5
2021-22,Daniel Gafford,1629655,9,26.0,7.0,1.0,0.6
2021-22,Daniel Gafford,1629655,10,32.0,11.0,1.0,0.833
2021-22,Daniel Gafford,1629655,11,22.0,8.0,0.0,1.0
2021-22,Daniel Gafford,1629655,13,23.0,15.0,3.0,0.875
2021-22,Daniel Gafford,1629655,14,27.0,13.0,2.0,0.857
2021-22,Daniel Gafford,1629655,17,31.0,24.0,3.0,0.909
2021-22,Daniel Theis,1628464,-24,21.0,7.0,1.0,0.333
2021-22,Daniel Theis,1628464,-23,20.0,11.0,0.0,0.667
2021-22,Daniel Theis,1628464,-19,23.0,2.0,1.0,0.167
2021-22,Daniel Theis,1628464,-18,20.0,7.0,0.0,0.286
2021-22,Daniel Theis,1628464,-16,21.0,12.0,1.0,0.571
2021-22,Daniel Theis,1628464,-14,23.5,8.0,0.5,0.675
2021-22,Daniel Theis,1628464,-13,21.0,14.0,2.0,0.714
2021-22,Daniel Theis,1628464,-12,25.0,9.0,0.5,0.3275
2021-22,Daniel Theis,1628464,-11,28.0,8.333333333333334,1.6666666666666667,0.4346666666666667
2021-22,Daniel Theis,1628464,-10,34.0,7.0,0.0,0.231
2021-22,Daniel Theis,1628464,-9,27.0,8.0,1.0,0.375
2021-22,Daniel Theis,1628464,-7,31.0,18.0,0.0,0.667
2021-22,Daniel Theis,1628464,-5,31.0,22.0,3.0,0.667
2021-22,Daniel Theis,1628464,3,28.0,10.0,0.0,0.625
2021-22,Daniel Theis,1628464,4,24.0,10.0,2.0,0.5
2021-22,Daniel Theis,1628464,6,28.0,9.0,1.0,0.444
2021-22,Daniel Theis,1628464,10,32.0,22.0,1.0,0.667
2021-22,Daniel Theis,1628464,12,21.0,1.0,2.0,0.0
2021-22,Daniel Theis,1628464,19,26.0,10.666666666666666,1.3333333333333333,0.5
2021-22,Daniel Theis,1628464,28,22.0,11.0,2.0,0.667
2021-22,Danilo Gallinari,201568,-19,21.5,6.0,1.0,0.143
2021-22,Danilo Gallinari,201568,-18,28.0,7.0,0.0,0.333
2021-22,Danilo Gallinari,201568,-16,21.0,5.0,0.0,0.182
2021-22,Danilo Gallinari,201568,-9,28.5,8.5,0.5,0.347
2021-22,Danilo Gallinari,201568,-8,34.5,10.5,3.0,0.3345
2021-22,Danilo Gallinari,201568,-7,23.0,13.0,0.0,0.5
2021-22,Danilo Gallinari,201568,-6,27.0,17.0,3.0,0.583
2021-22,Danilo Gallinari,201568,-5,26.5,11.0,0.0,0.45
2021-22,Danilo Gallinari,201568,-4,26.0,7.0,0.0,0.429
2021-22,Danilo Gallinari,201568,-3,24.0,15.5,1.0,0.49250000000000005
2021-22,Danilo Gallinari,201568,-1,24.5,12.25,3.0,0.58325
2021-22,Danilo Gallinari,201568,0,27.0,12.5,2.0,0.432
2021-22,Danilo Gallinari,201568,1,34.0,26.0,0.0,0.556
2021-22,Danilo Gallinari,201568,2,26.0,13.333333333333334,2.0,0.44766666666666666
2021-22,Danilo Gallinari,201568,3,25.5,10.25,2.75,0.3
2021-22,Danilo Gallinari,201568,4,41.0,27.0,3.0,0.524
2021-22,Danilo Gallinari,201568,5,20.0,8.0,0.0,0.5
2021-22,Danilo Gallinari,201568,7,27.0,16.666666666666668,2.0,0.5236666666666666
2021-22,Danilo Gallinari,201568,8,29.0,16.0,1.0,0.4365
2021-22,Danilo Gallinari,201568,9,23.0,9.0,3.0,1.0
2021-22,Danilo Gallinari,201568,10,32.0,18.666666666666668,1.6666666666666667,0.443
2021-22,Danilo Gallinari,201568,11,25.5,11.0,3.0,0.3515
2021-22,Danilo Gallinari,201568,12,22.0,16.0,1.0,0.364
2021-22,Danilo Gallinari,201568,13,25.166666666666668,12.166666666666666,1.3333333333333333,0.49433333333333335
2021-22,Danilo Gallinari,201568,14,33.5,14.0,3.0,0.2805
2021-22,Danilo Gallinari,201568,15,25.0,11.0,1.0,0.429
2021-22,Danilo Gallinari,201568,16,25.5,8.5,1.5,0.36650000000000005
2021-22,Danilo Gallinari,201568,19,25.0,14.0,0.0,1.0
2021-22,Danny Green,201980,-16,20.0,6.0,1.0,0.25
2021-22,Danny Green,201980,-13,23.0,0.0,0.0,0.0
2021-22,Danny Green,201980,-10,25.0,4.0,0.0,0.286
2021-22,Danny Green,201980,-8,21.0,6.0,0.5,0.36650000000000005
2021-22,Danny Green,201980,-7,23.0,12.0,0.0,0.5
2021-22,Danny Green,201980,-6,21.0,6.0,0.0,0.333
2021-22,Danny Green,201980,-5,28.0,7.0,2.5,0.36650000000000005
2021-22,Danny Green,201980,-4,20.0,6.0,3.0,0.4
2021-22,Danny Green,201980,-3,21.0,14.0,0.0,0.667
2021-22,Danny Green,201980,-2,30.0,9.0,3.0,0.429
2021-22,Danny Green,201980,-1,23.0,9.0,0.0,0.6
2021-22,Danny Green,201980,0,39.0,8.0,0.0,0.286
2021-22,Danny Green,201980,1,26.0,7.333333333333333,0.6666666666666666,0.48433333333333334
2021-22,Danny Green,201980,2,26.0,6.0,3.0,0.333
2021-22,Danny Green,201980,3,26.0,8.0,1.0,0.6
2021-22,Danny Green,201980,6,30.0,3.0,0.0,0.167
2021-22,Danny Green,201980,7,28.0,9.0,2.0,0.333
2021-22,Danny Green,201980,8,27.5,8.0,0.5,0.5555
2021-22,Danny Green,201980,11,24.5,10.0,2.5,0.4095
2021-22,Danny Green,201980,12,32.0,8.0,2.0,0.3125
2021-22,Danny Green,201980,13,38.0,18.0,4.0,0.667
2021-22,Danny Green,201980,17,24.0,10.5,1.5,0.4275
2021-22,Danny Green,201980,18,27.0,6.0,1.0,0.5
2021-22,Danny Green,201980,19,25.0,3.0,2.0,0.3335
2021-22,Danuel House Jr.,1627863,-14,25.0,13.0,4.0,0.571
2021-22,Danuel House Jr.,1627863,-9,25.0,10.5,0.5,0.4655
2021-22,Danuel House Jr.,1627863,-5,33.5,10.5,2.0,0.5555
2021-22,Danuel House Jr.,1627863,4,20.0,4.0,3.0,0.4
2021-22,Danuel House Jr.,1627863,6,20.0,5.0,1.0,0.4
2021-22,Danuel House Jr.,1627863,13,20.0,6.0,3.0,0.333
2021-22,Danuel House Jr.,1627863,14,24.0,10.0,0.0,0.429
2021-22,Danuel House Jr.,1627863,16,21.0,8.0,1.0,0.75
2021-22,Danuel House Jr.,1627863,17,28.0,9.0,1.0,0.375
2021-22,Danuel House Jr.,1627863,19,26.0,7.0,1.0,0.286
2021-22,Danuel House Jr.,1627863,31,25.0,14.0,0.0,0.571
2021-22,Darius Bazley,1629647,-27,34.0,14.0,3.0,0.556
2021-22,Darius Bazley,1629647,-25,21.0,9.0,1.0,0.444
2021-22,Darius Bazley,1629647,-23,32.0,4.0,3.0,0.182
2021-22,Darius Bazley,1629647,-21,25.0,5.0,1.0,0.154
2021-22,Darius Bazley,1629647,-20,32.0,13.0,1.0,0.42000000000000004
2021-22,Darius Bazley,1629647,-19,29.666666666666668,13.0,1.6666666666666667,0.4073333333333333
2021-22,Darius Bazley,1629647,-16,20.5,4.0,0.5,0.0835
2021-22,Darius Bazley,1629647,-15,28.5,7.5,1.0,0.25
2021-22,Darius Bazley,1629647,-14,27.0,14.666666666666666,2.3333333333333335,0.5186666666666667
2021-22,Darius Bazley,1629647,-13,30.0,15.0,1.0,0.417
2021-22,Darius Bazley,1629647,-11,30.0,8.2,1.8,0.39499999999999996
2021-22,Darius Bazley,1629647,-10,26.5,7.5,1.5,0.393
2021-22,Darius Bazley,1629647,-8,29.5,16.5,0.0,0.71
2021-22,Darius Bazley,1629647,-7,29.0,13.0,1.3333333333333333,0.45566666666666666
2021-22,Darius Bazley,1629647,-6,33.0,14.0,1.3333333333333333,0.393
2021-22,Darius Bazley,1629647,-5,29.2,12.8,1.8,0.38780000000000003
2021-22,Darius Bazley,1629647,-2,25.0,4.0,1.0,0.333
2021-22,Darius Bazley,1629647,-1,32.666666666666664,20.333333333333332,1.0,0.6549999999999999
2021-22,Darius Bazley,1629647,0,33.0,12.333333333333334,2.6666666666666665,0.36199999999999993
2021-22,Darius Bazley,1629647,1,29.0,7.0,0.0,0.6
2021-22,Darius Bazley,1629647,2,34.5,18.5,2.0,0.5925
2021-22,Darius Bazley,1629647,5,27.666666666666668,8.0,1.0,0.36600000000000005
2021-22,Darius Bazley,1629647,6,20.0,5.0,1.0,0.286
2021-22,Darius Bazley,1629647,7,27.333333333333332,11.666666666666666,0.3333333333333333,0.39166666666666666
2021-22,Darius Bazley,1629647,11,33.0,14.0,1.0,0.556
2021-22,Darius Bazley,1629647,12,29.0,13.0,3.5,0.579
2021-22,Darius Bazley,1629647,15,24.0,10.0,1.0,0.25
2021-22,Darius Bazley,1629647,21,32.0,12.0,3.0,0.571
2021-22,Darius Garland,1629636,-22,32.0,9.0,4.0,0.25
2021-22,Darius Garland,1629636,-21,29.0,18.0,8.0,0.333
2021-22,Darius Garland,1629636,-17,35.0,25.5,7.0,0.49
2021-22,Darius Garland,1629636,-12,37.0,22.0,7.0,0.333
2021-22,Darius Garland,1629636,-11,40.0,24.0,6.0,0.385
2021-22,Darius Garland,1629636,-10,30.0,19.0,7.0,0.421
2021-22,Darius Garland,1629636,-9,35.8,20.8,5.8,0.3996
2021-22,Darius Garland,1629636,-8,36.0,20.0,6.333333333333333,0.44333333333333336
2021-22,Darius Garland,1629636,-7,34.0,31.0,5.0,0.579
2021-22,Darius Garland,1629636,-6,35.666666666666664,18.333333333333332,8.333333333333334,0.389
2021-22,Darius Garland,1629636,-5,32.0,18.0,11.0,0.429
2021-22,Darius Garland,1629636,-4,35.0,22.0,6.0,0.467
2021-22,Darius Garland,1629636,-3,37.5,29.0,6.5,0.423
2021-22,Darius Garland,1629636,-2,36.5,27.5,6.5,0.5
2021-22,Darius Garland,1629636,-1,40.0,27.0,10.0,0.458
2021-22,Darius Garland,1629636,0,34.0,18.0,8.0,0.361
2021-22,Darius Garland,1629636,1,38.0,25.0,12.5,0.551
2021-22,Darius Garland,1629636,2,36.0,16.0,5.0,0.313
2021-22,Darius Garland,1629636,3,40.0,29.0,13.5,0.4475
2021-22,Darius Garland,1629636,4,40.333333333333336,23.666666666666668,9.0,0.5066666666666667
2021-22,Darius Garland,1629636,5,37.0,16.0,8.0,0.40800000000000003
2021-22,Darius Garland,1629636,6,36.0,22.0,12.0,0.526
2021-22,Darius Garland,1629636,9,37.0,26.5,12.0,0.569
2021-22,Darius Garland,1629636,10,32.333333333333336,17.666666666666668,9.0,0.5326666666666666
2021-22,Darius Garland,1629636,11,45.0,24.0,13.0,0.381
2021-22,Darius Garland,1629636,12,31.0,9.0,7.0,0.444
2021-22,Darius Garland,1629636,13,31.0,23.333333333333332,8.333333333333334,0.572
2021-22,Darius Garland,1629636,15,40.0,25.0,12.0,0.412
2021-22,Darius Garland,1629636,16,34.0,24.0,8.5,0.6465000000000001
2021-22,Darius Garland,1629636,18,37.0,41.0,13.0,0.538
2021-22,Darius Garland,1629636,19,36.0,16.0,9.0,0.4205
2021-22,Darius Garland,1629636,20,32.0,24.0,6.0,0.563
2021-22,Darius Garland,1629636,22,34.0,17.666666666666668,12.0,0.4106666666666667
2021-22,Darius Garland,1629636,23,37.5,19.5,9.0,0.456
2021-22,Darius Garland,1629636,25,45.0,25.0,14.0,0.45
2021-22,Darius Garland,1629636,29,33.0,21.666666666666668,9.666666666666666,0.5726666666666667
2021-22,Darius Garland,1629636,30,25.0,21.0,3.0,0.636
2021-22,Darius Garland,1629636,37,29.0,22.0,8.0,0.529
2021-22,Darius Garland,1629636,38,23.0,11.0,8.0,0.571
2021-22,David Duke Jr.,1630561,-13,21.0,2.0,0.0,0.25
2021-22,David Duke Jr.,1630561,-5,20.0,7.0,0.0,0.333
2021-22,David Duke Jr.,1630561,-2,28.0,13.0,2.0,0.385
2021-22,David Duke Jr.,1630561,2,29.0,9.5,2.0,0.376
2021-22,David Duke Jr.,1630561,5,35.0,18.0,1.0,0.467
2021-22,David Duke Jr.,1630561,20,32.0,6.0,2.0,0.286
2021-22,David Nwaba,1628021,-19,20.0,2.0,1.0,0.25
2021-22,David Nwaba,1628021,-14,24.0,9.0,1.0,0.444
2021-22,David Nwaba,1628021,-10,27.0,11.0,0.0,0.556
2021-22,David Nwaba,1628021,-7,22.5,8.5,3.0,0.6905
2021-22,David Nwaba,1628021,-6,20.0,6.0,1.0,0.5
2021-22,David Nwaba,1628021,-2,33.0,7.0,1.0,0.286
2021-22,David Nwaba,1628021,1,20.0,5.0,1.0,0.167
2021-22,David Nwaba,1628021,9,20.0,7.0,0.0,0.429
2021-22,Davion Mitchell,1630558,-34,29.0,6.0,2.0,0.2
2021-22,Davion Mitchell,1630558,-25,35.0,12.0,2.0,0.357
2021-22,Davion Mitchell,1630558,-24,40.0,21.0,9.0,0.474
2021-22,Davion Mitchell,1630558,-21,38.0,9.0,9.0,0.364
2021-22,Davion Mitchell,1630558,-20,37.0,22.0,7.0,0.556
2021-22,Davion Mitchell,1630558,-19,22.0,4.0,4.0,0.222
2021-22,Davion Mitchell,1630558,-18,23.5,6.0,2.0,0.411
2021-22,Davion Mitchell,1630558,-17,24.0,8.0,2.0,0.214
2021-22,Davion Mitchell,1630558,-15,26.5,11.5,4.0,0.402
2021-22,Davion Mitchell,1630558,-14,32.0,22.0,4.0,0.563
2021-22,Davion Mitchell,1630558,-13,23.666666666666668,7.333333333333333,4.0,0.26066666666666666
2021-22,Davion Mitchell,1630558,-11,27.333333333333332,8.0,2.3333333333333335,0.244
2021-22,Davion Mitchell,1630558,-10,28.333333333333332,10.5,5.5,0.39166666666666666
2021-22,Davion Mitchell,1630558,-8,28.0,12.0,4.5,0.487
2021-22,Davion Mitchell,1630558,-7,37.0,26.0,8.0,0.647
2021-22,Davion Mitchell,1630558,-6,27.0,16.0,7.0,0.583
2021-22,Davion Mitchell,1630558,-5,29.666666666666668,8.666666666666666,4.333333333333333,0.33
2021-22,Davion Mitchell,1630558,-4,23.666666666666668,11.333333333333334,1.3333333333333333,0.4073333333333333
2021-22,Davion Mitchell,1630558,-3,39.0,18.0,15.0,0.357
2021-22,Davion Mitchell,1630558,-2,24.5,4.0,3.0,0.25
2021-22,Davion Mitchell,1630558,-1,28.0,11.833333333333334,2.8333333333333335,0.4243333333333334
2021-22,Davion Mitchell,1630558,0,29.0,8.0,1.0,0.333
2021-22,Davion Mitchell,1630558,1,25.333333333333332,13.666666666666666,4.333333333333333,0.543
2021-22,Davion Mitchell,1630558,3,33.5,12.0,7.5,0.34650000000000003
2021-22,Davion Mitchell,1630558,5,22.0,13.0,2.5,0.6115
2021-22,Davion Mitchell,1630558,6,37.666666666666664,18.0,7.666666666666667,0.3506666666666667
2021-22,Davion Mitchell,1630558,7,30.0,20.0,6.0,0.471
2021-22,Davion Mitchell,1630558,8,28.0,20.0,2.0,0.7
2021-22,Davion Mitchell,1630558,10,21.0,7.0,4.0,0.286
2021-22,Davion Mitchell,1630558,11,31.0,12.0,2.0,0.455
2021-22,Davion Mitchell,1630558,12,26.0,12.0,8.0,0.5
2021-22,Davion Mitchell,1630558,13,40.5,19.5,5.5,0.451
2021-22,Davion Mitchell,1630558,15,24.333333333333332,12.333333333333334,3.6666666666666665,0.40900000000000003
2021-22,Davion Mitchell,1630558,23,34.0,18.0,7.0,0.583
2021-22,Davis Bertans,202722,-9,22.0,6.0,0.0,0.4
2021-22,Davis Bertans,202722,-7,20.0,0.0,0.0,0.0
2021-22,Davis Bertans,202722,-5,21.0,19.0,2.0,0.583
2021-22,Davis Bertans,202722,-3,21.0,14.0,1.0,0.4
2021-22,Davis Bertans,202722,1,20.0,8.0,1.0,0.5
2021-22,Davis Bertans,202722,10,21.0,6.0,1.0,0.2
2021-22,Davis Bertans,202722,11,23.0,17.0,1.0,0.385
2021-22,Davis Bertans,202722,12,20.0,14.0,1.0,0.5
2021-22,Davis Bertans,202722,15,21.0,7.0,0.0,0.333
2021-22,Davis Bertans,202722,16,21.0,7.0,0.0,0.2
2021-22,Davis Bertans,202722,21,21.0,6.0,6.0,0.4
2021-22,Davis Bertans,202722,22,31.0,21.0,0.0,0.615
2021-22,Davon Reed,1628432,-16,29.0,14.0,4.0,0.6
2021-22,Davon Reed,1628432,-11,24.0,9.0,0.0,0.5
2021-22,Davon Reed,1628432,-5,21.0,4.0,2.0,0.667
2021-22,Davon Reed,1628432,-2,26.0,2.0,2.0,0.2
2021-22,Davon Reed,1628432,3,22.0,7.0,2.0,0.5
2021-22,Davon Reed,1628432,5,25.5,7.0,3.0,0.575
2021-22,Davon Reed,1628432,6,21.5,4.0,1.0,0.1665
2021-22,Davon Reed,1628432,8,23.5,12.5,1.5,0.75
2021-22,Davon Reed,1628432,14,29.0,13.0,4.0,0.714
2021-22,Davon Reed,1628432,33,26.0,11.0,2.0,0.571
2021-22,Day'Ron Sharpe,1630549,-5,21.0,20.0,0.0,0.714
2021-22,Day'Ron Sharpe,1630549,-3,24.0,2.0,2.0,0.167
2021-22,Day'Ron Sharpe,1630549,2,26.0,12.0,0.0,0.429
2021-22,Day'Ron Sharpe,1630549,7,23.0,10.0,2.0,0.5
2021-22,Day'Ron Sharpe,1630549,8,21.0,8.0,0.0,0.571
2021-22,Day'Ron Sharpe,1630549,14,24.0,14.0,2.0,1.0
2021-22,Day'Ron Sharpe,1630549,24,27.0,10.0,3.0,0.833
2021-22,De'Aaron Fox,1628368,-26,26.0,11.0,4.5,0.2735
2021-22,De'Aaron Fox,1628368,-24,25.0,13.0,1.0,0.429
2021-22,De'Aaron Fox,1628368,-23,37.0,25.0,3.0,0.5
2021-22,De'Aaron Fox,1628368,-22,26.0,17.0,3.0,0.615
2021-22,De'Aaron Fox,1628368,-21,34.5,21.5,4.0,0.472
2021-22,De'Aaron Fox,1628368,-18,34.0,28.666666666666668,4.333333333333333,0.5443333333333333
2021-22,De'Aaron Fox,1628368,-17,35.5,26.0,4.0,0.48350000000000004
2021-22,De'Aaron Fox,1628368,-16,32.5,20.0,5.0,0.4585
2021-22,De'Aaron Fox,1628368,-15,40.0,19.0,5.5,0.4345
2021-22,De'Aaron Fox,1628368,-14,34.0,17.0,2.0,0.368
2021-22,De'Aaron Fox,1628368,-12,35.0,14.0,2.0,0.429
2021-22,De'Aaron Fox,1628368,-11,34.0,17.0,6.0,0.5
2021-22,De'Aaron Fox,1628368,-10,34.0,31.0,5.0,0.647
2021-22,De'Aaron Fox,1628368,-9,39.0,35.5,8.5,0.4955
2021-22,De'Aaron Fox,1628368,-8,40.0,33.0,9.0,0.538
2021-22,De'Aaron Fox,1628368,-7,32.0,13.0,3.0,0.294
2021-22,De'Aaron Fox,1628368,-5,36.0,22.5,6.0,0.38449999999999995
2021-22,De'Aaron Fox,1628368,-3,26.0,14.0,4.0,0.5
2021-22,De'Aaron Fox,1628368,-1,33.0,30.0,6.0,0.571
2021-22,De'Aaron Fox,1628368,0,36.333333333333336,20.666666666666668,7.666666666666667,0.4046666666666667
2021-22,De'Aaron Fox,1628368,1,33.333333333333336,25.666666666666668,5.0,0.5153333333333333
2021-22,De'Aaron Fox,1628368,2,36.25,19.25,6.25,0.39375
2021-22,De'Aaron Fox,1628368,4,33.0,26.0,5.0,0.521
2021-22,De'Aaron Fox,1628368,5,33.0,21.333333333333332,6.666666666666667,0.4533333333333333
2021-22,De'Aaron Fox,1628368,6,37.333333333333336,31.666666666666668,6.333333333333333,0.49666666666666665
2021-22,De'Aaron Fox,1628368,7,36.0,29.0,4.0,0.524
2021-22,De'Aaron Fox,1628368,8,34.0,15.5,8.5,0.32799999999999996
2021-22,De'Aaron Fox,1628368,9,38.0,26.0,9.0,0.5
2021-22,De'Aaron Fox,1628368,10,35.5,23.0,6.5,0.591
2021-22,De'Aaron Fox,1628368,11,38.0,26.0,4.0,0.476
2021-22,De'Aaron Fox,1628368,12,33.0,16.0,3.0,0.583
2021-22,De'Aaron Fox,1628368,15,43.5,30.5,5.5,0.4845
2021-22,De'Aaron Fox,1628368,16,41.0,34.0,6.0,0.52
2021-22,De'Aaron Fox,1628368,21,34.5,25.0,9.5,0.48350000000000004
2021-22,De'Andre Hunter,1629631,-41,26.0,10.0,0.0,0.455
2021-22,De'Andre Hunter,1629631,-27,26.0,15.0,1.0,0.5
2021-22,De'Andre Hunter,1629631,-20,24.0,15.0,0.0,0.364
2021-22,De'Andre Hunter,1629631,-19,25.0,11.0,1.0,0.5
2021-22,De'Andre Hunter,1629631,-17,21.0,2.0,0.0,0.167
2021-22,De'Andre Hunter,1629631,-12,32.0,14.0,2.0,0.364
2021-22,De'Andre Hunter,1629631,-11,33.5,8.0,1.0,0.1565
2021-22,De'Andre Hunter,1629631,-10,32.0,17.0,1.0,0.467
2021-22,De'Andre Hunter,1629631,-9,31.5,19.0,1.75,0.6145
2021-22,De'Andre Hunter,1629631,-8,23.0,7.0,0.0,0.3
2021-22,De'Andre Hunter,1629631,-7,31.666666666666668,8.333333333333334,1.6666666666666667,0.2813333333333334
2021-22,De'Andre Hunter,1629631,-6,30.0,10.0,1.0,0.444
2021-22,De'Andre Hunter,1629631,-5,26.0,15.0,2.0,0.571
2021-22,De'Andre Hunter,1629631,-4,31.0,14.0,2.0,0.778
2021-22,De'Andre Hunter,1629631,-2,29.0,13.0,0.0,0.5
2021-22,De'Andre Hunter,1629631,-1,28.75,15.0,1.25,0.51325
2021-22,De'Andre Hunter,1629631,0,34.0,20.0,2.0,0.353
2021-22,De'Andre Hunter,1629631,1,25.0,12.0,1.0,0.714
2021-22,De'Andre Hunter,1629631,3,35.666666666666664,17.0,1.6666666666666667,0.4073333333333333
2021-22,De'Andre Hunter,1629631,4,32.0,26.0,0.0,0.909
2021-22,De'Andre Hunter,1629631,5,31.0,15.0,1.6666666666666667,0.437
2021-22,De'Andre Hunter,1629631,6,29.0,10.0,2.5,0.4925
2021-22,De'Andre Hunter,1629631,7,27.0,10.0,1.0,0.231
2021-22,De'Andre Hunter,1629631,10,30.666666666666668,13.666666666666666,2.0,0.43566666666666665
2021-22,De'Andre Hunter,1629631,12,33.0,20.0,0.0,0.353
2021-22,De'Andre Hunter,1629631,14,24.0,8.0,4.0,0.286
2021-22,De'Andre Hunter,1629631,16,27.5,10.5,0.0,0.3405
2021-22,De'Andre Hunter,1629631,18,32.0,22.0,0.0,0.538
2021-22,De'Andre Hunter,1629631,19,29.25,13.5,1.25,0.43450000000000005
2021-22,De'Andre Hunter,1629631,23,27.0,14.0,0.0,0.455
2021-22,De'Andre Hunter,1629631,33,37.0,14.0,4.0,0.364
2021-22,De'Anthony Melton,1629001,-20,24.0,14.0,5.0,0.308
2021-22,De'Anthony Melton,1629001,-19,22.5,2.0,1.0,0.111
2021-22,De'Anthony Melton,1629001,-17,27.0,11.0,4.0,0.429
2021-22,De'Anthony Melton,1629001,-14,24.0,12.5,3.5,0.45
2021-22,De'Anthony Melton,1629001,-12,25.0,5.0,3.0,0.25
2021-22,De'Anthony Melton,1629001,-11,24.0,16.0,0.0,0.5
2021-22,De'Anthony Melton,1629001,-8,23.5,7.5,2.5,0.2625
2021-22,De'Anthony Melton,1629001,-7,22.0,11.0,3.0,0.333
2021-22,De'Anthony Melton,1629001,-4,23.5,13.0,2.0,0.5075000000000001
2021-22,De'Anthony Melton,1629001,-2,25.5,13.0,3.5,0.304
2021-22,De'Anthony Melton,1629001,-1,29.5,12.0,5.5,0.3785
2021-22,De'Anthony Melton,1629001,0,21.0,12.0,6.0,0.333
2021-22,De'Anthony Melton,1629001,1,30.5,14.0,3.0,0.381
2021-22,De'Anthony Melton,1629001,2,22.75,8.75,3.0,0.30225
2021-22,De'Anthony Melton,1629001,3,25.5,15.5,4.0,0.4425
2021-22,De'Anthony Melton,1629001,4,28.0,10.0,3.0,0.5
2021-22,De'Anthony Melton,1629001,6,25.0,9.0,1.0,0.273
2021-22,De'Anthony Melton,1629001,7,26.5,19.0,2.5,0.5225
2021-22,De'Anthony Melton,1629001,8,27.0,13.0,3.0,0.417
2021-22,De'Anthony Melton,1629001,9,23.0,13.0,3.5,0.4585
2021-22,De'Anthony Melton,1629001,10,27.5,7.0,2.5,0.324
2021-22,De'Anthony Melton,1629001,11,23.5,7.5,3.5,0.271
2021-22,De'Anthony Melton,1629001,12,27.0,6.0,4.0,0.2
2021-22,De'Anthony Melton,1629001,13,22.0,16.5,3.0,0.6134999999999999
2021-22,De'Anthony Melton,1629001,14,21.0,16.0,2.0,0.462
2021-22,De'Anthony Melton,1629001,15,33.0,22.0,2.0,0.563
2021-22,De'Anthony Melton,1629001,16,27.0,23.0,1.0,0.615
2021-22,De'Anthony Melton,1629001,17,28.5,16.5,4.5,0.5635
2021-22,De'Anthony Melton,1629001,19,20.0,3.0,3.0,0.25
2021-22,De'Anthony Melton,1629001,21,21.0,21.0,2.0,0.615
2021-22,De'Anthony Melton,1629001,22,20.0,15.0,4.0,0.444
2021-22,De'Anthony Melton,1629001,25,24.0,15.0,1.0,0.4
2021-22,De'Anthony Melton,1629001,29,22.0,19.0,3.0,0.636
2021-22,De'Anthony Melton,1629001,46,21.0,19.0,5.0,0.8
2021-22,DeAndre Jordan,201599,-24,20.0,6.0,0.0,0.6
2021-22,DeAndre Jordan,201599,-14,23.0,8.0,1.0,0.667
2021-22,DeAndre Jordan,201599,-7,22.0,7.5,0.0,0.65
2021-22,DeAndre Jordan,201599,-5,20.0,4.0,0.0,0.4
2021-22,DeAndre Jordan,201599,7,24.0,2.0,1.0,0.25
2021-22,DeAndre Jordan,201599,8,20.0,9.0,1.0,1.0
2021-22,DeAndre' Bembry,1627761,-35,20.0,6.0,1.0,0.25
2021-22,DeAndre' Bembry,1627761,-16,30.0,9.0,1.0,0.5
2021-22,DeAndre' Bembry,1627761,-11,21.0,6.0,2.0,0.75
2021-22,DeAndre' Bembry,1627761,-5,24.5,7.5,1.0,0.34299999999999997
2021-22,DeAndre' Bembry,1627761,-1,28.0,8.75,2.25,0.56525
2021-22,DeAndre' Bembry,1627761,0,27.0,6.0,1.0,0.6
2021-22,DeAndre' Bembry,1627761,1,24.0,9.0,1.0,0.762
2021-22,DeAndre' Bembry,1627761,3,28.0,12.0,5.0,0.857
2021-22,DeAndre' Bembry,1627761,6,23.0,8.0,2.0,0.5
2021-22,DeAndre' Bembry,1627761,8,37.5,12.5,1.0,0.6234999999999999
2021-22,DeAndre' Bembry,1627761,9,27.0,15.0,1.0,0.75
2021-22,DeAndre' Bembry,1627761,11,21.5,7.5,2.0,0.375
2021-22,DeAndre' Bembry,1627761,16,26.0,9.0,2.0,0.8
2021-22,DeAndre' Bembry,1627761,24,20.0,12.0,1.0,1.0
2021-22,DeMar DeRozan,201942,-31,29.5,17.0,4.0,0.519
2021-22,DeMar DeRozan,201942,-24,33.0,21.0,3.3333333333333335,0.45566666666666666
2021-22,DeMar DeRozan,201942,-23,35.0,38.0,4.0,0.593
2021-22,DeMar DeRozan,201942,-21,39.0,29.0,5.0,0.367
2021-22,DeMar DeRozan,201942,-19,35.0,22.0,2.5,0.3855
2021-22,DeMar DeRozan,201942,-18,29.0,17.0,3.5,0.4375
2021-22,DeMar DeRozan,201942,-17,36.0,40.0,6.0,0.615
2021-22,DeMar DeRozan,201942,-16,33.5,22.5,3.5,0.426
2021-22,DeMar DeRozan,201942,-13,35.0,21.0,4.0,0.379
2021-22,DeMar DeRozan,201942,-12,33.0,20.0,8.0,0.563
2021-22,DeMar DeRozan,201942,-11,39.0,23.0,8.0,0.353
2021-22,DeMar DeRozan,201942,-8,37.5,28.75,6.0,0.50875
2021-22,DeMar DeRozan,201942,-7,40.0,28.0,1.0,0.579
2021-22,DeMar DeRozan,201942,-6,36.0,32.0,8.0,0.591
2021-22,DeMar DeRozan,201942,-4,37.5,32.0,4.5,0.4165
2021-22,DeMar DeRozan,201942,-3,39.0,39.5,5.0,0.616
2021-22,DeMar DeRozan,201942,-1,37.0,26.25,3.0,0.45625000000000004
2021-22,DeMar DeRozan,201942,0,39.0,21.0,6.0,0.412
2021-22,DeMar DeRozan,201942,1,37.5,36.0,3.0,0.607
2021-22,DeMar DeRozan,201942,2,40.5,28.5,7.0,0.49549999999999994
2021-22,DeMar DeRozan,201942,3,38.0,41.0,3.0,0.714
2021-22,DeMar DeRozan,201942,4,33.0,37.0,2.0,0.75
2021-22,DeMar DeRozan,201942,5,35.333333333333336,21.0,5.666666666666667,0.40233333333333327
2021-22,DeMar DeRozan,201942,6,34.666666666666664,29.333333333333332,5.666666666666667,0.47533333333333333
2021-22,DeMar DeRozan,201942,7,36.0,30.5,8.0,0.534
2021-22,DeMar DeRozan,201942,8,41.0,36.0,4.0,0.48
2021-22,DeMar DeRozan,201942,9,40.0,38.0,6.0,0.593
2021-22,DeMar DeRozan,201942,10,34.666666666666664,29.333333333333332,5.666666666666667,0.5459999999999999
2021-22,DeMar DeRozan,201942,11,37.0,23.0,7.0,0.35
2021-22,DeMar DeRozan,201942,12,36.666666666666664,30.0,4.0,0.46399999999999997
2021-22,DeMar DeRozan,201942,13,34.666666666666664,23.666666666666668,3.6666666666666665,0.534
2021-22,DeMar DeRozan,201942,14,36.0,32.0,3.5,0.604
2021-22,DeMar DeRozan,201942,15,33.0,30.0,4.6,0.5492
2021-22,DeMar DeRozan,201942,16,34.0,23.0,10.0,0.692
2021-22,DeMar DeRozan,201942,17,35.0,38.0,6.0,0.652
2021-22,DeMar DeRozan,201942,18,35.0,24.0,7.0,0.3885
2021-22,DeMar DeRozan,201942,19,38.0,35.333333333333336,6.0,0.5596666666666666
2021-22,DeMar DeRozan,201942,20,36.0,17.0,6.0,0.35
2021-22,DeMar DeRozan,201942,21,37.0,31.0,5.0,0.5
2021-22,DeMar DeRozan,201942,27,26.0,20.0,7.0,0.615
2021-22,DeMarcus Cousins,202326,-6,27.0,12.0,1.0,0.364
2021-22,DeMarcus Cousins,202326,1,21.5,15.5,4.0,0.607
2021-22,DeMarcus Cousins,202326,10,27.0,22.0,4.0,0.533
2021-22,DeMarcus Cousins,202326,11,23.0,31.0,4.0,0.714
2021-22,DeMarcus Cousins,202326,12,27.0,18.0,2.0,0.538
2021-22,Dean Wade,1629731,-16,23.0,6.0,0.0,0.4
2021-22,Dean Wade,1629731,-13,21.0,5.0,0.0,0.5
2021-22,Dean Wade,1629731,-8,20.5,5.5,1.5,0.4645
2021-22,Dean Wade,1629731,-6,40.0,17.0,5.0,0.538
2021-22,Dean Wade,1629731,-5,35.0,0.0,0.0,0.0
2021-22,Dean Wade,1629731,-3,23.0,10.5,1.0,0.472
2021-22,Dean Wade,1629731,-2,29.5,8.5,2.0,0.488
2021-22,Dean Wade,1629731,-1,28.5,11.0,1.5,0.4645
2021-22,Dean Wade,1629731,1,33.0,7.0,2.0,0.5
2021-22,Dean Wade,1629731,2,31.0,8.0,1.0,0.5
2021-22,Dean Wade,1629731,3,29.0,3.0,3.0,0.25
2021-22,Dean Wade,1629731,4,37.0,11.0,2.0,0.375
2021-22,Dean Wade,1629731,7,24.5,5.0,1.5,0.4165
2021-22,Dean Wade,1629731,8,26.0,6.0,0.0,0.333
2021-22,Dean Wade,1629731,9,29.5,9.0,2.0,0.6605
2021-22,Dean Wade,1629731,10,22.0,7.0,2.0,0.429
2021-22,Dean Wade,1629731,14,24.0,10.0,2.0,0.571
2021-22,Dean Wade,1629731,20,34.0,16.0,1.0,0.75
2021-22,Dean Wade,1629731,28,28.0,17.0,2.0,0.583
2021-22,Deandre Ayton,1629028,-23,28.5,10.0,1.0,0.65
2021-22,Deandre Ayton,1629028,-16,31.0,23.0,2.0,0.438
2021-22,Deandre Ayton,1629028,-15,32.0,15.0,2.0,0.6
2021-22,Deandre Ayton,1629028,-11,29.0,19.0,1.3333333333333333,0.6789999999999999
2021-22,Deandre Ayton,1629028,-10,27.0,23.0,0.0,0.6
2021-22,Deandre Ayton,1629028,-8,29.0,8.0,2.0,0.571
2021-22,Deandre Ayton,1629028,-7,30.0,16.0,2.0,0.727
2021-22,Deandre Ayton,1629028,-6,29.5,16.5,2.5,0.729
2021-22,Deandre Ayton,1629028,-5,32.0,22.0,1.0,0.714
2021-22,Deandre Ayton,1629028,-4,31.0,20.0,1.0,0.75
2021-22,Deandre Ayton,1629028,-2,34.0,8.0,1.0,0.4
2021-22,Deandre Ayton,1629028,0,24.0,6.0,4.0,0.6
2021-22,Deandre Ayton,1629028,1,30.666666666666668,20.666666666666668,1.0,0.6043333333333333
2021-22,Deandre Ayton,1629028,2,26.0,20.0,1.0,0.646
2021-22,Deandre Ayton,1629028,4,31.0,15.0,1.0,0.6613333333333333
2021-22,Deandre Ayton,1629028,5,31.333333333333332,11.666666666666666,1.3333333333333333,0.5536666666666666
2021-22,Deandre Ayton,1629028,6,32.5,14.0,3.0,0.5815
2021-22,Deandre Ayton,1629028,7,30.0,16.0,0.0,0.714
2021-22,Deandre Ayton,1629028,8,29.666666666666668,16.666666666666668,1.6666666666666667,0.691
2021-22,Deandre Ayton,1629028,9,28.0,12.0,0.0,0.714
2021-22,Deandre Ayton,1629028,10,32.0,16.0,0.0,0.571
2021-22,Deandre Ayton,1629028,11,35.0,35.0,3.0,0.625
2021-22,Deandre Ayton,1629028,12,35.0,16.0,0.0,0.412
2021-22,Deandre Ayton,1629028,13,29.0,9.0,1.0,0.4875
2021-22,Deandre Ayton,1629028,14,36.0,21.0,1.0,0.526
2021-22,Deandre Ayton,1629028,15,27.25,20.0,2.5,0.6507499999999999
2021-22,Deandre Ayton,1629028,16,31.333333333333332,22.666666666666668,1.6666666666666667,0.6873333333333332
2021-22,Deandre Ayton,1629028,17,29.5,19.0,1.5,0.7165
2021-22,Deandre Ayton,1629028,18,23.0,20.0,1.0,0.727
2021-22,Deandre Ayton,1629028,19,25.0,17.0,1.0,0.727
2021-22,Deandre Ayton,1629028,21,26.0,27.0,1.0,0.857
2021-22,Deandre Ayton,1629028,23,28.0,20.5,0.5,0.638
2021-22,Deandre Ayton,1629028,25,23.0,15.0,2.0,0.6
2021-22,Deandre Ayton,1629028,30,24.0,17.0,1.0,0.8
2021-22,Deandre Ayton,1629028,35,27.0,23.0,2.0,0.786
2021-22,Dejounte Murray,1627749,-35,22.0,6.0,4.0,0.333
2021-22,Dejounte Murray,1627749,-24,34.0,17.0,5.0,0.389
2021-22,Dejounte Murray,1627749,-22,32.0,7.0,4.0,0.167
2021-22,Dejounte Murray,1627749,-20,31.0,15.0,4.0,0.5
2021-22,Dejounte Murray,1627749,-19,26.0,16.0,6.0,0.6
2021-22,Dejounte Murray,1627749,-16,35.0,27.0,9.0,0.435
2021-22,Dejounte Murray,1627749,-15,37.5,20.5,10.5,0.347
2021-22,Dejounte Murray,1627749,-14,33.0,22.0,11.0,0.45
2021-22,Dejounte Murray,1627749,-12,34.0,23.0,10.0,0.4645
2021-22,Dejounte Murray,1627749,-11,35.0,10.0,9.0,0.263
2021-22,Dejounte Murray,1627749,-10,34.0,15.333333333333334,10.666666666666666,0.4593333333333333
2021-22,Dejounte Murray,1627749,-9,34.5,20.0,8.0,0.5235000000000001
2021-22,Dejounte Murray,1627749,-8,33.6,19.4,8.2,0.4196
2021-22,Dejounte Murray,1627749,-6,31.0,17.0,7.0,0.333
2021-22,Dejounte Murray,1627749,-5,34.8,25.0,9.6,0.5016
2021-22,Dejounte Murray,1627749,-4,37.5,25.5,11.5,0.39
2021-22,Dejounte Murray,1627749,-2,37.0,25.0,9.0,0.5363333333333333
2021-22,Dejounte Murray,1627749,-1,36.333333333333336,26.666666666666668,7.666666666666667,0.5146666666666667
2021-22,Dejounte Murray,1627749,2,34.333333333333336,18.333333333333332,9.666666666666666,0.4406666666666667
2021-22,Dejounte Murray,1627749,4,36.0,18.0,9.0,0.471
2021-22,Dejounte Murray,1627749,5,38.0,33.0,11.0,0.611
2021-22,Dejounte Murray,1627749,6,35.0,30.0,8.0,0.609
2021-22,Dejounte Murray,1627749,7,36.0,23.0,8.0,0.5025
2021-22,Dejounte Murray,1627749,8,37.0,28.0,5.0,0.4455
2021-22,Dejounte Murray,1627749,9,33.8,18.4,10.8,0.43620000000000003
2021-22,Dejounte Murray,1627749,10,38.0,15.5,12.0,0.293
2021-22,Dejounte Murray,1627749,11,33.0,20.0,12.5,0.38949999999999996
2021-22,Dejounte Murray,1627749,13,30.0,15.0,8.0,0.353
2021-22,Dejounte Murray,1627749,14,35.0,20.0,7.0,0.563
2021-22,Dejounte Murray,1627749,16,33.0,23.5,10.5,0.5215
2021-22,Dejounte Murray,1627749,17,37.0,26.0,8.0,0.6
2021-22,Dejounte Murray,1627749,18,30.0,28.0,7.0,0.714
2021-22,Dejounte Murray,1627749,19,33.0,24.5,13.0,0.46950000000000003
2021-22,Dejounte Murray,1627749,20,34.0,22.0,8.0,0.421
2021-22,Dejounte Murray,1627749,23,35.0,19.0,11.0,0.563
2021-22,Dejounte Murray,1627749,24,34.0,15.0,13.0,0.375
2021-22,Dejounte Murray,1627749,30,31.0,26.0,7.0,0.524
2021-22,Dejounte Murray,1627749,33,31.0,32.0,15.0,0.611
2021-22,Delon Wright,1626153,-18,33.0,20.0,2.0,0.615
2021-22,Delon Wright,1626153,-10,21.0,8.0,2.0,0.75
2021-22,Delon Wright,1626153,-9,23.0,4.0,7.0,0.143
2021-22,Delon Wright,1626153,-8,23.0,4.0,2.0,0.5
2021-22,Delon Wright,1626153,-5,27.0,6.5,5.0,0.575
2021-22,Delon Wright,1626153,-4,23.0,2.0,5.0,0.0
2021-22,Delon Wright,1626153,-2,20.0,2.0,3.0,0.25
2021-22,Delon Wright,1626153,2,38.0,9.0,4.0,0.5
2021-22,Delon Wright,1626153,3,25.0,5.0,2.0,0.333
2021-22,Delon Wright,1626153,4,26.0,11.0,4.0,0.5
2021-22,Delon Wright,1626153,5,30.0,9.0,1.0,0.571
2021-22,Delon Wright,1626153,6,32.0,8.0,3.0,0.4
2021-22,Delon Wright,1626153,7,22.5,3.0,3.0,0.36650000000000005
2021-22,Delon Wright,1626153,8,29.5,2.5,6.0,0.2
2021-22,Delon Wright,1626153,9,32.5,11.5,3.5,0.778
2021-22,Delon Wright,1626153,10,29.0,2.0,4.0,0.5
2021-22,Delon Wright,1626153,12,24.4,7.8,3.6,0.5138
2021-22,Delon Wright,1626153,16,25.0,2.0,3.0,0.0
2021-22,Delon Wright,1626153,17,30.0,4.0,4.0,0.0
2021-22,Deni Avdija,1630166,-32,22.0,10.0,3.0,0.571
2021-22,Deni Avdija,1630166,-20,25.0,11.0,3.0,0.455
2021-22,Deni Avdija,1630166,-16,33.0,9.0,6.0,0.364
2021-22,Deni Avdija,1630166,-14,28.0,14.5,2.5,0.5165
2021-22,Deni Avdija,1630166,-13,27.0,13.0,2.5,0.5835
2021-22,Deni Avdija,1630166,-11,28.5,9.5,2.25,0.37925
2021-22,Deni Avdija,1630166,-10,24.0,9.0,0.0,0.222
2021-22,Deni Avdija,1630166,-9,21.0,8.5,0.5,0.3335
2021-22,Deni Avdija,1630166,-8,27.5,7.5,2.0,0.2925
2021-22,Deni Avdija,1630166,-7,29.5,8.75,2.25,0.43125
2021-22,Deni Avdija,1630166,-5,26.333333333333332,6.666666666666667,0.3333333333333333,0.3016666666666667
2021-22,Deni Avdija,1630166,-4,21.0,11.0,2.0,0.5
2021-22,Deni Avdija,1630166,-3,21.0,9.0,0.0,0.571
2021-22,Deni Avdija,1630166,-2,29.0,9.0,4.0,0.4
2021-22,Deni Avdija,1630166,0,25.0,11.5,3.5,0.653
2021-22,Deni Avdija,1630166,1,31.4,9.0,4.2,0.44239999999999996
2021-22,Deni Avdija,1630166,2,21.5,5.5,1.5,0.3125
2021-22,Deni Avdija,1630166,3,22.0,13.0,3.0,0.571
2021-22,Deni Avdija,1630166,4,28.5,11.0,3.0,0.442
2021-22,Deni Avdija,1630166,5,25.8,10.8,3.0,0.3618
2021-22,Deni Avdija,1630166,7,28.0,13.5,3.0,0.6165
2021-22,Deni Avdija,1630166,8,26.333333333333332,10.333333333333334,1.3333333333333333,0.389
2021-22,Deni Avdija,1630166,10,28.666666666666668,8.333333333333334,3.6666666666666665,0.3173333333333333
2021-22,Deni Avdija,1630166,13,24.0,12.0,1.3333333333333333,0.6813333333333333
2021-22,Deni Avdija,1630166,14,20.5,8.0,0.5,0.472
2021-22,Deni Avdija,1630166,16,35.0,17.0,5.0,0.467
2021-22,Deni Avdija,1630166,18,27.0,11.0,1.0,0.833
2021-22,Deni Avdija,1630166,23,30.0,11.0,2.0,0.8
2021-22,Dennis Schroder,203471,-22,29.0,9.0,9.0,0.273
2021-22,Dennis Schroder,203471,-21,33.0,15.0,3.0,0.467
2021-22,Dennis Schroder,203471,-19,26.25,11.5,4.25,0.403
2021-22,Dennis Schroder,203471,-16,32.0,12.0,8.0,0.313
2021-22,Dennis Schroder,203471,-15,25.0,1.0,2.0,0.0
2021-22,Dennis Schroder,203471,-14,36.5,16.0,4.5,0.38849999999999996
2021-22,Dennis Schroder,203471,-12,21.0,9.0,4.0,0.444
2021-22,Dennis Schroder,203471,-11,21.0,13.0,5.0,0.3
2021-22,Dennis Schroder,203471,-10,31.0,15.0,3.0,0.5
2021-22,Dennis Schroder,203471,-9,24.5,9.0,4.0,0.1665
2021-22,Dennis Schroder,203471,-8,29.0,13.0,6.0,0.318
2021-22,Dennis Schroder,203471,-5,22.5,9.0,3.5,0.347
2021-22,Dennis Schroder,203471,-4,38.0,26.0,3.0,0.476
2021-22,Dennis Schroder,203471,-3,38.5,17.0,6.0,0.3345
2021-22,Dennis Schroder,203471,-1,35.0,10.0,6.0,0.3
2021-22,Dennis Schroder,203471,0,28.333333333333332,11.0,3.6666666666666665,0.29833333333333334
2021-22,Dennis Schroder,203471,2,27.25,13.5,3.25,0.48050000000000004
2021-22,Dennis Schroder,203471,3,39.0,24.5,6.5,0.43
2021-22,Dennis Schroder,203471,4,25.0,15.0,2.0,0.5
2021-22,Dennis Schroder,203471,5,32.0,20.0,6.666666666666667,0.47633333333333333
2021-22,Dennis Schroder,203471,7,28.0,18.0,0.0,0.375
2021-22,Dennis Schroder,203471,9,36.0,19.5,6.0,0.5165
2021-22,Dennis Schroder,203471,11,21.0,6.0,3.0,0.375
2021-22,Dennis Schroder,203471,12,30.666666666666668,17.0,6.333333333333333,0.4666666666666666
2021-22,Dennis Schroder,203471,13,26.0,8.0,3.0,0.364
2021-22,Dennis Schroder,203471,14,36.0,16.0,8.0,0.667
2021-22,Dennis Schroder,203471,15,29.8,18.8,4.4,0.5248
2021-22,Dennis Schroder,203471,21,40.0,23.0,9.0,0.563
2021-22,Dennis Schroder,203471,22,28.0,10.0,8.0,0.571
2021-22,Dennis Schroder,203471,26,29.0,14.0,6.0,0.417
2021-22,Dennis Schroder,203471,29,31.0,31.0,8.0,0.625
2021-22,Dennis Smith Jr.,1628372,-18,32.5,8.0,5.5,0.403
2021-22,Dennis Smith Jr.,1628372,-16,20.0,7.0,3.0,0.429
2021-22,Dennis Smith Jr.,1628372,-14,31.666666666666668,14.0,6.333333333333333,0.472
2021-22,Dennis Smith Jr.,1628372,-10,38.0,13.0,7.0,0.545
2021-22,Dennis Smith Jr.,1628372,-8,20.0,3.0,2.0,0.0
2021-22,Dennis Smith Jr.,1628372,-2,22.0,7.0,11.0,0.6
2021-22,Dennis Smith Jr.,1628372,3,22.0,9.0,2.0,0.333
2021-22,Dennis Smith Jr.,1628372,6,20.0,6.0,6.0,0.667
2021-22,Denzel Valentine,1627756,-6,26.0,8.0,0.0,0.5
2021-22,Denzel Valentine,1627756,-4,22.5,6.0,2.0,0.393
2021-22,Denzel Valentine,1627756,9,22.0,6.0,0.0,0.222
2021-22,Denzel Valentine,1627756,19,26.0,17.0,2.0,0.545
2021-22,Derrick Favors,202324,-13,20.0,4.0,1.0,0.222
2021-22,Derrick Favors,202324,-11,20.0,9.0,2.0,0.571
2021-22,Derrick Favors,202324,-9,28.0,16.0,0.0,0.615
2021-22,Derrick Favors,202324,-1,26.0,4.0,0.0,1.0
2021-22,Derrick Favors,202324,0,28.0,10.0,0.0,1.0
2021-22,Derrick Favors,202324,6,21.0,6.0,0.0,0.333
2021-22,Derrick Favors,202324,7,25.0,15.0,0.0,0.875
2021-22,Derrick Favors,202324,15,20.0,10.0,2.0,0.625
2021-22,Derrick Favors,202324,18,20.0,10.0,0.0,0.833
2021-22,Derrick Jones Jr.,1627884,-10,28.0,11.0,0.0,0.571
2021-22,Derrick Jones Jr.,1627884,-9,22.0,6.0,0.0,1.0
2021-22,Derrick Jones Jr.,1627884,-8,20.5,8.5,0.5,0.8335
2021-22,Derrick Jones Jr.,1627884,-7,23.0,9.0,0.0,0.429
2021-22,Derrick Jones Jr.,1627884,-6,23.5,7.0,0.5,0.2085
2021-22,Derrick Jones Jr.,1627884,-3,21.0,7.0,0.0,0.75
2021-22,Derrick Jones Jr.,1627884,-2,28.0,12.0,2.0,0.6
2021-22,Derrick Jones Jr.,1627884,-1,23.5,7.5,1.5,0.7
2021-22,Derrick Jones Jr.,1627884,2,24.5,7.25,0.75,0.41525
2021-22,Derrick Jones Jr.,1627884,7,20.0,6.0,1.0,0.429
2021-22,Derrick Jones Jr.,1627884,9,23.0,16.0,0.0,0.7
2021-22,Derrick Jones Jr.,1627884,11,20.0,2.0,1.0,1.0
2021-22,Derrick Jones Jr.,1627884,13,22.0,3.0,1.0,0.2
2021-22,Derrick Jones Jr.,1627884,23,21.0,9.0,0.0,0.6
2021-22,Derrick Rose,201565,-20,28.0,17.0,5.0,0.571
2021-22,Derrick Rose,201565,-14,26.0,16.0,6.0,0.667
2021-22,Derrick Rose,201565,-10,34.0,15.0,6.0,0.385
2021-22,Derrick Rose,201565,-9,23.0,8.0,7.0,0.4
2021-22,Derrick Rose,201565,-7,36.0,18.0,7.0,0.5
2021-22,Derrick Rose,201565,-5,20.0,4.0,4.0,0.25
2021-22,Derrick Rose,201565,-2,26.5,10.0,3.5,0.3865
2021-22,Derrick Rose,201565,7,22.0,9.0,5.0,0.273
2021-22,Derrick Rose,201565,8,27.333333333333332,15.333333333333334,3.0,0.4373333333333333
2021-22,Derrick Rose,201565,10,24.5,14.0,4.5,0.3915
2021-22,Derrick Rose,201565,11,34.0,16.0,9.0,0.462
2021-22,Derrick Rose,201565,21,24.0,14.0,7.0,0.5
2021-22,Derrick Rose,201565,31,30.0,23.0,4.0,0.556
2021-22,Derrick Rose,201565,34,23.0,12.0,7.0,0.5
2021-22,Derrick Walton Jr.,1628476,-25,31.0,0.0,6.0,0.0
2021-22,Derrick Walton Jr.,1628476,7,40.0,11.0,6.0,0.273
2021-22,Derrick Walton Jr.,1628476,15,36.0,8.0,9.0,0.3
2021-22,Derrick White,1628401,-27,21.0,10.0,3.0,0.333
2021-22,Derrick White,1628401,-26,29.0,7.0,3.0,0.25
2021-22,Derrick White,1628401,-23,26.0,13.0,7.0,0.4
2021-22,Derrick White,1628401,-22,30.0,8.5,5.5,0.35
2021-22,Derrick White,1628401,-18,24.0,5.0,2.0,0.25
2021-22,Derrick White,1628401,-17,25.0,12.0,4.0,0.333
2021-22,Derrick White,1628401,-16,32.0,17.0,3.0,0.462
2021-22,Derrick White,1628401,-14,30.0,13.0,6.0,0.25
2021-22,Derrick White,1628401,-11,38.0,19.0,3.0,0.462
2021-22,Derrick White,1628401,-10,23.5,8.5,3.5,0.4
2021-22,Derrick White,1628401,-9,33.0,17.0,7.0,0.25
2021-22,Derrick White,1628401,-7,22.0,4.0,4.0,0.25
2021-22,Derrick White,1628401,-6,22.0,5.0,1.0,0.2
2021-22,Derrick White,1628401,-5,33.333333333333336,16.0,6.333333333333333,0.4446666666666667
2021-22,Derrick White,1628401,-4,26.333333333333332,10.666666666666666,5.666666666666667,0.34600000000000003
2021-22,Derrick White,1628401,-3,28.5,17.0,2.0,0.5215000000000001
2021-22,Derrick White,1628401,-2,31.0,11.5,5.333333333333333,0.4135
2021-22,Derrick White,1628401,-1,26.0,15.0,5.0,0.3645
2021-22,Derrick White,1628401,0,32.5,16.5,11.5,0.42000000000000004
2021-22,Derrick White,1628401,1,36.0,16.0,8.0,0.385
2021-22,Derrick White,1628401,2,30.5,18.5,5.0,0.443
2021-22,Derrick White,1628401,3,29.833333333333332,15.5,3.6666666666666665,0.48633333333333334
2021-22,Derrick White,1628401,4,29.5,14.5,3.0,0.55
2021-22,Derrick White,1628401,5,34.0,18.0,5.0,0.5
2021-22,Derrick White,1628401,9,34.0,17.5,4.0,0.508
2021-22,Derrick White,1628401,10,31.5,9.5,4.5,0.268
2021-22,Derrick White,1628401,11,30.25,15.75,4.0,0.494
2021-22,Derrick White,1628401,12,29.0,8.0,5.5,0.22649999999999998
2021-22,Derrick White,1628401,13,36.0,25.0,3.0,0.5
2021-22,Derrick White,1628401,14,22.5,16.0,3.5,0.54
2021-22,Derrick White,1628401,16,29.666666666666668,15.0,6.666666666666667,0.44966666666666666
2021-22,Derrick White,1628401,18,30.0,10.0,5.0,0.4
2021-22,Derrick White,1628401,19,32.0,14.0,9.0,0.444
2021-22,Derrick White,1628401,22,29.666666666666668,12.666666666666666,6.333333333333333,0.4056666666666667
2021-22,Derrick White,1628401,25,34.0,24.0,9.0,0.529
2021-22,Derrick White,1628401,27,24.0,17.0,3.0,0.857
2021-22,Derrick White,1628401,33,26.0,11.0,6.0,0.444
2021-22,Derrick White,1628401,41,27.0,11.0,2.0,0.444
2021-22,Desmond Bane,1630217,-28,23.0,9.0,1.0,0.333
2021-22,Desmond Bane,1630217,-24,29.0,17.0,1.5,0.4455
2021-22,Desmond Bane,1630217,-22,25.0,21.0,0.0,0.462
2021-22,Desmond Bane,1630217,-20,23.0,9.0,1.0,0.308
2021-22,Desmond Bane,1630217,-18,28.0,16.0,0.0,0.467
2021-22,Desmond Bane,1630217,-15,22.0,14.0,2.0,0.455
2021-22,Desmond Bane,1630217,-14,27.0,15.0,0.5,0.5680000000000001
2021-22,Desmond Bane,1630217,-13,32.0,14.5,3.0,0.345
2021-22,Desmond Bane,1630217,-11,28.0,12.0,5.0,0.222
2021-22,Desmond Bane,1630217,-9,35.0,20.0,2.0,0.333
2021-22,Desmond Bane,1630217,-8,36.0,25.0,2.0,0.5
2021-22,Desmond Bane,1630217,-7,30.666666666666668,16.0,2.6666666666666665,0.4206666666666667
2021-22,Desmond Bane,1630217,-6,30.0,16.5,5.5,0.4055
2021-22,Desmond Bane,1630217,-3,24.5,8.0,0.0,0.21650000000000003
2021-22,Desmond Bane,1630217,-2,36.0,30.0,1.0,0.474
2021-22,Desmond Bane,1630217,-1,29.5,20.0,2.0,0.509
2021-22,Desmond Bane,1630217,0,38.0,19.0,2.0,0.438
2021-22,Desmond Bane,1630217,1,31.25,23.25,1.5,0.48024999999999995
2021-22,Desmond Bane,1630217,2,29.0,14.0,1.5,0.5
2021-22,Desmond Bane,1630217,3,34.5,21.5,2.5,0.45475000000000004
2021-22,Desmond Bane,1630217,4,31.0,18.666666666666668,2.0,0.4613333333333334
2021-22,Desmond Bane,1630217,5,33.0,18.666666666666668,4.0,0.4503333333333333
2021-22,Desmond Bane,1630217,6,30.0,12.333333333333334,2.6666666666666665,0.2906666666666667
2021-22,Desmond Bane,1630217,7,33.0,23.0,2.0,0.5
2021-22,Desmond Bane,1630217,8,31.5,16.0,3.0,0.3405
2021-22,Desmond Bane,1630217,9,31.0,21.0,3.3333333333333335,0.496
2021-22,Desmond Bane,1630217,10,30.0,20.5,3.5,0.4455
2021-22,Desmond Bane,1630217,11,29.0,19.0,4.0,0.471
2021-22,Desmond Bane,1630217,12,33.666666666666664,17.666666666666668,3.0,0.43966666666666665
2021-22,Desmond Bane,1630217,13,24.333333333333332,17.666666666666668,4.333333333333333,0.5056666666666666
2021-22,Desmond Bane,1630217,15,27.666666666666668,19.0,3.3333333333333335,0.4963333333333333
2021-22,Desmond Bane,1630217,19,28.0,22.0,2.0,0.636
2021-22,Desmond Bane,1630217,20,31.0,23.0,5.0,0.471
2021-22,Desmond Bane,1630217,21,25.0,17.5,2.5,0.662
2021-22,Desmond Bane,1630217,24,31.0,24.0,7.0,0.615
2021-22,Desmond Bane,1630217,25,24.0,12.0,3.0,0.444
2021-22,Desmond Bane,1630217,27,32.0,28.0,2.0,0.579
2021-22,Desmond Bane,1630217,29,26.0,22.0,5.0,0.5914999999999999
2021-22,Desmond Bane,1630217,30,26.0,18.0,2.0,0.583
2021-22,Desmond Bane,1630217,31,26.0,22.0,3.0,0.467
2021-22,Desmond Bane,1630217,39,26.0,22.0,6.0,0.471
2021-22,Desmond Bane,1630217,40,23.0,30.0,5.0,0.8
2021-22,Devin Booker,1626164,-24,29.0,12.0,4.0,0.2
2021-22,Devin Booker,1626164,-22,33.0,26.0,3.0,0.333
2021-22,Devin Booker,1626164,-21,36.0,26.0,6.0,0.4585
2021-22,Devin Booker,1626164,-16,37.0,22.0,4.0,0.269
2021-22,Devin Booker,1626164,-15,28.0,21.0,4.0,0.474
2021-22,Devin Booker,1626164,-12,37.0,28.0,1.0,0.5
2021-22,Devin Booker,1626164,-8,38.5,21.5,3.5,0.3815
2021-22,Devin Booker,1626164,-7,30.0,19.0,1.0,0.35
2021-22,Devin Booker,1626164,-6,36.666666666666664,24.333333333333332,4.666666666666667,0.4026666666666667
2021-22,Devin Booker,1626164,-5,37.0,41.0,4.0,0.607
2021-22,Devin Booker,1626164,-3,38.0,33.0,3.0,0.4
2021-22,Devin Booker,1626164,-2,38.0,35.0,3.0,0.667
2021-22,Devin Booker,1626164,-1,39.5,20.0,5.5,0.313
2021-22,Devin Booker,1626164,1,34.0,23.0,4.0,0.412
2021-22,Devin Booker,1626164,3,35.5,34.75,4.25,0.49350000000000005
2021-22,Devin Booker,1626164,4,35.5,29.5,7.5,0.448
2021-22,Devin Booker,1626164,5,38.0,19.5,4.5,0.3285
2021-22,Devin Booker,1626164,7,34.25,34.5,3.5,0.5349999999999999
2021-22,Devin Booker,1626164,8,34.0,24.0,4.2,0.44719999999999993
2021-22,Devin Booker,1626164,9,34.0,21.666666666666668,6.0,0.48733333333333334
2021-22,Devin Booker,1626164,10,34.0,27.0,5.0,0.444
2021-22,Devin Booker,1626164,11,35.5,25.0,5.0,0.40800000000000003
2021-22,Devin Booker,1626164,12,33.5,31.0,5.0,0.508
2021-22,Devin Booker,1626164,13,31.0,26.0,5.0,0.49266666666666664
2021-22,Devin Booker,1626164,14,30.0,28.0,5.5,0.5225
2021-22,Devin Booker,1626164,15,35.666666666666664,33.333333333333336,3.0,0.528
2021-22,Devin Booker,1626164,16,38.0,49.0,10.0,0.64
2021-22,Devin Booker,1626164,17,37.0,29.0,9.0,0.385
2021-22,Devin Booker,1626164,18,37.0,40.5,4.5,0.5355
2021-22,Devin Booker,1626164,19,35.0,30.0,7.0,0.522
2021-22,Devin Booker,1626164,20,29.0,30.0,4.0,0.611
2021-22,Devin Booker,1626164,22,32.0,18.0,6.0,0.471
2021-22,Devin Booker,1626164,23,29.0,11.0,5.0,0.357
2021-22,Devin Booker,1626164,26,33.0,24.5,7.5,0.5185
2021-22,Devin Booker,1626164,27,32.0,28.0,3.0,0.556
2021-22,Devin Booker,1626164,31,29.0,20.0,8.0,0.49749999999999994
2021-22,Devin Booker,1626164,32,26.0,16.0,5.0,0.4
2021-22,Devin Booker,1626164,38,31.0,30.0,10.0,0.48
2021-22,Devin Cannady,1629962,-25,27.0,12.0,1.0,0.333
2021-22,Devin Cannady,1629962,-18,30.0,4.0,3.0,0.111
2021-22,Devin Cannady,1629962,6,24.0,10.0,2.0,0.5
2021-22,Devin Cannady,1629962,8,29.0,9.0,2.0,0.429
2021-22,Devin Cannady,1629962,18,33.0,15.0,2.0,0.4
2021-22,Devin Vassell,1630170,-27,30.0,18.0,1.0,0.462
2021-22,Devin Vassell,1630170,-22,20.0,5.0,1.0,0.3095
2021-22,Devin Vassell,1630170,-21,31.0,15.0,3.0,0.364
2021-22,Devin Vassell,1630170,-19,29.0,11.0,2.5,0.3145
2021-22,Devin Vassell,1630170,-16,22.0,3.0,2.0,0.167
2021-22,Devin Vassell,1630170,-15,28.666666666666668,15.0,0.3333333333333333,0.4483333333333333
2021-22,Devin Vassell,1630170,-14,28.0,10.0,0.0,0.364
2021-22,Devin Vassell,1630170,-10,31.333333333333332,14.333333333333334,2.3333333333333335,0.427
2021-22,Devin Vassell,1630170,-9,21.0,12.0,0.0,0.3
2021-22,Devin Vassell,1630170,-8,26.25,16.0,2.5,0.42325
2021-22,Devin Vassell,1630170,-7,30.5,16.0,2.25,0.45875
2021-22,Devin Vassell,1630170,-6,27.0,8.0,1.0,0.429
2021-22,Devin Vassell,1630170,-5,29.0,17.333333333333332,2.6666666666666665,0.4816666666666667
2021-22,Devin Vassell,1630170,-4,30.5,13.0,2.25,0.46299999999999997
2021-22,Devin Vassell,1630170,-3,24.0,13.333333333333334,2.0,0.4723333333333333
2021-22,Devin Vassell,1630170,-1,26.666666666666668,8.333333333333334,2.3333333333333335,0.32766666666666666
2021-22,Devin Vassell,1630170,1,23.5,8.0,1.5,0.347
2021-22,Devin Vassell,1630170,3,32.0,17.0,0.0,0.5
2021-22,Devin Vassell,1630170,5,24.333333333333332,10.0,1.0,0.4673333333333334
2021-22,Devin Vassell,1630170,7,31.0,15.5,1.0,0.3975
2021-22,Devin Vassell,1630170,8,29.0,11.0,1.5,0.3655
2021-22,Devin Vassell,1630170,9,29.333333333333332,12.333333333333334,2.6666666666666665,0.373
2021-22,Devin Vassell,1630170,10,32.5,20.0,1.5,0.594
2021-22,Devin Vassell,1630170,13,28.75,11.5,2.5,0.37925
2021-22,Devin Vassell,1630170,14,24.0,4.0,2.0,0.0
2021-22,Devin Vassell,1630170,15,34.0,20.0,4.0,0.5
2021-22,Devin Vassell,1630170,20,22.0,19.0,1.0,0.7
2021-22,Devin Vassell,1630170,21,25.0,6.0,3.0,0.273
2021-22,Devin Vassell,1630170,24,25.0,19.0,5.0,0.667
2021-22,Devin Vassell,1630170,26,24.0,16.0,5.0,0.4
2021-22,Devin Vassell,1630170,27,26.0,4.0,1.0,0.25
2021-22,Devin Vassell,1630170,29,28.0,12.0,6.0,0.4
2021-22,Devin Vassell,1630170,40,28.0,20.0,3.0,0.692
2021-22,Devontae Cacok,1629719,-9,21.0,4.0,1.0,0.5
2021-22,Devontae Cacok,1629719,-4,23.0,6.0,0.0,0.6
2021-22,Devonte' Graham,1628984,-22,28.0,6.0,2.0,0.2
2021-22,Devonte' Graham,1628984,-21,22.0,6.0,2.0,0.222
2021-22,Devonte' Graham,1628984,-19,30.0,13.5,3.5,0.41825
2021-22,Devonte' Graham,1628984,-18,28.5,12.5,4.5,0.345
2021-22,Devonte' Graham,1628984,-17,28.0,10.0,4.0,0.444
2021-22,Devonte' Graham,1628984,-15,33.0,11.0,5.0,0.286
2021-22,Devonte' Graham,1628984,-14,30.0,14.0,6.0,0.455
2021-22,Devonte' Graham,1628984,-13,30.0,14.0,3.0,0.308
2021-22,Devonte' Graham,1628984,-12,25.5,5.5,4.5,0.182
2021-22,Devonte' Graham,1628984,-11,31.0,19.5,5.5,0.45
2021-22,Devonte' Graham,1628984,-9,33.0,9.0,4.0,0.231
2021-22,Devonte' Graham,1628984,-8,30.0,11.0,4.0,0.333
2021-22,Devonte' Graham,1628984,-7,32.5,11.5,5.0,0.35550000000000004
2021-22,Devonte' Graham,1628984,-6,25.0,12.0,1.0,0.667
2021-22,Devonte' Graham,1628984,-5,29.0,7.0,4.0,0.273
2021-22,Devonte' Graham,1628984,-4,28.5,7.5,2.5,0.155
2021-22,Devonte' Graham,1628984,-3,31.0,9.25,4.75,0.24225
2021-22,Devonte' Graham,1628984,-2,27.666666666666668,11.333333333333334,5.666666666666667,0.447
2021-22,Devonte' Graham,1628984,-1,30.666666666666668,17.333333333333332,3.6666666666666665,0.371
2021-22,Devonte' Graham,1628984,0,30.5,15.0,6.0,0.4235
2021-22,Devonte' Graham,1628984,1,33.0,20.0,6.0,0.294
2021-22,Devonte' Graham,1628984,2,23.333333333333332,11.0,4.333333333333333,0.41100000000000003
2021-22,Devonte' Graham,1628984,3,31.0,17.0,4.5,0.4235
2021-22,Devonte' Graham,1628984,5,32.0,18.5,4.0,0.3605
2021-22,Devonte' Graham,1628984,6,25.0,11.0,2.0,0.333
2021-22,Devonte' Graham,1628984,8,35.0,25.0,6.0,0.571
2021-22,Devonte' Graham,1628984,9,29.5,11.5,3.5,0.364
2021-22,Devonte' Graham,1628984,10,26.5,5.5,6.5,0.20850000000000002
2021-22,Devonte' Graham,1628984,11,31.0,6.0,5.0,0.333
2021-22,Devonte' Graham,1628984,12,29.666666666666668,12.0,4.666666666666667,0.36566666666666664
2021-22,Devonte' Graham,1628984,13,21.0,12.0,1.0,0.364
2021-22,Devonte' Graham,1628984,14,31.0,11.0,4.0,0.333
2021-22,Devonte' Graham,1628984,15,28.0,7.0,1.0,0.214
2021-22,Devonte' Graham,1628984,16,36.0,26.0,4.0,0.667
2021-22,Devonte' Graham,1628984,20,33.0,13.0,7.0,0.267
2021-22,Devonte' Graham,1628984,21,25.0,9.0,4.0,0.3
2021-22,Devonte' Graham,1628984,23,38.0,21.0,7.0,0.5
2021-22,Devonte' Graham,1628984,24,33.0,15.0,8.0,0.357
2021-22,Devonte' Graham,1628984,25,20.0,9.0,2.0,0.429
2021-22,Devonte' Graham,1628984,26,28.0,10.0,5.0,0.429
2021-22,Devonte' Graham,1628984,27,25.0,3.0,4.0,0.2
2021-22,Devonte' Graham,1628984,28,29.0,30.0,4.0,0.667
2021-22,Dewayne Dedmon,203473,-22,20.0,4.0,0.0,0.5
2021-22,Dewayne Dedmon,203473,-20,24.0,8.0,2.0,0.6
2021-22,Dewayne Dedmon,203473,-10,23.0,10.0,2.0,0.714
2021-22,Dewayne Dedmon,203473,2,28.0,12.0,1.5,0.47050000000000003
2021-22,Dewayne Dedmon,203473,5,27.0,11.0,2.0,0.833
2021-22,Dewayne Dedmon,203473,9,25.0,2.0,2.0,0.333
2021-22,Dewayne Dedmon,203473,11,22.0,7.0,2.0,0.6
2021-22,Dewayne Dedmon,203473,14,31.0,10.0,5.0,0.625
2021-22,Dewayne Dedmon,203473,22,28.0,20.0,2.0,0.615
2021-22,Dewayne Dedmon,203473,28,29.0,8.0,0.0,0.5
2021-22,Didi Louzada,1629712,-31,26.0,3.0,0.0,0.2
2021-22,Dillon Brooks,1628415,-16,26.0,12.0,2.0,0.4
2021-22,Dillon Brooks,1628415,-14,34.0,13.0,2.0,0.4
2021-22,Dillon Brooks,1628415,-13,30.0,23.0,0.0,0.444
2021-22,Dillon Brooks,1628415,-9,26.0,20.0,6.0,0.471
2021-22,Dillon Brooks,1628415,-8,35.0,18.5,4.0,0.382
2021-22,Dillon Brooks,1628415,-7,34.0,19.0,2.0,0.391
2021-22,Dillon Brooks,1628415,-6,33.0,21.0,2.0,0.333
2021-22,Dillon Brooks,1628415,-4,25.0,20.0,3.0,0.375
2021-22,Dillon Brooks,1628415,2,26.0,11.0,1.0,0.385
2021-22,Dillon Brooks,1628415,4,32.0,25.0,2.0,0.412
2021-22,Dillon Brooks,1628415,6,31.0,21.0,4.0,0.529
2021-22,Dillon Brooks,1628415,8,34.0,37.0,3.0,0.48
2021-22,Dillon Brooks,1628415,9,26.5,15.0,2.0,0.473
2021-22,Dillon Brooks,1628415,10,28.5,25.5,3.5,0.4965
2021-22,Dillon Brooks,1628415,12,33.0,17.0,1.0,0.278
2021-22,Dillon Brooks,1628415,13,33.0,23.0,2.0,0.5
2021-22,Dillon Brooks,1628415,15,25.0,15.0,4.0,0.429
2021-22,Dillon Brooks,1628415,16,21.0,21.0,1.0,0.471
2021-22,Dillon Brooks,1628415,18,23.0,23.0,5.0,0.563
2021-22,Dillon Brooks,1628415,22,30.5,19.5,5.0,0.4405
2021-22,Dillon Brooks,1628415,24,24.5,19.0,3.0,0.4575
2021-22,Dillon Brooks,1628415,26,25.5,16.5,3.0,0.425
2021-22,Dillon Brooks,1628415,31,22.0,16.0,3.0,0.429
2021-22,Domantas Sabonis,1627734,-23,34.0,16.0,6.0,0.5
2021-22,Domantas Sabonis,1627734,-20,30.2,13.8,5.2,0.495
2021-22,Domantas Sabonis,1627734,-19,38.0,22.0,7.0,0.462
2021-22,Domantas Sabonis,1627734,-18,28.666666666666668,16.0,4.666666666666667,0.5873333333333334
2021-22,Domantas Sabonis,1627734,-13,33.0,9.0,3.0,0.75
2021-22,Domantas Sabonis,1627734,-11,28.5,17.0,2.5,0.4155
2021-22,Domantas Sabonis,1627734,-10,32.0,12.0,3.0,0.46
2021-22,Domantas Sabonis,1627734,-8,36.666666666666664,24.666666666666668,4.666666666666667,0.532
2021-22,Domantas Sabonis,1627734,-7,34.0,14.0,6.0,0.556
2021-22,Domantas Sabonis,1627734,-6,36.0,14.0,6.0,0.4
2021-22,Domantas Sabonis,1627734,-5,34.8,20.2,6.0,0.5780000000000001
2021-22,Domantas Sabonis,1627734,-4,35.0,14.0,5.0,0.294
2021-22,Domantas Sabonis,1627734,-2,36.0,30.0,5.0,0.6
2021-22,Domantas Sabonis,1627734,-1,36.0,26.5,2.0,0.6635
2021-22,Domantas Sabonis,1627734,0,43.0,24.0,10.0,0.563
2021-22,Domantas Sabonis,1627734,1,37.166666666666664,19.5,4.5,0.6573333333333333
2021-22,Domantas Sabonis,1627734,2,34.0,15.0,1.0,0.571
2021-22,Domantas Sabonis,1627734,4,32.0,22.0,5.0,0.526
2021-22,Domantas Sabonis,1627734,5,30.666666666666668,16.0,5.666666666666667,0.636
2021-22,Domantas Sabonis,1627734,6,36.5,16.25,7.5,0.51825
2021-22,Domantas Sabonis,1627734,8,30.0,14.0,7.0,0.875
2021-22,Domantas Sabonis,1627734,9,39.0,32.0,7.0,0.667
2021-22,Domantas Sabonis,1627734,10,33.0,13.0,7.5,0.475
2021-22,Domantas Sabonis,1627734,12,37.0,22.0,4.0,0.4
2021-22,Domantas Sabonis,1627734,13,35.0,29.0,5.0,0.798
2021-22,Domantas Sabonis,1627734,14,35.0,30.0,6.0,0.733
2021-22,Domantas Sabonis,1627734,15,34.5,17.0,4.5,0.6165
2021-22,Domantas Sabonis,1627734,16,36.0,23.0,2.0,0.533
2021-22,Domantas Sabonis,1627734,17,36.0,16.0,10.0,0.417
2021-22,Domantas Sabonis,1627734,18,42.0,17.0,4.0,0.471
2021-22,Domantas Sabonis,1627734,19,21.0,20.0,6.0,0.545
2021-22,Domantas Sabonis,1627734,22,29.5,21.0,4.5,0.723
2021-22,Domantas Sabonis,1627734,23,34.0,24.0,7.0,0.692
2021-22,Donovan Mitchell,1628378,-25,34.0,18.0,5.0,0.333
2021-22,Donovan Mitchell,1628378,-24,34.0,37.0,1.0,0.542
2021-22,Donovan Mitchell,1628378,-23,30.0,14.0,2.0,0.278
2021-22,Donovan Mitchell,1628378,-22,36.0,31.0,4.0,0.44
2021-22,Donovan Mitchell,1628378,-21,32.0,26.0,3.0,0.421
2021-22,Donovan Mitchell,1628378,-18,34.0,33.0,3.0,0.423
2021-22,Donovan Mitchell,1628378,-15,32.0,26.0,4.0,0.55
2021-22,Donovan Mitchell,1628378,-14,32.0,17.0,4.0,0.375
2021-22,Donovan Mitchell,1628378,-11,33.0,15.0,6.0,0.279
2021-22,Donovan Mitchell,1628378,-9,35.0,31.5,4.5,0.481
2021-22,Donovan Mitchell,1628378,-8,32.0,21.0,7.0,0.333
2021-22,Donovan Mitchell,1628378,-7,32.5,22.0,6.5,0.349
2021-22,Donovan Mitchell,1628378,-6,41.0,20.0,5.0,0.25
2021-22,Donovan Mitchell,1628378,-4,34.5,26.5,5.0,0.454
2021-22,Donovan Mitchell,1628378,-3,36.0,29.333333333333332,7.0,0.4523333333333333
2021-22,Donovan Mitchell,1628378,-2,34.0,26.0,5.25,0.41325
2021-22,Donovan Mitchell,1628378,-1,36.0,17.0,3.0,0.364
2021-22,Donovan Mitchell,1628378,0,35.0,26.5,5.5,0.41400000000000003
2021-22,Donovan Mitchell,1628378,2,34.333333333333336,22.0,5.333333333333333,0.463
2021-22,Donovan Mitchell,1628378,3,36.0,13.0,7.0,0.333
2021-22,Donovan Mitchell,1628378,4,40.0,29.0,8.0,0.313
2021-22,Donovan Mitchell,1628378,5,37.0,22.0,4.0,0.421
2021-22,Donovan Mitchell,1628378,6,35.0,25.0,6.0,0.5
2021-22,Donovan Mitchell,1628378,7,29.0,22.0,6.0,0.421
2021-22,Donovan Mitchell,1628378,8,36.0,36.0,6.0,0.524
2021-22,Donovan Mitchell,1628378,9,36.0,26.0,8.5,0.487
2021-22,Donovan Mitchell,1628378,10,36.666666666666664,32.666666666666664,7.0,0.5173333333333333
2021-22,Donovan Mitchell,1628378,11,30.666666666666668,31.666666666666668,4.0,0.5670000000000001
2021-22,Donovan Mitchell,1628378,12,33.333333333333336,35.666666666666664,6.333333333333333,0.504
2021-22,Donovan Mitchell,1628378,13,34.5,25.5,6.0,0.3415
2021-22,Donovan Mitchell,1628378,14,36.0,33.0,5.0,0.579
2021-22,Donovan Mitchell,1628378,15,32.0,27.0,5.0,0.55
2021-22,Donovan Mitchell,1628378,16,27.0,21.5,5.0,0.4585
2021-22,Donovan Mitchell,1628378,17,32.0,24.333333333333332,7.333333333333333,0.48566666666666664
2021-22,Donovan Mitchell,1628378,18,35.0,31.5,3.0,0.4845
2021-22,Donovan Mitchell,1628378,20,25.0,14.5,3.5,0.385
2021-22,Donovan Mitchell,1628378,21,28.0,25.5,3.5,0.558
2021-22,Donovan Mitchell,1628378,23,38.0,39.0,5.0,0.571
2021-22,Donovan Mitchell,1628378,25,27.0,21.0,7.0,0.529
2021-22,Donovan Mitchell,1628378,29,31.0,27.0,6.0,0.667
2021-22,Donovan Mitchell,1628378,43,24.0,16.0,6.0,0.5
2021-22,Donte DiVincenzo,1628978,-15,24.0,7.0,4.0,0.333
2021-22,Donte DiVincenzo,1628978,-14,28.0,9.0,5.0,0.25
2021-22,Donte DiVincenzo,1628978,-13,27.5,8.0,6.0,0.25
2021-22,Donte DiVincenzo,1628978,-12,21.0,9.0,3.0,0.3
2021-22,Donte DiVincenzo,1628978,-10,28.0,9.0,3.0,0.364
2021-22,Donte DiVincenzo,1628978,-9,28.333333333333332,10.0,3.6666666666666665,0.35400000000000004
2021-22,Donte DiVincenzo,1628978,-8,24.0,20.0,2.0,0.6
2021-22,Donte DiVincenzo,1628978,-6,21.0,9.0,1.0,0.429
2021-22,Donte DiVincenzo,1628978,-5,29.0,11.0,3.0,0.333
2021-22,Donte DiVincenzo,1628978,-4,26.0,10.5,3.5,0.354
2021-22,Donte DiVincenzo,1628978,-3,28.0,8.0,2.0,0.375
2021-22,Donte DiVincenzo,1628978,-2,29.0,19.0,1.0,0.5
2021-22,Donte DiVincenzo,1628978,-1,22.0,8.0,4.0,0.429
2021-22,Donte DiVincenzo,1628978,0,24.0,4.0,3.0,0.4
2021-22,Donte DiVincenzo,1628978,1,31.0,16.0,0.0,0.6
2021-22,Donte DiVincenzo,1628978,2,28.0,13.0,3.0,0.364
2021-22,Donte DiVincenzo,1628978,5,29.0,6.0,2.0,0.25
2021-22,Donte DiVincenzo,1628978,6,34.0,15.0,4.0,0.444
2021-22,Donte DiVincenzo,1628978,8,27.0,19.0,3.0,0.455
2021-22,Donte DiVincenzo,1628978,9,26.0,12.0,2.0,0.364
2021-22,Donte DiVincenzo,1628978,13,31.0,11.0,8.0,0.273
2021-22,Donte DiVincenzo,1628978,15,30.0,19.0,9.0,0.5
2021-22,Donte DiVincenzo,1628978,20,22.0,14.0,4.0,0.714
2021-22,Dorian Finney-Smith,1627827,-32,23.0,2.0,0.0,0.0
2021-22,Dorian Finney-Smith,1627827,-29,30.5,7.5,0.5,0.375
2021-22,Dorian Finney-Smith,1627827,-22,28.0,8.0,1.0,0.3
2021-22,Dorian Finney-Smith,1627827,-21,28.0,5.0,2.0,0.167
2021-22,Dorian Finney-Smith,1627827,-20,27.0,7.0,1.0,0.6
2021-22,Dorian Finney-Smith,1627827,-16,34.0,11.0,0.0,0.571
2021-22,Dorian Finney-Smith,1627827,-15,28.0,5.0,0.0,0.2
2021-22,Dorian Finney-Smith,1627827,-14,34.0,9.0,2.0,0.444
2021-22,Dorian Finney-Smith,1627827,-13,34.0,5.5,2.5,0.259
2021-22,Dorian Finney-Smith,1627827,-12,34.75,7.25,1.25,0.34675
2021-22,Dorian Finney-Smith,1627827,-10,32.0,8.333333333333334,1.6666666666666667,0.4206666666666667
2021-22,Dorian Finney-Smith,1627827,-6,33.42857142857143,13.857142857142858,1.8571428571428572,0.5054285714285714
2021-22,Dorian Finney-Smith,1627827,-1,30.5,10.5,2.5,0.375
2021-22,Dorian Finney-Smith,1627827,1,30.2,11.2,1.2,0.4572
2021-22,Dorian Finney-Smith,1627827,2,36.0,15.0,4.0,0.545
2021-22,Dorian Finney-Smith,1627827,3,35.333333333333336,13.666666666666666,2.3333333333333335,0.5786666666666667
2021-22,Dorian Finney-Smith,1627827,4,34.0,11.75,1.0,0.47125
2021-22,Dorian Finney-Smith,1627827,5,38.666666666666664,15.666666666666666,1.6666666666666667,0.5236666666666666
2021-22,Dorian Finney-Smith,1627827,6,34.333333333333336,9.0,1.3333333333333333,0.399
2021-22,Dorian Finney-Smith,1627827,8,35.0,18.0,2.0,0.778
2021-22,Dorian Finney-Smith,1627827,9,32.833333333333336,10.333333333333334,2.0,0.40399999999999997
2021-22,Dorian Finney-Smith,1627827,10,32.5,8.5,1.5,0.5835
2021-22,Dorian Finney-Smith,1627827,11,34.0,15.0,3.0,0.6
2021-22,Dorian Finney-Smith,1627827,12,31.75,11.25,3.25,0.43000000000000005
2021-22,Dorian Finney-Smith,1627827,14,34.25,10.0,1.5,0.506
2021-22,Dorian Finney-Smith,1627827,15,35.0,11.0,2.0,0.556
2021-22,Dorian Finney-Smith,1627827,16,33.25,15.5,2.25,0.59075
2021-22,Dorian Finney-Smith,1627827,19,36.0,13.5,1.5,0.7735
2021-22,Dorian Finney-Smith,1627827,20,23.0,10.0,3.0,0.8
2021-22,Dorian Finney-Smith,1627827,22,36.5,16.5,5.0,0.546
2021-22,Dorian Finney-Smith,1627827,23,31.666666666666668,10.666666666666666,3.6666666666666665,0.6243333333333333
2021-22,Dorian Finney-Smith,1627827,27,28.0,5.0,2.0,0.4
2021-22,Dorian Finney-Smith,1627827,36,23.0,15.0,1.0,0.714
2021-22,Doug McDermott,203926,-22,27.0,4.0,0.0,0.2
2021-22,Doug McDermott,203926,-19,22.0,10.0,2.0,0.333
2021-22,Doug McDermott,203926,-17,29.0,19.0,1.0,0.636
2021-22,Doug McDermott,203926,-16,25.0,13.0,3.0,0.455
2021-22,Doug McDermott,203926,-15,24.0,14.0,3.0,0.714
2021-22,Doug McDermott,203926,-14,25.0,7.0,1.0,0.333
2021-22,Doug McDermott,203926,-12,24.0,11.0,0.0,0.5
2021-22,Doug McDermott,203926,-10,23.0,7.0,0.0,0.286
2021-22,Doug McDermott,203926,-9,25.0,14.0,2.0,0.556
2021-22,Doug McDermott,203926,-8,29.0,21.0,1.5,0.615
2021-22,Doug McDermott,203926,-7,28.0,8.0,1.0,0.333
2021-22,Doug McDermott,203926,-6,30.0,5.0,1.0,0.333
2021-22,Doug McDermott,203926,-5,25.0,2.0,1.0,0.5
2021-22,Doug McDermott,203926,-4,24.0,9.0,0.0,0.231
2021-22,Doug McDermott,203926,-3,27.0,11.0,3.0,0.667
2021-22,Doug McDermott,203926,-2,28.0,24.0,2.0,0.6
2021-22,Doug McDermott,203926,-1,24.5,7.5,1.5,0.3885
2021-22,Doug McDermott,203926,0,26.0,9.5,1.25,0.38875
2021-22,Doug McDermott,203926,3,22.666666666666668,14.333333333333334,1.0,0.47900000000000004
2021-22,Doug McDermott,203926,5,24.0,12.333333333333334,2.6666666666666665,0.4286666666666667
2021-22,Doug McDermott,203926,6,27.0,11.0,1.0,0.4
2021-22,Doug McDermott,203926,7,22.5,13.75,0.75,0.50675
2021-22,Doug McDermott,203926,8,26.0,17.0,2.0,0.5
2021-22,Doug McDermott,203926,10,25.0,13.0,1.0,0.556
2021-22,Doug McDermott,203926,12,28.0,15.0,0.5,0.5225
2021-22,Doug McDermott,203926,13,23.0,15.0,0.0,0.4
2021-22,Doug McDermott,203926,22,25.0,13.0,1.0,0.625
2021-22,Doug McDermott,203926,26,21.0,16.0,3.0,0.538
2021-22,Draymond Green,203110,-24,23.0,4.0,3.0,0.333
2021-22,Draymond Green,203110,-20,25.0,7.0,6.0,0.333
2021-22,Draymond Green,203110,-15,22.0,2.0,3.0,0.0
2021-22,Draymond Green,203110,-14,32.0,9.0,9.0,0.571
2021-22,Draymond Green,203110,-10,31.0,8.0,7.0,0.5
2021-22,Draymond Green,203110,-8,30.5,6.5,6.5,0.5235
2021-22,Draymond Green,203110,-7,32.0,8.0,6.666666666666667,0.5443333333333333
2021-22,Draymond Green,203110,-5,28.0,7.0,2.0,0.5
2021-22,Draymond Green,203110,-4,31.0,15.0,5.0,0.7
2021-22,Draymond Green,203110,-3,30.5,5.0,5.5,0.3395
2021-22,Draymond Green,203110,-2,29.0,6.0,6.0,0.4
2021-22,Draymond Green,203110,-1,26.0,10.0,7.0,0.556
2021-22,Draymond Green,203110,0,30.5,6.0,11.0,0.7085
2021-22,Draymond Green,203110,1,21.0,7.0,6.0,0.0
2021-22,Draymond Green,203110,3,37.0,4.0,7.0,0.4
2021-22,Draymond Green,203110,6,31.5,8.5,8.0,0.4
2021-22,Draymond Green,203110,7,33.0,12.0,9.5,0.5680000000000001
2021-22,Draymond Green,203110,8,29.0,7.333333333333333,8.666666666666666,0.5096666666666666
2021-22,Draymond Green,203110,10,29.2,8.6,7.4,0.6334
2021-22,Draymond Green,203110,11,25.5,8.0,6.0,0.5
2021-22,Draymond Green,203110,13,29.0,4.0,9.0,0.25
2021-22,Draymond Green,203110,16,25.0,14.0,8.0,0.75
2021-22,Draymond Green,203110,17,31.0,11.5,10.0,0.729
2021-22,Draymond Green,203110,19,28.0,7.0,3.0,0.75
2021-22,Draymond Green,203110,20,33.0,10.0,7.0,0.6
2021-22,Draymond Green,203110,24,25.5,5.0,7.0,0.4165
2021-22,Draymond Green,203110,25,30.0,9.0,9.0,0.667
2021-22,Draymond Green,203110,26,34.0,5.0,8.0,0.4
2021-22,Drew Eubanks,1629234,-33,28.0,2.0,0.0,0.167
2021-22,Drew Eubanks,1629234,-32,31.0,18.0,0.0,0.571
2021-22,Drew Eubanks,1629234,-27,26.0,18.0,1.0,0.75
2021-22,Drew Eubanks,1629234,-22,29.0,13.0,3.0,0.455
2021-22,Drew Eubanks,1629234,-21,36.0,20.0,4.0,0.615
2021-22,Drew Eubanks,1629234,-20,30.0,12.5,0.5,0.5055000000000001
2021-22,Drew Eubanks,1629234,-18,21.0,6.0,2.0,0.6
2021-22,Drew Eubanks,1629234,-16,28.0,13.0,2.0,0.857
2021-22,Drew Eubanks,1629234,-15,29.0,10.0,5.0,0.625
2021-22,Drew Eubanks,1629234,-11,20.0,8.0,0.0,0.6
2021-22,Drew Eubanks,1629234,-10,29.5,17.0,1.5,0.659
2021-22,Drew Eubanks,1629234,-9,28.0,13.0,2.0,0.667
2021-22,Drew Eubanks,1629234,-7,35.5,24.0,2.0,0.845
2021-22,Drew Eubanks,1629234,-6,21.0,2.0,5.0,0.0
2021-22,Drew Eubanks,1629234,-3,21.0,5.0,2.0,0.2
2021-22,Drew Eubanks,1629234,-2,23.5,15.0,2.5,0.757
2021-22,Drew Eubanks,1629234,-1,23.0,11.0,1.5,0.652
2021-22,Drew Eubanks,1629234,0,25.333333333333332,7.333333333333333,2.0,0.5833333333333334
2021-22,Drew Eubanks,1629234,2,38.0,20.0,3.0,0.643
2021-22,Drew Eubanks,1629234,6,26.0,18.0,3.0,0.8
2021-22,Drew Eubanks,1629234,7,25.5,9.5,1.0,0.5625
2021-22,Drew Eubanks,1629234,10,29.0,16.0,2.0,0.7
2021-22,Duane Washington Jr.,1630613,-19,23.0,11.0,3.0,0.357
2021-22,Duane Washington Jr.,1630613,-18,28.0,10.0,2.0,0.214
2021-22,Duane Washington Jr.,1630613,-16,31.0,17.0,2.0,0.4
2021-22,Duane Washington Jr.,1630613,-13,21.0,11.0,1.0,0.4
2021-22,Duane Washington Jr.,1630613,-11,28.0,10.5,2.5,0.3125
2021-22,Duane Washington Jr.,1630613,-10,26.0,10.0,2.0,0.4
2021-22,Duane Washington Jr.,1630613,-9,22.5,12.0,1.5,0.532
2021-22,Duane Washington Jr.,1630613,-5,32.0,17.333333333333332,2.3333333333333335,0.41033333333333327
2021-22,Duane Washington Jr.,1630613,-1,29.333333333333332,16.666666666666668,3.0,0.3996666666666666
2021-22,Duane Washington Jr.,1630613,0,26.5,9.5,1.5,0.357
2021-22,Duane Washington Jr.,1630613,1,23.0,9.0,2.0,0.4
2021-22,Duane Washington Jr.,1630613,3,23.0,21.0,3.0,0.583
2021-22,Duane Washington Jr.,1630613,4,25.0,13.0,2.0,0.385
2021-22,Duane Washington Jr.,1630613,6,25.0,15.0,2.0,0.6
2021-22,Duane Washington Jr.,1630613,8,20.0,13.0,6.0,0.444
2021-22,Duane Washington Jr.,1630613,9,25.0,11.0,0.0,0.4
2021-22,Duane Washington Jr.,1630613,12,23.0,16.0,4.0,0.462
2021-22,Duane Washington Jr.,1630613,13,22.0,12.0,2.0,0.308
2021-22,Duane Washington Jr.,1630613,20,28.0,17.0,4.0,0.5
2021-22,Duncan Robinson,1629130,-27,26.0,6.0,0.0,0.25
2021-22,Duncan Robinson,1629130,-26,38.0,17.0,3.0,0.375
2021-22,Duncan Robinson,1629130,-23,25.0,11.0,3.0,0.4
2021-22,Duncan Robinson,1629130,-22,22.0,10.0,0.0,0.5
2021-22,Duncan Robinson,1629130,-18,31.0,22.0,2.0,0.467
2021-22,Duncan Robinson,1629130,-17,20.0,0.0,0.0,0.0
2021-22,Duncan Robinson,1629130,-16,27.0,13.0,1.0,0.5
2021-22,Duncan Robinson,1629130,-15,23.0,11.0,0.0,0.5
2021-22,Duncan Robinson,1629130,-14,29.0,3.0,3.0,0.111
2021-22,Duncan Robinson,1629130,-13,21.0,3.0,2.0,0.0
2021-22,Duncan Robinson,1629130,-10,20.0,8.0,1.0,0.5
2021-22,Duncan Robinson,1629130,-9,28.0,11.5,3.0,0.4165
2021-22,Duncan Robinson,1629130,-8,23.0,9.0,1.0,0.375
2021-22,Duncan Robinson,1629130,-7,21.0,15.0,0.0,0.714
2021-22,Duncan Robinson,1629130,-6,22.0,3.0,1.0,0.2
2021-22,Duncan Robinson,1629130,-5,26.0,10.0,1.0,0.286
2021-22,Duncan Robinson,1629130,-2,26.0,9.0,3.5,0.333
2021-22,Duncan Robinson,1629130,-1,33.333333333333336,9.333333333333334,2.3333333333333335,0.23266666666666666
2021-22,Duncan Robinson,1629130,0,34.0,9.0,2.0,0.25
2021-22,Duncan Robinson,1629130,1,30.5,15.5,1.5,0.474
2021-22,Duncan Robinson,1629130,2,25.5,10.0,1.75,0.2805
2021-22,Duncan Robinson,1629130,3,31.0,0.0,7.0,0.0
2021-22,Duncan Robinson,1629130,4,25.5,14.0,1.5,0.5905
2021-22,Duncan Robinson,1629130,5,24.5,7.166666666666667,0.8333333333333334,0.4091666666666667
2021-22,Duncan Robinson,1629130,6,24.5,11.0,1.0,0.3575
2021-22,Duncan Robinson,1629130,7,29.0,12.0,2.5,0.322
2021-22,Duncan Robinson,1629130,8,35.0,26.0,1.0,0.529
2021-22,Duncan Robinson,1629130,9,39.0,21.0,3.0,0.375
2021-22,Duncan Robinson,1629130,10,31.5,20.5,2.0,0.5680000000000001
2021-22,Duncan Robinson,1629130,11,28.0,12.5,3.0,0.34950000000000003
2021-22,Duncan Robinson,1629130,12,28.0,27.0,1.0,0.529
2021-22,Duncan Robinson,1629130,13,31.0,6.0,1.0,0.286
2021-22,Duncan Robinson,1629130,15,24.0,17.0,3.0,0.6
2021-22,Duncan Robinson,1629130,16,25.0,16.666666666666668,1.0,0.5483333333333333
2021-22,Duncan Robinson,1629130,17,21.0,9.0,2.0,0.375
2021-22,Duncan Robinson,1629130,18,31.0,14.0,0.0,0.364
2021-22,Duncan Robinson,1629130,20,30.0,18.5,2.0,0.5355
2021-22,Duncan Robinson,1629130,21,30.0,26.0,1.0,0.625
2021-22,Duncan Robinson,1629130,26,35.0,23.0,3.0,0.577
2021-22,Duncan Robinson,1629130,29,23.0,8.0,2.0,0.3
2021-22,Duncan Robinson,1629130,30,27.0,21.0,2.0,0.636
2021-22,Dwight Howard,2730,-23,21.0,13.0,1.0,0.75
2021-22,Dwight Howard,2730,-11,24.0,15.0,1.5,0.5715
2021-22,Dwight Howard,2730,-10,22.0,6.0,1.0,0.6
2021-22,Dwight Howard,2730,-9,25.5,12.5,0.0,0.596
2021-22,Dwight Howard,2730,-8,21.0,4.0,2.0,0.5
2021-22,Dwight Howard,2730,-6,22.0,6.0,0.0,0.667
2021-22,Dwight Howard,2730,-5,23.0,15.0,3.0,0.714
2021-22,Dwight Howard,2730,-4,24.0,11.5,0.5,0.55
2021-22,Dwight Howard,2730,-3,22.0,9.0,0.0,0.6
2021-22,Dwight Howard,2730,-2,33.0,8.0,0.0,0.6
2021-22,Dwight Howard,2730,1,24.5,11.0,0.5,0.5275
2021-22,Dwight Howard,2730,11,22.0,9.5,2.0,0.5
2021-22,Dwight Howard,2730,27,35.0,12.0,0.0,0.714
2021-22,Dwight Powell,203939,-21,20.0,4.0,1.0,0.2
2021-22,Dwight Powell,203939,-18,20.0,8.0,0.0,0.25
2021-22,Dwight Powell,203939,-15,24.0,11.0,1.0,0.417
2021-22,Dwight Powell,203939,-12,21.0,2.0,2.0,0.0
2021-22,Dwight Powell,203939,-11,24.0,7.666666666666667,0.6666666666666666,0.5713333333333334
2021-22,Dwight Powell,203939,-10,25.0,6.0,2.0,0.667
2021-22,Dwight Powell,203939,-9,22.0,4.0,2.0,0.333
2021-22,Dwight Powell,203939,-8,22.0,12.0,0.0,0.833
2021-22,Dwight Powell,203939,-6,24.0,9.0,1.0,0.571
2021-22,Dwight Powell,203939,-5,25.333333333333332,9.333333333333334,2.0,0.5635
2021-22,Dwight Powell,203939,-3,22.0,2.0,2.0,1.0
2021-22,Dwight Powell,203939,-2,22.666666666666668,12.333333333333334,1.6666666666666667,0.9166666666666666
2021-22,Dwight Powell,203939,-1,21.2,7.6,1.0,0.7858
2021-22,Dwight Powell,203939,0,28.0,12.0,2.0,0.667
2021-22,Dwight Powell,203939,1,22.0,4.0,0.0,1.0
2021-22,Dwight Powell,203939,2,23.333333333333332,9.666666666666666,2.0,0.6403333333333333
2021-22,Dwight Powell,203939,3,30.0,11.5,2.5,0.8125
2021-22,Dwight Powell,203939,4,22.25,11.25,1.25,0.7125
2021-22,Dwight Powell,203939,5,25.25,11.5,1.25,0.7625
2021-22,Dwight Powell,203939,6,21.0,15.0,1.0,0.833
2021-22,Dwight Powell,203939,8,31.0,22.0,1.0,0.8
2021-22,Dwight Powell,203939,9,27.0,12.0,1.0,0.8335
2021-22,Dwight Powell,203939,11,26.0,10.333333333333334,1.3333333333333333,0.7083333333333334
2021-22,Dwight Powell,203939,13,20.5,9.0,1.0,0.778
2021-22,Dwight Powell,203939,15,26.0,15.0,0.0,0.833
2021-22,Dwight Powell,203939,16,25.0,10.0,2.0,0.6
2021-22,Dwight Powell,203939,18,29.0,9.0,2.5,0.7
2021-22,Dwight Powell,203939,19,31.0,26.0,3.0,0.818
2021-22,Dwight Powell,203939,22,23.0,22.0,0.0,0.818
2021-22,Dwight Powell,203939,23,30.0,9.0,0.0,1.0
2021-22,Dwight Powell,203939,27,27.0,18.0,2.0,1.0
2021-22,Dylan Windler,1629685,1,20.0,13.0,3.0,0.8
2021-22,Dylan Windler,1629685,10,22.0,8.0,4.0,0.429
2021-22,Ed Davis,202334,-6,23.0,6.0,0.0,0.5
2021-22,Ed Davis,202334,-4,28.0,7.0,1.0,1.0
2021-22,Elfrid Payton,203901,-10,24.0,14.0,6.0,0.545
2021-22,Elfrid Payton,203901,-9,20.0,2.0,0.0,0.167
2021-22,Elfrid Payton,203901,6,21.0,10.0,9.0,0.364
2021-22,Elfrid Payton,203901,9,20.0,5.0,4.0,0.667
2021-22,Elijah Hughes,1630190,-27,29.0,8.0,1.0,0.273
2021-22,Elijah Hughes,1630190,-21,20.0,4.0,0.0,0.167
2021-22,Elijah Hughes,1630190,-19,21.0,0.0,2.0,0.0
2021-22,Elijah Hughes,1630190,-18,22.0,3.0,0.0,0.125
2021-22,Elijah Hughes,1630190,-11,40.0,26.0,4.0,0.6
2021-22,Elijah Hughes,1630190,-6,27.0,5.0,3.0,0.222
2021-22,Elijah Hughes,1630190,5,25.0,7.0,2.0,0.429
2021-22,Enes Freedom,202683,-3,40.0,15.0,0.0,0.7
2021-22,Enes Freedom,202683,6,22.0,2.0,1.0,0.0
2021-22,Enes Freedom,202683,13,21.0,4.0,1.0,0.5
2021-22,Enes Freedom,202683,15,21.0,9.0,0.0,0.75
2021-22,Enes Freedom,202683,29,22.0,9.0,0.0,0.667
2021-22,Eric Bledsoe,202339,-20,25.666666666666668,8.666666666666666,4.333333333333333,0.36133333333333334
2021-22,Eric Bledsoe,202339,-14,30.0,11.0,0.0,0.417
2021-22,Eric Bledsoe,202339,-13,29.0,13.333333333333334,4.0,0.39466666666666667
2021-22,Eric Bledsoe,202339,-12,29.0,17.0,3.0,0.4425
2021-22,Eric Bledsoe,202339,-11,24.0,9.0,3.0,0.5
2021-22,Eric Bledsoe,202339,-10,24.0,7.666666666666667,2.6666666666666665,0.31033333333333335
2021-22,Eric Bledsoe,202339,-9,26.5,8.0,0.5,0.3055
2021-22,Eric Bledsoe,202339,-8,35.0,10.0,3.0,0.333
2021-22,Eric Bledsoe,202339,-4,25.0,8.5,4.5,0.3865
2021-22,Eric Bledsoe,202339,-3,24.0,2.0,1.0,0.5
2021-22,Eric Bledsoe,202339,-2,27.0,6.666666666666667,4.0,0.393
2021-22,Eric Bledsoe,202339,-1,27.5,13.5,7.5,0.5875
2021-22,Eric Bledsoe,202339,1,36.0,18.0,10.0,0.471
2021-22,Eric Bledsoe,202339,2,29.0,9.0,4.0,0.154
2021-22,Eric Bledsoe,202339,6,25.0,2.0,2.0,0.25
2021-22,Eric Bledsoe,202339,8,40.0,21.0,3.0,0.563
2021-22,Eric Bledsoe,202339,10,25.0,13.0,2.0,0.5
2021-22,Eric Bledsoe,202339,13,26.0,13.333333333333334,4.666666666666667,0.38566666666666666
2021-22,Eric Bledsoe,202339,14,22.0,7.0,7.0,0.25
2021-22,Eric Bledsoe,202339,16,27.0,20.5,6.5,0.5835
2021-22,Eric Bledsoe,202339,19,30.0,15.0,3.0,0.667
2021-22,Eric Bledsoe,202339,20,36.0,19.0,7.0,0.533
2021-22,Eric Bledsoe,202339,23,26.0,12.0,7.0,0.667
2021-22,Eric Bledsoe,202339,24,31.0,17.0,4.0,0.4
2021-22,Eric Bledsoe,202339,28,25.0,11.0,9.0,0.385
2021-22,Eric Gordon,201569,-27,23.0,12.0,0.5,0.5625
2021-22,Eric Gordon,201569,-23,29.0,14.0,1.0,0.4
2021-22,Eric Gordon,201569,-22,20.0,9.0,1.0,0.6
2021-22,Eric Gordon,201569,-21,21.0,5.0,2.0,0.2
2021-22,Eric Gordon,201569,-20,24.0,7.0,2.0,0.222
2021-22,Eric Gordon,201569,-18,26.5,9.0,4.5,0.2085
2021-22,Eric Gordon,201569,-17,29.0,14.0,3.0,0.364
2021-22,Eric Gordon,201569,-14,33.0,10.0,3.0,0.455
2021-22,Eric Gordon,201569,-12,26.333333333333332,11.666666666666666,2.6666666666666665,0.37366666666666665
2021-22,Eric Gordon,201569,-11,29.0,11.0,2.5,0.5415
2021-22,Eric Gordon,201569,-10,32.5,13.0,3.0,0.369
2021-22,Eric Gordon,201569,-9,30.333333333333332,11.333333333333334,0.6666666666666666,0.46799999999999997
2021-22,Eric Gordon,201569,-7,35.0,19.5,4.0,0.588
2021-22,Eric Gordon,201569,-6,28.5,10.0,3.25,0.4585
2021-22,Eric Gordon,201569,-4,38.0,20.0,2.0,0.333
2021-22,Eric Gordon,201569,-2,29.5,10.833333333333334,2.1666666666666665,0.42733333333333334
2021-22,Eric Gordon,201569,-1,31.5,16.0,1.0,0.6335
2021-22,Eric Gordon,201569,0,24.0,12.0,6.0,0.444
2021-22,Eric Gordon,201569,1,29.0,16.25,3.5,0.402
2021-22,Eric Gordon,201569,3,28.0,12.0,3.0,0.714
2021-22,Eric Gordon,201569,4,33.0,23.0,5.0,0.5
2021-22,Eric Gordon,201569,5,27.0,13.25,3.0,0.484
2021-22,Eric Gordon,201569,8,33.0,13.5,8.0,0.4105
2021-22,Eric Gordon,201569,11,32.0,31.0,3.0,0.9
2021-22,Eric Gordon,201569,12,32.0,15.0,2.0,0.5055000000000001
2021-22,Eric Gordon,201569,13,25.5,18.5,1.5,0.6305000000000001
2021-22,Eric Gordon,201569,16,32.0,19.0,3.0,0.636
2021-22,Eric Gordon,201569,20,26.0,22.0,1.0,0.5
2021-22,Eric Gordon,201569,22,21.0,5.0,1.0,0.5
2021-22,Eric Gordon,201569,26,31.0,15.0,2.0,0.545
2021-22,Eric Paschall,1629672,-22,26.0,10.0,1.0,0.444
2021-22,Eric Paschall,1629672,-16,24.0,11.0,2.0,0.333
2021-22,Eric Paschall,1629672,-6,21.0,9.5,1.0,0.4665
2021-22,Eric Paschall,1629672,-3,36.0,29.0,2.0,0.476
2021-22,Eric Paschall,1629672,0,33.0,18.0,0.0,0.727
2021-22,Eric Paschall,1629672,1,24.0,14.0,0.0,0.571
2021-22,Eric Paschall,1629672,5,21.0,13.0,2.0,0.8
2021-22,Evan Fournier,203095,-24,25.0,6.0,1.0,0.25
2021-22,Evan Fournier,203095,-23,27.0,19.0,3.0,0.6
2021-22,Evan Fournier,203095,-18,26.0,3.0,0.0,0.125
2021-22,Evan Fournier,203095,-16,29.0,15.5,3.5,0.45699999999999996
2021-22,Evan Fournier,203095,-15,22.0,7.0,1.0,0.333
2021-22,Evan Fournier,203095,-14,23.0,9.0,0.5,0.30000000000000004
2021-22,Evan Fournier,203095,-13,26.0,4.5,0.0,0.243
2021-22,Evan Fournier,203095,-12,27.0,12.5,1.5,0.364
2021-22,Evan Fournier,203095,-11,25.5,8.5,1.5,0.359
2021-22,Evan Fournier,203095,-10,25.5,13.5,2.0,0.4355
2021-22,Evan Fournier,203095,-9,29.0,13.6,1.0,0.3406
2021-22,Evan Fournier,203095,-7,32.5,19.0,2.5,0.49
2021-22,Evan Fournier,203095,-6,31.0,18.0,2.25,0.46375
2021-22,Evan Fournier,203095,-5,29.333333333333332,16.0,2.0,0.43100000000000005
2021-22,Evan Fournier,203095,-4,32.0,13.4,3.2,0.3198
2021-22,Evan Fournier,203095,-3,25.0,11.0,2.0,0.31866666666666665
2021-22,Evan Fournier,203095,-2,32.0,10.0,1.0,0.286
2021-22,Evan Fournier,203095,-1,29.5,11.0,3.5,0.2981666666666667
2021-22,Evan Fournier,203095,0,22.0,3.0,0.0,0.143
2021-22,Evan Fournier,203095,1,29.0,7.0,1.0,0.375
2021-22,Evan Fournier,203095,2,34.333333333333336,21.666666666666668,2.0,0.496
2021-22,Evan Fournier,203095,3,28.0,11.5,3.5,0.4
2021-22,Evan Fournier,203095,6,29.0,14.666666666666666,0.6666666666666666,0.41
2021-22,Evan Fournier,203095,7,30.0,18.0,1.8,0.4452
2021-22,Evan Fournier,203095,8,35.0,16.0,2.0,0.455
2021-22,Evan Fournier,203095,9,26.75,17.0,1.75,0.502
2021-22,Evan Fournier,203095,11,40.5,29.5,3.5,0.554
2021-22,Evan Fournier,203095,12,26.0,11.0,2.0,0.625
2021-22,Evan Fournier,203095,16,28.0,15.0,3.5,0.396
2021-22,Evan Fournier,203095,17,30.0,13.0,6.5,0.393
2021-22,Evan Fournier,203095,18,40.5,31.5,2.5,0.4875
2021-22,Evan Fournier,203095,21,31.0,15.0,3.0,0.5
2021-22,Evan Fournier,203095,22,27.0,17.0,2.0,0.429
2021-22,Evan Fournier,203095,27,33.0,13.0,3.0,0.556
2021-22,Evan Mobley,1630596,-24,30.0,9.0,2.0,0.444
2021-22,Evan Mobley,1630596,-18,38.0,17.0,6.0,0.538
2021-22,Evan Mobley,1630596,-17,35.0,22.0,4.0,0.563
2021-22,Evan Mobley,1630596,-13,32.5,13.0,3.5,0.4265
2021-22,Evan Mobley,1630596,-11,25.0,19.0,2.0,0.467
2021-22,Evan Mobley,1630596,-10,36.0,14.75,2.5,0.4575
2021-22,Evan Mobley,1630596,-9,30.666666666666668,17.333333333333332,2.6666666666666665,0.442
2021-22,Evan Mobley,1630596,-8,31.0,13.5,2.5,0.431
2021-22,Evan Mobley,1630596,-7,34.75,15.0,1.75,0.46775
2021-22,Evan Mobley,1630596,-6,30.0,8.666666666666666,2.6666666666666665,0.5316666666666666
2021-22,Evan Mobley,1630596,-5,27.0,13.0,2.0,0.545
2021-22,Evan Mobley,1630596,-3,36.0,20.0,4.0,0.6
2021-22,Evan Mobley,1630596,-2,36.5,17.0,2.25,0.471
2021-22,Evan Mobley,1630596,-1,33.0,18.0,3.0,0.5
2021-22,Evan Mobley,1630596,0,36.666666666666664,16.333333333333332,2.3333333333333335,0.49333333333333335
2021-22,Evan Mobley,1630596,1,32.75,16.0,3.0,0.6427499999999999
2021-22,Evan Mobley,1630596,2,37.0,8.0,5.0,0.308
2021-22,Evan Mobley,1630596,3,34.333333333333336,12.0,3.0,0.373
2021-22,Evan Mobley,1630596,4,34.5,19.0,1.5,0.5455
2021-22,Evan Mobley,1630596,5,34.0,16.0,2.0,0.5833333333333334
2021-22,Evan Mobley,1630596,6,35.333333333333336,17.0,3.3333333333333335,0.5386666666666667
2021-22,Evan Mobley,1630596,7,40.0,17.0,3.0,0.5209999999999999
2021-22,Evan Mobley,1630596,10,33.0,12.0,1.0,0.4165
2021-22,Evan Mobley,1630596,11,34.0,14.333333333333334,2.6666666666666665,0.49833333333333335
2021-22,Evan Mobley,1630596,12,33.0,18.0,2.0,0.4
2021-22,Evan Mobley,1630596,14,39.0,15.0,3.0,0.467
2021-22,Evan Mobley,1630596,16,32.5,14.5,1.5,0.5575
2021-22,Evan Mobley,1630596,18,24.0,11.0,1.0,0.667
2021-22,Evan Mobley,1630596,20,37.0,15.0,2.0,0.5
2021-22,Evan Mobley,1630596,21,35.0,6.0,4.0,0.25
2021-22,Evan Mobley,1630596,26,35.0,26.0,5.0,0.733
2021-22,Evan Mobley,1630596,28,31.0,16.0,1.0,0.727
2021-22,Evan Mobley,1630596,29,34.0,16.0,1.0,0.6
2021-22,Evan Mobley,1630596,33,22.0,18.0,1.0,0.615
2021-22,Facundo Campazzo,1630267,-25,26.0,8.0,2.0,0.375
2021-22,Facundo Campazzo,1630267,-19,28.0,2.0,5.0,0.0
2021-22,Facundo Campazzo,1630267,-17,28.0,16.0,2.0,0.455
2021-22,Facundo Campazzo,1630267,-15,27.0,8.0,5.0,0.222
2021-22,Facundo Campazzo,1630267,-14,27.0,4.5,6.5,0.25
2021-22,Facundo Campazzo,1630267,-13,24.0,12.0,3.0,0.571
2021-22,Facundo Campazzo,1630267,-11,20.0,0.0,5.0,0.0
2021-22,Facundo Campazzo,1630267,-9,29.0,14.0,3.0,0.444
2021-22,Facundo Campazzo,1630267,-7,28.0,8.0,5.0,0.5
2021-22,Facundo Campazzo,1630267,-6,24.333333333333332,7.0,4.666666666666667,0.4443333333333334
2021-22,Facundo Campazzo,1630267,-4,30.0,6.0,8.0,0.25
2021-22,Facundo Campazzo,1630267,-3,23.0,8.0,4.0,0.4105
2021-22,Facundo Campazzo,1630267,-2,25.666666666666668,11.0,5.333333333333333,0.46666666666666673
2021-22,Facundo Campazzo,1630267,-1,33.0,12.0,5.0,0.25
2021-22,Facundo Campazzo,1630267,0,31.0,5.0,7.0,0.4
2021-22,Facundo Campazzo,1630267,2,22.0,7.5,5.0,0.5
2021-22,Facundo Campazzo,1630267,3,20.0,2.0,6.0,0.0
2021-22,Facundo Campazzo,1630267,9,26.0,8.0,4.0,0.375
2021-22,Facundo Campazzo,1630267,18,22.0,13.0,4.0,0.556
2021-22,Facundo Campazzo,1630267,19,34.0,22.0,12.0,0.636
2021-22,Facundo Campazzo,1630267,21,27.0,18.0,12.0,0.7
2021-22,Facundo Campazzo,1630267,27,24.0,4.0,3.0,0.167
2021-22,Facundo Campazzo,1630267,34,26.0,9.0,5.0,0.5
2021-22,Frank Jackson,1628402,-30,24.0,8.0,2.0,0.375
2021-22,Frank Jackson,1628402,-27,33.0,17.0,2.0,0.368
2021-22,Frank Jackson,1628402,-17,29.0,12.5,1.0,0.324
2021-22,Frank Jackson,1628402,-15,20.0,5.0,1.0,0.2
2021-22,Frank Jackson,1628402,-13,24.75,11.5,0.5,0.42875
2021-22,Frank Jackson,1628402,-11,23.0,10.0,0.0,0.3
2021-22,Frank Jackson,1628402,-9,23.333333333333332,13.666666666666666,1.3333333333333333,0.4106666666666667
2021-22,Frank Jackson,1628402,-7,23.5,16.0,0.5,0.5325
2021-22,Frank Jackson,1628402,-6,31.0,25.0,1.0,0.421
2021-22,Frank Jackson,1628402,-5,22.0,12.0,1.0,0.444
2021-22,Frank Jackson,1628402,-4,31.5,14.0,1.0,0.42200000000000004
2021-22,Frank Jackson,1628402,-1,21.0,10.0,1.5,0.5
2021-22,Frank Jackson,1628402,1,23.0,6.0,1.0,0.3
2021-22,Frank Jackson,1628402,3,22.0,10.0,0.0,0.444
2021-22,Frank Jackson,1628402,5,36.0,19.0,4.0,0.462
2021-22,Frank Jackson,1628402,9,27.0,17.0,5.0,0.385
2021-22,Frank Jackson,1628402,10,30.0,19.0,1.0,0.667
2021-22,Frank Jackson,1628402,11,24.5,10.0,1.5,0.5
2021-22,Frank Jackson,1628402,20,32.0,27.0,0.0,0.533
2021-22,Frank Jackson,1628402,21,25.0,19.0,1.0,0.7
2021-22,Frank Jackson,1628402,23,32.0,26.0,0.0,0.438
2021-22,Frank Kaminsky,1626163,-8,21.0,10.0,0.0,0.444
2021-22,Frank Kaminsky,1626163,-4,23.0,6.0,2.0,0.167
2021-22,Frank Kaminsky,1626163,5,29.0,16.0,4.0,0.7
2021-22,Frank Kaminsky,1626163,11,27.0,8.0,1.0,0.571
2021-22,Frank Kaminsky,1626163,16,31.0,31.0,3.0,0.667
2021-22,Frank Kaminsky,1626163,18,28.0,17.0,3.0,0.625
2021-22,Frank Ntilikina,1628373,-8,23.0,12.0,4.0,0.556
2021-22,Frank Ntilikina,1628373,-5,37.0,14.0,5.0,0.313
2021-22,Frank Ntilikina,1628373,1,20.0,12.0,2.0,0.667
2021-22,Frank Ntilikina,1628373,5,23.0,8.0,2.0,0.6
2021-22,Frank Ntilikina,1628373,6,38.0,9.0,3.0,0.5
2021-22,Frank Ntilikina,1628373,7,34.0,17.0,1.0,0.417
2021-22,Frank Ntilikina,1628373,11,32.0,5.0,4.0,0.286
2021-22,Frank Ntilikina,1628373,16,21.0,13.0,4.0,0.6
2021-22,Franz Wagner,1630532,-38,23.0,0.0,1.0,0.0
2021-22,Franz Wagner,1630532,-25,31.0,10.0,1.0,0.364
2021-22,Franz Wagner,1630532,-20,27.0,6.0,2.0,0.2615
2021-22,Franz Wagner,1630532,-19,31.5,17.5,2.0,0.481
2021-22,Franz Wagner,1630532,-18,29.0,12.0,2.0,0.556
2021-22,Franz Wagner,1630532,-17,32.0,12.5,4.0,0.4475
2021-22,Franz Wagner,1630532,-16,30.5,15.0,2.0,0.371
2021-22,Franz Wagner,1630532,-15,31.0,14.666666666666666,2.6666666666666665,0.5036666666666667
2021-22,Franz Wagner,1630532,-13,27.666666666666668,16.333333333333332,2.6666666666666665,0.4796666666666667
2021-22,Franz Wagner,1630532,-12,30.333333333333332,13.333333333333334,5.0,0.44
2021-22,Franz Wagner,1630532,-11,28.0,12.5,1.5,0.42300000000000004
2021-22,Franz Wagner,1630532,-9,37.0,15.0,3.0,0.667
2021-22,Franz Wagner,1630532,-8,30.0,12.5,1.0,0.45
2021-22,Franz Wagner,1630532,-7,32.25,11.25,2.25,0.34975
2021-22,Franz Wagner,1630532,-6,29.5,17.5,2.5,0.51875
2021-22,Franz Wagner,1630532,-5,29.333333333333332,17.333333333333332,3.3333333333333335,0.449
2021-22,Franz Wagner,1630532,-4,31.333333333333332,12.0,3.0,0.49033333333333334
2021-22,Franz Wagner,1630532,-3,36.0,27.0,4.0,0.478
2021-22,Franz Wagner,1630532,-2,32.5,19.0,2.0,0.519
2021-22,Franz Wagner,1630532,-1,33.0,21.333333333333332,6.0,0.5596666666666666
2021-22,Franz Wagner,1630532,0,31.666666666666668,16.0,3.0,0.4883333333333333
2021-22,Franz Wagner,1630532,1,33.6,18.6,2.2,0.45620000000000005
2021-22,Franz Wagner,1630532,2,32.0,16.0,4.0,0.583
2021-22,Franz Wagner,1630532,3,27.0,17.5,2.0,0.631
2021-22,Franz Wagner,1630532,4,35.666666666666664,25.0,4.0,0.486
2021-22,Franz Wagner,1630532,6,32.0,15.0,1.0,0.714
2021-22,Franz Wagner,1630532,7,29.0,16.0,2.0,0.4415
2021-22,Franz Wagner,1630532,8,30.666666666666668,14.666666666666666,3.0,0.44316666666666665
2021-22,Franz Wagner,1630532,10,38.0,10.0,2.0,0.364
2021-22,Franz Wagner,1630532,11,30.0,13.0,7.0,0.357
2021-22,Franz Wagner,1630532,12,27.0,10.0,6.0,0.5
2021-22,Franz Wagner,1630532,13,33.0,11.0,4.0,0.25
2021-22,Franz Wagner,1630532,14,30.0,28.0,2.0,0.556
2021-22,Franz Wagner,1630532,17,38.0,18.0,5.0,0.5
2021-22,Franz Wagner,1630532,20,21.0,15.0,3.0,0.5
2021-22,Franz Wagner,1630532,24,31.5,17.0,5.0,0.6635
2021-22,Fred VanVleet,1627832,-40,29.0,8.0,4.0,0.25
2021-22,Fred VanVleet,1627832,-30,34.0,24.0,9.0,0.364
2021-22,Fred VanVleet,1627832,-22,32.5,16.0,3.0,0.325
2021-22,Fred VanVleet,1627832,-13,38.0,17.0,7.0,0.333
2021-22,Fred VanVleet,1627832,-12,42.0,24.0,10.0,0.286
2021-22,Fred VanVleet,1627832,-11,40.0,21.0,8.0,0.429
2021-22,Fred VanVleet,1627832,-10,39.5,30.5,5.5,0.4095
2021-22,Fred VanVleet,1627832,-9,38.333333333333336,18.666666666666668,6.666666666666667,0.3546666666666667
2021-22,Fred VanVleet,1627832,-8,42.0,15.0,17.0,0.462
2021-22,Fred VanVleet,1627832,-7,36.0,25.0,4.333333333333333,0.4626666666666666
2021-22,Fred VanVleet,1627832,-5,46.0,20.0,7.0,0.421
2021-22,Fred VanVleet,1627832,-4,37.0,12.666666666666666,6.666666666666667,0.26866666666666666
2021-22,Fred VanVleet,1627832,-3,38.5,20.0,5.0,0.3725
2021-22,Fred VanVleet,1627832,-2,38.666666666666664,18.0,5.0,0.38400000000000006
2021-22,Fred VanVleet,1627832,0,38.0,18.333333333333332,6.333333333333333,0.4216666666666667
2021-22,Fred VanVleet,1627832,1,53.0,19.0,8.0,0.318
2021-22,Fred VanVleet,1627832,2,38.0,20.0,6.666666666666667,0.4183333333333333
2021-22,Fred VanVleet,1627832,3,40.5,16.5,5.5,0.312
2021-22,Fred VanVleet,1627832,5,38.0,20.0,5.0,0.471
2021-22,Fred VanVleet,1627832,6,41.0,18.5,8.0,0.389
2021-22,Fred VanVleet,1627832,8,40.333333333333336,24.333333333333332,8.0,0.39999999999999997
2021-22,Fred VanVleet,1627832,9,37.333333333333336,27.333333333333332,6.0,0.501
2021-22,Fred VanVleet,1627832,10,33.5,14.5,6.0,0.385
2021-22,Fred VanVleet,1627832,11,38.5,28.5,10.0,0.463
2021-22,Fred VanVleet,1627832,13,37.0,17.0,11.0,0.308
2021-22,Fred VanVleet,1627832,14,40.0,32.0,7.0,0.5
2021-22,Fred VanVleet,1627832,15,38.0,25.333333333333332,7.0,0.519
2021-22,Fred VanVleet,1627832,16,30.0,35.0,5.0,0.647
2021-22,Fred VanVleet,1627832,17,37.0,18.5,8.5,0.356
2021-22,Fred VanVleet,1627832,18,36.0,23.0,7.0,0.643
2021-22,Fred VanVleet,1627832,19,33.0,26.0,2.0,0.467
2021-22,Fred VanVleet,1627832,20,34.0,19.0,7.0,0.4445
2021-22,Fred VanVleet,1627832,21,40.0,11.0,7.0,0.214
2021-22,Fred VanVleet,1627832,23,31.0,13.0,6.0,0.357
2021-22,Fred VanVleet,1627832,25,36.0,11.0,9.0,0.3
2021-22,Fred VanVleet,1627832,29,33.0,27.0,12.0,0.529
2021-22,Fred VanVleet,1627832,30,39.0,19.0,3.0,0.368
2021-22,Furkan Korkmaz,1627788,-24,32.0,10.0,3.0,0.455
2021-22,Furkan Korkmaz,1627788,-17,22.0,9.0,1.0,0.444
2021-22,Furkan Korkmaz,1627788,-16,34.0,6.0,3.0,0.167
2021-22,Furkan Korkmaz,1627788,-12,24.0,9.0,3.0,0.25
2021-22,Furkan Korkmaz,1627788,-11,44.0,5.0,5.0,0.111
2021-22,Furkan Korkmaz,1627788,-10,25.0,6.0,2.0,0.4
2021-22,Furkan Korkmaz,1627788,-9,28.0,6.0,5.0,0.3
2021-22,Furkan Korkmaz,1627788,-8,26.0,11.0,1.0,0.556
2021-22,Furkan Korkmaz,1627788,-7,32.0,6.0,3.0,0.5
2021-22,Furkan Korkmaz,1627788,-6,30.5,12.5,1.0,0.3855
2021-22,Furkan Korkmaz,1627788,-5,21.0,2.0,0.0,0.2
2021-22,Furkan Korkmaz,1627788,-4,24.0,5.5,3.5,0.2
2021-22,Furkan Korkmaz,1627788,-2,26.0,9.0,5.0,0.273
2021-22,Furkan Korkmaz,1627788,-1,33.0,17.0,1.0,0.4855
2021-22,Furkan Korkmaz,1627788,0,29.0,5.0,4.0,0.5
2021-22,Furkan Korkmaz,1627788,4,20.0,10.0,2.0,0.429
2021-22,Furkan Korkmaz,1627788,5,32.0,10.0,2.0,0.3375
2021-22,Furkan Korkmaz,1627788,6,30.0,16.0,4.0,0.519
2021-22,Furkan Korkmaz,1627788,7,33.0,7.0,2.0,0.273
2021-22,Furkan Korkmaz,1627788,10,21.0,5.0,3.0,0.4
2021-22,Furkan Korkmaz,1627788,13,31.0,11.666666666666666,2.3333333333333335,0.4563333333333333
2021-22,Furkan Korkmaz,1627788,15,22.0,8.0,5.0,0.6
2021-22,Furkan Korkmaz,1627788,16,32.0,25.0,1.0,0.692
2021-22,Furkan Korkmaz,1627788,18,29.0,13.0,1.0,0.625
2021-22,Furkan Korkmaz,1627788,19,36.0,24.0,6.0,0.571
2021-22,Furkan Korkmaz,1627788,22,20.0,22.0,5.0,0.636
2021-22,Furkan Korkmaz,1627788,24,32.0,9.0,4.0,0.2
2021-22,Gabe Vincent,1629216,-24,28.0,10.0,9.0,0.4
2021-22,Gabe Vincent,1629216,-22,25.0,2.0,3.0,0.125
2021-22,Gabe Vincent,1629216,-20,27.0,11.0,1.0,0.571
2021-22,Gabe Vincent,1629216,-15,29.0,5.0,2.0,0.2
2021-22,Gabe Vincent,1629216,-12,31.0,8.0,5.0,0.273
2021-22,Gabe Vincent,1629216,-11,45.0,17.0,4.0,0.4
2021-22,Gabe Vincent,1629216,-10,30.5,12.5,5.0,0.635
2021-22,Gabe Vincent,1629216,-9,23.0,4.0,6.0,0.333
2021-22,Gabe Vincent,1629216,-7,26.0,15.0,0.0,0.5
2021-22,Gabe Vincent,1629216,-6,29.0,4.0,5.0,0.111
2021-22,Gabe Vincent,1629216,-5,33.0,15.0,7.0,0.556
2021-22,Gabe Vincent,1629216,-4,32.0,19.0,4.5,0.5355
2021-22,Gabe Vincent,1629216,-3,33.0,10.0,4.0,0.571
2021-22,Gabe Vincent,1629216,-2,26.666666666666668,9.333333333333334,2.6666666666666665,0.3443333333333333
2021-22,Gabe Vincent,1629216,-1,30.0,17.5,4.5,0.459
2021-22,Gabe Vincent,1629216,1,23.0,7.0,1.0,0.25
2021-22,Gabe Vincent,1629216,2,30.0,20.0,5.0,0.545
2021-22,Gabe Vincent,1629216,3,24.333333333333332,6.0,4.333333333333333,0.3186666666666667
2021-22,Gabe Vincent,1629216,4,32.0,5.0,3.0,0.222
2021-22,Gabe Vincent,1629216,6,31.5,11.5,4.0,0.345
2021-22,Gabe Vincent,1629216,7,24.5,13.0,3.0,0.4645
2021-22,Gabe Vincent,1629216,8,25.0,7.5,3.5,0.389
2021-22,Gabe Vincent,1629216,9,29.5,11.0,3.0,0.4585
2021-22,Gabe Vincent,1629216,11,29.5,10.0,4.0,0.4095
2021-22,Gabe Vincent,1629216,14,28.0,13.666666666666666,5.666666666666667,0.5333333333333333
2021-22,Gabe Vincent,1629216,17,30.0,8.0,8.0,0.444
2021-22,Gabe Vincent,1629216,18,32.0,16.5,2.5,0.4615
2021-22,Gabe Vincent,1629216,21,28.5,16.0,3.5,0.4165
2021-22,Gabriel Deck,1630466,-18,21.0,4.0,2.0,0.4
2021-22,Gabriel Lundberg,1630994,2,26.0,10.0,5.0,0.308
2021-22,Garrett Temple,202066,-21,28.0,10.0,2.5,0.331
2021-22,Garrett Temple,202066,-19,27.0,8.5,4.5,0.2085
2021-22,Garrett Temple,202066,-18,26.0,5.0,3.0,0.167
2021-22,Garrett Temple,202066,-17,21.0,7.0,0.0,0.5
2021-22,Garrett Temple,202066,-16,23.0,6.0,0.0,0.25
2021-22,Garrett Temple,202066,-14,34.0,12.0,4.0,0.455
2021-22,Garrett Temple,202066,-9,23.0,0.0,3.0,0.0
2021-22,Garrett Temple,202066,-8,29.0,14.0,0.0,0.462
2021-22,Garrett Temple,202066,-6,23.0,5.0,2.5,0.375
2021-22,Garrett Temple,202066,-5,27.5,8.0,3.5,0.4
2021-22,Garrett Temple,202066,-4,34.0,12.0,2.0,0.333
2021-22,Garrett Temple,202066,-1,36.0,17.0,3.0,0.857
2021-22,Garrett Temple,202066,1,31.0,5.0,0.0,0.333
2021-22,Garrett Temple,202066,2,34.0,12.0,3.0,0.556
2021-22,Garrett Temple,202066,10,35.0,22.0,1.0,0.529
2021-22,Garrett Temple,202066,13,23.0,5.0,3.0,0.2
2021-22,Garrison Mathews,1629726,-30,28.0,1.0,1.0,0.0
2021-22,Garrison Mathews,1629726,-23,25.0,5.0,1.0,0.167
2021-22,Garrison Mathews,1629726,-21,29.0,15.0,0.5,0.6335
2021-22,Garrison Mathews,1629726,-19,28.0,3.0,0.0,0.2
2021-22,Garrison Mathews,1629726,-18,27.0,12.0,2.0,0.3
2021-22,Garrison Mathews,1629726,-15,25.5,8.0,3.0,0.1835
2021-22,Garrison Mathews,1629726,-14,20.0,3.0,1.0,0.1665
2021-22,Garrison Mathews,1629726,-12,26.0,6.333333333333333,1.0,0.26966666666666667
2021-22,Garrison Mathews,1629726,-10,26.333333333333332,12.666666666666666,1.3333333333333333,0.39633333333333337
2021-22,Garrison Mathews,1629726,-9,26.0,6.0,2.0,0.4
2021-22,Garrison Mathews,1629726,-8,29.5,11.0,0.5,0.378
2021-22,Garrison Mathews,1629726,-6,31.25,15.5,1.0,0.42950000000000005
2021-22,Garrison Mathews,1629726,-5,24.0,3.3333333333333335,1.0,0.12166666666666666
2021-22,Garrison Mathews,1629726,-4,24.0,13.0,1.0,0.667
2021-22,Garrison Mathews,1629726,-3,34.5,18.5,1.0,0.4615
2021-22,Garrison Mathews,1629726,-2,23.666666666666668,8.0,1.3333333333333333,0.30533333333333335
2021-22,Garrison Mathews,1629726,-1,28.0,3.0,2.0,0.2
2021-22,Garrison Mathews,1629726,0,27.0,12.0,1.0,0.667
2021-22,Garrison Mathews,1629726,1,22.0,11.0,1.0,0.5
2021-22,Garrison Mathews,1629726,2,27.0,10.666666666666666,0.3333333333333333,0.43133333333333335
2021-22,Garrison Mathews,1629726,3,31.0,13.0,0.0,0.667
2021-22,Garrison Mathews,1629726,4,24.0,10.0,1.0,1.0
2021-22,Garrison Mathews,1629726,5,32.0,11.5,0.0,0.4165
2021-22,Garrison Mathews,1629726,6,24.0,16.0,1.0,0.385
2021-22,Garrison Mathews,1629726,7,21.0,6.0,1.0,0.4
2021-22,Garrison Mathews,1629726,8,24.5,14.5,0.5,0.5
2021-22,Garrison Mathews,1629726,9,38.0,19.0,0.0,0.385
2021-22,Garrison Mathews,1629726,10,35.0,16.0,2.0,0.5
2021-22,Garrison Mathews,1629726,12,37.0,20.0,0.0,0.6
2021-22,Garrison Mathews,1629726,13,36.0,14.0,0.0,0.571
2021-22,Garrison Mathews,1629726,16,32.0,20.5,1.5,0.5680000000000001
2021-22,Garrison Mathews,1629726,22,29.0,23.0,2.0,0.5
2021-22,Gary Clark,1629109,-22,27.0,17.0,3.0,0.667
2021-22,Gary Clark,1629109,-7,28.0,12.0,1.0,0.364
2021-22,Gary Harris,203914,-28,24.0,7.0,1.0,0.3
2021-22,Gary Harris,203914,-22,26.5,6.5,2.0,0.393
2021-22,Gary Harris,203914,-18,29.0,10.0,0.0,0.364
2021-22,Gary Harris,203914,-16,27.0,9.5,2.0,0.41500000000000004
2021-22,Gary Harris,203914,-15,26.0,2.0,2.0,0.2
2021-22,Gary Harris,203914,-14,27.0,17.0,1.0,0.6
2021-22,Gary Harris,203914,-13,29.0,9.666666666666666,0.6666666666666666,0.37033333333333335
2021-22,Gary Harris,203914,-12,38.0,13.0,2.0,0.455
2021-22,Gary Harris,203914,-11,24.0,10.0,2.0,0.5
2021-22,Gary Harris,203914,-10,30.0,12.333333333333334,1.0,0.4526666666666667
2021-22,Gary Harris,203914,-8,35.0,10.0,1.0,0.364
2021-22,Gary Harris,203914,-6,30.5,9.5,1.0,0.42200000000000004
2021-22,Gary Harris,203914,-5,34.0,20.0,1.0,0.636
2021-22,Gary Harris,203914,-4,29.666666666666668,9.666666666666666,1.0,0.605
2021-22,Gary Harris,203914,-3,27.0,2.0,4.0,0.25
2021-22,Gary Harris,203914,-2,20.0,8.0,1.0,0.375
2021-22,Gary Harris,203914,-1,31.0,13.0,2.0,0.402
2021-22,Gary Harris,203914,0,32.0,22.0,0.0,0.643
2021-22,Gary Harris,203914,1,32.0,17.0,3.0,0.467
2021-22,Gary Harris,203914,2,32.333333333333336,12.666666666666666,2.6666666666666665,0.6046666666666667
2021-22,Gary Harris,203914,4,26.5,11.5,2.0,0.21100000000000002
2021-22,Gary Harris,203914,5,31.666666666666668,19.333333333333332,3.6666666666666665,0.4666666666666666
2021-22,Gary Harris,203914,6,33.0,19.0,1.0,0.438
2021-22,Gary Harris,203914,7,33.0,22.0,2.0,0.508
2021-22,Gary Harris,203914,8,34.75,14.5,2.75,0.424
2021-22,Gary Harris,203914,9,35.0,13.0,4.0,0.385
2021-22,Gary Harris,203914,12,29.5,13.5,5.5,0.4265
2021-22,Gary Harris,203914,14,32.0,15.0,4.0,0.556
2021-22,Gary Harris,203914,16,29.0,12.0,0.0,0.429
2021-22,Gary Harris,203914,18,31.0,11.0,1.0,0.5
2021-22,Gary Payton II,1627780,-21,22.0,0.0,0.0,0.0
2021-22,Gary Payton II,1627780,-9,21.0,8.0,2.0,0.8
2021-22,Gary Payton II,1627780,-6,23.0,6.0,0.0,0.6
2021-22,Gary Payton II,1627780,-4,20.0,13.0,1.0,0.545
2021-22,Gary Payton II,1627780,-2,27.0,11.75,1.0,0.59375
2021-22,Gary Payton II,1627780,-1,26.0,11.0,1.0,0.833
2021-22,Gary Payton II,1627780,1,21.0,6.0,1.0,0.75
2021-22,Gary Payton II,1627780,3,31.0,18.0,1.5,0.71
2021-22,Gary Payton II,1627780,4,21.0,5.0,2.0,0.667
2021-22,Gary Payton II,1627780,5,21.0,10.0,5.0,0.5
2021-22,Gary Payton II,1627780,7,25.0,15.0,1.5,0.889
2021-22,Gary Payton II,1627780,9,23.666666666666668,11.333333333333334,1.3333333333333333,0.654
2021-22,Gary Payton II,1627780,11,30.0,14.0,2.0,0.667
2021-22,Gary Payton II,1627780,13,25.0,12.0,0.0,0.625
2021-22,Gary Payton II,1627780,15,27.0,14.0,1.0,0.5
2021-22,Gary Payton II,1627780,16,20.0,8.0,0.0,0.5
2021-22,Gary Payton II,1627780,18,29.0,12.0,0.0,0.8
2021-22,Gary Payton II,1627780,20,24.0,10.0,2.0,0.571
2021-22,Gary Payton II,1627780,22,21.0,2.0,1.0,0.5
2021-22,Gary Trent Jr.,1629018,-32,28.0,12.0,1.0,0.417
2021-22,Gary Trent Jr.,1629018,-31,28.0,11.0,0.0,0.188
2021-22,Gary Trent Jr.,1629018,-29,30.0,9.0,1.0,0.3
2021-22,Gary Trent Jr.,1629018,-25,28.0,6.0,0.0,0.133
2021-22,Gary Trent Jr.,1629018,-13,34.0,14.0,0.0,0.5
2021-22,Gary Trent Jr.,1629018,-12,31.5,15.5,2.25,0.4245
2021-22,Gary Trent Jr.,1629018,-11,33.5,25.5,2.0,0.519
2021-22,Gary Trent Jr.,1629018,-10,35.0,14.666666666666666,3.3333333333333335,0.2833333333333334
2021-22,Gary Trent Jr.,1629018,-7,35.0,14.0,2.0,0.3539999999999999
2021-22,Gary Trent Jr.,1629018,-6,27.0,8.0,1.0,0.21350000000000002
2021-22,Gary Trent Jr.,1629018,-5,33.333333333333336,10.666666666666666,2.3333333333333335,0.30133333333333334
2021-22,Gary Trent Jr.,1629018,-4,38.0,23.0,3.0,0.5
2021-22,Gary Trent Jr.,1629018,-3,37.0,19.333333333333332,2.0,0.44566666666666666
2021-22,Gary Trent Jr.,1629018,-2,35.0,12.0,0.0,0.214
2021-22,Gary Trent Jr.,1629018,-1,35.0,18.0,2.0,0.402
2021-22,Gary Trent Jr.,1629018,1,36.0,19.0,2.5,0.4525
2021-22,Gary Trent Jr.,1629018,2,55.0,33.0,1.0,0.464
2021-22,Gary Trent Jr.,1629018,3,33.75,19.75,1.0,0.3805
2021-22,Gary Trent Jr.,1629018,4,38.5,21.5,1.0,0.46549999999999997
2021-22,Gary Trent Jr.,1629018,5,34.0,8.0,3.0,0.188
2021-22,Gary Trent Jr.,1629018,6,40.0,16.0,3.0,0.385
2021-22,Gary Trent Jr.,1629018,7,41.0,30.0,3.0,0.571
2021-22,Gary Trent Jr.,1629018,8,37.333333333333336,21.666666666666668,1.6666666666666667,0.4586666666666666
2021-22,Gary Trent Jr.,1629018,9,37.333333333333336,29.333333333333332,2.6666666666666665,0.48166666666666663
2021-22,Gary Trent Jr.,1629018,10,30.0,18.0,1.0,0.40149999999999997
2021-22,Gary Trent Jr.,1629018,11,36.0,21.5,0.5,0.40700000000000003
2021-22,Gary Trent Jr.,1629018,12,34.0,32.0,2.0,0.524
2021-22,Gary Trent Jr.,1629018,13,40.5,25.5,4.5,0.4725
2021-22,Gary Trent Jr.,1629018,14,31.0,21.5,2.5,0.4855
2021-22,Gary Trent Jr.,1629018,15,40.5,21.5,2.5,0.41500000000000004
2021-22,Gary Trent Jr.,1629018,18,34.5,15.5,1.5,0.37849999999999995
2021-22,Gary Trent Jr.,1629018,19,31.0,12.0,3.0,0.42000000000000004
2021-22,Gary Trent Jr.,1629018,20,35.25,23.0,3.0,0.47225
2021-22,Gary Trent Jr.,1629018,21,31.0,20.0,1.0,0.538
2021-22,Gary Trent Jr.,1629018,23,36.0,23.0,1.0,0.471
2021-22,Gary Trent Jr.,1629018,25,29.0,12.0,5.0,0.3
2021-22,George Hill,201588,-21,20.0,4.0,5.0,0.25
2021-22,George Hill,201588,-14,24.0,5.0,3.0,0.333
2021-22,George Hill,201588,-12,21.0,8.0,2.0,0.429
2021-22,George Hill,201588,-10,25.0,12.0,0.0,0.667
2021-22,George Hill,201588,-7,26.0,8.0,3.0,0.333
2021-22,George Hill,201588,-6,22.5,0.5,2.5,0.0
2021-22,George Hill,201588,-5,27.0,5.0,3.0,0.2
2021-22,George Hill,201588,-4,23.0,5.5,2.5,0.75
2021-22,George Hill,201588,-3,32.0,10.0,3.0,0.444
2021-22,George Hill,201588,-2,26.0,6.0,3.0,0.429
2021-22,George Hill,201588,0,32.0,6.0,3.0,0.3
2021-22,George Hill,201588,3,31.0,5.0,2.0,0.5
2021-22,George Hill,201588,4,30.0,9.0,4.0,0.429
2021-22,George Hill,201588,5,38.0,16.0,3.0,0.438
2021-22,George Hill,201588,6,29.0,7.0,2.0,0.6
2021-22,George Hill,201588,7,25.5,10.0,2.5,0.45
2021-22,George Hill,201588,8,24.0,11.0,2.0,0.5563333333333333
2021-22,George Hill,201588,9,25.5,10.5,1.0,0.548
2021-22,George Hill,201588,11,26.0,8.0,2.3333333333333335,0.3793333333333333
2021-22,George Hill,201588,13,25.5,4.5,2.0,0.45
2021-22,George Hill,201588,16,30.333333333333332,11.666666666666666,3.0,0.5296666666666666
2021-22,George Hill,201588,17,25.0,6.0,2.0,0.5
2021-22,George Hill,201588,18,20.0,8.0,2.0,0.5
2021-22,George Hill,201588,19,23.0,5.0,3.0,0.5
2021-22,George Hill,201588,20,33.0,8.0,5.0,0.429
2021-22,George Hill,201588,23,22.0,0.0,2.0,0.0
2021-22,George Hill,201588,25,21.0,4.0,7.0,0.25
2021-22,Georges Niang,1627777,-25,26.0,6.0,0.0,0.429
2021-22,Georges Niang,1627777,-22,29.0,11.0,1.0,0.444
2021-22,Georges Niang,1627777,-20,22.0,11.0,0.0,0.444
2021-22,Georges Niang,1627777,-19,23.5,8.5,0.5,0.25
2021-22,Georges Niang,1627777,-18,29.0,7.0,0.0,0.5
2021-22,Georges Niang,1627777,-14,30.0,7.0,1.0,0.273
2021-22,Georges Niang,1627777,-11,23.5,8.0,2.5,0.432
2021-22,Georges Niang,1627777,-10,25.0,9.0,2.0,0.364
2021-22,Georges Niang,1627777,-9,26.0,6.0,1.0,0.286
2021-22,Georges Niang,1627777,-6,29.0,13.0,3.0,0.625
2021-22,Georges Niang,1627777,-5,24.0,21.0,1.0,0.5
2021-22,Georges Niang,1627777,-4,35.0,16.0,0.0,0.6
2021-22,Georges Niang,1627777,-3,29.0,15.0,1.0,0.47250000000000003
2021-22,Georges Niang,1627777,-2,23.0,12.0,0.0,0.455
2021-22,Georges Niang,1627777,-1,27.0,3.0,2.0,0.2
2021-22,Georges Niang,1627777,0,28.0,3.0,3.0,0.2
2021-22,Georges Niang,1627777,1,21.666666666666668,8.666666666666666,2.3333333333333335,0.4963333333333333
2021-22,Georges Niang,1627777,2,27.0,11.0,3.3333333333333335,0.422
2021-22,Georges Niang,1627777,3,27.0,12.0,3.0,0.319
2021-22,Georges Niang,1627777,5,31.0,18.0,1.0,0.5
2021-22,Georges Niang,1627777,6,20.333333333333332,7.666666666666667,3.3333333333333335,0.4666666666666666
2021-22,Georges Niang,1627777,8,24.0,12.0,2.0,0.5
2021-22,Georges Niang,1627777,10,33.0,13.5,3.0,0.5
2021-22,Georges Niang,1627777,11,30.5,11.5,2.0,0.5
2021-22,Georges Niang,1627777,12,23.5,15.5,2.0,0.5
2021-22,Georges Niang,1627777,13,23.0,17.0,0.0,0.667
2021-22,Georges Niang,1627777,16,22.0,8.0,1.0,0.5
2021-22,Georges Niang,1627777,17,23.0,14.0,2.0,0.714
2021-22,Georges Niang,1627777,18,34.5,13.0,2.0,0.33599999999999997
2021-22,Georges Niang,1627777,28,29.0,8.0,1.0,0.4
2021-22,Georgios Kalaitzakis,1630686,-50,48.0,17.0,3.0,0.4
2021-22,Georgios Kalaitzakis,1630686,-20,45.0,25.0,6.0,0.526
2021-22,Georgios Kalaitzakis,1630686,-19,29.0,11.0,1.0,0.444
2021-22,Georgios Kalaitzakis,1630686,4,42.0,17.0,2.0,0.462
2021-22,Giannis Antetokounmpo,203507,-26,34.0,31.0,3.0,0.529
2021-22,Giannis Antetokounmpo,203507,-25,22.0,15.0,2.0,0.364
2021-22,Giannis Antetokounmpo,203507,-19,33.0,20.0,3.0,0.5
2021-22,Giannis Antetokounmpo,203507,-18,29.0,18.0,8.0,0.357
2021-22,Giannis Antetokounmpo,203507,-17,36.0,27.0,6.0,0.4
2021-22,Giannis Antetokounmpo,203507,-15,30.0,29.0,2.0,0.474
2021-22,Giannis Antetokounmpo,203507,-13,36.0,43.0,3.0,0.55
2021-22,Giannis Antetokounmpo,203507,-12,35.0,31.0,7.0,0.524
2021-22,Giannis Antetokounmpo,203507,-11,30.5,20.5,3.5,0.42300000000000004
2021-22,Giannis Antetokounmpo,203507,-10,31.0,27.5,5.0,0.525
2021-22,Giannis Antetokounmpo,203507,-9,36.5,29.0,5.25,0.473
2021-22,Giannis Antetokounmpo,203507,-8,33.5,24.0,6.0,0.5075000000000001
2021-22,Giannis Antetokounmpo,203507,-6,39.0,29.0,5.0,0.462
2021-22,Giannis Antetokounmpo,203507,-5,30.0,25.0,4.0,0.412
2021-22,Giannis Antetokounmpo,203507,-3,34.0,28.0,3.0,0.611
2021-22,Giannis Antetokounmpo,203507,-1,33.5,32.5,5.0,0.5445
2021-22,Giannis Antetokounmpo,203507,1,36.0,38.5,3.0,0.6305000000000001
2021-22,Giannis Antetokounmpo,203507,3,37.0,41.5,5.5,0.6745000000000001
2021-22,Giannis Antetokounmpo,203507,4,35.333333333333336,37.0,6.0,0.625
2021-22,Giannis Antetokounmpo,203507,5,34.0,36.0,2.0,0.522
2021-22,Giannis Antetokounmpo,203507,6,35.0,26.0,8.0,0.556
2021-22,Giannis Antetokounmpo,203507,7,35.0,39.0,4.5,0.63
2021-22,Giannis Antetokounmpo,203507,9,33.0,30.0,9.0,0.545
2021-22,Giannis Antetokounmpo,203507,10,31.0,33.0,7.0,0.48
2021-22,Giannis Antetokounmpo,203507,12,31.666666666666668,29.333333333333332,5.333333333333333,0.624
2021-22,Giannis Antetokounmpo,203507,13,32.5,29.5,5.0,0.494
2021-22,Giannis Antetokounmpo,203507,14,32.5,29.5,6.75,0.5575
2021-22,Giannis Antetokounmpo,203507,15,34.0,33.0,5.0,0.5225
2021-22,Giannis Antetokounmpo,203507,16,26.0,31.0,9.0,0.647
2021-22,Giannis Antetokounmpo,203507,17,30.0,33.0,5.0,0.591
2021-22,Giannis Antetokounmpo,203507,18,28.5,31.5,7.0,0.7265
2021-22,Giannis Antetokounmpo,203507,19,30.333333333333332,29.666666666666668,7.0,0.5539999999999999
2021-22,Giannis Antetokounmpo,203507,21,37.0,15.0,8.0,0.333
2021-22,Giannis Antetokounmpo,203507,22,27.5,29.0,10.0,0.605
2021-22,Giannis Antetokounmpo,203507,23,35.0,32.5,7.5,0.6125
2021-22,Giannis Antetokounmpo,203507,25,30.25,31.5,7.0,0.61325
2021-22,Giannis Antetokounmpo,203507,28,26.5,27.0,5.5,0.6665
2021-22,Giannis Antetokounmpo,203507,38,23.0,12.0,9.0,0.333
2021-22,Goga Bitadze,1629048,-30,29.0,14.0,0.0,0.375
2021-22,Goga Bitadze,1629048,-9,24.5,12.5,3.0,0.6275000000000001
2021-22,Goga Bitadze,1629048,-7,29.0,20.0,2.0,0.75
2021-22,Goga Bitadze,1629048,-6,27.0,16.333333333333332,3.0,0.7053333333333334
2021-22,Goga Bitadze,1629048,-5,35.0,16.0,2.0,0.429
2021-22,Goga Bitadze,1629048,-4,20.5,11.0,2.5,0.5075
2021-22,Goga Bitadze,1629048,-2,31.0,13.0,3.0,0.667
2021-22,Goga Bitadze,1629048,3,31.0,13.0,5.0,0.417
2021-22,Goga Bitadze,1629048,10,33.0,17.0,3.0,0.357
2021-22,Goga Bitadze,1629048,13,23.0,20.0,0.0,1.0
2021-22,Goga Bitadze,1629048,14,21.0,11.0,0.0,0.375
2021-22,Goga Bitadze,1629048,17,23.5,14.5,2.5,0.6890000000000001
2021-22,Goran Dragic,201609,-16,21.0,9.0,4.0,0.429
2021-22,Goran Dragic,201609,-7,24.0,8.0,2.0,0.4285
2021-22,Goran Dragic,201609,-1,27.0,9.0,7.0,0.4
2021-22,Goran Dragic,201609,2,36.0,9.0,10.0,0.429
2021-22,Goran Dragic,201609,3,36.5,14.0,5.0,0.469
2021-22,Goran Dragic,201609,4,30.5,7.0,6.5,0.30300000000000005
2021-22,Goran Dragic,201609,6,28.0,16.0,3.0,0.5
2021-22,Goran Dragic,201609,7,21.0,5.0,2.0,0.333
2021-22,Goran Dragic,201609,12,27.0,5.0,7.0,0.333
2021-22,Goran Dragic,201609,14,21.5,4.5,5.5,0.20850000000000002
2021-22,Gordon Hayward,202330,-29,26.0,9.0,3.0,0.308
2021-22,Gordon Hayward,202330,-25,22.0,6.0,1.0,0.25
2021-22,Gordon Hayward,202330,-23,37.0,15.0,3.0,0.417
2021-22,Gordon Hayward,202330,-20,34.0,25.0,2.0,0.588
2021-22,Gordon Hayward,202330,-17,36.0,19.0,1.0,0.445
2021-22,Gordon Hayward,202330,-15,25.5,8.5,4.0,0.25
2021-22,Gordon Hayward,202330,-14,22.0,8.0,3.0,0.5
2021-22,Gordon Hayward,202330,-11,34.0,11.0,4.0,0.444
2021-22,Gordon Hayward,202330,-10,37.0,22.0,2.0,0.533
2021-22,Gordon Hayward,202330,-9,35.0,20.5,3.5,0.43300000000000005
2021-22,Gordon Hayward,202330,-8,29.0,6.0,3.0,0.1
2021-22,Gordon Hayward,202330,-7,25.0,8.0,1.0,0.286
2021-22,Gordon Hayward,202330,-6,35.0,21.0,3.0,0.375
2021-22,Gordon Hayward,202330,-5,38.0,18.0,3.0,0.5
2021-22,Gordon Hayward,202330,-4,32.5,15.0,3.5,0.489
2021-22,Gordon Hayward,202330,-2,33.0,16.0,4.0,0.3155
2021-22,Gordon Hayward,202330,-1,24.0,1.0,2.0,0.0
2021-22,Gordon Hayward,202330,0,40.0,31.0,7.0,0.556
2021-22,Gordon Hayward,202330,1,38.5,16.5,5.0,0.5
2021-22,Gordon Hayward,202330,2,32.0,9.0,2.0,0.25
2021-22,Gordon Hayward,202330,3,38.0,27.0,4.0,0.5
2021-22,Gordon Hayward,202330,4,32.0,18.0,5.0,0.455
2021-22,Gordon Hayward,202330,5,29.5,10.0,4.0,0.45199999999999996
2021-22,Gordon Hayward,202330,6,37.5,18.5,2.5,0.4425
2021-22,Gordon Hayward,202330,8,35.0,18.0,2.0,0.615
2021-22,Gordon Hayward,202330,9,31.5,8.5,6.0,0.3815
2021-22,Gordon Hayward,202330,10,36.0,30.0,7.0,0.813
2021-22,Gordon Hayward,202330,11,29.5,20.5,3.5,0.5725
2021-22,Gordon Hayward,202330,12,30.0,23.0,3.5,0.5455
2021-22,Gordon Hayward,202330,13,31.0,17.333333333333332,4.333333333333333,0.5640000000000001
2021-22,Gordon Hayward,202330,14,32.0,8.0,6.0,0.364
2021-22,Gordon Hayward,202330,19,36.0,16.0,4.0,0.375
2021-22,Gordon Hayward,202330,21,34.0,18.0,9.0,0.5
2021-22,Gordon Hayward,202330,35,29.0,41.0,3.0,0.789
2021-22,Gorgui Dieng,203476,-23,22.0,8.0,1.0,0.375
2021-22,Gorgui Dieng,203476,-9,20.0,2.0,2.0,0.25
2021-22,Gorgui Dieng,203476,0,20.0,6.0,5.0,0.333
2021-22,Gorgui Dieng,203476,1,21.0,12.0,3.0,0.714
2021-22,Grant Williams,1629684,-16,23.5,9.5,0.5,0.5875
2021-22,Grant Williams,1629684,-15,33.0,4.0,0.0,0.0
2021-22,Grant Williams,1629684,-14,23.0,0.0,0.0,0.0
2021-22,Grant Williams,1629684,-13,30.0,18.0,0.0,0.5
2021-22,Grant Williams,1629684,-10,30.0,11.666666666666666,1.3333333333333333,0.5386666666666667
2021-22,Grant Williams,1629684,-9,20.0,5.0,0.0,1.0
2021-22,Grant Williams,1629684,-7,27.0,18.0,0.0,0.545
2021-22,Grant Williams,1629684,-6,21.0,2.0,0.0,0.167
2021-22,Grant Williams,1629684,-5,26.333333333333332,10.333333333333334,2.0,0.6113333333333334
2021-22,Grant Williams,1629684,-4,29.666666666666668,4.0,0.3333333333333333,0.21766666666666667
2021-22,Grant Williams,1629684,-1,27.5,10.75,1.0,0.46499999999999997
2021-22,Grant Williams,1629684,0,20.0,6.0,1.0,0.333
2021-22,Grant Williams,1629684,1,23.5,3.5,0.5,0.45
2021-22,Grant Williams,1629684,2,29.666666666666668,7.333333333333333,2.3333333333333335,0.48433333333333334
2021-22,Grant Williams,1629684,3,24.5,5.5,0.5,0.45
2021-22,Grant Williams,1629684,4,24.0,5.0,0.0,0.4645
2021-22,Grant Williams,1629684,5,30.75,12.25,1.25,0.5245
2021-22,Grant Williams,1629684,6,28.0,10.5,1.0,0.5835
2021-22,Grant Williams,1629684,7,20.0,12.0,2.0,0.571
2021-22,Grant Williams,1629684,8,27.0,13.333333333333334,1.0,0.5713333333333334
2021-22,Grant Williams,1629684,9,24.0,6.333333333333333,2.0,0.48900000000000005
2021-22,Grant Williams,1629684,10,23.0,11.0,1.0,0.571
2021-22,Grant Williams,1629684,11,27.0,12.0,3.0,0.556
2021-22,Grant Williams,1629684,13,25.0,2.0,4.0,0.5
2021-22,Grant Williams,1629684,14,27.0,13.0,1.0,0.5
2021-22,Grant Williams,1629684,15,31.5,12.5,0.5,0.5225
2021-22,Grant Williams,1629684,16,32.0,10.0,1.0,0.444
2021-22,Grant Williams,1629684,17,28.0,7.0,3.0,0.333
2021-22,Grant Williams,1629684,18,27.0,7.0,1.0,0.75
2021-22,Grant Williams,1629684,20,28.0,16.0,0.0,0.857
2021-22,Grant Williams,1629684,21,37.0,20.0,1.0,0.5
2021-22,Grant Williams,1629684,22,31.0,7.0,0.0,0.375
2021-22,Grant Williams,1629684,24,25.0,12.0,1.0,0.8
2021-22,Grant Williams,1629684,28,23.0,8.0,3.0,0.5
2021-22,Grayson Allen,1628960,-19,31.0,10.0,1.0,0.444
2021-22,Grayson Allen,1628960,-18,26.333333333333332,9.0,1.6666666666666667,0.3373333333333333
2021-22,Grayson Allen,1628960,-16,28.0,12.0,3.0,0.364
2021-22,Grayson Allen,1628960,-15,31.0,11.0,2.0,0.4
2021-22,Grayson Allen,1628960,-14,28.5,11.0,1.0,0.375
2021-22,Grayson Allen,1628960,-13,30.0,5.0,1.0,0.333
2021-22,Grayson Allen,1628960,-12,31.0,18.0,1.0,0.636
2021-22,Grayson Allen,1628960,-11,31.0,22.0,2.0,0.667
2021-22,Grayson Allen,1628960,-10,39.0,25.0,0.0,0.471
2021-22,Grayson Allen,1628960,-9,21.0,13.0,2.0,0.571
2021-22,Grayson Allen,1628960,-7,29.0,7.0,1.0,0.5
2021-22,Grayson Allen,1628960,-5,30.0,7.0,0.0,0.333
2021-22,Grayson Allen,1628960,-4,25.0,2.0,3.0,0.0
2021-22,Grayson Allen,1628960,-3,26.5,11.0,0.0,0.3145
2021-22,Grayson Allen,1628960,-2,26.6,9.6,1.8,0.38
2021-22,Grayson Allen,1628960,-1,24.0,10.0,0.0,0.6
2021-22,Grayson Allen,1628960,0,23.5,6.5,0.0,0.3875
2021-22,Grayson Allen,1628960,1,26.75,10.0,1.0,0.5255
2021-22,Grayson Allen,1628960,3,25.666666666666668,11.333333333333334,0.3333333333333333,0.574
2021-22,Grayson Allen,1628960,4,28.0,21.0,1.0,0.7
2021-22,Grayson Allen,1628960,5,27.0,13.0,1.0,0.4645
2021-22,Grayson Allen,1628960,6,26.5,10.0,1.5,0.4095
2021-22,Grayson Allen,1628960,7,28.0,12.0,3.0,0.4425
2021-22,Grayson Allen,1628960,8,32.0,10.0,0.0,0.4
2021-22,Grayson Allen,1628960,9,28.5,14.5,1.0,0.442
2021-22,Grayson Allen,1628960,10,31.5,13.5,0.5,0.2645
2021-22,Grayson Allen,1628960,11,27.0,18.0,3.0,0.545
2021-22,Grayson Allen,1628960,12,27.0,12.0,4.0,0.556
2021-22,Grayson Allen,1628960,13,23.0,10.0,2.0,0.714
2021-22,Grayson Allen,1628960,14,29.0,11.0,1.0,0.444
2021-22,Grayson Allen,1628960,15,24.0,11.5,0.0,0.425
2021-22,Grayson Allen,1628960,17,29.0,7.75,4.5,0.45275
2021-22,Grayson Allen,1628960,18,32.0,25.0,3.0,0.615
2021-22,Grayson Allen,1628960,20,26.666666666666668,11.333333333333334,1.6666666666666667,0.5186666666666667
2021-22,Grayson Allen,1628960,21,24.0,13.0,1.0,0.667
2021-22,Grayson Allen,1628960,23,27.0,10.0,6.0,0.3
2021-22,Grayson Allen,1628960,32,24.0,8.0,1.0,0.5
2021-22,Greg Brown III,1630535,-27,25.0,8.0,1.0,0.5
2021-22,Greg Brown III,1630535,-23,24.0,3.0,1.0,0.125
2021-22,Greg Brown III,1630535,-17,30.0,4.0,5.0,0.4
2021-22,Greg Brown III,1630535,-15,24.0,4.0,1.5,0.125
2021-22,Greg Brown III,1630535,-12,24.0,9.0,2.0,0.55
2021-22,Greg Brown III,1630535,-10,26.0,4.0,2.0,0.333
2021-22,Greg Brown III,1630535,-8,26.5,13.5,1.0,0.5
2021-22,Greg Brown III,1630535,-4,25.0,4.0,3.0,0.2
2021-22,Greg Brown III,1630535,8,20.0,8.0,3.0,0.5
2021-22,Greg Brown III,1630535,10,24.0,17.0,1.0,0.667
2021-22,Greg Monroe,202328,-6,22.0,7.0,4.0,1.0
2021-22,Greg Monroe,202328,13,25.0,11.0,6.0,0.556
2021-22,Hamidou Diallo,1628977,-37,39.0,28.0,2.0,0.684
2021-22,Hamidou Diallo,1628977,-25,24.0,10.5,1.0,0.494
2021-22,Hamidou Diallo,1628977,-19,28.0,10.0,0.0,0.5
2021-22,Hamidou Diallo,1628977,-17,35.0,16.0,0.0,0.294
2021-22,Hamidou Diallo,1628977,-15,21.0,6.0,1.0,0.25
2021-22,Hamidou Diallo,1628977,-13,26.0,13.5,2.0,0.48350000000000004
2021-22,Hamidou Diallo,1628977,-10,22.0,10.333333333333334,0.6666666666666666,0.5
2021-22,Hamidou Diallo,1628977,-6,21.0,17.0,1.0,0.778
2021-22,Hamidou Diallo,1628977,-5,29.5,12.0,1.0,0.4115
2021-22,Hamidou Diallo,1628977,-4,27.0,10.666666666666666,3.0,0.614
2021-22,Hamidou Diallo,1628977,-3,23.5,13.0,0.5,0.402
2021-22,Hamidou Diallo,1628977,-2,24.0,12.5,1.5,0.6475
2021-22,Hamidou Diallo,1628977,2,21.0,5.0,2.0,0.4
2021-22,Hamidou Diallo,1628977,3,28.0,21.0,0.0,0.471
2021-22,Hamidou Diallo,1628977,4,49.0,34.0,4.0,0.406
2021-22,Hamidou Diallo,1628977,5,35.0,21.0,4.5,0.5505
2021-22,Hamidou Diallo,1628977,6,28.0,17.0,0.0,0.471
2021-22,Hamidou Diallo,1628977,7,22.0,11.0,0.0,0.455
2021-22,Hamidou Diallo,1628977,9,22.0,15.5,2.5,0.6034999999999999
2021-22,Hamidou Diallo,1628977,11,29.0,12.0,1.0,0.571
2021-22,Hamidou Diallo,1628977,16,29.0,15.0,2.0,0.7
2021-22,Hamidou Diallo,1628977,23,25.0,18.0,0.0,0.563
2021-22,Harrison Barnes,203084,-36,32.0,12.0,3.0,0.4
2021-22,Harrison Barnes,203084,-34,29.0,4.0,2.0,0.083
2021-22,Harrison Barnes,203084,-29,24.0,0.0,1.0,0.0
2021-22,Harrison Barnes,203084,-24,30.666666666666668,13.666666666666666,2.0,0.4000000000000001
2021-22,Harrison Barnes,203084,-22,37.0,17.0,3.0,0.5
2021-22,Harrison Barnes,203084,-21,32.0,11.0,2.0,0.5
2021-22,Harrison Barnes,203084,-20,33.5,12.5,2.5,0.43900000000000006
2021-22,Harrison Barnes,203084,-19,37.0,23.0,1.0,0.636
2021-22,Harrison Barnes,203084,-18,31.0,9.0,1.0,0.375
2021-22,Harrison Barnes,203084,-17,36.0,10.0,3.0,0.25
2021-22,Harrison Barnes,203084,-16,34.5,18.0,1.0,0.4
2021-22,Harrison Barnes,203084,-15,31.333333333333332,18.666666666666668,2.6666666666666665,0.48133333333333334
2021-22,Harrison Barnes,203084,-14,34.5,19.75,2.75,0.4915
2021-22,Harrison Barnes,203084,-13,32.0,15.25,1.25,0.43975
2021-22,Harrison Barnes,203084,-12,34.333333333333336,23.333333333333332,1.6666666666666667,0.5910000000000001
2021-22,Harrison Barnes,203084,-11,22.0,10.0,1.0,0.6
2021-22,Harrison Barnes,203084,-10,30.666666666666668,13.666666666666666,1.6666666666666667,0.395
2021-22,Harrison Barnes,203084,-9,30.0,13.333333333333334,2.3333333333333335,0.3316666666666666
2021-22,Harrison Barnes,203084,-8,26.0,8.0,0.0,0.222
2021-22,Harrison Barnes,203084,-6,38.5,23.0,3.0,0.5315
2021-22,Harrison Barnes,203084,-5,35.0,18.0,5.0,0.538
2021-22,Harrison Barnes,203084,-4,32.0,11.0,1.0,0.455
2021-22,Harrison Barnes,203084,-2,34.0,20.666666666666668,2.3333333333333335,0.5139999999999999
2021-22,Harrison Barnes,203084,-1,31.0,20.0,2.0,0.619
2021-22,Harrison Barnes,203084,0,29.5,11.0,3.5,0.42800000000000005
2021-22,Harrison Barnes,203084,1,39.0,17.0,5.0,0.455
2021-22,Harrison Barnes,203084,3,33.0,9.0,2.0,0.375
2021-22,Harrison Barnes,203084,4,35.75,19.0,3.5,0.50625
2021-22,Harrison Barnes,203084,5,35.0,14.0,2.75,0.45375
2021-22,Harrison Barnes,203084,6,36.5,26.0,4.0,0.541
2021-22,Harrison Barnes,203084,7,32.5,16.5,2.0,0.5
2021-22,Harrison Barnes,203084,8,36.333333333333336,21.666666666666668,2.6666666666666665,0.623
2021-22,Harrison Barnes,203084,9,39.0,19.0,5.0,0.429
2021-22,Harrison Barnes,203084,11,31.5,14.5,2.0,0.4495
2021-22,Harrison Barnes,203084,12,37.0,23.0,2.0,0.643
2021-22,Harrison Barnes,203084,13,38.0,23.0,3.0,0.625
2021-22,Harrison Barnes,203084,14,34.333333333333336,16.0,3.0,0.4723333333333333
2021-22,Harrison Barnes,203084,15,37.0,24.0,3.0,0.438
2021-22,Harrison Barnes,203084,23,35.0,18.5,3.0,0.4375
2021-22,Hassan Whiteside,202355,-10,29.0,7.0,0.0,0.5
2021-22,Hassan Whiteside,202355,-3,30.0,7.0,1.0,0.6
2021-22,Hassan Whiteside,202355,-2,27.0,11.0,0.0,0.833
2021-22,Hassan Whiteside,202355,-1,26.0,6.5,1.5,0.222
2021-22,Hassan Whiteside,202355,0,24.0,15.0,0.0,0.667
2021-22,Hassan Whiteside,202355,2,25.0,8.0,0.0,0.5
2021-22,Hassan Whiteside,202355,9,26.5,16.0,0.5,0.619
2021-22,Hassan Whiteside,202355,11,34.0,16.0,0.0,0.7
2021-22,Hassan Whiteside,202355,14,28.5,10.0,1.0,0.7915
2021-22,Hassan Whiteside,202355,17,27.0,15.0,1.0,0.778
2021-22,Hassan Whiteside,202355,35,28.0,9.0,2.0,0.8
2021-22,Hassani Gravett,1629755,-7,27.5,9.0,2.0,0.4
2021-22,Hassani Gravett,1629755,2,24.0,7.0,3.0,0.4
2021-22,Hassani Gravett,1629755,11,25.0,8.0,5.0,0.5
2021-22,Haywood Highsmith,1629312,-10,40.0,16.0,2.0,0.412
2021-22,Herbert Jones,1630529,-32,26.0,3.0,1.0,0.125
2021-22,Herbert Jones,1630529,-31,24.0,10.0,2.0,0.8
2021-22,Herbert Jones,1630529,-25,35.0,11.0,4.0,0.364
2021-22,Herbert Jones,1630529,-23,29.5,7.5,5.0,0.375
2021-22,Herbert Jones,1630529,-22,34.0,9.0,5.0,0.429
2021-22,Herbert Jones,1630529,-18,35.0,14.0,3.0,0.462
2021-22,Herbert Jones,1630529,-16,39.0,7.0,2.0,0.333
2021-22,Herbert Jones,1630529,-10,24.0,4.0,1.0,1.0
2021-22,Herbert Jones,1630529,-9,29.4,8.0,1.2,0.414
2021-22,Herbert Jones,1630529,-8,28.0,18.0,0.5,0.6515
2021-22,Herbert Jones,1630529,-7,33.0,16.0,3.0,0.6970000000000001
2021-22,Herbert Jones,1630529,-6,22.0,8.0,1.0,0.75
2021-22,Herbert Jones,1630529,-5,34.5,11.0,3.5,0.436
2021-22,Herbert Jones,1630529,-4,30.5,12.5,1.0,0.5625
2021-22,Herbert Jones,1630529,-3,30.333333333333332,11.333333333333334,1.3333333333333333,0.45766666666666667
2021-22,Herbert Jones,1630529,-2,33.0,12.0,2.6666666666666665,0.5479999999999999
2021-22,Herbert Jones,1630529,-1,36.0,12.0,1.0,0.444
2021-22,Herbert Jones,1630529,0,29.6,13.6,1.8,0.43620000000000003
2021-22,Herbert Jones,1630529,1,32.25,7.25,1.75,0.30525
2021-22,Herbert Jones,1630529,4,30.0,10.0,0.3333333333333333,0.43333333333333335
2021-22,Herbert Jones,1630529,5,30.333333333333332,9.333333333333334,2.6666666666666665,0.5496666666666666
2021-22,Herbert Jones,1630529,6,28.0,8.0,1.0,0.5
2021-22,Herbert Jones,1630529,7,32.0,8.0,3.0,0.35525
2021-22,Herbert Jones,1630529,8,27.0,5.5,3.5,0.2715
2021-22,Herbert Jones,1630529,9,29.0,4.0,3.0,0.667
2021-22,Herbert Jones,1630529,10,36.0,13.0,1.0,0.455
2021-22,Herbert Jones,1630529,11,26.0,11.0,5.0,0.625
2021-22,Herbert Jones,1630529,12,37.0,11.0,4.0,0.714
2021-22,Herbert Jones,1630529,13,30.5,10.0,1.75,0.4805
2021-22,Herbert Jones,1630529,14,32.0,12.5,2.0,0.6335
2021-22,Herbert Jones,1630529,17,31.0,8.5,2.5,0.521
2021-22,Herbert Jones,1630529,19,29.0,7.0,2.0,0.273
2021-22,Herbert Jones,1630529,20,31.0,11.0,3.0,0.333
2021-22,Herbert Jones,1630529,21,28.5,6.0,4.0,0.2915
2021-22,Herbert Jones,1630529,24,25.0,13.0,3.0,0.833
2021-22,Herbert Jones,1630529,29,32.0,14.0,3.0,0.833
2021-22,Ignas Brazdeikis,1629649,-39,22.0,3.0,2.0,0.125
2021-22,Ignas Brazdeikis,1629649,-37,37.0,13.0,3.0,0.417
2021-22,Ignas Brazdeikis,1629649,-27,31.0,12.0,1.0,0.267
2021-22,Ignas Brazdeikis,1629649,-22,21.0,9.0,2.0,0.667
2021-22,Ignas Brazdeikis,1629649,-14,22.0,12.0,2.0,0.625
2021-22,Ignas Brazdeikis,1629649,-13,21.0,13.0,1.0,0.714
2021-22,Ignas Brazdeikis,1629649,5,36.0,20.0,2.0,0.5
2021-22,Ignas Brazdeikis,1629649,7,24.0,15.0,3.0,0.6
2021-22,Ignas Brazdeikis,1629649,10,22.0,13.0,0.0,0.6
2021-22,Ignas Brazdeikis,1629649,18,25.0,11.0,2.0,0.667
2021-22,Immanuel Quickley,1630193,-20,23.0,5.0,4.0,0.222
2021-22,Immanuel Quickley,1630193,-15,31.0,12.0,4.5,0.3805
2021-22,Immanuel Quickley,1630193,-14,30.0,11.0,2.0,0.375
2021-22,Immanuel Quickley,1630193,-12,25.0,11.0,1.0,0.333
2021-22,Immanuel Quickley,1630193,-9,22.0,16.0,4.0,0.333
2021-22,Immanuel Quickley,1630193,-8,25.333333333333332,12.0,4.333333333333333,0.425
2021-22,Immanuel Quickley,1630193,-6,25.666666666666668,14.666666666666666,2.3333333333333335,0.3406666666666667
2021-22,Immanuel Quickley,1630193,-5,25.0,11.0,2.0,0.417
2021-22,Immanuel Quickley,1630193,-4,24.5,14.5,6.0,0.364
2021-22,Immanuel Quickley,1630193,-2,27.5,11.75,2.75,0.40599999999999997
2021-22,Immanuel Quickley,1630193,-1,22.5,9.0,5.0,0.325
2021-22,Immanuel Quickley,1630193,3,23.0,7.5,3.0,0.2875
2021-22,Immanuel Quickley,1630193,4,21.0,14.0,3.0,0.444
2021-22,Immanuel Quickley,1630193,5,28.0,12.0,7.0,0.455
2021-22,Immanuel Quickley,1630193,6,24.0,17.0,2.0,0.545
2021-22,Immanuel Quickley,1630193,7,27.0,15.0,5.0,0.429
2021-22,Immanuel Quickley,1630193,8,24.0,23.0,3.0,0.5
2021-22,Immanuel Quickley,1630193,9,27.833333333333332,13.0,3.5,0.43050000000000005
2021-22,Immanuel Quickley,1630193,10,26.0,18.5,5.5,0.572
2021-22,Immanuel Quickley,1630193,11,21.0,13.0,0.0,0.6
2021-22,Immanuel Quickley,1630193,12,23.5,7.0,3.5,0.2
2021-22,Immanuel Quickley,1630193,13,26.0,16.0,2.0,0.417
2021-22,Immanuel Quickley,1630193,15,25.5,17.5,5.5,0.4205
2021-22,Immanuel Quickley,1630193,16,24.5,15.0,5.5,0.472
2021-22,Immanuel Quickley,1630193,17,25.0,15.0,6.0,0.6085
2021-22,Immanuel Quickley,1630193,18,33.0,20.0,10.0,0.421
2021-22,Immanuel Quickley,1630193,19,31.0,24.0,4.0,0.538
2021-22,Immanuel Quickley,1630193,20,23.0,16.0,1.0,0.556
2021-22,Immanuel Quickley,1630193,23,38.5,28.5,11.0,0.481
2021-22,Immanuel Quickley,1630193,27,34.0,18.0,2.0,0.308
2021-22,Immanuel Quickley,1630193,28,30.0,9.0,6.0,0.25
2021-22,Isaac Okoro,1630171,-25,31.0,5.0,1.0,1.0
2021-22,Isaac Okoro,1630171,-21,25.0,7.0,1.0,0.6
2021-22,Isaac Okoro,1630171,-20,25.0,6.0,0.0,0.667
2021-22,Isaac Okoro,1630171,-17,41.0,17.0,1.0,0.556
2021-22,Isaac Okoro,1630171,-15,32.0,11.0,1.0,0.714
2021-22,Isaac Okoro,1630171,-14,25.0,3.0,0.5,0.238
2021-22,Isaac Okoro,1630171,-13,43.0,10.0,3.0,0.4
2021-22,Isaac Okoro,1630171,-12,29.0,8.0,3.0,0.429
2021-22,Isaac Okoro,1630171,-11,27.0,3.0,1.0,0.5
2021-22,Isaac Okoro,1630171,-9,33.5,7.0,1.5,0.23650000000000002
2021-22,Isaac Okoro,1630171,-8,31.333333333333332,5.333333333333333,3.3333333333333335,0.298
2021-22,Isaac Okoro,1630171,-7,33.0,8.5,1.5,0.8125
2021-22,Isaac Okoro,1630171,-6,31.0,3.0,1.0,0.0
2021-22,Isaac Okoro,1630171,-5,32.25,10.25,2.5,0.44425
2021-22,Isaac Okoro,1630171,-4,31.0,12.0,3.0,0.5
2021-22,Isaac Okoro,1630171,-3,27.0,6.0,4.0,0.286
2021-22,Isaac Okoro,1630171,-2,28.0,2.0,1.0,0.25
2021-22,Isaac Okoro,1630171,-1,25.0,14.0,1.0,0.8
2021-22,Isaac Okoro,1630171,0,36.0,9.0,4.0,0.429
2021-22,Isaac Okoro,1630171,1,27.0,11.0,0.0,0.667
2021-22,Isaac Okoro,1630171,2,31.0,7.0,2.0,0.4375
2021-22,Isaac Okoro,1630171,3,28.0,5.25,3.0,0.53575
2021-22,Isaac Okoro,1630171,4,25.0,6.0,3.0,0.222
2021-22,Isaac Okoro,1630171,5,31.0,10.5,1.5,0.667
2021-22,Isaac Okoro,1630171,6,32.0,15.0,0.0,0.714
2021-22,Isaac Okoro,1630171,7,29.0,22.0,3.0,0.875
2021-22,Isaac Okoro,1630171,8,25.666666666666668,7.333333333333333,1.6666666666666667,0.6
2021-22,Isaac Okoro,1630171,9,26.0,14.5,2.0,0.5555
2021-22,Isaac Okoro,1630171,10,33.5,14.5,1.5,0.577
2021-22,Isaac Okoro,1630171,11,33.0,8.0,2.5,0.34299999999999997
2021-22,Isaac Okoro,1630171,12,27.333333333333332,9.0,1.3333333333333333,0.48333333333333334
2021-22,Isaac Okoro,1630171,14,27.0,14.0,1.0,0.667
2021-22,Isaac Okoro,1630171,16,27.0,9.0,1.0,0.571
2021-22,Isaac Okoro,1630171,17,30.0,16.0,2.0,0.875
2021-22,Isaac Okoro,1630171,18,33.0,7.75,2.0,0.3685
2021-22,Isaac Okoro,1630171,19,30.0,16.0,1.0,0.7
2021-22,Isaac Okoro,1630171,21,31.333333333333332,16.0,2.0,0.6483333333333333
2021-22,Isaiah Hartenstein,1628392,-15,20.0,14.0,4.0,0.833
2021-22,Isaiah Hartenstein,1628392,-13,24.0,8.0,6.5,0.595
2021-22,Isaiah Hartenstein,1628392,-11,27.0,19.0,4.0,0.636
2021-22,Isaiah Hartenstein,1628392,-10,22.0,10.0,5.0,0.3
2021-22,Isaiah Hartenstein,1628392,-6,25.0,13.5,5.0,0.5625
2021-22,Isaiah Hartenstein,1628392,-2,22.0,6.0,1.0,0.5
2021-22,Isaiah Hartenstein,1628392,-1,23.5,14.5,3.0,0.6905
2021-22,Isaiah Hartenstein,1628392,1,25.0,10.0,4.0,0.8
2021-22,Isaiah Hartenstein,1628392,2,20.0,11.0,4.0,0.833
2021-22,Isaiah Hartenstein,1628392,3,24.0,12.0,0.0,0.571
2021-22,Isaiah Hartenstein,1628392,7,23.0,12.0,7.0,0.714
2021-22,Isaiah Hartenstein,1628392,10,22.5,9.5,2.5,0.875
2021-22,Isaiah Hartenstein,1628392,12,26.0,14.0,5.0,0.667
2021-22,Isaiah Hartenstein,1628392,13,20.0,6.0,5.0,0.75
2021-22,Isaiah Hartenstein,1628392,16,23.0,12.0,2.0,0.667
2021-22,Isaiah Hartenstein,1628392,17,21.0,7.0,1.0,0.286
2021-22,Isaiah Hartenstein,1628392,21,25.0,13.0,2.0,0.75
2021-22,Isaiah Hartenstein,1628392,22,25.0,12.0,4.0,0.444
2021-22,Isaiah Hartenstein,1628392,23,25.0,16.0,6.0,0.5
2021-22,Isaiah Hartenstein,1628392,25,25.0,14.0,6.0,0.714
2021-22,Isaiah Hartenstein,1628392,32,24.0,12.0,6.0,0.571
2021-22,Isaiah Jackson,1630543,-32,21.0,9.0,0.0,0.333
2021-22,Isaiah Jackson,1630543,-24,24.0,17.0,2.0,0.556
2021-22,Isaiah Jackson,1630543,-13,30.0,16.0,0.0,0.5
2021-22,Isaiah Jackson,1630543,-9,22.0,16.0,0.0,1.0
2021-22,Isaiah Jackson,1630543,-7,26.0,12.0,0.0,0.4
2021-22,Isaiah Jackson,1630543,-3,22.0,12.0,1.0,0.857
2021-22,Isaiah Jackson,1630543,0,27.0,12.0,0.0,0.444
2021-22,Isaiah Jackson,1630543,1,25.0,16.0,0.0,0.5
2021-22,Isaiah Jackson,1630543,3,32.0,7.0,0.0,0.75
2021-22,Isaiah Jackson,1630543,4,20.0,11.0,0.0,0.833
2021-22,Isaiah Jackson,1630543,9,29.0,26.0,0.0,0.632
2021-22,Isaiah Jackson,1630543,12,22.0,17.0,0.0,0.714
2021-22,Isaiah Jackson,1630543,16,24.0,15.0,0.0,0.455
2021-22,Isaiah Jackson,1630543,21,23.0,19.0,1.0,0.8
2021-22,Isaiah Joe,1630198,-14,24.0,0.0,1.0,0.0
2021-22,Isaiah Joe,1630198,-12,23.0,8.0,2.0,0.273
2021-22,Isaiah Joe,1630198,-1,24.0,11.0,1.0,0.571
2021-22,Isaiah Joe,1630198,2,26.0,1.0,0.0,0.0
2021-22,Isaiah Joe,1630198,6,21.0,6.0,3.0,0.333
2021-22,Isaiah Joe,1630198,7,23.5,5.5,0.5,0.375
2021-22,Isaiah Joe,1630198,9,21.0,18.0,1.0,0.667
2021-22,Isaiah Joe,1630198,18,25.0,10.0,3.0,0.4
2021-22,Isaiah Joe,1630198,21,28.0,8.0,2.0,0.222
2021-22,Isaiah Livers,1630587,-18,25.0,7.0,1.0,0.4
2021-22,Isaiah Livers,1630587,-10,26.0,9.0,1.0,0.6
2021-22,Isaiah Livers,1630587,-1,24.0,9.0,2.0,0.5
2021-22,Isaiah Livers,1630587,4,24.0,5.0,2.0,0.143
2021-22,Isaiah Livers,1630587,6,42.0,17.0,3.0,0.667
2021-22,Isaiah Livers,1630587,8,23.0,14.0,1.0,1.0
2021-22,Isaiah Livers,1630587,9,34.0,11.0,3.0,0.3
2021-22,Isaiah Livers,1630587,11,21.0,9.0,2.0,0.75
2021-22,Isaiah Livers,1630587,15,31.0,16.0,2.0,0.857
2021-22,Isaiah Roby,1629676,-34,24.0,11.0,1.0,0.4
2021-22,Isaiah Roby,1629676,-24,35.0,15.0,4.0,0.556
2021-22,Isaiah Roby,1629676,-19,26.0,18.0,5.0,0.6
2021-22,Isaiah Roby,1629676,-17,36.0,21.0,1.0,0.467
2021-22,Isaiah Roby,1629676,-15,24.333333333333332,5.0,1.0,0.31466666666666665
2021-22,Isaiah Roby,1629676,-14,27.0,11.0,1.5,0.4145
2021-22,Isaiah Roby,1629676,-13,26.0,12.0,2.0,0.714
2021-22,Isaiah Roby,1629676,-12,33.0,21.0,4.0,0.417
2021-22,Isaiah Roby,1629676,-11,28.0,11.0,3.0,0.4
2021-22,Isaiah Roby,1629676,-8,24.0,12.0,3.0,0.857
2021-22,Isaiah Roby,1629676,-4,21.0,8.0,1.0,0.429
2021-22,Isaiah Roby,1629676,1,25.5,8.5,2.5,0.5
2021-22,Isaiah Roby,1629676,3,38.0,30.0,4.0,0.846
2021-22,Isaiah Roby,1629676,4,28.0,17.0,1.0,0.368
2021-22,Isaiah Roby,1629676,5,23.0,14.5,0.5,0.9
2021-22,Isaiah Roby,1629676,6,34.0,16.0,3.0,0.5
2021-22,Isaiah Roby,1629676,10,43.0,18.0,3.0,0.389
2021-22,Isaiah Roby,1629676,14,29.0,11.0,2.0,0.429
2021-22,Isaiah Roby,1629676,21,33.0,26.0,5.0,0.692
2021-22,Isaiah Stewart,1630191,-33,28.0,11.0,2.0,0.5
2021-22,Isaiah Stewart,1630191,-31,26.0,5.0,4.0,0.167
2021-22,Isaiah Stewart,1630191,-25,20.0,6.0,0.0,0.5
2021-22,Isaiah Stewart,1630191,-23,28.0,19.0,1.0,0.462
2021-22,Isaiah Stewart,1630191,-21,20.0,4.0,1.0,0.5
2021-22,Isaiah Stewart,1630191,-20,31.0,15.0,2.0,0.462
2021-22,Isaiah Stewart,1630191,-19,27.0,4.0,0.0,0.333
2021-22,Isaiah Stewart,1630191,-18,24.0,2.0,0.0,0.2
2021-22,Isaiah Stewart,1630191,-17,27.0,14.0,0.0,0.7
2021-22,Isaiah Stewart,1630191,-16,26.0,5.0,1.0,0.286
2021-22,Isaiah Stewart,1630191,-14,26.5,7.0,1.5,0.2915
2021-22,Isaiah Stewart,1630191,-13,22.5,6.0,2.0,0.381
2021-22,Isaiah Stewart,1630191,-12,27.0,10.5,0.5,0.4645
2021-22,Isaiah Stewart,1630191,-11,24.5,5.0,1.0,0.3
2021-22,Isaiah Stewart,1630191,-10,26.0,18.0,1.0,1.0
2021-22,Isaiah Stewart,1630191,-9,28.0,11.0,1.0,0.5155000000000001
2021-22,Isaiah Stewart,1630191,-8,31.0,14.0,1.0,0.583
2021-22,Isaiah Stewart,1630191,-7,27.0,8.666666666666666,0.6666666666666666,0.4583333333333333
2021-22,Isaiah Stewart,1630191,-6,26.4,9.4,2.0,0.4806
2021-22,Isaiah Stewart,1630191,-5,29.5,14.5,2.0,0.5755
2021-22,Isaiah Stewart,1630191,-4,34.333333333333336,8.333333333333334,1.3333333333333333,0.619
2021-22,Isaiah Stewart,1630191,-3,25.5,7.5,0.0,0.381
2021-22,Isaiah Stewart,1630191,-1,31.0,5.0,2.0,0.3335
2021-22,Isaiah Stewart,1630191,0,26.5,7.0,1.0,0.7
2021-22,Isaiah Stewart,1630191,1,29.5,8.5,0.0,0.3865
2021-22,Isaiah Stewart,1630191,2,30.0,11.5,1.5,0.55
2021-22,Isaiah Stewart,1630191,3,26.5,9.5,1.5,0.479
2021-22,Isaiah Stewart,1630191,4,25.0,11.0,1.25,0.6335
2021-22,Isaiah Stewart,1630191,5,29.0,11.0,3.0,0.833
2021-22,Isaiah Stewart,1630191,6,32.0,5.0,1.0,0.286
2021-22,Isaiah Stewart,1630191,8,25.666666666666668,7.666666666666667,1.3333333333333333,0.5616666666666666
2021-22,Isaiah Stewart,1630191,10,26.0,9.0,0.0,0.286
2021-22,Isaiah Stewart,1630191,11,22.0,8.0,0.0,0.667
2021-22,Isaiah Stewart,1630191,14,29.0,7.0,1.0,0.4
2021-22,Isaiah Stewart,1630191,16,22.0,8.0,0.0,0.571
2021-22,Isaiah Thomas,202738,-20,21.0,2.0,1.0,0.2
2021-22,Isaiah Thomas,202738,-1,26.0,11.666666666666666,1.6666666666666667,0.321
2021-22,Isaiah Thomas,202738,14,21.0,12.0,2.0,0.417
2021-22,Ish Smith,202397,-29,27.0,16.0,5.0,0.8
2021-22,Ish Smith,202397,-14,22.0,9.0,6.0,0.4
2021-22,Ish Smith,202397,-13,22.0,7.0,2.0,0.25
2021-22,Ish Smith,202397,-12,23.0,6.5,3.5,0.36650000000000005
2021-22,Ish Smith,202397,-9,23.0,11.0,7.0,0.333
2021-22,Ish Smith,202397,-8,25.0,10.0,5.0,0.714
2021-22,Ish Smith,202397,-6,20.0,10.0,4.0,0.556
2021-22,Ish Smith,202397,-5,27.0,17.0,6.0,0.571
2021-22,Ish Smith,202397,-4,23.0,10.0,4.0,0.4
2021-22,Ish Smith,202397,-3,23.5,13.5,4.0,0.5165
2021-22,Ish Smith,202397,-2,28.0,15.5,7.5,0.598
2021-22,Ish Smith,202397,-1,21.0,12.0,5.0,0.528
2021-22,Ish Smith,202397,0,21.0,7.0,7.0,0.5
2021-22,Ish Smith,202397,3,21.0,15.0,4.0,0.438
2021-22,Ish Smith,202397,6,25.0,13.0,7.0,0.6625
2021-22,Ish Smith,202397,7,23.0,3.0,6.0,0.2
2021-22,Ish Smith,202397,9,25.333333333333332,10.666666666666666,9.666666666666666,0.5356666666666666
2021-22,Ish Smith,202397,14,25.0,4.0,5.0,0.333
2021-22,Ish Smith,202397,16,23.0,8.0,2.0,0.444
2021-22,Ish Smith,202397,20,30.0,12.0,9.0,0.5
2021-22,Ish Wainright,1630688,-3,32.0,15.0,0.0,0.429
2021-22,Ish Wainright,1630688,8,20.0,10.0,1.0,0.5
2021-22,Ish Wainright,1630688,36,24.0,20.0,4.0,0.533
2021-22,Ivica Zubac,1627826,-22,25.0,7.0,3.0,0.65
2021-22,Ivica Zubac,1627826,-19,23.0,7.0,6.0,0.429
2021-22,Ivica Zubac,1627826,-17,31.0,20.0,2.0,0.7695000000000001
2021-22,Ivica Zubac,1627826,-16,23.666666666666668,6.333333333333333,1.3333333333333333,0.252
2021-22,Ivica Zubac,1627826,-14,27.0,10.0,2.0,0.385
2021-22,Ivica Zubac,1627826,-13,20.0,9.0,1.0,0.333
2021-22,Ivica Zubac,1627826,-11,27.0,10.0,1.0,0.8
2021-22,Ivica Zubac,1627826,-10,26.666666666666668,11.0,3.0,0.5646666666666667
2021-22,Ivica Zubac,1627826,-9,23.0,17.0,0.0,0.8
2021-22,Ivica Zubac,1627826,-8,27.5,10.5,1.0,0.7085
2021-22,Ivica Zubac,1627826,-7,31.0,12.0,5.0,0.556
2021-22,Ivica Zubac,1627826,-4,27.0,17.0,0.0,0.875
2021-22,Ivica Zubac,1627826,-3,25.5,7.0,1.5,0.5145
2021-22,Ivica Zubac,1627826,-2,23.5,4.0,1.0,0.6665
2021-22,Ivica Zubac,1627826,-1,26.5,14.0,0.0,0.7125
2021-22,Ivica Zubac,1627826,0,23.0,12.0,1.0,0.75
2021-22,Ivica Zubac,1627826,1,36.0,24.0,4.0,0.667
2021-22,Ivica Zubac,1627826,3,23.75,10.75,2.5,0.9445
2021-22,Ivica Zubac,1627826,4,21.0,8.0,1.0,0.6
2021-22,Ivica Zubac,1627826,5,26.25,11.75,1.0,0.67675
2021-22,Ivica Zubac,1627826,6,29.0,12.0,1.0,0.667
2021-22,Ivica Zubac,1627826,7,26.0,13.333333333333334,1.0,0.6916666666666668
2021-22,Ivica Zubac,1627826,8,29.0,12.333333333333334,2.3333333333333335,0.673
2021-22,Ivica Zubac,1627826,9,24.0,11.5,1.5,0.6034999999999999
2021-22,Ivica Zubac,1627826,10,28.666666666666668,12.333333333333334,1.3333333333333333,0.6483333333333333
2021-22,Ivica Zubac,1627826,11,30.0,14.0,0.0,0.714
2021-22,Ivica Zubac,1627826,13,22.666666666666668,17.333333333333332,1.3333333333333333,0.739
2021-22,Ivica Zubac,1627826,14,24.5,11.5,2.5,0.833
2021-22,Ivica Zubac,1627826,16,33.0,14.0,3.0,1.0
2021-22,Ivica Zubac,1627826,17,21.0,10.0,2.0,0.75
2021-22,Ivica Zubac,1627826,18,23.0,12.0,2.0,0.6
2021-22,Ivica Zubac,1627826,19,30.0,1.0,1.0,0.0
2021-22,Ivica Zubac,1627826,22,21.0,11.0,4.0,0.714
2021-22,Ivica Zubac,1627826,34,24.0,19.0,3.0,0.727
2021-22,JT Thor,1630550,3,23.0,6.0,2.0,0.6
2021-22,JT Thor,1630550,7,20.0,8.0,2.0,0.6
2021-22,JT Thor,1630550,9,27.0,7.0,3.0,0.333
2021-22,Ja Morant,1629630,-31,29.0,15.5,6.0,0.361
2021-22,Ja Morant,1629630,-25,31.0,17.0,10.0,0.417
2021-22,Ja Morant,1629630,-23,31.0,26.0,6.0,0.526
2021-22,Ja Morant,1629630,-16,29.0,11.0,4.0,0.235
2021-22,Ja Morant,1629630,-12,34.5,22.5,7.5,0.397
2021-22,Ja Morant,1629630,-11,37.0,32.0,5.0,0.46499999999999997
2021-22,Ja Morant,1629630,-7,41.0,37.0,5.0,0.5
2021-22,Ja Morant,1629630,-6,33.0,37.0,6.0,0.586
2021-22,Ja Morant,1629630,-5,33.5,29.5,6.5,0.42400000000000004
2021-22,Ja Morant,1629630,-4,36.0,24.5,6.5,0.5165
2021-22,Ja Morant,1629630,-3,37.0,37.5,7.0,0.49449999999999994
2021-22,Ja Morant,1629630,-1,34.333333333333336,25.0,6.0,0.443
2021-22,Ja Morant,1629630,0,39.0,33.0,14.0,0.444
2021-22,Ja Morant,1629630,1,33.333333333333336,24.666666666666668,6.666666666666667,0.44300000000000006
2021-22,Ja Morant,1629630,2,33.333333333333336,28.666666666666668,9.0,0.5316666666666667
2021-22,Ja Morant,1629630,3,33.0,34.5,3.5,0.55
2021-22,Ja Morant,1629630,4,39.0,27.5,9.0,0.44399999999999995
2021-22,Ja Morant,1629630,5,32.0,20.0,7.0,0.414
2021-22,Ja Morant,1629630,6,37.0,32.0,8.0,0.481
2021-22,Ja Morant,1629630,9,36.666666666666664,37.0,9.333333333333334,0.5366666666666667
2021-22,Ja Morant,1629630,11,36.0,46.0,3.0,0.536
2021-22,Ja Morant,1629630,12,31.666666666666668,29.0,5.666666666666667,0.537
2021-22,Ja Morant,1629630,13,36.0,23.0,9.0,0.333
2021-22,Ja Morant,1629630,15,31.666666666666668,28.666666666666668,6.0,0.5463333333333333
2021-22,Ja Morant,1629630,18,26.0,21.0,9.0,0.5
2021-22,Ja Morant,1629630,20,31.0,16.0,7.0,0.444
2021-22,Ja Morant,1629630,21,25.0,30.0,5.0,0.632
2021-22,Ja Morant,1629630,22,27.0,28.5,7.5,0.641
2021-22,Ja Morant,1629630,23,34.0,52.0,2.0,0.733
2021-22,Ja Morant,1629630,24,33.0,36.0,8.0,0.636
2021-22,Ja Morant,1629630,25,24.0,22.0,6.0,0.6
2021-22,Ja Morant,1629630,27,29.0,18.0,9.0,0.444
2021-22,Ja Morant,1629630,29,24.0,22.0,6.0,0.526
2021-22,JaMychal Green,203210,-22,24.0,14.0,4.0,0.556
2021-22,JaMychal Green,203210,-13,26.0,9.0,2.0,0.333
2021-22,JaMychal Green,203210,-5,20.0,6.0,0.0,0.5
2021-22,JaMychal Green,203210,-1,22.0,11.0,3.0,0.714
2021-22,JaMychal Green,203210,0,21.0,3.0,0.0,0.25
2021-22,JaMychal Green,203210,1,20.0,6.0,0.0,0.5
2021-22,JaMychal Green,203210,2,21.0,7.0,1.0,0.375
2021-22,JaMychal Green,203210,3,21.0,2.0,2.0,0.2
2021-22,JaMychal Green,203210,4,24.0,14.0,2.0,0.429
2021-22,JaMychal Green,203210,6,27.0,2.0,1.0,0.333
2021-22,JaMychal Green,203210,12,22.0,10.0,1.0,0.833
2021-22,JaMychal Green,203210,13,22.0,6.0,1.0,0.429
2021-22,JaMychal Green,203210,15,20.0,11.0,4.0,0.5
2021-22,JaMychal Green,203210,23,27.0,20.0,0.0,0.875
2021-22,JaVale McGee,201580,-17,22.0,6.0,3.0,0.75
2021-22,JaVale McGee,201580,-13,25.0,13.0,1.0,0.385
2021-22,JaVale McGee,201580,-9,22.0,8.0,0.0,0.5
2021-22,JaVale McGee,201580,-6,22.0,11.0,1.0,0.556
2021-22,JaVale McGee,201580,-2,23.0,11.0,0.0,0.5854999999999999
2021-22,JaVale McGee,201580,0,20.0,13.0,2.0,0.667
2021-22,JaVale McGee,201580,5,22.0,8.0,0.0,0.571
2021-22,JaVale McGee,201580,11,23.5,11.0,2.0,0.639
2021-22,JaVale McGee,201580,18,26.0,21.0,2.0,0.563
2021-22,JaVale McGee,201580,22,21.0,19.0,0.0,0.7
2021-22,JaVale McGee,201580,30,24.0,19.0,1.0,0.75
2021-22,Jaden McDaniels,1630183,-22,23.0,5.0,1.0,0.2
2021-22,Jaden McDaniels,1630183,-19,21.0,4.0,0.0,0.286
2021-22,Jaden McDaniels,1630183,-17,30.0,12.5,1.0,0.3605
2021-22,Jaden McDaniels,1630183,-16,32.0,12.0,1.0,0.667
2021-22,Jaden McDaniels,1630183,-14,26.5,12.5,1.5,0.521
2021-22,Jaden McDaniels,1630183,-13,33.0,12.0,0.0,0.455
2021-22,Jaden McDaniels,1630183,-11,24.0,2.0,1.0,0.167
2021-22,Jaden McDaniels,1630183,-10,34.333333333333336,14.666666666666666,3.3333333333333335,0.4206666666666667
2021-22,Jaden McDaniels,1630183,-8,21.0,7.0,0.0,0.5
2021-22,Jaden McDaniels,1630183,-7,30.0,8.0,1.5,0.361
2021-22,Jaden McDaniels,1630183,-6,27.0,14.0,1.0,0.545
2021-22,Jaden McDaniels,1630183,-5,22.0,9.0,1.0,0.4165
2021-22,Jaden McDaniels,1630183,-4,26.0,6.5,1.0,0.2915
2021-22,Jaden McDaniels,1630183,-3,32.0,10.0,2.0,0.5
2021-22,Jaden McDaniels,1630183,-2,32.0,12.0,2.0,0.598
2021-22,Jaden McDaniels,1630183,-1,30.0,18.0,1.0,0.462
2021-22,Jaden McDaniels,1630183,0,22.0,12.0,1.3333333333333333,0.5406666666666667
2021-22,Jaden McDaniels,1630183,1,25.0,6.5,1.5,0.5335000000000001
2021-22,Jaden McDaniels,1630183,2,27.5,5.25,2.0,0.2905
2021-22,Jaden McDaniels,1630183,3,33.5,10.5,0.0,0.41800000000000004
2021-22,Jaden McDaniels,1630183,4,25.0,11.0,0.3333333333333333,0.6583333333333333
2021-22,Jaden McDaniels,1630183,5,23.0,8.0,1.0,0.375
2021-22,Jaden McDaniels,1630183,6,24.0,7.0,0.0,0.429
2021-22,Jaden McDaniels,1630183,7,33.5,14.0,2.5,0.5355
2021-22,Jaden McDaniels,1630183,8,29.5,9.5,1.0,0.5
2021-22,Jaden McDaniels,1630183,10,25.5,9.5,0.25,0.646
2021-22,Jaden McDaniels,1630183,12,31.0,3.0,2.0,0.333
2021-22,Jaden McDaniels,1630183,14,37.0,16.0,0.0,0.462
2021-22,Jaden McDaniels,1630183,15,25.0,12.0,2.0,0.625
2021-22,Jaden McDaniels,1630183,16,20.0,8.0,1.0,0.333
2021-22,Jaden McDaniels,1630183,18,28.0,18.0,3.0,0.7
2021-22,Jaden McDaniels,1630183,19,25.0,8.0,1.0,0.222
2021-22,Jaden McDaniels,1630183,24,26.0,22.0,4.0,1.0
2021-22,Jaden McDaniels,1630183,26,25.0,4.0,1.0,0.667
2021-22,Jaden McDaniels,1630183,27,21.0,9.0,1.0,0.333
2021-22,Jae Crowder,203109,-18,23.0,7.0,1.0,0.286
2021-22,Jae Crowder,203109,-17,24.0,6.0,1.0,0.429
2021-22,Jae Crowder,203109,-15,28.5,5.5,1.5,0.22000000000000003
2021-22,Jae Crowder,203109,-14,25.0,6.0,1.0,0.4
2021-22,Jae Crowder,203109,-11,21.0,6.0,4.0,0.286
2021-22,Jae Crowder,203109,-10,22.0,8.0,2.0,0.333
2021-22,Jae Crowder,203109,-8,28.0,8.0,2.0,0.429
2021-22,Jae Crowder,203109,-7,29.0,8.666666666666666,4.0,0.2683333333333333
2021-22,Jae Crowder,203109,-6,27.0,7.5,1.5,0.34
2021-22,Jae Crowder,203109,-3,27.0,14.0,0.0,0.364
2021-22,Jae Crowder,203109,-1,21.0,9.0,4.0,0.5
2021-22,Jae Crowder,203109,0,29.5,13.0,0.5,0.4585
2021-22,Jae Crowder,203109,1,32.4,10.8,1.6,0.40380000000000005
2021-22,Jae Crowder,203109,2,29.0,8.666666666666666,2.0,0.42133333333333334
2021-22,Jae Crowder,203109,3,27.5,8.5,2.0,0.5
2021-22,Jae Crowder,203109,4,28.0,6.0,2.5,0.243
2021-22,Jae Crowder,203109,5,29.0,7.5,1.0,0.2915
2021-22,Jae Crowder,203109,6,32.0,13.0,5.0,0.714
2021-22,Jae Crowder,203109,7,25.0,5.5,2.5,0.4
2021-22,Jae Crowder,203109,8,24.666666666666668,10.0,2.0,0.452
2021-22,Jae Crowder,203109,9,24.0,15.0,1.0,0.625
2021-22,Jae Crowder,203109,11,33.0,14.5,1.5,0.472
2021-22,Jae Crowder,203109,12,29.8,8.8,2.2,0.318
2021-22,Jae Crowder,203109,13,31.0,11.666666666666666,1.0,0.4136666666666667
2021-22,Jae Crowder,203109,14,30.5,11.5,0.5,0.375
2021-22,Jae Crowder,203109,15,25.0,8.0,1.6666666666666667,0.482
2021-22,Jae Crowder,203109,17,33.0,6.0,2.0,0.286
2021-22,Jae Crowder,203109,18,30.0,16.0,2.0,0.6
2021-22,Jae Crowder,203109,19,27.5,9.5,2.0,0.3385
2021-22,Jae Crowder,203109,20,23.0,12.0,1.6666666666666667,0.48900000000000005
2021-22,Jae Crowder,203109,21,23.0,9.0,3.0,0.75
2021-22,Jae Crowder,203109,24,23.0,8.0,5.0,0.273
2021-22,Jae Crowder,203109,27,23.0,5.0,0.0,0.286
2021-22,Jae Crowder,203109,31,25.0,17.0,0.0,0.6
2021-22,Jae Crowder,203109,34,28.0,11.0,1.0,0.4
2021-22,Jae'Sean Tate,1630256,-30,21.0,0.0,1.0,0.0
2021-22,Jae'Sean Tate,1630256,-24,23.666666666666668,8.666666666666666,1.0,0.4176666666666667
2021-22,Jae'Sean Tate,1630256,-20,25.333333333333332,11.666666666666666,2.6666666666666665,0.4916666666666667
2021-22,Jae'Sean Tate,1630256,-19,25.75,10.75,2.75,0.52775
2021-22,Jae'Sean Tate,1630256,-18,28.0,13.0,4.0,0.4585
2021-22,Jae'Sean Tate,1630256,-16,27.5,9.0,2.0,0.356
2021-22,Jae'Sean Tate,1630256,-15,21.0,14.0,1.0,0.462
2021-22,Jae'Sean Tate,1630256,-14,25.5,15.0,2.5,0.4465
2021-22,Jae'Sean Tate,1630256,-13,25.5,9.0,2.0,0.4355
2021-22,Jae'Sean Tate,1630256,-12,31.0,15.0,1.0,0.5
2021-22,Jae'Sean Tate,1630256,-11,24.5,10.5,2.5,0.5835
2021-22,Jae'Sean Tate,1630256,-10,31.0,14.0,4.0,0.545
2021-22,Jae'Sean Tate,1630256,-9,26.0,12.0,5.0,0.444
2021-22,Jae'Sean Tate,1630256,-8,23.666666666666668,10.333333333333334,3.3333333333333335,0.37933333333333336
2021-22,Jae'Sean Tate,1630256,-7,23.0,8.0,2.0,0.473
2021-22,Jae'Sean Tate,1630256,-6,31.0,17.0,8.0,0.538
2021-22,Jae'Sean Tate,1630256,-5,32.0,21.0,0.0,0.636
2021-22,Jae'Sean Tate,1630256,-4,27.0,10.0,2.0,0.5355
2021-22,Jae'Sean Tate,1630256,-3,22.0,13.0,1.0,0.556
2021-22,Jae'Sean Tate,1630256,-2,27.333333333333332,8.333333333333334,5.666666666666667,0.5716666666666667
2021-22,Jae'Sean Tate,1630256,-1,28.142857142857142,12.571428571428571,2.857142857142857,0.48214285714285715
2021-22,Jae'Sean Tate,1630256,0,31.5,9.5,3.0,0.5625
2021-22,Jae'Sean Tate,1630256,1,32.666666666666664,15.0,4.0,0.5483333333333333
2021-22,Jae'Sean Tate,1630256,2,29.5,13.5,2.0,0.4875
2021-22,Jae'Sean Tate,1630256,4,29.333333333333332,11.666666666666666,5.333333333333333,0.5693333333333334
2021-22,Jae'Sean Tate,1630256,5,25.5,12.5,3.0,0.49450000000000005
2021-22,Jae'Sean Tate,1630256,6,27.5,20.0,4.0,0.554
2021-22,Jae'Sean Tate,1630256,7,26.0,10.0,5.0,0.375
2021-22,Jae'Sean Tate,1630256,8,26.5,12.5,2.5,0.729
2021-22,Jae'Sean Tate,1630256,9,29.333333333333332,16.333333333333332,0.6666666666666666,0.5286666666666667
2021-22,Jae'Sean Tate,1630256,15,29.0,16.5,3.0,0.6835
2021-22,Jae'Sean Tate,1630256,24,27.0,15.0,8.0,0.583
2021-22,Jae'Sean Tate,1630256,28,28.0,16.0,5.0,0.667
2021-22,Jahmi'us Ramsey,1630186,-21,26.0,10.0,3.0,0.333
2021-22,Jahmi'us Ramsey,1630186,-5,21.0,7.0,0.0,0.6
2021-22,Jake Layman,1627774,-10,36.0,13.0,0.0,0.545
2021-22,Jake Layman,1627774,-3,23.0,6.0,3.0,0.286
2021-22,Jakob Poeltl,1627751,-21,24.0,9.0,2.0,0.49250000000000005
2021-22,Jakob Poeltl,1627751,-19,31.5,12.5,3.5,0.528
2021-22,Jakob Poeltl,1627751,-15,30.5,9.0,2.0,0.6125
2021-22,Jakob Poeltl,1627751,-14,37.0,27.0,0.0,0.765
2021-22,Jakob Poeltl,1627751,-13,32.0,14.0,2.0,0.636
2021-22,Jakob Poeltl,1627751,-12,25.666666666666668,11.333333333333334,2.6666666666666665,0.5386666666666667
2021-22,Jakob Poeltl,1627751,-11,34.0,9.5,2.0,0.35
2021-22,Jakob Poeltl,1627751,-10,28.0,12.0,0.0,0.545
2021-22,Jakob Poeltl,1627751,-9,34.0,9.0,5.0,0.667
2021-22,Jakob Poeltl,1627751,-8,32.0,16.0,4.0,0.727
2021-22,Jakob Poeltl,1627751,-7,24.0,18.0,2.0,0.746
2021-22,Jakob Poeltl,1627751,-6,30.0,15.0,3.0,0.636
2021-22,Jakob Poeltl,1627751,-5,31.0,15.5,4.5,0.8335
2021-22,Jakob Poeltl,1627751,-4,33.0,16.0,4.0,0.571
2021-22,Jakob Poeltl,1627751,-3,29.0,11.0,3.0,0.5
2021-22,Jakob Poeltl,1627751,-2,28.0,19.0,4.5,0.657
2021-22,Jakob Poeltl,1627751,-1,28.0,15.666666666666666,2.0,0.634
2021-22,Jakob Poeltl,1627751,0,29.5,12.0,4.0,0.519
2021-22,Jakob Poeltl,1627751,1,41.0,28.0,8.0,0.8
2021-22,Jakob Poeltl,1627751,2,27.5,14.0,2.0,0.6915
2021-22,Jakob Poeltl,1627751,3,25.666666666666668,17.333333333333332,2.3333333333333335,0.6666666666666666
2021-22,Jakob Poeltl,1627751,4,30.5,8.5,1.5,0.2915
2021-22,Jakob Poeltl,1627751,5,30.4,12.2,3.0,0.6045999999999999
2021-22,Jakob Poeltl,1627751,7,36.0,11.0,3.0,0.5
2021-22,Jakob Poeltl,1627751,8,32.5,13.0,2.5,0.569
2021-22,Jakob Poeltl,1627751,10,31.0,15.0,2.0,0.778
2021-22,Jakob Poeltl,1627751,11,27.333333333333332,11.333333333333334,3.3333333333333335,0.527
2021-22,Jakob Poeltl,1627751,12,26.0,13.0,4.0,0.667
2021-22,Jakob Poeltl,1627751,14,29.0,10.0,1.3333333333333333,0.5146666666666667
2021-22,Jakob Poeltl,1627751,15,27.5,16.0,3.0,0.6965
2021-22,Jakob Poeltl,1627751,17,23.0,13.0,3.0,0.6
2021-22,Jakob Poeltl,1627751,18,32.0,21.0,3.0,0.6
2021-22,Jakob Poeltl,1627751,20,29.0,14.0,2.0,0.583
2021-22,Jakob Poeltl,1627751,21,32.5,15.0,4.0,0.6665
2021-22,Jakob Poeltl,1627751,22,20.0,18.0,3.0,0.692
2021-22,Jakob Poeltl,1627751,30,32.0,21.0,4.0,0.75
2021-22,Jakob Poeltl,1627751,39,27.0,12.0,3.0,0.571
2021-22,Jalen Brunson,1628973,-33,22.0,5.0,0.0,0.286
2021-22,Jalen Brunson,1628973,-29,32.0,21.0,2.0,0.692
2021-22,Jalen Brunson,1628973,-22,36.0,11.0,5.0,0.417
2021-22,Jalen Brunson,1628973,-19,37.0,14.0,6.0,0.5
2021-22,Jalen Brunson,1628973,-17,25.0,8.0,0.0,0.25
2021-22,Jalen Brunson,1628973,-16,34.0,19.0,1.0,0.615
2021-22,Jalen Brunson,1628973,-14,30.0,14.0,1.0,0.583
2021-22,Jalen Brunson,1628973,-13,32.0,16.0,3.0,0.636
2021-22,Jalen Brunson,1628973,-12,29.666666666666668,17.333333333333332,5.666666666666667,0.5273333333333333
2021-22,Jalen Brunson,1628973,-9,37.0,23.0,6.0,0.615
2021-22,Jalen Brunson,1628973,-8,33.666666666666664,20.333333333333332,6.666666666666667,0.5386666666666667
2021-22,Jalen Brunson,1628973,-7,38.0,18.0,11.0,0.462
2021-22,Jalen Brunson,1628973,-6,37.0,15.0,8.0,0.333
2021-22,Jalen Brunson,1628973,-5,34.0,15.0,5.0,0.5386666666666667
2021-22,Jalen Brunson,1628973,-4,26.0,10.5,1.5,0.354
2021-22,Jalen Brunson,1628973,-3,30.0,25.0,3.0,0.769
2021-22,Jalen Brunson,1628973,-2,35.0,20.0,5.0,0.4895
2021-22,Jalen Brunson,1628973,0,29.2,13.0,6.0,0.483
2021-22,Jalen Brunson,1628973,1,36.0,16.0,4.5,0.48350000000000004
2021-22,Jalen Brunson,1628973,2,37.0,23.0,6.0,0.533
2021-22,Jalen Brunson,1628973,3,34.333333333333336,19.0,5.333333333333333,0.6313333333333334
2021-22,Jalen Brunson,1628973,4,34.5,17.5,5.0,0.382
2021-22,Jalen Brunson,1628973,5,35.0,12.666666666666666,3.3333333333333335,0.4263333333333333
2021-22,Jalen Brunson,1628973,6,36.0,15.0,1.0,0.417
2021-22,Jalen Brunson,1628973,7,29.25,14.0,5.5,0.46375
2021-22,Jalen Brunson,1628973,8,32.2,14.2,4.0,0.4286
2021-22,Jalen Brunson,1628973,9,40.0,28.0,6.0,0.556
2021-22,Jalen Brunson,1628973,10,31.666666666666668,16.333333333333332,4.333333333333333,0.5599999999999999
2021-22,Jalen Brunson,1628973,11,29.0,28.0,3.0,0.526
2021-22,Jalen Brunson,1628973,12,29.5,17.25,5.75,0.5707500000000001
2021-22,Jalen Brunson,1628973,13,32.5,19.0,4.75,0.47875
2021-22,Jalen Brunson,1628973,14,32.5,14.0,8.5,0.4425
2021-22,Jalen Brunson,1628973,15,32.0,22.0,5.0,0.467
2021-22,Jalen Brunson,1628973,16,34.0,20.0,11.0,0.6
2021-22,Jalen Brunson,1628973,18,29.0,15.666666666666666,3.3333333333333335,0.504
2021-22,Jalen Brunson,1628973,20,27.0,17.0,3.0,0.462
2021-22,Jalen Brunson,1628973,21,30.0,19.0,5.0,0.533
2021-22,Jalen Brunson,1628973,22,32.0,21.0,3.0,0.5145
2021-22,Jalen Brunson,1628973,26,30.0,17.0,6.0,0.583
2021-22,Jalen Brunson,1628973,31,25.0,15.0,10.0,0.636
2021-22,Jalen Green,1630224,-37,29.5,12.0,2.5,0.374
2021-22,Jalen Green,1630224,-35,23.0,12.0,3.0,0.333
2021-22,Jalen Green,1630224,-32,28.0,12.0,2.0,0.286
2021-22,Jalen Green,1630224,-25,26.5,11.5,0.5,0.361
2021-22,Jalen Green,1630224,-22,24.0,12.0,1.0,0.5
2021-22,Jalen Green,1630224,-20,28.0,16.0,4.0,0.494
2021-22,Jalen Green,1630224,-19,29.333333333333332,10.333333333333334,1.3333333333333333,0.26833333333333337
2021-22,Jalen Green,1630224,-18,28.25,14.0,3.0,0.39875
2021-22,Jalen Green,1630224,-17,35.0,10.0,1.0,0.25
2021-22,Jalen Green,1630224,-16,36.0,22.0,3.0,0.6
2021-22,Jalen Green,1630224,-15,32.333333333333336,15.0,3.0,0.29833333333333334
2021-22,Jalen Green,1630224,-14,24.5,18.0,0.5,0.34650000000000003
2021-22,Jalen Green,1630224,-13,28.5,10.5,3.5,0.25
2021-22,Jalen Green,1630224,-12,32.666666666666664,15.0,2.0,0.35733333333333334
2021-22,Jalen Green,1630224,-11,30.0,9.0,2.0,0.333
2021-22,Jalen Green,1630224,-10,36.0,16.0,2.0,0.636
2021-22,Jalen Green,1630224,-9,32.8,17.2,3.2,0.43079999999999996
2021-22,Jalen Green,1630224,-8,31.0,18.0,7.0,0.5
2021-22,Jalen Green,1630224,-7,33.5,19.0,5.0,0.4585
2021-22,Jalen Green,1630224,-6,26.0,8.0,1.0,0.231
2021-22,Jalen Green,1630224,-5,40.0,30.0,4.0,0.417
2021-22,Jalen Green,1630224,-4,35.0,18.0,1.0,0.538
2021-22,Jalen Green,1630224,-3,31.0,19.5,2.5,0.38849999999999996
2021-22,Jalen Green,1630224,0,37.333333333333336,28.5,3.1666666666666665,0.4936666666666667
2021-22,Jalen Green,1630224,1,25.0,20.0,2.0,0.5
2021-22,Jalen Green,1630224,3,37.5,20.5,2.0,0.3375
2021-22,Jalen Green,1630224,4,34.75,16.75,2.75,0.41274999999999995
2021-22,Jalen Green,1630224,7,34.0,24.0,4.0,0.471
2021-22,Jalen Green,1630224,8,32.5,17.5,5.0,0.5
2021-22,Jalen Green,1630224,9,38.0,32.0,3.0,0.619
2021-22,Jalen Green,1630224,10,33.0,22.0,1.0,0.471
2021-22,Jalen Green,1630224,11,30.666666666666668,17.0,1.6666666666666667,0.4366666666666667
2021-22,Jalen Green,1630224,16,27.0,23.0,0.0,0.563
2021-22,Jalen Green,1630224,28,31.0,17.0,5.0,0.5
2021-22,Jalen Johnson,1630552,3,24.0,11.0,1.0,0.556
2021-22,Jalen McDaniels,1629667,-13,26.0,14.0,0.0,0.75
2021-22,Jalen McDaniels,1629667,-7,24.0,8.0,1.5,0.4145
2021-22,Jalen McDaniels,1629667,-2,20.0,4.0,4.0,0.5
2021-22,Jalen McDaniels,1629667,3,27.0,4.0,0.0,0.125
2021-22,Jalen McDaniels,1629667,5,22.0,5.0,1.5,0.667
2021-22,Jalen McDaniels,1629667,6,24.5,14.5,2.5,0.5835
2021-22,Jalen McDaniels,1629667,9,32.0,15.0,1.0,0.545
2021-22,Jalen McDaniels,1629667,12,30.0,12.0,0.0,0.625
2021-22,Jalen McDaniels,1629667,13,27.0,12.0,2.0,0.462
2021-22,Jalen McDaniels,1629667,14,23.0,14.0,1.0,0.714
2021-22,Jalen McDaniels,1629667,15,21.0,7.5,1.5,0.6000000000000001
2021-22,Jalen McDaniels,1629667,17,20.0,14.0,2.0,0.75
2021-22,Jalen McDaniels,1629667,24,22.0,16.0,3.0,0.833
2021-22,Jalen Smith,1630188,-17,21.0,5.0,0.0,0.286
2021-22,Jalen Smith,1630188,-12,26.0,19.0,0.0,0.778
2021-22,Jalen Smith,1630188,-10,25.0,14.0,0.6666666666666666,0.5286666666666666
2021-22,Jalen Smith,1630188,-7,20.0,15.0,0.0,0.333
2021-22,Jalen Smith,1630188,-6,29.0,19.0,2.0,0.583
2021-22,Jalen Smith,1630188,-5,23.0,17.0,0.0,0.6
2021-22,Jalen Smith,1630188,-4,22.0,9.0,0.0,0.444
2021-22,Jalen Smith,1630188,-3,28.5,15.5,2.5,0.6890000000000001
2021-22,Jalen Smith,1630188,-2,25.0,11.5,0.5,0.49250000000000005
2021-22,Jalen Smith,1630188,-1,26.0,13.5,1.0,0.5635
2021-22,Jalen Smith,1630188,0,24.0,6.0,1.0,0.333
2021-22,Jalen Smith,1630188,3,23.666666666666668,9.0,0.6666666666666666,0.48633333333333334
2021-22,Jalen Smith,1630188,4,22.0,17.0,0.0,0.571
2021-22,Jalen Smith,1630188,5,32.0,19.0,1.0,0.529
2021-22,Jalen Smith,1630188,10,25.0,12.0,2.0,0.4
2021-22,Jalen Smith,1630188,19,26.0,17.0,0.0,0.4665
2021-22,Jalen Smith,1630188,20,24.0,11.0,0.0,0.571
2021-22,Jalen Smith,1630188,27,37.0,15.0,0.0,0.571
2021-22,Jalen Suggs,1630591,-23,29.0,11.5,5.5,0.27649999999999997
2021-22,Jalen Suggs,1630591,-21,30.0,17.0,5.0,0.455
2021-22,Jalen Suggs,1630591,-18,31.0,15.5,5.0,0.387
2021-22,Jalen Suggs,1630591,-16,35.0,19.0,4.0,0.316
2021-22,Jalen Suggs,1630591,-14,26.0,14.0,3.0,0.5
2021-22,Jalen Suggs,1630591,-13,30.0,10.0,1.0,0.214
2021-22,Jalen Suggs,1630591,-11,29.0,12.5,2.5,0.3585
2021-22,Jalen Suggs,1630591,-10,24.5,8.5,3.0,0.268
2021-22,Jalen Suggs,1630591,-9,22.0,10.0,6.0,0.308
2021-22,Jalen Suggs,1630591,-7,29.0,11.0,2.5,0.5
2021-22,Jalen Suggs,1630591,-5,29.5,18.0,6.5,0.4165
2021-22,Jalen Suggs,1630591,-4,30.75,15.5,6.0,0.33499999999999996
2021-22,Jalen Suggs,1630591,-2,28.5,9.0,6.5,0.3375
2021-22,Jalen Suggs,1630591,-1,24.0,12.5,4.5,0.5
2021-22,Jalen Suggs,1630591,1,28.5,14.0,5.5,0.4085
2021-22,Jalen Suggs,1630591,2,27.0,12.0,6.0,0.4186666666666667
2021-22,Jalen Suggs,1630591,3,21.0,10.0,3.0,0.5
2021-22,Jalen Suggs,1630591,4,33.5,11.5,2.5,0.315
2021-22,Jalen Suggs,1630591,5,29.5,17.0,5.5,0.40700000000000003
2021-22,Jalen Suggs,1630591,6,32.0,5.0,5.0,0.2
2021-22,Jalen Suggs,1630591,7,26.666666666666668,14.666666666666666,3.3333333333333335,0.3753333333333333
2021-22,Jalen Suggs,1630591,11,27.0,6.0,4.0,0.333
2021-22,Jalen Suggs,1630591,12,27.0,14.0,10.0,0.556
2021-22,Jalen Suggs,1630591,13,29.0,15.0,7.0,0.25
2021-22,James Bouknight,1630547,-14,23.0,13.0,0.0,0.308
2021-22,James Bouknight,1630547,-3,22.0,11.0,1.0,0.5
2021-22,James Bouknight,1630547,-2,20.0,12.0,2.0,0.273
2021-22,James Bouknight,1630547,0,28.0,18.0,1.0,0.545
2021-22,James Bouknight,1630547,4,25.0,24.0,1.0,0.643
2021-22,James Bouknight,1630547,19,22.0,13.0,1.0,0.286
2021-22,James Harden,201935,-30,28.0,11.0,5.0,0.176
2021-22,James Harden,201935,-23,34.0,14.0,5.0,0.364
2021-22,James Harden,201935,-22,31.0,24.0,4.0,0.462
2021-22,James Harden,201935,-21,37.0,4.0,12.0,0.182
2021-22,James Harden,201935,-20,32.5,18.0,7.5,0.3875
2021-22,James Harden,201935,-18,40.0,22.0,10.0,0.417
2021-22,James Harden,201935,-16,39.0,14.0,9.0,0.182
2021-22,James Harden,201935,-15,32.5,17.0,8.0,0.366
2021-22,James Harden,201935,-14,35.0,13.0,13.0,0.308
2021-22,James Harden,201935,-12,36.5,23.5,9.0,0.3955
2021-22,James Harden,201935,-11,37.0,22.0,10.0,0.316
2021-22,James Harden,201935,-9,37.0,25.333333333333332,11.0,0.36133333333333334
2021-22,James Harden,201935,-8,39.0,15.0,11.5,0.30000000000000004
2021-22,James Harden,201935,-6,38.0,14.0,14.0,0.5
2021-22,James Harden,201935,-5,39.0,25.0,8.0,0.25
2021-22,James Harden,201935,-4,39.0,14.0,14.0,0.238
2021-22,James Harden,201935,-3,39.0,33.0,10.0,0.45
2021-22,James Harden,201935,-1,37.666666666666664,18.333333333333332,7.666666666666667,0.36533333333333334
2021-22,James Harden,201935,2,37.5,24.0,9.0,0.467
2021-22,James Harden,201935,3,39.333333333333336,24.666666666666668,9.0,0.4583333333333333
2021-22,James Harden,201935,4,42.0,23.5,8.0,0.2855
2021-22,James Harden,201935,5,39.0,29.666666666666668,9.666666666666666,0.4666666666666666
2021-22,James Harden,201935,6,34.666666666666664,24.333333333333332,9.333333333333334,0.48133333333333334
2021-22,James Harden,201935,7,40.0,15.666666666666666,13.666666666666666,0.3960000000000001
2021-22,James Harden,201935,8,40.0,20.0,11.0,0.471
2021-22,James Harden,201935,9,35.0,26.0,9.0,0.615
2021-22,James Harden,201935,10,38.0,28.0,8.5,0.322
2021-22,James Harden,201935,11,38.0,28.0,8.0,0.5
2021-22,James Harden,201935,12,38.0,19.0,14.0,0.3855
2021-22,James Harden,201935,15,36.0,13.0,10.0,0.3
2021-22,James Harden,201935,16,29.0,17.0,11.0,0.545
2021-22,James Harden,201935,17,37.666666666666664,35.666666666666664,11.666666666666666,0.5553333333333333
2021-22,James Harden,201935,18,39.5,29.0,11.0,0.47950000000000004
2021-22,James Harden,201935,19,34.666666666666664,21.0,13.666666666666666,0.541
2021-22,James Harden,201935,21,40.0,27.0,15.0,0.6
2021-22,James Harden,201935,24,33.0,25.0,16.0,0.462
2021-22,James Harden,201935,27,30.0,12.0,13.0,0.4
2021-22,James Harden,201935,28,34.0,29.0,7.0,0.467
2021-22,James Harden,201935,29,35.0,20.0,11.0,0.308
2021-22,James Harden,201935,35,35.0,27.0,12.0,0.583
2021-22,James Johnson,201949,-21,22.0,2.0,1.0,0.333
2021-22,James Johnson,201949,-19,28.0,7.0,6.0,0.167
2021-22,James Johnson,201949,-18,23.333333333333332,5.0,1.0,0.299
2021-22,James Johnson,201949,-12,21.0,4.0,0.0,1.0
2021-22,James Johnson,201949,-10,21.0,2.0,3.0,0.5
2021-22,James Johnson,201949,-7,31.0,3.0,3.0,0.333
2021-22,James Johnson,201949,-6,20.0,1.0,2.0,0.0
2021-22,James Johnson,201949,-3,28.0,15.0,2.0,0.7344999999999999
2021-22,James Johnson,201949,-2,31.5,13.0,4.5,0.5085
2021-22,James Johnson,201949,-1,24.0,8.0,3.0,0.444
2021-22,James Johnson,201949,0,28.5,7.5,4.0,0.35
2021-22,James Johnson,201949,1,30.333333333333332,11.333333333333334,2.6666666666666665,0.456
2021-22,James Johnson,201949,2,28.0,5.0,6.0,0.4
2021-22,James Johnson,201949,3,21.0,7.0,0.0,0.6
2021-22,James Johnson,201949,7,22.666666666666668,8.333333333333334,4.0,0.5599999999999999
2021-22,James Johnson,201949,8,25.0,12.0,4.0,0.714
2021-22,James Johnson,201949,9,22.0,16.0,3.0,0.857
2021-22,James Johnson,201949,13,21.5,3.5,1.0,0.45
2021-22,James Johnson,201949,14,27.0,6.0,0.0,0.429
2021-22,James Johnson,201949,15,24.0,17.0,5.0,0.727
2021-22,James Johnson,201949,16,27.0,7.0,4.5,0.231
2021-22,James Johnson,201949,22,22.0,6.0,4.0,0.75
2021-22,Jamorko Pickett,1630691,-4,23.0,6.0,0.0,0.333
2021-22,Jamorko Pickett,1630691,6,20.0,10.0,0.0,0.8
2021-22,Jamorko Pickett,1630691,10,39.0,13.0,4.0,0.308
2021-22,Jared Butler,1630215,-6,22.0,5.0,6.0,0.25
2021-22,Jared Butler,1630215,1,31.0,17.0,4.0,0.353
2021-22,Jared Butler,1630215,2,24.0,21.0,7.0,0.615
2021-22,Jared Butler,1630215,3,29.0,10.0,3.0,0.455
2021-22,Jared Butler,1630215,15,26.0,9.0,5.5,0.3655
2021-22,Jared Harper,1629607,-11,20.0,10.0,9.0,0.444
2021-22,Jaren Jackson Jr.,1628991,-29,25.0,12.0,2.0,0.222
2021-22,Jaren Jackson Jr.,1628991,-25,23.0,14.0,0.0,0.333
2021-22,Jaren Jackson Jr.,1628991,-24,23.0,8.0,1.0,0.25
2021-22,Jaren Jackson Jr.,1628991,-21,23.0,9.0,0.0,0.308
2021-22,Jaren Jackson Jr.,1628991,-20,23.0,8.5,1.0,0.2055
2021-22,Jaren Jackson Jr.,1628991,-18,23.0,10.0,1.0,0.444
2021-22,Jaren Jackson Jr.,1628991,-17,31.0,29.0,1.0,0.45
2021-22,Jaren Jackson Jr.,1628991,-15,26.0,8.0,0.0,0.286
2021-22,Jaren Jackson Jr.,1628991,-13,34.0,10.0,0.0,0.235
2021-22,Jaren Jackson Jr.,1628991,-12,27.0,19.5,1.5,0.4445
2021-22,Jaren Jackson Jr.,1628991,-9,25.5,17.5,1.0,0.4855
2021-22,Jaren Jackson Jr.,1628991,-7,31.25,20.25,1.5,0.53175
2021-22,Jaren Jackson Jr.,1628991,-5,27.0,21.0,2.0,0.4
2021-22,Jaren Jackson Jr.,1628991,-4,28.0,12.5,0.5,0.247
2021-22,Jaren Jackson Jr.,1628991,-3,33.0,26.0,1.0,0.474
2021-22,Jaren Jackson Jr.,1628991,-2,33.0,26.0,0.0,0.474
2021-22,Jaren Jackson Jr.,1628991,-1,32.75,19.25,2.0,0.36175
2021-22,Jaren Jackson Jr.,1628991,0,34.0,18.0,1.0,0.412
2021-22,Jaren Jackson Jr.,1628991,1,22.5,13.5,1.0,0.625
2021-22,Jaren Jackson Jr.,1628991,2,24.0,17.5,2.0,0.311
2021-22,Jaren Jackson Jr.,1628991,3,25.0,14.0,0.0,0.545
2021-22,Jaren Jackson Jr.,1628991,4,28.666666666666668,15.333333333333334,0.6666666666666666,0.45333333333333337
2021-22,Jaren Jackson Jr.,1628991,5,27.666666666666668,10.666666666666666,2.0,0.35533333333333333
2021-22,Jaren Jackson Jr.,1628991,6,28.5,23.0,1.0,0.5854999999999999
2021-22,Jaren Jackson Jr.,1628991,7,29.0,25.0,0.0,0.5
2021-22,Jaren Jackson Jr.,1628991,8,30.0,21.0,0.5,0.46399999999999997
2021-22,Jaren Jackson Jr.,1628991,9,28.0,15.333333333333334,0.6666666666666666,0.3753333333333333
2021-22,Jaren Jackson Jr.,1628991,10,28.333333333333332,15.0,1.3333333333333333,0.4423333333333333
2021-22,Jaren Jackson Jr.,1628991,11,21.5,12.5,2.5,0.372
2021-22,Jaren Jackson Jr.,1628991,12,28.0,17.5,1.5,0.41150000000000003
2021-22,Jaren Jackson Jr.,1628991,14,32.0,14.0,1.5,0.3105
2021-22,Jaren Jackson Jr.,1628991,16,26.0,13.0,1.0,0.3175
2021-22,Jaren Jackson Jr.,1628991,17,29.0,18.0,1.0,0.438
2021-22,Jaren Jackson Jr.,1628991,18,25.0,13.0,0.0,0.182
2021-22,Jaren Jackson Jr.,1628991,20,29.0,18.0,2.0,0.385
2021-22,Jaren Jackson Jr.,1628991,21,30.666666666666668,20.333333333333332,1.3333333333333333,0.47233333333333327
2021-22,Jaren Jackson Jr.,1628991,22,29.0,21.0,1.0,0.5
2021-22,Jaren Jackson Jr.,1628991,24,22.0,17.0,0.0,0.462
2021-22,Jaren Jackson Jr.,1628991,25,21.0,12.0,0.0,0.5
2021-22,Jaren Jackson Jr.,1628991,28,26.0,11.0,0.0,0.385
2021-22,Jaren Jackson Jr.,1628991,29,21.0,19.0,1.0,0.5
2021-22,Jaren Jackson Jr.,1628991,31,29.0,26.0,3.0,0.412
2021-22,Jaren Jackson Jr.,1628991,34,24.0,18.0,0.0,0.5
2021-22,Jaren Jackson Jr.,1628991,42,20.0,27.0,1.0,0.818
2021-22,Jaren Jackson Jr.,1628991,47,23.0,22.0,0.0,0.538
2021-22,Jarred Vanderbilt,1629020,-22,30.0,9.0,2.0,0.5
2021-22,Jarred Vanderbilt,1629020,-14,26.0,13.0,1.0,0.462
2021-22,Jarred Vanderbilt,1629020,-13,25.0,8.0,2.0,0.5
2021-22,Jarred Vanderbilt,1629020,-12,30.0,9.0,1.0,0.75
2021-22,Jarred Vanderbilt,1629020,-11,22.0,5.0,1.0,0.4
2021-22,Jarred Vanderbilt,1629020,-10,24.333333333333332,8.0,0.3333333333333333,0.7083333333333334
2021-22,Jarred Vanderbilt,1629020,-9,25.5,10.0,2.5,0.5835
2021-22,Jarred Vanderbilt,1629020,-8,23.0,4.0,1.0,1.0
2021-22,Jarred Vanderbilt,1629020,-7,26.5,2.5,1.0,0.4165
2021-22,Jarred Vanderbilt,1629020,-6,20.0,2.0,0.0,0.333
2021-22,Jarred Vanderbilt,1629020,-5,24.333333333333332,9.333333333333334,1.3333333333333333,0.7903333333333333
2021-22,Jarred Vanderbilt,1629020,-4,27.0,5.5,0.5,0.5835
2021-22,Jarred Vanderbilt,1629020,-3,25.0,2.0,1.0,0.333
2021-22,Jarred Vanderbilt,1629020,-2,31.0,10.0,3.0,0.657
2021-22,Jarred Vanderbilt,1629020,-1,23.666666666666668,6.333333333333333,1.3333333333333333,0.7736666666666666
2021-22,Jarred Vanderbilt,1629020,0,33.0,4.0,0.0,0.333
2021-22,Jarred Vanderbilt,1629020,1,33.0,4.0,0.0,0.667
2021-22,Jarred Vanderbilt,1629020,2,28.5,9.0,1.0,0.5275
2021-22,Jarred Vanderbilt,1629020,3,26.0,7.0,1.5,0.5625
2021-22,Jarred Vanderbilt,1629020,5,26.5,6.5,0.75,0.525
2021-22,Jarred Vanderbilt,1629020,6,38.0,6.0,2.0,0.75
2021-22,Jarred Vanderbilt,1629020,7,28.333333333333332,4.666666666666667,1.3333333333333333,0.7166666666666667
2021-22,Jarred Vanderbilt,1629020,8,27.25,9.0,1.0,0.5625
2021-22,Jarred Vanderbilt,1629020,9,28.333333333333332,13.0,2.3333333333333335,0.6546666666666666
2021-22,Jarred Vanderbilt,1629020,10,32.0,6.0,1.0,0.667
2021-22,Jarred Vanderbilt,1629020,11,24.0,4.0,0.0,1.0
2021-22,Jarred Vanderbilt,1629020,12,31.0,9.0,2.0,1.0
2021-22,Jarred Vanderbilt,1629020,15,32.0,9.0,1.0,0.75
2021-22,Jarred Vanderbilt,1629020,16,37.0,14.0,2.0,0.625
2021-22,Jarred Vanderbilt,1629020,17,28.0,11.0,3.0,0.556
2021-22,Jarred Vanderbilt,1629020,21,30.0,5.0,3.0,0.5
2021-22,Jarred Vanderbilt,1629020,24,31.0,4.0,0.0,0.5
2021-22,Jarred Vanderbilt,1629020,25,25.0,16.0,1.0,0.6
2021-22,Jarred Vanderbilt,1629020,26,32.0,6.0,2.0,1.0
2021-22,Jarred Vanderbilt,1629020,27,28.0,8.0,0.0,0.571
2021-22,Jarred Vanderbilt,1629020,28,26.0,5.5,2.5,0.625
2021-22,Jarrett Allen,1628386,-27,33.0,13.0,1.0,0.556
2021-22,Jarrett Allen,1628386,-24,33.0,18.0,0.0,0.778
2021-22,Jarrett Allen,1628386,-23,31.0,6.0,3.0,0.667
2021-22,Jarrett Allen,1628386,-22,22.0,4.0,0.0,0.667
2021-22,Jarrett Allen,1628386,-17,29.0,12.0,1.0,0.714
2021-22,Jarrett Allen,1628386,-14,28.0,11.0,1.0,1.0
2021-22,Jarrett Allen,1628386,-11,35.0,15.0,3.0,0.364
2021-22,Jarrett Allen,1628386,-10,36.5,15.5,1.5,0.6165
2021-22,Jarrett Allen,1628386,-7,32.0,19.0,1.5,0.768
2021-22,Jarrett Allen,1628386,-6,32.0,12.0,3.0,0.7164999999999999
2021-22,Jarrett Allen,1628386,-5,31.5,23.5,1.5,0.5854999999999999
2021-22,Jarrett Allen,1628386,-4,31.5,10.5,1.0,0.4345
2021-22,Jarrett Allen,1628386,-3,28.5,16.5,2.0,0.75
2021-22,Jarrett Allen,1628386,-2,37.5,23.0,1.0,0.859
2021-22,Jarrett Allen,1628386,0,32.75,15.0,1.5,0.5475
2021-22,Jarrett Allen,1628386,1,34.0,16.5,0.5,0.687
2021-22,Jarrett Allen,1628386,3,32.0,18.0,2.0,0.5
2021-22,Jarrett Allen,1628386,4,33.0,15.0,1.5,0.7915
2021-22,Jarrett Allen,1628386,5,34.0,19.4,1.6,0.8112
2021-22,Jarrett Allen,1628386,6,32.5,16.5,0.5,0.6115
2021-22,Jarrett Allen,1628386,7,32.0,17.0,3.0,1.0
2021-22,Jarrett Allen,1628386,8,33.0,10.0,1.0,0.444
2021-22,Jarrett Allen,1628386,11,34.333333333333336,17.333333333333332,0.6666666666666666,0.7120000000000001
2021-22,Jarrett Allen,1628386,12,32.333333333333336,17.333333333333332,2.3333333333333335,0.6753333333333332
2021-22,Jarrett Allen,1628386,16,33.0,13.0,1.0,0.833
2021-22,Jarrett Allen,1628386,17,34.0,18.0,4.0,0.533
2021-22,Jarrett Allen,1628386,18,32.0,13.0,4.0,0.556
2021-22,Jarrett Allen,1628386,19,36.0,28.0,2.0,0.765
2021-22,Jarrett Allen,1628386,22,35.0,19.0,3.0,0.889
2021-22,Jarrett Allen,1628386,23,30.0,12.0,2.0,0.714
2021-22,Jarrett Allen,1628386,26,28.0,20.0,1.5,0.8465
2021-22,Jarrett Allen,1628386,30,34.0,28.0,3.0,0.706
2021-22,Jarrett Culver,1629633,-15,31.0,14.0,1.0,0.313
2021-22,Jarrett Culver,1629633,4,21.0,5.0,2.0,0.222
2021-22,Jarrett Culver,1629633,17,30.0,12.0,0.0,0.455
2021-22,Javonte Green,1629750,-27,21.5,4.0,1.5,0.6
2021-22,Javonte Green,1629750,-21,22.0,8.0,2.0,0.6
2021-22,Javonte Green,1629750,-17,20.0,8.0,0.0,0.429
2021-22,Javonte Green,1629750,-15,25.0,11.0,0.0,0.375
2021-22,Javonte Green,1629750,-14,23.0,8.333333333333334,0.3333333333333333,0.443
2021-22,Javonte Green,1629750,-12,28.0,12.0,0.0,0.714
2021-22,Javonte Green,1629750,-11,22.0,5.0,0.0,0.5
2021-22,Javonte Green,1629750,-8,31.0,17.0,1.0,0.833
2021-22,Javonte Green,1629750,-7,25.0,5.0,2.0,0.667
2021-22,Javonte Green,1629750,-5,22.0,5.0,0.0,1.0
2021-22,Javonte Green,1629750,-3,28.0,4.0,0.0,0.4
2021-22,Javonte Green,1629750,-2,28.333333333333332,8.333333333333334,1.3333333333333333,0.6033333333333334
2021-22,Javonte Green,1629750,-1,20.0,6.0,1.0,0.667
2021-22,Javonte Green,1629750,0,23.5,9.0,0.5,0.667
2021-22,Javonte Green,1629750,2,39.0,8.0,2.0,0.5
2021-22,Javonte Green,1629750,3,27.0,2.0,2.0,0.0
2021-22,Javonte Green,1629750,4,33.0,13.0,2.0,0.429
2021-22,Javonte Green,1629750,5,28.666666666666668,11.333333333333334,1.3333333333333333,0.789
2021-22,Javonte Green,1629750,6,23.0,12.0,1.0,0.667
2021-22,Javonte Green,1629750,7,31.333333333333332,6.666666666666667,2.3333333333333335,0.35533333333333333
2021-22,Javonte Green,1629750,9,22.0,9.0,1.0,0.667
2021-22,Javonte Green,1629750,10,27.0,4.0,1.0,0.2
2021-22,Javonte Green,1629750,11,26.5,8.0,1.5,0.7
2021-22,Javonte Green,1629750,13,25.5,8.0,1.0,0.3705
2021-22,Javonte Green,1629750,15,25.0,15.333333333333334,1.3333333333333333,0.6786666666666666
2021-22,Javonte Green,1629750,16,35.0,4.0,3.0,0.667
2021-22,Javonte Green,1629750,17,29.0,2.0,0.0,0.5
2021-22,Javonte Green,1629750,18,33.0,6.0,3.0,0.6
2021-22,Javonte Green,1629750,20,22.0,5.0,1.0,0.333
2021-22,Javonte Green,1629750,24,23.0,14.0,3.0,0.8
2021-22,Javonte Smart,1630606,-37,44.0,4.0,4.0,0.143
2021-22,Javonte Smart,1630606,-14,33.0,20.0,1.0,0.571
2021-22,Javonte Smart,1630606,7,28.0,8.0,4.0,0.286
2021-22,Jaxson Hayes,1629637,-20,34.0,13.0,2.0,0.4
2021-22,Jaxson Hayes,1629637,-19,26.0,18.0,0.0,0.667
2021-22,Jaxson Hayes,1629637,-14,24.0,13.0,1.0,0.417
2021-22,Jaxson Hayes,1629637,-13,26.0,10.0,1.5,0.875
2021-22,Jaxson Hayes,1629637,-9,26.0,6.0,2.0,0.6
2021-22,Jaxson Hayes,1629637,-6,21.0,9.5,0.5,0.55
2021-22,Jaxson Hayes,1629637,-5,24.0,13.666666666666666,1.3333333333333333,0.5276666666666666
2021-22,Jaxson Hayes,1629637,-3,29.0,5.0,2.0,1.0
2021-22,Jaxson Hayes,1629637,-2,37.0,9.0,1.0,0.375
2021-22,Jaxson Hayes,1629637,2,30.5,17.5,0.0,0.8785000000000001
2021-22,Jaxson Hayes,1629637,4,27.0,13.0,4.0,0.833
2021-22,Jaxson Hayes,1629637,7,28.0,16.0,1.5,0.5835
2021-22,Jaxson Hayes,1629637,8,26.0,6.0,0.0,0.5
2021-22,Jaxson Hayes,1629637,9,31.0,14.0,0.5,0.75
2021-22,Jaxson Hayes,1629637,10,24.0,11.0,0.0,0.714
2021-22,Jaxson Hayes,1629637,14,27.0,21.0,0.0,0.8
2021-22,Jaxson Hayes,1629637,15,37.0,12.0,1.0,0.417
2021-22,Jaxson Hayes,1629637,16,29.0,23.0,1.0,0.714
2021-22,Jaxson Hayes,1629637,17,26.0,21.0,0.0,0.75
2021-22,Jaxson Hayes,1629637,22,24.0,7.0,2.0,0.5
2021-22,Jaxson Hayes,1629637,23,30.0,11.0,0.0,0.833
2021-22,Jaxson Hayes,1629637,25,22.0,5.0,1.0,0.5
2021-22,Jaxson Hayes,1629637,36,27.0,16.0,0.0,0.625
2021-22,Jay Scrubb,1630206,4,20.0,4.0,0.0,0.333
2021-22,Jaylen Brown,1627759,-15,37.0,25.0,3.0,0.444
2021-22,Jaylen Brown,1627759,-13,35.0,23.0,8.0,0.625
2021-22,Jaylen Brown,1627759,-11,34.5,24.5,3.5,0.399
2021-22,Jaylen Brown,1627759,-10,34.0,22.0,5.0,0.35
2021-22,Jaylen Brown,1627759,-9,36.5,23.5,4.5,0.4295
2021-22,Jaylen Brown,1627759,-8,35.5,21.5,2.5,0.361
2021-22,Jaylen Brown,1627759,-7,23.0,13.0,0.0,0.333
2021-22,Jaylen Brown,1627759,-6,37.0,25.0,2.5,0.5640000000000001
2021-22,Jaylen Brown,1627759,-5,28.0,30.0,0.0,0.611
2021-22,Jaylen Brown,1627759,-4,37.5,23.0,6.0,0.519
2021-22,Jaylen Brown,1627759,-3,34.5,17.5,4.5,0.423
2021-22,Jaylen Brown,1627759,-2,33.6,22.4,1.4,0.429
2021-22,Jaylen Brown,1627759,-1,39.0,12.0,4.0,0.235
2021-22,Jaylen Brown,1627759,0,35.0,19.0,4.0,0.421
2021-22,Jaylen Brown,1627759,1,37.5,23.5,3.75,0.47000000000000003
2021-22,Jaylen Brown,1627759,3,32.333333333333336,18.0,5.333333333333333,0.3373333333333333
2021-22,Jaylen Brown,1627759,4,34.0,23.0,2.0,0.471
2021-22,Jaylen Brown,1627759,5,35.0,13.0,3.0,0.324
2021-22,Jaylen Brown,1627759,6,34.666666666666664,29.0,4.0,0.5556666666666666
2021-22,Jaylen Brown,1627759,10,46.0,50.0,4.0,0.655
2021-22,Jaylen Brown,1627759,11,32.333333333333336,23.666666666666668,2.6666666666666665,0.4166666666666667
2021-22,Jaylen Brown,1627759,12,32.25,19.5,2.0,0.392
2021-22,Jaylen Brown,1627759,14,35.0,34.0,3.0,0.562
2021-22,Jaylen Brown,1627759,15,28.0,26.0,3.0,0.455
2021-22,Jaylen Brown,1627759,16,35.0,30.666666666666668,5.0,0.5403333333333333
2021-22,Jaylen Brown,1627759,17,35.0,31.0,3.0,0.55
2021-22,Jaylen Brown,1627759,18,33.0,22.0,4.0,0.364
2021-22,Jaylen Brown,1627759,20,30.5,22.5,5.0,0.525
2021-22,Jaylen Brown,1627759,21,22.0,19.0,0.0,0.462
2021-22,Jaylen Brown,1627759,22,34.0,25.0,4.0,0.476
2021-22,Jaylen Brown,1627759,23,34.0,22.0,11.0,0.6
2021-22,Jaylen Brown,1627759,26,34.0,26.0,3.0,0.429
2021-22,Jaylen Brown,1627759,27,34.0,30.0,0.0,0.632
2021-22,Jaylen Brown,1627759,28,31.0,29.0,2.0,0.579
2021-22,Jaylen Brown,1627759,32,29.0,29.0,3.0,0.588
2021-22,Jaylen Brown,1627759,35,23.0,30.0,3.0,0.579
2021-22,Jaylen Brown,1627759,36,28.0,32.0,5.0,0.706
2021-22,Jaylen Brown,1627759,40,27.0,22.0,9.0,0.75
2021-22,Jaylen Hoard,1629658,-48,45.0,14.0,3.0,0.3
2021-22,Jaylen Hoard,1629658,-25,36.0,23.0,3.0,0.471
2021-22,Jaylen Hoard,1629658,-21,46.0,27.0,4.0,0.565
2021-22,Jaylen Hoard,1629658,-16,40.0,11.0,3.0,0.556
2021-22,Jaylen Hoard,1629658,9,45.0,24.0,3.0,0.647
2021-22,Jaylen Hoard,1629658,18,23.0,4.0,1.0,0.333
2021-22,Jaylen Nowell,1629669,-16,27.5,12.0,4.0,0.491
2021-22,Jaylen Nowell,1629669,-12,28.0,10.0,2.0,0.313
2021-22,Jaylen Nowell,1629669,-6,23.0,4.0,2.0,0.143
2021-22,Jaylen Nowell,1629669,-5,22.0,16.333333333333332,2.0,0.7206666666666667
2021-22,Jaylen Nowell,1629669,-3,24.0,8.0,0.0,0.5
2021-22,Jaylen Nowell,1629669,-2,21.0,15.0,2.0,0.5
2021-22,Jaylen Nowell,1629669,2,27.0,8.0,5.0,0.308
2021-22,Jaylen Nowell,1629669,4,23.0,14.0,3.0,0.417
2021-22,Jaylen Nowell,1629669,5,20.0,10.0,2.0,0.364
2021-22,Jaylen Nowell,1629669,7,24.0,10.0,3.0,0.333
2021-22,Jaylen Nowell,1629669,8,34.0,29.0,3.0,0.556
2021-22,Jaylen Nowell,1629669,9,24.0,22.0,2.0,0.615
2021-22,Jaylen Nowell,1629669,12,25.0,15.0,3.0,0.75
2021-22,Jaylen Nowell,1629669,13,24.0,13.0,4.0,0.5835
2021-22,Jaylen Nowell,1629669,21,24.0,17.0,4.0,0.667
2021-22,Jaylen Nowell,1629669,28,26.0,6.0,7.0,0.333
2021-22,Jayson Tatum,1628369,-33,30.0,15.0,3.0,0.25
2021-22,Jayson Tatum,1628369,-24,35.0,22.0,3.0,0.34099999999999997
2021-22,Jayson Tatum,1628369,-13,40.0,24.0,2.0,0.391
2021-22,Jayson Tatum,1628369,-12,34.5,20.5,5.0,0.55
2021-22,Jayson Tatum,1628369,-10,35.0,20.0,4.0,0.294
2021-22,Jayson Tatum,1628369,-9,35.0,21.5,3.0,0.35
2021-22,Jayson Tatum,1628369,-8,34.0,28.5,2.5,0.5
2021-22,Jayson Tatum,1628369,-7,37.0,23.666666666666668,4.0,0.38599999999999995
2021-22,Jayson Tatum,1628369,-5,38.0,27.0,5.5,0.4185
2021-22,Jayson Tatum,1628369,-4,34.666666666666664,24.666666666666668,3.0,0.4123333333333334
2021-22,Jayson Tatum,1628369,-3,44.0,20.0,4.0,0.233
2021-22,Jayson Tatum,1628369,-1,38.0,26.5,5.5,0.442
2021-22,Jayson Tatum,1628369,2,42.5,27.0,5.0,0.367
2021-22,Jayson Tatum,1628369,3,41.0,24.0,5.0,0.389
2021-22,Jayson Tatum,1628369,4,36.666666666666664,29.0,4.666666666666667,0.44333333333333336
2021-22,Jayson Tatum,1628369,5,37.0,29.0,2.0,0.541
2021-22,Jayson Tatum,1628369,6,38.0,26.0,6.0,0.381
2021-22,Jayson Tatum,1628369,8,39.0,36.0,9.0,0.571
2021-22,Jayson Tatum,1628369,9,32.0,19.0,9.0,0.375
2021-22,Jayson Tatum,1628369,10,31.75,22.5,2.5,0.39525
2021-22,Jayson Tatum,1628369,11,40.333333333333336,29.333333333333332,2.6666666666666665,0.4046666666666667
2021-22,Jayson Tatum,1628369,12,37.666666666666664,29.333333333333332,3.0,0.42650000000000005
2021-22,Jayson Tatum,1628369,13,37.0,8.0,10.0,0.125
2021-22,Jayson Tatum,1628369,14,32.5,27.5,3.5,0.45499999999999996
2021-22,Jayson Tatum,1628369,16,28.0,26.0,3.0,0.6
2021-22,Jayson Tatum,1628369,17,34.666666666666664,31.333333333333332,4.333333333333333,0.488
2021-22,Jayson Tatum,1628369,18,36.5,33.0,5.0,0.5
2021-22,Jayson Tatum,1628369,19,36.5,25.5,4.5,0.4475
2021-22,Jayson Tatum,1628369,21,37.5,40.0,5.5,0.647
2021-22,Jayson Tatum,1628369,22,33.166666666666664,28.666666666666668,6.5,0.49233333333333335
2021-22,Jayson Tatum,1628369,23,33.0,30.0,3.0,0.455
2021-22,Jayson Tatum,1628369,29,26.0,31.0,3.0,0.786
2021-22,Jayson Tatum,1628369,30,31.0,20.0,5.0,0.467
2021-22,Jayson Tatum,1628369,31,32.0,51.0,7.0,0.643
2021-22,Jayson Tatum,1628369,32,31.0,17.0,5.5,0.48450000000000004
2021-22,Jayson Tatum,1628369,34,31.0,31.0,6.0,0.55
2021-22,Jayson Tatum,1628369,36,31.0,36.0,6.0,0.609
2021-22,Jayson Tatum,1628369,40,34.0,32.0,4.0,0.75
2021-22,Jeff Dowtin Jr.,1630288,-22,30.0,4.0,3.0,0.25
2021-22,Jeff Green,201145,-22,32.0,17.0,2.0,0.469
2021-22,Jeff Green,201145,-21,20.0,8.0,0.0,0.6
2021-22,Jeff Green,201145,-15,28.0,13.0,0.5,0.6
2021-22,Jeff Green,201145,-13,21.0,12.0,0.0,0.313
2021-22,Jeff Green,201145,-12,30.0,19.0,0.0,0.6
2021-22,Jeff Green,201145,-11,25.0,10.0,1.3333333333333333,0.5
2021-22,Jeff Green,201145,-10,23.0,9.5,0.5,0.6785
2021-22,Jeff Green,201145,-9,25.333333333333332,12.0,1.6666666666666667,0.5776666666666667
2021-22,Jeff Green,201145,-8,21.5,6.5,1.0,0.7
2021-22,Jeff Green,201145,-6,23.0,11.0,1.0,0.667
2021-22,Jeff Green,201145,-5,20.0,8.0,1.0,0.3
2021-22,Jeff Green,201145,-3,24.0,8.0,1.5,0.28350000000000003
2021-22,Jeff Green,201145,-2,28.0,7.0,0.0,0.375
2021-22,Jeff Green,201145,-1,23.0,0.0,0.0,0.0
2021-22,Jeff Green,201145,0,26.0,6.0,1.5,0.2915
2021-22,Jeff Green,201145,1,21.5,4.0,1.5,0.4
2021-22,Jeff Green,201145,4,21.5,4.0,0.5,0.25
2021-22,Jeff Green,201145,5,32.5,13.5,3.5,0.6335
2021-22,Jeff Green,201145,6,27.0,12.0,1.0,0.364
2021-22,Jeff Green,201145,7,29.5,17.0,0.5,0.6115
2021-22,Jeff Green,201145,8,28.666666666666668,11.0,1.3333333333333333,0.37033333333333335
2021-22,Jeff Green,201145,9,25.0,12.2,1.8,0.5158
2021-22,Jeff Green,201145,10,24.0,2.0,0.0,0.143
2021-22,Jeff Green,201145,11,29.666666666666668,14.0,2.0,0.6466666666666666
2021-22,Jeff Green,201145,12,20.0,6.0,1.0,0.667
2021-22,Jeff Green,201145,13,30.666666666666668,18.0,2.6666666666666665,0.6443333333333333
2021-22,Jeff Green,201145,14,23.0,5.0,1.0,0.4
2021-22,Jeff Green,201145,15,28.5,12.5,0.0,0.646
2021-22,Jeff Green,201145,16,27.5,11.5,1.5,0.583
2021-22,Jeff Green,201145,17,24.0,8.0,3.0,1.0
2021-22,Jeff Green,201145,19,26.0,16.0,2.0,0.7
2021-22,Jeff Green,201145,21,28.0,26.0,4.0,0.714
2021-22,Jeff Green,201145,22,33.0,13.0,0.0,0.417
2021-22,Jerami Grant,203924,-21,27.0,11.0,0.0,0.333
2021-22,Jerami Grant,203924,-20,27.0,7.0,1.0,0.3
2021-22,Jerami Grant,203924,-18,23.0,21.0,1.0,0.615
2021-22,Jerami Grant,203924,-17,28.0,13.0,1.0,0.385
2021-22,Jerami Grant,203924,-16,29.0,20.0,4.0,0.538
2021-22,Jerami Grant,203924,-13,27.0,11.0,2.0,0.357
2021-22,Jerami Grant,203924,-12,37.666666666666664,13.666666666666666,2.3333333333333335,0.22866666666666666
2021-22,Jerami Grant,203924,-11,31.25,17.5,1.0,0.359
2021-22,Jerami Grant,203924,-10,29.5,16.25,1.75,0.4175
2021-22,Jerami Grant,203924,-9,31.5,15.5,2.0,0.2565
2021-22,Jerami Grant,203924,-8,25.0,10.0,3.0,0.25
2021-22,Jerami Grant,203924,-7,35.0,20.0,3.25,0.44375
2021-22,Jerami Grant,203924,-4,34.0,28.0,2.0,0.45899999999999996
2021-22,Jerami Grant,203924,-3,33.5,27.0,4.5,0.48950000000000005
2021-22,Jerami Grant,203924,-2,38.0,27.5,3.5,0.4375
2021-22,Jerami Grant,203924,-1,33.0,26.0,2.0,0.579
2021-22,Jerami Grant,203924,0,33.0,18.5,1.0,0.4665
2021-22,Jerami Grant,203924,1,36.0,22.5,3.0,0.48350000000000004
2021-22,Jerami Grant,203924,2,34.0,19.0,0.0,0.357
2021-22,Jerami Grant,203924,4,35.0,40.0,1.0,0.591
2021-22,Jerami Grant,203924,5,30.0,15.75,4.0,0.38175
2021-22,Jerami Grant,203924,6,35.0,26.0,4.0,0.529
2021-22,Jerami Grant,203924,7,31.0,16.0,1.0,0.267
2021-22,Jerami Grant,203924,8,34.0,30.5,3.5,0.5465
2021-22,Jerami Grant,203924,20,21.0,21.0,4.0,0.545
2021-22,Jeremiah Robinson-Earl,1630526,-56,23.0,2.0,0.0,0.0
2021-22,Jeremiah Robinson-Earl,1630526,-28,26.0,2.0,1.0,0.111
2021-22,Jeremiah Robinson-Earl,1630526,-22,24.0,0.0,1.0,0.0
2021-22,Jeremiah Robinson-Earl,1630526,-20,27.0,7.0,0.0,0.429
2021-22,Jeremiah Robinson-Earl,1630526,-19,26.5,9.0,0.5,0.42200000000000004
2021-22,Jeremiah Robinson-Earl,1630526,-18,21.0,2.0,0.0,0.167
2021-22,Jeremiah Robinson-Earl,1630526,-11,31.0,13.0,1.0,0.444
2021-22,Jeremiah Robinson-Earl,1630526,-9,25.0,12.0,2.0,0.5
2021-22,Jeremiah Robinson-Earl,1630526,-8,33.0,12.0,4.0,0.556
2021-22,Jeremiah Robinson-Earl,1630526,-7,22.0,8.0,1.0,0.479
2021-22,Jeremiah Robinson-Earl,1630526,-5,21.0,7.0,0.0,0.333
2021-22,Jeremiah Robinson-Earl,1630526,-4,21.0,2.0,2.0,0.333
2021-22,Jeremiah Robinson-Earl,1630526,-3,25.0,16.0,2.0,0.545
2021-22,Jeremiah Robinson-Earl,1630526,-2,21.0,12.0,3.0,0.571
2021-22,Jeremiah Robinson-Earl,1630526,-1,27.0,10.5,2.5,0.4645
2021-22,Jeremiah Robinson-Earl,1630526,0,24.0,8.0,0.0,0.369
2021-22,Jeremiah Robinson-Earl,1630526,1,26.5,8.0,0.5,0.384
2021-22,Jeremiah Robinson-Earl,1630526,2,25.5,8.0,2.0,0.4
2021-22,Jeremiah Robinson-Earl,1630526,4,24.0,8.0,1.0,0.333
2021-22,Jeremiah Robinson-Earl,1630526,5,28.0,2.5,1.5,0.1805
2021-22,Jeremiah Robinson-Earl,1630526,6,23.0,3.0,1.0,0.333
2021-22,Jeremiah Robinson-Earl,1630526,9,24.0,7.5,1.5,0.278
2021-22,Jeremiah Robinson-Earl,1630526,14,25.0,13.0,1.0,0.5055000000000001
2021-22,Jeremiah Robinson-Earl,1630526,21,33.0,14.0,1.0,0.455
2021-22,Jeremy Lamb,203087,-13,26.0,12.0,1.0,0.5
2021-22,Jeremy Lamb,203087,-12,26.0,6.0,4.0,0.25
2021-22,Jeremy Lamb,203087,-10,20.0,11.0,2.0,0.5
2021-22,Jeremy Lamb,203087,-9,29.0,12.0,1.0,0.333
2021-22,Jeremy Lamb,203087,-6,22.0,15.0,5.0,0.556
2021-22,Jeremy Lamb,203087,-2,23.0,12.0,1.0,0.455
2021-22,Jeremy Lamb,203087,2,21.0,7.0,0.0,0.4
2021-22,Jeremy Lamb,203087,4,28.0,14.0,2.0,0.4
2021-22,Jeremy Lamb,203087,5,22.5,7.0,0.0,0.264
2021-22,Jeremy Lamb,203087,6,24.0,5.0,1.0,0.4
2021-22,Jeremy Lamb,203087,8,26.0,9.0,2.0,0.6
2021-22,Jeremy Lamb,203087,10,20.0,10.0,3.0,0.5
2021-22,Jeremy Lamb,203087,13,25.0,11.0,6.0,0.3
2021-22,Jeremy Lamb,203087,14,22.0,16.0,5.0,0.545
2021-22,Jeremy Lamb,203087,18,23.0,9.0,1.0,0.375
2021-22,Jeremy Lamb,203087,19,22.0,14.0,4.0,0.571
2021-22,Jeremy Lamb,203087,26,30.0,14.0,5.0,0.364
2021-22,Jericho Sims,1630579,-12,34.0,10.0,2.0,0.667
2021-22,Jericho Sims,1630579,-6,21.0,0.0,2.0,0.0
2021-22,Jericho Sims,1630579,-5,22.0,6.0,0.0,1.0
2021-22,Jericho Sims,1630579,10,25.0,10.0,1.0,1.0
2021-22,Jericho Sims,1630579,14,21.0,6.0,0.0,1.0
2021-22,Jericho Sims,1630579,19,27.0,6.0,2.0,1.0
2021-22,Jericho Sims,1630579,20,23.0,6.0,2.0,1.0
2021-22,Jericho Sims,1630579,21,23.0,5.0,0.0,0.667
2021-22,Jericho Sims,1630579,24,33.0,6.0,3.0,0.25
2021-22,Jericho Sims,1630579,27,39.0,6.0,1.0,0.75
2021-22,Jevon Carter,1628975,-22,29.0,18.0,8.0,0.8
2021-22,Jevon Carter,1628975,-20,25.0,3.0,1.0,0.143
2021-22,Jevon Carter,1628975,-18,25.0,6.0,0.0,0.333
2021-22,Jevon Carter,1628975,-15,33.0,3.0,5.0,0.091
2021-22,Jevon Carter,1628975,-9,22.0,9.0,3.0,0.8
2021-22,Jevon Carter,1628975,-6,23.0,6.0,1.0,0.333
2021-22,Jevon Carter,1628975,-3,24.0,5.0,2.0,0.286
2021-22,Jevon Carter,1628975,-2,27.0,11.0,7.0,0.667
2021-22,Jevon Carter,1628975,1,24.5,8.0,1.5,0.2915
2021-22,Jevon Carter,1628975,3,30.0,21.0,3.0,0.438
2021-22,Jevon Carter,1628975,4,25.0,9.0,3.0,0.75
2021-22,Jevon Carter,1628975,8,20.0,13.0,3.0,0.5
2021-22,Jevon Carter,1628975,9,23.0,3.0,2.0,0.5
2021-22,Jevon Carter,1628975,13,21.0,5.0,2.0,1.0
2021-22,Jevon Carter,1628975,23,23.5,11.0,4.5,0.444
2021-22,Jimmy Butler,202710,-26,24.0,7.0,4.0,0.222
2021-22,Jimmy Butler,202710,-21,35.0,6.0,2.0,0.143
2021-22,Jimmy Butler,202710,-16,38.0,16.0,5.0,0.556
2021-22,Jimmy Butler,202710,-13,27.0,22.0,3.0,0.5
2021-22,Jimmy Butler,202710,-12,35.5,24.0,5.5,0.571
2021-22,Jimmy Butler,202710,-11,40.0,20.0,3.0,0.467
2021-22,Jimmy Butler,202710,-10,38.0,20.0,2.0,0.444
2021-22,Jimmy Butler,202710,-8,24.0,10.0,4.0,0.308
2021-22,Jimmy Butler,202710,-7,35.5,22.5,6.0,0.47750000000000004
2021-22,Jimmy Butler,202710,-6,38.0,20.0,12.0,0.389
2021-22,Jimmy Butler,202710,-5,38.5,25.0,7.0,0.43700000000000006
2021-22,Jimmy Butler,202710,-4,33.0,23.0,2.0,0.45
2021-22,Jimmy Butler,202710,-3,33.0,23.5,2.0,0.5680000000000001
2021-22,Jimmy Butler,202710,-1,36.0,32.0,5.0,0.632
2021-22,Jimmy Butler,202710,0,36.666666666666664,20.333333333333332,7.666666666666667,0.41100000000000003
2021-22,Jimmy Butler,202710,1,41.666666666666664,24.666666666666668,7.666666666666667,0.41
2021-22,Jimmy Butler,202710,2,36.0,13.0,8.0,0.357
2021-22,Jimmy Butler,202710,4,35.0,28.0,5.0,0.579
2021-22,Jimmy Butler,202710,6,30.0,27.0,2.5,0.5355
2021-22,Jimmy Butler,202710,7,34.5,19.0,9.0,0.432
2021-22,Jimmy Butler,202710,8,32.0,36.0,2.0,0.714
2021-22,Jimmy Butler,202710,9,36.0,31.0,10.0,0.556
2021-22,Jimmy Butler,202710,11,35.0,28.0,3.5,0.554
2021-22,Jimmy Butler,202710,12,37.0,21.5,8.0,0.375
2021-22,Jimmy Butler,202710,13,34.5,20.0,7.5,0.4145
2021-22,Jimmy Butler,202710,14,33.0,23.0,6.0,0.364
2021-22,Jimmy Butler,202710,15,33.0,25.25,5.0,0.57475
2021-22,Jimmy Butler,202710,16,34.0,17.0,5.0,0.357
2021-22,Jimmy Butler,202710,17,35.0,22.0,6.0,0.583
2021-22,Jimmy Butler,202710,18,28.0,15.0,4.0,0.308
2021-22,Jimmy Butler,202710,19,30.5,25.0,7.0,0.6535
2021-22,Jimmy Butler,202710,21,29.0,19.0,4.0,0.538
2021-22,Jimmy Butler,202710,22,30.0,27.0,7.0,0.667
2021-22,Jimmy Butler,202710,23,51.0,15.0,8.0,0.208
2021-22,Jimmy Butler,202710,26,29.0,22.0,5.0,0.875
2021-22,Jimmy Butler,202710,27,29.0,21.0,6.0,0.6
2021-22,Jock Landale,1629111,-14,21.0,2.0,1.0,0.167
2021-22,Jock Landale,1629111,-13,23.0,8.0,2.0,0.429
2021-22,Jock Landale,1629111,-8,27.0,6.0,2.0,0.1
2021-22,Jock Landale,1629111,-6,25.0,14.0,2.0,0.455
2021-22,Jock Landale,1629111,-5,34.0,26.0,2.0,0.8
2021-22,Jock Landale,1629111,14,25.0,10.0,2.0,0.333
2021-22,Joe Harris,203925,-23,34.0,9.0,2.0,0.429
2021-22,Joe Harris,203925,-22,33.0,15.0,0.0,0.333
2021-22,Joe Harris,203925,-17,27.0,7.0,0.0,0.5
2021-22,Joe Harris,203925,-10,34.0,18.0,0.0,0.6
2021-22,Joe Harris,203925,-7,30.0,9.0,1.0,0.333
2021-22,Joe Harris,203925,-3,33.0,14.0,1.0,0.357
2021-22,Joe Harris,203925,0,30.0,9.0,2.0,0.333
2021-22,Joe Harris,203925,10,25.0,9.0,0.0,0.6
2021-22,Joe Harris,203925,13,30.0,11.0,2.0,0.25
2021-22,Joe Harris,203925,15,31.666666666666668,14.333333333333334,1.0,0.602
2021-22,Joe Harris,203925,17,32.0,11.0,2.0,0.5
2021-22,Joe Ingles,204060,-15,31.0,9.0,2.0,0.333
2021-22,Joe Ingles,204060,-11,32.0,5.0,5.0,0.222
2021-22,Joe Ingles,204060,-10,23.0,6.333333333333333,2.6666666666666665,0.361
2021-22,Joe Ingles,204060,-8,25.0,5.0,4.0,0.4
2021-22,Joe Ingles,204060,-7,26.0,3.0,4.0,0.25
2021-22,Joe Ingles,204060,-6,25.0,3.6666666666666665,2.6666666666666665,0.3253333333333333
2021-22,Joe Ingles,204060,-4,29.5,5.5,3.5,0.2775
2021-22,Joe Ingles,204060,-3,28.0,7.0,3.5,0.30000000000000004
2021-22,Joe Ingles,204060,-2,26.0,3.0,5.0,0.2
2021-22,Joe Ingles,204060,-1,21.0,2.0,1.0,0.333
2021-22,Joe Ingles,204060,0,26.0,9.333333333333334,3.6666666666666665,0.36200000000000004
2021-22,Joe Ingles,204060,1,26.0,2.0,6.0,0.25
2021-22,Joe Ingles,204060,2,23.0,16.0,5.0,0.462
2021-22,Joe Ingles,204060,3,25.5,9.0,2.0,0.5145
2021-22,Joe Ingles,204060,5,26.0,6.5,4.0,0.3055
2021-22,Joe Ingles,204060,7,22.0,12.0,1.0,0.625
2021-22,Joe Ingles,204060,8,27.0,19.0,3.0,0.778
2021-22,Joe Ingles,204060,9,26.0,3.0,7.0,0.167
2021-22,Joe Ingles,204060,11,26.0,14.0,3.0,0.625
2021-22,Joe Ingles,204060,12,22.0,4.5,2.0,0.5835
2021-22,Joe Ingles,204060,13,24.0,11.0,7.0,0.444
2021-22,Joe Ingles,204060,15,23.0,9.0,3.0,0.5
2021-22,Joe Ingles,204060,16,27.0,13.0,4.0,0.667
2021-22,Joe Ingles,204060,18,26.0,14.5,1.5,0.6275000000000001
2021-22,Joe Ingles,204060,20,23.0,10.0,8.0,0.5
2021-22,Joe Ingles,204060,21,20.0,3.0,5.0,0.2
2021-22,Joe Ingles,204060,23,28.0,14.0,6.0,0.556
2021-22,Joe Ingles,204060,24,26.0,2.0,6.0,0.167
2021-22,Joe Ingles,204060,25,30.0,5.0,3.0,0.333
2021-22,Joe Ingles,204060,32,25.0,11.0,7.0,1.0
2021-22,Joe Wieskamp,1630580,-9,22.0,4.0,2.0,0.333
2021-22,Joel Embiid,203954,-34,26.0,19.0,6.0,0.333
2021-22,Joel Embiid,203954,-30,30.0,27.0,2.0,0.294
2021-22,Joel Embiid,203954,-17,32.0,27.0,4.0,0.412
2021-22,Joel Embiid,203954,-16,32.0,31.0,3.0,0.588
2021-22,Joel Embiid,203954,-15,33.0,34.5,1.5,0.5095000000000001
2021-22,Joel Embiid,203954,-12,36.0,22.0,2.0,0.267
2021-22,Joel Embiid,203954,-11,35.0,23.0,2.0,0.353
2021-22,Joel Embiid,203954,-9,31.666666666666668,19.333333333333332,4.333333333333333,0.338
2021-22,Joel Embiid,203954,-8,30.0,14.0,3.0,0.286
2021-22,Joel Embiid,203954,-6,36.0,40.0,6.0,0.6
2021-22,Joel Embiid,203954,-5,33.0,32.0,6.0,0.55
2021-22,Joel Embiid,203954,-4,31.666666666666668,29.666666666666668,3.6666666666666665,0.536
2021-22,Joel Embiid,203954,-3,30.0,19.0,2.0,0.444
2021-22,Joel Embiid,203954,-1,34.5,31.5,4.25,0.5585
2021-22,Joel Embiid,203954,0,32.0,34.0,1.0,0.478
2021-22,Joel Embiid,203954,1,31.0,23.5,4.5,0.3975
2021-22,Joel Embiid,203954,2,35.0,32.0,3.5,0.5645
2021-22,Joel Embiid,203954,3,38.0,29.0,7.0,0.524
2021-22,Joel Embiid,203954,4,33.333333333333336,30.0,5.333333333333333,0.4656666666666667
2021-22,Joel Embiid,203954,5,33.5,34.0,5.0,0.553
2021-22,Joel Embiid,203954,6,33.0,42.0,4.0,0.5
2021-22,Joel Embiid,203954,7,38.0,27.0,4.666666666666667,0.47833333333333333
2021-22,Joel Embiid,203954,8,34.0,34.0,4.0,0.47750000000000004
2021-22,Joel Embiid,203954,10,33.5,20.0,6.5,0.43300000000000005
2021-22,Joel Embiid,203954,11,38.5,39.5,4.25,0.569
2021-22,Joel Embiid,203954,12,26.0,31.0,6.0,0.563
2021-22,Joel Embiid,203954,13,37.0,42.0,5.0,0.667
2021-22,Joel Embiid,203954,14,33.333333333333336,32.666666666666664,3.0,0.4323333333333334
2021-22,Joel Embiid,203954,15,36.0,28.0,4.0,0.435
2021-22,Joel Embiid,203954,16,36.0,35.333333333333336,3.0,0.5286666666666667
2021-22,Joel Embiid,203954,18,36.0,37.0,3.0,0.389
2021-22,Joel Embiid,203954,20,33.0,33.666666666666664,6.0,0.5556666666666666
2021-22,Joel Embiid,203954,21,31.5,22.5,4.5,0.4175
2021-22,Joel Embiid,203954,22,34.0,27.0,4.0,0.467
2021-22,Joel Embiid,203954,23,27.0,27.0,2.0,0.474
2021-22,Joel Embiid,203954,24,29.5,45.0,6.0,0.6194999999999999
2021-22,Joel Embiid,203954,25,30.5,35.0,2.0,0.631
2021-22,Joel Embiid,203954,26,31.0,30.0,6.5,0.5925
2021-22,John Collins,1628381,-30,20.0,4.0,1.0,0.25
2021-22,John Collins,1628381,-22,30.0,8.0,3.0,0.333
2021-22,John Collins,1628381,-21,30.5,18.0,2.0,0.4255
2021-22,John Collins,1628381,-20,32.0,16.0,2.0,0.667
2021-22,John Collins,1628381,-15,25.0,14.0,0.0,0.444
2021-22,John Collins,1628381,-13,34.0,9.0,0.0,0.333
2021-22,John Collins,1628381,-12,33.0,23.0,1.0,0.526
2021-22,John Collins,1628381,-11,31.666666666666668,13.0,2.6666666666666665,0.38933333333333336
2021-22,John Collins,1628381,-10,30.0,16.0,2.0,0.333
2021-22,John Collins,1628381,-9,38.5,20.0,3.0,0.6375
2021-22,John Collins,1628381,-8,30.0,16.0,1.0,0.714
2021-22,John Collins,1628381,-6,32.0,21.0,0.0,0.471
2021-22,John Collins,1628381,-4,32.5,22.0,2.5,0.585
2021-22,John Collins,1628381,-3,37.0,20.0,3.0,0.5
2021-22,John Collins,1628381,-2,32.0,18.0,0.0,0.6
2021-22,John Collins,1628381,0,35.0,7.0,2.0,0.273
2021-22,John Collins,1628381,1,32.333333333333336,19.0,0.6666666666666666,0.5
2021-22,John Collins,1628381,2,31.0,23.0,3.0,0.5
2021-22,John Collins,1628381,3,28.666666666666668,15.666666666666666,2.0,0.6953333333333332
2021-22,John Collins,1628381,4,31.0,18.0,1.5,0.5765
2021-22,John Collins,1628381,5,27.333333333333332,18.666666666666668,0.3333333333333333,0.58
2021-22,John Collins,1628381,6,33.0,17.0,3.0,0.438
2021-22,John Collins,1628381,7,31.666666666666668,16.333333333333332,3.0,0.4673333333333334
2021-22,John Collins,1628381,9,28.0,13.0,1.0,0.385
2021-22,John Collins,1628381,10,25.5,13.0,1.5,0.5720000000000001
2021-22,John Collins,1628381,11,32.0,9.5,5.0,0.55
2021-22,John Collins,1628381,12,28.5,21.0,1.5,0.6675
2021-22,John Collins,1628381,14,31.666666666666668,16.666666666666668,1.3333333333333333,0.5413333333333333
2021-22,John Collins,1628381,15,25.0,16.0,4.0,0.727
2021-22,John Collins,1628381,20,20.0,20.0,1.0,0.643
2021-22,John Collins,1628381,22,34.0,14.0,2.0,0.625
2021-22,John Collins,1628381,23,36.0,21.0,2.0,0.571
2021-22,John Collins,1628381,35,23.0,21.0,2.0,0.727
2021-22,John Konchar,1629723,-23,32.0,6.0,3.0,0.375
2021-22,John Konchar,1629723,-17,39.0,17.0,10.0,0.636
2021-22,John Konchar,1629723,-14,20.0,0.0,0.0,0.0
2021-22,John Konchar,1629723,-12,22.0,1.0,3.0,0.0835
2021-22,John Konchar,1629723,-9,23.0,2.0,2.0,0.25
2021-22,John Konchar,1629723,-6,20.0,4.0,1.0,0.5
2021-22,John Konchar,1629723,-5,22.0,3.0,2.0,0.333
2021-22,John Konchar,1629723,-4,20.0,8.0,0.0,0.375
2021-22,John Konchar,1629723,-2,21.0,12.0,1.0,0.8
2021-22,John Konchar,1629723,-1,32.0,8.0,1.0,0.333
2021-22,John Konchar,1629723,0,23.0,9.0,1.0,0.5
2021-22,John Konchar,1629723,3,34.0,7.0,2.0,0.75
2021-22,John Konchar,1629723,4,25.0,18.0,4.0,0.7
2021-22,John Konchar,1629723,5,21.0,6.0,5.0,0.5
2021-22,John Konchar,1629723,6,22.0,3.5,1.0,0.375
2021-22,John Konchar,1629723,7,26.0,5.0,2.0,0.2
2021-22,John Konchar,1629723,9,23.0,9.0,0.5,0.8335
2021-22,John Konchar,1629723,10,21.0,2.0,3.0,0.333
2021-22,John Konchar,1629723,15,25.5,12.5,2.0,0.762
2021-22,John Konchar,1629723,16,23.0,11.0,2.0,1.0
2021-22,John Konchar,1629723,20,28.0,11.0,3.0,0.5
2021-22,John Konchar,1629723,29,29.0,12.0,4.5,0.6375
2021-22,Jonas Valanciunas,202685,-37,20.0,10.0,1.0,0.4
2021-22,Jonas Valanciunas,202685,-25,23.0,19.0,2.0,0.533
2021-22,Jonas Valanciunas,202685,-22,37.0,16.0,3.0,0.5
2021-22,Jonas Valanciunas,202685,-21,25.5,8.5,2.0,0.41250000000000003
2021-22,Jonas Valanciunas,202685,-19,31.0,20.0,4.0,0.533
2021-22,Jonas Valanciunas,202685,-18,24.0,6.0,1.0,0.125
2021-22,Jonas Valanciunas,202685,-17,25.0,10.0,1.0,0.333
2021-22,Jonas Valanciunas,202685,-16,26.0,19.0,1.0,0.636
2021-22,Jonas Valanciunas,202685,-15,32.0,17.0,4.0,0.467
2021-22,Jonas Valanciunas,202685,-14,29.5,15.0,1.0,0.5960000000000001
2021-22,Jonas Valanciunas,202685,-13,30.0,13.0,2.0,0.5
2021-22,Jonas Valanciunas,202685,-12,31.0,17.0,3.0,0.636
2021-22,Jonas Valanciunas,202685,-11,30.0,25.0,2.0,0.5
2021-22,Jonas Valanciunas,202685,-9,30.5,19.0,2.5,0.5835
2021-22,Jonas Valanciunas,202685,-8,22.0,12.0,2.0,0.545
2021-22,Jonas Valanciunas,202685,-6,33.666666666666664,19.333333333333332,2.6666666666666665,0.6583333333333333
2021-22,Jonas Valanciunas,202685,-5,29.5,19.5,2.5,0.496
2021-22,Jonas Valanciunas,202685,-4,36.0,24.5,3.5,0.55
2021-22,Jonas Valanciunas,202685,-3,32.0,19.75,3.25,0.565
2021-22,Jonas Valanciunas,202685,-2,32.666666666666664,22.333333333333332,2.0,0.5546666666666666
2021-22,Jonas Valanciunas,202685,-1,37.0,22.5,2.5,0.476
2021-22,Jonas Valanciunas,202685,0,28.0,24.0,5.0,0.611
2021-22,Jonas Valanciunas,202685,1,31.0,18.666666666666668,4.333333333333333,0.6463333333333333
2021-22,Jonas Valanciunas,202685,2,29.0,13.0,2.0,0.444
2021-22,Jonas Valanciunas,202685,3,33.0,18.0,3.0,0.727
2021-22,Jonas Valanciunas,202685,4,30.333333333333332,16.333333333333332,1.6666666666666667,0.4646666666666666
2021-22,Jonas Valanciunas,202685,5,33.0,30.0,3.0,0.55
2021-22,Jonas Valanciunas,202685,6,32.0,18.0,4.0,0.615
2021-22,Jonas Valanciunas,202685,8,30.5,15.5,3.5,0.578
2021-22,Jonas Valanciunas,202685,9,30.0,16.0,6.0,0.545
2021-22,Jonas Valanciunas,202685,10,27.0,15.0,3.0,0.535
2021-22,Jonas Valanciunas,202685,11,24.0,21.0,4.0,0.389
2021-22,Jonas Valanciunas,202685,12,30.0,14.333333333333334,2.6666666666666665,0.6136666666666667
2021-22,Jonas Valanciunas,202685,13,32.5,15.5,2.5,0.39649999999999996
2021-22,Jonas Valanciunas,202685,14,28.5,20.0,3.5,0.5
2021-22,Jonas Valanciunas,202685,15,33.0,15.0,3.0,0.857
2021-22,Jonas Valanciunas,202685,16,33.5,18.5,1.5,0.5605
2021-22,Jonas Valanciunas,202685,17,31.0,17.0,2.0,0.538
2021-22,Jonas Valanciunas,202685,19,21.0,16.0,2.0,0.636
2021-22,Jonas Valanciunas,202685,20,38.5,25.0,2.5,0.6295
2021-22,Jonas Valanciunas,202685,21,27.0,19.0,2.0,0.7
2021-22,Jonas Valanciunas,202685,22,32.0,39.0,3.0,0.625
2021-22,Jonas Valanciunas,202685,23,31.333333333333332,17.333333333333332,1.6666666666666667,0.6
2021-22,Jonas Valanciunas,202685,28,28.0,18.0,4.0,0.667
2021-22,Jonathan Kuminga,1630228,-30,33.0,19.0,1.0,0.5
2021-22,Jonathan Kuminga,1630228,-29,22.0,12.0,2.0,0.333
2021-22,Jonathan Kuminga,1630228,-17,36.0,26.0,2.0,0.6
2021-22,Jonathan Kuminga,1630228,-15,34.0,15.0,4.0,0.364
2021-22,Jonathan Kuminga,1630228,-14,23.0,13.0,1.0,0.417
2021-22,Jonathan Kuminga,1630228,-13,29.0,16.0,0.0,0.667
2021-22,Jonathan Kuminga,1630228,-10,27.0,12.0,3.0,0.625
2021-22,Jonathan Kuminga,1630228,-8,28.0,10.0,1.0,0.5
2021-22,Jonathan Kuminga,1630228,-5,21.0,18.0,0.0,0.583
2021-22,Jonathan Kuminga,1630228,-3,25.0,18.0,0.0,0.727
2021-22,Jonathan Kuminga,1630228,-2,22.0,5.0,1.0,0.167
2021-22,Jonathan Kuminga,1630228,-1,24.0,15.0,1.5,0.7665
2021-22,Jonathan Kuminga,1630228,4,28.0,14.0,1.0,0.375
2021-22,Jonathan Kuminga,1630228,5,20.0,12.0,0.0,0.75
2021-22,Jonathan Kuminga,1630228,6,20.0,13.0,1.0,0.429
2021-22,Jonathan Kuminga,1630228,8,30.0,14.5,1.0,0.5125
2021-22,Jonathan Kuminga,1630228,9,21.0,18.0,2.0,0.75
2021-22,Jonathan Kuminga,1630228,10,26.0,21.0,6.0,0.583
2021-22,Jonathan Kuminga,1630228,11,23.0,9.0,1.0,0.571
2021-22,Jonathan Kuminga,1630228,12,26.5,16.5,4.0,0.545
2021-22,Jonathan Kuminga,1630228,15,26.5,18.5,2.0,0.6665000000000001
2021-22,Jonathan Kuminga,1630228,21,28.0,18.0,2.0,0.7
2021-22,Jonathan Kuminga,1630228,22,25.0,25.0,3.0,0.833
2021-22,Jonathan Kuminga,1630228,24,27.0,17.0,1.0,0.429
2021-22,Jonathan Kuminga,1630228,26,29.0,22.0,1.0,0.529
2021-22,Jordan Clarkson,203903,-30,27.0,18.0,1.0,0.467
2021-22,Jordan Clarkson,203903,-25,33.0,17.0,5.0,0.4
2021-22,Jordan Clarkson,203903,-21,31.0,8.0,1.0,0.214
2021-22,Jordan Clarkson,203903,-19,27.0,11.5,1.5,0.3205
2021-22,Jordan Clarkson,203903,-17,23.0,6.0,1.0,0.154
2021-22,Jordan Clarkson,203903,-16,33.0,17.0,5.0,0.385
2021-22,Jordan Clarkson,203903,-15,29.0,19.0,4.0,0.538
2021-22,Jordan Clarkson,203903,-14,29.0,16.0,1.0,0.263
2021-22,Jordan Clarkson,203903,-11,28.2,17.6,1.6,0.40519999999999995
2021-22,Jordan Clarkson,203903,-10,27.0,16.0,3.0,0.545
2021-22,Jordan Clarkson,203903,-9,24.0,10.0,1.3333333333333333,0.32666666666666666
2021-22,Jordan Clarkson,203903,-7,21.0,11.0,2.0,0.308
2021-22,Jordan Clarkson,203903,-5,27.333333333333332,15.333333333333334,5.0,0.41033333333333327
2021-22,Jordan Clarkson,203903,-4,24.5,4.0,2.0,0.11549999999999999
2021-22,Jordan Clarkson,203903,-2,23.0,10.0,4.5,0.269
2021-22,Jordan Clarkson,203903,0,24.333333333333332,12.666666666666666,1.6666666666666667,0.328
2021-22,Jordan Clarkson,203903,2,30.0,26.0,2.0,0.474
2021-22,Jordan Clarkson,203903,3,27.666666666666668,16.333333333333332,0.6666666666666666,0.46166666666666667
2021-22,Jordan Clarkson,203903,4,25.0,15.25,2.25,0.4345
2021-22,Jordan Clarkson,203903,5,28.333333333333332,19.333333333333332,1.3333333333333333,0.49033333333333334
2021-22,Jordan Clarkson,203903,7,25.666666666666668,14.333333333333334,3.3333333333333335,0.3953333333333333
2021-22,Jordan Clarkson,203903,8,27.5,18.0,3.0,0.48350000000000004
2021-22,Jordan Clarkson,203903,9,24.0,11.0,5.0,0.455
2021-22,Jordan Clarkson,203903,10,30.0,18.5,1.0,0.41500000000000004
2021-22,Jordan Clarkson,203903,11,24.0,20.0,5.0,0.583
2021-22,Jordan Clarkson,203903,12,28.0,21.0,3.0,0.571
2021-22,Jordan Clarkson,203903,13,31.0,23.0,5.0,0.429
2021-22,Jordan Clarkson,203903,14,25.5,13.5,1.0,0.4165
2021-22,Jordan Clarkson,203903,15,22.0,12.0,4.0,0.333
2021-22,Jordan Clarkson,203903,16,34.0,21.5,2.5,0.5135000000000001
2021-22,Jordan Clarkson,203903,17,30.2,24.4,1.8,0.5014000000000001
2021-22,Jordan Clarkson,203903,18,22.0,16.0,2.0,0.5
2021-22,Jordan Clarkson,203903,19,23.0,19.0,1.0,0.467
2021-22,Jordan Clarkson,203903,20,24.0,19.0,3.0,0.4865
2021-22,Jordan Clarkson,203903,22,27.0,10.5,4.0,0.308
2021-22,Jordan Clarkson,203903,23,22.0,19.0,1.0,0.4145
2021-22,Jordan Clarkson,203903,25,25.666666666666668,16.666666666666668,5.333333333333333,0.5036666666666667
2021-22,Jordan Clarkson,203903,27,29.0,20.0,5.0,0.471
2021-22,Jordan Clarkson,203903,29,28.5,23.0,3.0,0.485
2021-22,Jordan Clarkson,203903,33,28.0,13.0,2.0,0.357
2021-22,Jordan Clarkson,203903,35,25.0,20.0,1.0,0.615
2021-22,Jordan McLaughlin,1629162,-23,20.0,6.0,4.0,0.286
2021-22,Jordan McLaughlin,1629162,-10,21.0,5.0,3.0,0.4
2021-22,Jordan McLaughlin,1629162,-9,27.0,5.0,5.0,0.667
2021-22,Jordan McLaughlin,1629162,-7,23.0,9.0,2.0,0.4
2021-22,Jordan McLaughlin,1629162,-4,20.0,8.0,2.0,0.4
2021-22,Jordan McLaughlin,1629162,-3,21.0,5.0,4.0,0.667
2021-22,Jordan McLaughlin,1629162,-1,21.0,2.0,7.0,0.333
2021-22,Jordan McLaughlin,1629162,3,22.0,7.0,4.0,0.4
2021-22,Jordan McLaughlin,1629162,7,26.0,12.0,4.0,0.833
2021-22,Jordan McLaughlin,1629162,13,20.0,16.0,3.0,0.75
2021-22,Jordan McLaughlin,1629162,15,32.0,5.0,10.0,0.111
2021-22,Jordan McLaughlin,1629162,17,28.0,3.0,2.0,0.167
2021-22,Jordan McLaughlin,1629162,18,26.0,9.0,7.0,0.5
2021-22,Jordan McLaughlin,1629162,28,22.0,5.0,1.0,0.667
2021-22,Jordan Nwora,1629670,-26,44.0,24.0,4.0,0.304
2021-22,Jordan Nwora,1629670,-22,41.0,28.0,2.0,0.5745
2021-22,Jordan Nwora,1629670,-21,22.0,6.0,1.0,0.4
2021-22,Jordan Nwora,1629670,-18,26.0,11.0,2.0,0.25
2021-22,Jordan Nwora,1629670,-16,40.0,17.0,2.0,0.467
2021-22,Jordan Nwora,1629670,-13,27.0,5.0,0.0,0.333
2021-22,Jordan Nwora,1629670,-9,21.5,14.0,2.0,0.5
2021-22,Jordan Nwora,1629670,-7,30.0,3.0,2.0,0.091
2021-22,Jordan Nwora,1629670,-4,23.0,2.0,2.0,0.2
2021-22,Jordan Nwora,1629670,-3,23.0,13.0,1.0,0.385
2021-22,Jordan Nwora,1629670,-1,34.0,18.0,0.0,0.5
2021-22,Jordan Nwora,1629670,0,29.333333333333332,12.0,1.0,0.39033333333333337
2021-22,Jordan Nwora,1629670,1,22.5,9.5,2.0,0.3875
2021-22,Jordan Nwora,1629670,3,20.0,9.0,1.0,0.375
2021-22,Jordan Nwora,1629670,4,20.0,7.0,1.0,0.429
2021-22,Jordan Nwora,1629670,6,26.0,13.5,0.5,0.481
2021-22,Jordan Nwora,1629670,7,26.0,9.0,2.0,0.444
2021-22,Jordan Nwora,1629670,9,26.0,18.0,2.0,0.389
2021-22,Jordan Nwora,1629670,12,24.0,16.0,3.0,0.538
2021-22,Jordan Nwora,1629670,16,37.0,11.0,3.0,0.385
2021-22,Jordan Nwora,1629670,18,30.0,13.0,0.0,0.455
2021-22,Jordan Nwora,1629670,20,28.0,18.0,1.0,0.7
2021-22,Jordan Nwora,1629670,21,27.0,15.0,1.0,0.467
2021-22,Jordan Poole,1629673,-26,23.0,15.0,3.0,0.667
2021-22,Jordan Poole,1629673,-21,25.333333333333332,14.333333333333334,3.0,0.4013333333333333
2021-22,Jordan Poole,1629673,-20,34.0,29.0,3.0,0.5
2021-22,Jordan Poole,1629673,-17,25.5,11.0,4.5,0.315
2021-22,Jordan Poole,1629673,-12,27.0,12.5,3.5,0.39849999999999997
2021-22,Jordan Poole,1629673,-10,33.0,20.0,3.0,0.385
2021-22,Jordan Poole,1629673,-9,34.0,28.0,3.0,0.6
2021-22,Jordan Poole,1629673,-8,30.25,15.75,4.5,0.3385
2021-22,Jordan Poole,1629673,-7,32.0,19.5,4.5,0.42300000000000004
2021-22,Jordan Poole,1629673,-6,33.5,31.5,6.0,0.477
2021-22,Jordan Poole,1629673,-5,30.0,19.666666666666668,3.0,0.508
2021-22,Jordan Poole,1629673,-3,39.0,26.0,2.0,0.32
2021-22,Jordan Poole,1629673,-2,22.0,15.0,5.0,0.545
2021-22,Jordan Poole,1629673,-1,30.666666666666668,13.0,3.6666666666666665,0.2856666666666667
2021-22,Jordan Poole,1629673,1,27.5,14.5,2.5,0.4375
2021-22,Jordan Poole,1629673,2,30.0,21.8,5.2,0.45940000000000003
2021-22,Jordan Poole,1629673,3,28.0,21.0,5.5,0.46900000000000003
2021-22,Jordan Poole,1629673,4,25.8,14.8,3.4,0.45
2021-22,Jordan Poole,1629673,6,34.0,19.666666666666668,2.3333333333333335,0.38933333333333336
2021-22,Jordan Poole,1629673,8,29.666666666666668,14.333333333333334,4.666666666666667,0.27499999999999997
2021-22,Jordan Poole,1629673,9,27.0,19.5,4.0,0.519
2021-22,Jordan Poole,1629673,10,30.5,11.5,3.0,0.29
2021-22,Jordan Poole,1629673,11,32.0,20.0,3.0,0.538
2021-22,Jordan Poole,1629673,12,26.0,32.0,5.0,0.706
2021-22,Jordan Poole,1629673,13,26.0,6.0,2.0,0.5
2021-22,Jordan Poole,1629673,14,29.5,26.5,4.0,0.692
2021-22,Jordan Poole,1629673,16,35.0,24.0,6.0,0.397
2021-22,Jordan Poole,1629673,17,26.5,12.5,5.0,0.5625
2021-22,Jordan Poole,1629673,18,34.0,26.0,2.5,0.529
2021-22,Jordan Poole,1629673,19,34.333333333333336,22.0,5.666666666666667,0.5186666666666667
2021-22,Jordan Poole,1629673,23,33.0,13.0,6.0,0.34199999999999997
2021-22,Jordan Poole,1629673,24,31.0,14.0,5.0,0.417
2021-22,Jordan Poole,1629673,26,35.0,30.0,5.0,0.563
2021-22,Jordan Poole,1629673,28,32.0,31.0,1.0,0.524
2021-22,Jordan Poole,1629673,29,34.0,21.0,7.0,0.615
2021-22,Jordan Poole,1629673,31,27.0,26.0,1.0,0.667
2021-22,Jordan Poole,1629673,33,24.0,15.0,6.0,0.5
2021-22,Jordan Poole,1629673,38,28.0,22.0,5.0,0.421
2021-22,Jose Alvarado,1630631,-24,22.0,12.0,5.0,0.625
2021-22,Jose Alvarado,1630631,-15,22.0,12.0,0.0,0.5
2021-22,Jose Alvarado,1630631,-7,21.0,5.0,3.0,0.286
2021-22,Jose Alvarado,1630631,-3,33.0,11.0,5.0,0.364
2021-22,Jose Alvarado,1630631,0,23.0,7.0,2.0,0.375
2021-22,Jose Alvarado,1630631,7,23.0,15.0,4.0,0.556
2021-22,Jose Alvarado,1630631,8,29.0,15.0,7.0,0.5
2021-22,Jose Alvarado,1630631,10,22.0,8.0,5.0,0.571
2021-22,Jose Alvarado,1630631,12,29.0,23.0,5.0,0.526
2021-22,Jose Alvarado,1630631,19,21.0,7.0,9.0,0.333
2021-22,Jose Alvarado,1630631,24,30.0,16.0,10.0,0.5
2021-22,Josh Christopher,1630528,-22,27.0,17.0,4.0,0.455
2021-22,Josh Christopher,1630528,-19,23.0,7.0,1.0,0.2
2021-22,Josh Christopher,1630528,-15,23.0,4.0,7.0,0.167
2021-22,Josh Christopher,1630528,-13,26.0,13.0,4.0,0.417
2021-22,Josh Christopher,1630528,-10,27.333333333333332,8.333333333333334,2.3333333333333335,0.3413333333333333
2021-22,Josh Christopher,1630528,-9,24.0,7.0,3.0,0.3
2021-22,Josh Christopher,1630528,-8,26.0,13.0,2.0,0.556
2021-22,Josh Christopher,1630528,-7,22.0,9.0,4.0,0.375
2021-22,Josh Christopher,1630528,-6,23.5,13.0,2.5,0.495
2021-22,Josh Christopher,1630528,-4,23.0,9.0,2.5,0.528
2021-22,Josh Christopher,1630528,-3,24.5,15.5,4.0,0.641
2021-22,Josh Christopher,1630528,-2,22.833333333333332,14.166666666666666,2.6666666666666665,0.5668333333333334
2021-22,Josh Christopher,1630528,-1,25.5,13.5,4.5,0.394
2021-22,Josh Christopher,1630528,0,28.5,17.0,3.0,0.6875
2021-22,Josh Christopher,1630528,2,27.5,23.5,1.0,0.6285000000000001
2021-22,Josh Christopher,1630528,3,20.0,14.0,2.0,0.625
2021-22,Josh Christopher,1630528,6,30.0,20.0,6.0,0.6
2021-22,Josh Christopher,1630528,16,24.0,6.0,5.0,0.222
2021-22,Josh Giddey,1630581,-30,29.0,10.0,5.0,0.5
2021-22,Josh Giddey,1630581,-27,28.0,15.0,3.0,0.385
2021-22,Josh Giddey,1630581,-24,30.0,6.0,4.0,0.214
2021-22,Josh Giddey,1630581,-17,36.0,15.0,6.0,0.467
2021-22,Josh Giddey,1630581,-16,29.0,8.0,3.5,0.309
2021-22,Josh Giddey,1630581,-14,28.5,10.5,5.75,0.42925
2021-22,Josh Giddey,1630581,-13,31.0,15.0,8.0,0.462
2021-22,Josh Giddey,1630581,-12,27.5,9.0,6.5,0.268
2021-22,Josh Giddey,1630581,-11,34.0,14.0,6.0,0.545
2021-22,Josh Giddey,1630581,-10,30.0,17.0,2.0,0.412
2021-22,Josh Giddey,1630581,-9,34.0,15.0,7.0,0.4
2021-22,Josh Giddey,1630581,-8,34.5,17.5,8.0,0.463
2021-22,Josh Giddey,1630581,-7,27.5,5.0,8.5,0.19849999999999998
2021-22,Josh Giddey,1630581,-6,30.0,9.333333333333334,7.666666666666667,0.3263333333333333
2021-22,Josh Giddey,1630581,-5,29.0,11.0,3.0,0.625
2021-22,Josh Giddey,1630581,-4,33.5,11.5,8.0,0.372
2021-22,Josh Giddey,1630581,-3,31.666666666666668,16.0,9.0,0.4696666666666667
2021-22,Josh Giddey,1630581,-2,33.0,17.75,5.25,0.49075
2021-22,Josh Giddey,1630581,0,29.2,13.8,7.6,0.418
2021-22,Josh Giddey,1630581,1,33.0,14.0,2.0,0.5
2021-22,Josh Giddey,1630581,2,29.0,11.5,4.5,0.583
2021-22,Josh Giddey,1630581,3,30.0,7.0,9.0,0.3
2021-22,Josh Giddey,1630581,6,35.0,16.6,8.8,0.4444
2021-22,Josh Giddey,1630581,8,32.0,9.5,5.5,0.3385
2021-22,Josh Giddey,1630581,15,32.0,14.0,4.0,0.417
2021-22,Josh Giddey,1630581,16,36.0,14.0,10.0,0.538
2021-22,Josh Green,1630182,-25,21.0,4.0,3.0,0.25
2021-22,Josh Green,1630182,-14,27.0,4.0,3.0,0.333
2021-22,Josh Green,1630182,-13,20.0,2.0,0.0,0.143
2021-22,Josh Green,1630182,-7,20.0,7.0,0.0,0.5
2021-22,Josh Green,1630182,-6,21.0,9.0,2.0,0.667
2021-22,Josh Green,1630182,-5,25.0,0.0,2.0,0.0
2021-22,Josh Green,1630182,-3,23.0,14.0,2.5,0.762
2021-22,Josh Green,1630182,-1,35.0,10.0,1.0,0.4
2021-22,Josh Green,1630182,2,20.5,10.0,2.0,0.7164999999999999
2021-22,Josh Green,1630182,5,28.0,12.0,1.0,0.667
2021-22,Josh Green,1630182,7,25.0,7.0,2.0,0.5
2021-22,Josh Green,1630182,8,23.0,9.0,1.0,0.3
2021-22,Josh Green,1630182,9,22.0,18.0,1.0,0.8
2021-22,Josh Green,1630182,10,24.0,12.0,3.0,0.667
2021-22,Josh Green,1630182,12,26.0,8.0,1.0,0.333
2021-22,Josh Green,1630182,13,21.0,7.0,2.0,1.0
2021-22,Josh Green,1630182,15,26.0,9.0,10.0,0.429
2021-22,Josh Green,1630182,20,20.0,2.0,0.0,0.5
2021-22,Josh Hart,1628404,-51,26.0,5.0,3.0,0.182
2021-22,Josh Hart,1628404,-34,23.0,7.0,0.0,0.429
2021-22,Josh Hart,1628404,-29,24.0,6.0,2.0,0.5
2021-22,Josh Hart,1628404,-22,30.0,10.0,2.0,0.6
2021-22,Josh Hart,1628404,-21,30.666666666666668,10.0,4.0,0.4446666666666667
2021-22,Josh Hart,1628404,-20,36.5,13.5,6.5,0.4925
2021-22,Josh Hart,1628404,-19,38.0,13.0,5.0,0.462
2021-22,Josh Hart,1628404,-16,35.5,12.5,3.0,0.49450000000000005
2021-22,Josh Hart,1628404,-15,32.0,13.0,5.0,0.556
2021-22,Josh Hart,1628404,-13,27.0,17.0,3.0,0.4
2021-22,Josh Hart,1628404,-12,23.0,10.0,4.0,0.222
2021-22,Josh Hart,1628404,-11,31.666666666666668,14.0,2.6666666666666665,0.49100000000000005
2021-22,Josh Hart,1628404,-10,38.0,31.0,4.0,0.524
2021-22,Josh Hart,1628404,-9,37.0,15.0,5.0,0.444
2021-22,Josh Hart,1628404,-8,34.666666666666664,14.666666666666666,3.0,0.5323333333333333
2021-22,Josh Hart,1628404,-7,36.0,14.0,5.5,0.5
2021-22,Josh Hart,1628404,-6,30.5,17.5,3.0,0.605
2021-22,Josh Hart,1628404,-5,38.0,29.0,4.0,0.588
2021-22,Josh Hart,1628404,-4,39.0,25.0,7.0,0.5
2021-22,Josh Hart,1628404,-2,34.5,18.0,2.0,0.47250000000000003
2021-22,Josh Hart,1628404,-1,36.0,21.5,5.0,0.6355
2021-22,Josh Hart,1628404,0,31.666666666666668,9.0,4.333333333333333,0.3546666666666667
2021-22,Josh Hart,1628404,5,36.0,17.5,4.5,0.5575
2021-22,Josh Hart,1628404,11,34.0,17.0,6.666666666666667,0.5416666666666666
2021-22,Josh Hart,1628404,12,33.5,18.5,3.5,0.7915
2021-22,Josh Hart,1628404,15,35.0,17.0,4.0,0.5
2021-22,Josh Hart,1628404,18,40.0,20.0,5.0,0.7
2021-22,Josh Hart,1628404,19,35.0,16.5,5.5,0.506
2021-22,Josh Hart,1628404,20,41.0,11.0,8.0,0.5
2021-22,Josh Hart,1628404,21,34.0,12.0,3.0,0.333
2021-22,Josh Hart,1628404,22,35.0,44.0,6.0,0.714
2021-22,Josh Hart,1628404,23,32.0,16.0,4.0,0.625
2021-22,Josh Hart,1628404,28,33.0,4.0,9.0,0.111
2021-22,Josh Jackson,1628367,-35,29.0,16.0,0.0,0.462
2021-22,Josh Jackson,1628367,-18,24.0,7.0,2.0,0.333
2021-22,Josh Jackson,1628367,-14,28.0,9.5,2.0,0.33199999999999996
2021-22,Josh Jackson,1628367,-12,21.0,11.0,1.0,0.4
2021-22,Josh Jackson,1628367,-10,20.0,5.0,0.0,0.4
2021-22,Josh Jackson,1628367,-9,25.0,15.0,2.0,0.5
2021-22,Josh Jackson,1628367,-7,22.0,7.0,2.0,0.273
2021-22,Josh Jackson,1628367,-2,32.0,18.0,4.0,0.583
2021-22,Josh Jackson,1628367,-1,20.0,11.0,1.0,0.375
2021-22,Josh Jackson,1628367,0,21.0,4.0,1.0,0.25
2021-22,Josh Jackson,1628367,1,24.0,11.0,2.0,0.455
2021-22,Josh Jackson,1628367,12,24.0,15.0,2.0,0.6
2021-22,Josh Jackson,1628367,21,23.0,13.0,2.0,0.625
2021-22,Josh Okogie,1629006,-8,33.0,2.0,4.0,0.25
2021-22,Josh Okogie,1629006,-3,21.0,13.0,2.0,0.714
2021-22,Josh Okogie,1629006,13,20.0,9.0,0.0,0.571
2021-22,Josh Okogie,1629006,16,20.0,8.0,0.0,0.4
2021-22,Josh Okogie,1629006,20,21.0,6.0,0.0,0.4
2021-22,Josh Richardson,1626196,-21,24.0,7.0,1.0,0.429
2021-22,Josh Richardson,1626196,-20,36.0,16.0,4.0,0.3
2021-22,Josh Richardson,1626196,-19,20.0,12.0,0.0,0.571
2021-22,Josh Richardson,1626196,-8,30.0,13.0,3.0,0.5
2021-22,Josh Richardson,1626196,-7,32.0,6.0,3.0,0.273
2021-22,Josh Richardson,1626196,-6,29.0,13.0,2.0,0.556
2021-22,Josh Richardson,1626196,-5,27.5,12.25,1.25,0.40425
2021-22,Josh Richardson,1626196,-4,30.666666666666668,12.333333333333334,2.0,0.448
2021-22,Josh Richardson,1626196,-3,27.0,25.0,1.0,0.667
2021-22,Josh Richardson,1626196,-2,25.5,7.5,2.0,0.393
2021-22,Josh Richardson,1626196,-1,28.333333333333332,10.666666666666666,2.3333333333333335,0.42933333333333334
2021-22,Josh Richardson,1626196,0,24.0,5.5,1.0,0.5
2021-22,Josh Richardson,1626196,3,26.8,13.2,1.2,0.521
2021-22,Josh Richardson,1626196,4,27.0,18.0,1.0,0.417
2021-22,Josh Richardson,1626196,5,25.25,12.5,3.0,0.4895
2021-22,Josh Richardson,1626196,6,32.0,9.0,4.0,0.4
2021-22,Josh Richardson,1626196,9,31.0,9.5,2.5,0.381
2021-22,Josh Richardson,1626196,11,25.0,15.0,1.5,0.5625
2021-22,Josh Richardson,1626196,12,31.5,18.0,4.5,0.5715
2021-22,Josh Richardson,1626196,13,28.5,16.5,1.0,0.5505
2021-22,Josh Richardson,1626196,14,29.0,17.0,1.0,0.4
2021-22,Josh Richardson,1626196,16,20.0,12.0,1.0,0.333
2021-22,Josh Richardson,1626196,20,33.0,19.0,2.0,0.5
2021-22,Josh Richardson,1626196,21,22.0,14.0,1.0,0.667
2021-22,Josh Richardson,1626196,23,25.5,16.5,2.0,0.46
2021-22,Josh Richardson,1626196,26,26.0,0.0,3.0,0.0
2021-22,Josh Richardson,1626196,27,29.0,15.0,0.0,0.455
2021-22,Joshua Primo,1630563,-21,27.0,11.0,3.0,0.444
2021-22,Joshua Primo,1630563,-20,32.0,9.0,0.0,0.25
2021-22,Joshua Primo,1630563,-19,23.0,5.0,1.5,0.23850000000000002
2021-22,Joshua Primo,1630563,-13,27.0,15.0,4.0,0.4
2021-22,Joshua Primo,1630563,-9,25.0,10.0,2.0,0.571
2021-22,Joshua Primo,1630563,-7,27.333333333333332,11.333333333333334,3.6666666666666665,0.49
2021-22,Joshua Primo,1630563,-4,34.0,12.0,0.0,0.5
2021-22,Joshua Primo,1630563,-2,28.333333333333332,8.666666666666666,2.6666666666666665,0.341
2021-22,Joshua Primo,1630563,-1,30.0,2.0,3.0,0.125
2021-22,Joshua Primo,1630563,0,28.0,13.0,1.0,0.5
2021-22,Joshua Primo,1630563,3,24.333333333333332,7.333333333333333,1.6666666666666667,0.40599999999999997
2021-22,Joshua Primo,1630563,4,30.0,13.0,4.0,0.4
2021-22,Joshua Primo,1630563,6,25.0,4.0,5.0,0.4
2021-22,Joshua Primo,1630563,7,22.0,4.0,1.0,0.286
2021-22,Joshua Primo,1630563,10,27.0,8.5,1.5,0.5835
2021-22,Joshua Primo,1630563,16,26.0,9.0,0.0,0.286
2021-22,Joshua Primo,1630563,18,24.0,3.0,4.0,0.167
2021-22,Joshua Primo,1630563,19,24.0,8.0,3.0,0.6
2021-22,Jrue Holiday,201950,-24,35.0,23.0,6.0,0.563
2021-22,Jrue Holiday,201950,-23,33.0,21.0,4.0,0.583
2021-22,Jrue Holiday,201950,-20,31.0,14.0,8.0,0.667
2021-22,Jrue Holiday,201950,-18,31.0,16.5,7.0,0.5815
2021-22,Jrue Holiday,201950,-17,35.0,19.0,8.0,0.471
2021-22,Jrue Holiday,201950,-16,33.0,13.0,7.0,0.455
2021-22,Jrue Holiday,201950,-12,29.0,17.0,3.0,0.454
2021-22,Jrue Holiday,201950,-11,36.0,27.0,4.0,0.706
2021-22,Jrue Holiday,201950,-9,40.0,17.0,13.0,0.24
2021-22,Jrue Holiday,201950,-8,32.0,26.0,4.0,0.5
2021-22,Jrue Holiday,201950,-7,33.0,20.0,8.0,0.5
2021-22,Jrue Holiday,201950,-6,31.0,4.0,7.0,0.222
2021-22,Jrue Holiday,201950,-5,36.5,15.5,8.0,0.519
2021-22,Jrue Holiday,201950,-4,36.5,18.5,6.5,0.40499999999999997
2021-22,Jrue Holiday,201950,-3,21.0,9.0,4.0,0.25
2021-22,Jrue Holiday,201950,-2,44.0,40.0,5.0,0.5
2021-22,Jrue Holiday,201950,-1,26.0,13.0,2.0,0.417
2021-22,Jrue Holiday,201950,0,32.5,14.5,8.0,0.354
2021-22,Jrue Holiday,201950,2,34.0,24.0,7.0,0.571
2021-22,Jrue Holiday,201950,3,37.0,26.0,6.5,0.513
2021-22,Jrue Holiday,201950,4,34.0,18.0,10.0,0.615
2021-22,Jrue Holiday,201950,5,36.0,29.0,7.0,0.476
2021-22,Jrue Holiday,201950,6,29.5,14.5,5.0,0.6060000000000001
2021-22,Jrue Holiday,201950,7,35.0,12.0,7.333333333333333,0.4136666666666666
2021-22,Jrue Holiday,201950,9,34.0,17.5,5.75,0.446
2021-22,Jrue Holiday,201950,10,33.0,20.25,7.0,0.52675
2021-22,Jrue Holiday,201950,11,37.0,19.5,6.5,0.469
2021-22,Jrue Holiday,201950,12,37.0,22.5,9.5,0.5355
2021-22,Jrue Holiday,201950,14,38.0,24.0,9.0,0.538
2021-22,Jrue Holiday,201950,15,32.666666666666664,16.333333333333332,7.666666666666667,0.463
2021-22,Jrue Holiday,201950,18,33.5,22.5,8.0,0.552
2021-22,Jrue Holiday,201950,19,34.75,19.0,8.0,0.5545
2021-22,Jrue Holiday,201950,23,31.0,23.0,9.0,0.524
2021-22,Jrue Holiday,201950,26,31.0,20.0,8.5,0.5085
2021-22,Jrue Holiday,201950,28,31.333333333333332,17.666666666666668,9.333333333333334,0.6143333333333333
2021-22,Jrue Holiday,201950,29,34.0,22.0,6.0,0.5
2021-22,Jrue Holiday,201950,30,24.0,21.0,8.0,0.467
2021-22,Jrue Holiday,201950,36,27.0,9.0,7.0,0.75
2021-22,Jrue Holiday,201950,37,23.0,18.0,4.0,0.571
2021-22,Juan Toscano-Anderson,1629308,-16,31.0,9.0,3.0,0.444
2021-22,Juan Toscano-Anderson,1629308,-11,21.0,6.0,7.0,0.333
2021-22,Juan Toscano-Anderson,1629308,-8,21.0,4.0,4.0,0.333
2021-22,Juan Toscano-Anderson,1629308,-5,20.0,8.0,1.0,0.5
2021-22,Juan Toscano-Anderson,1629308,-4,22.0,10.0,2.0,0.667
2021-22,Juan Toscano-Anderson,1629308,0,23.0,8.0,1.0,0.6
2021-22,Juan Toscano-Anderson,1629308,2,37.0,2.0,9.0,0.167
2021-22,Juan Toscano-Anderson,1629308,4,20.666666666666668,7.666666666666667,3.0,0.5776666666666667
2021-22,Juan Toscano-Anderson,1629308,8,26.0,6.0,6.0,0.286
2021-22,Juan Toscano-Anderson,1629308,14,21.0,4.0,2.0,0.5
2021-22,Juan Toscano-Anderson,1629308,16,26.0,17.0,5.0,0.875
2021-22,Juan Toscano-Anderson,1629308,17,24.0,8.0,4.0,0.75
2021-22,Juan Toscano-Anderson,1629308,21,25.0,13.0,6.0,1.0
2021-22,Juan Toscano-Anderson,1629308,24,32.0,13.0,3.0,0.5
2021-22,Juancho Hernangomez,1627823,-16,29.0,7.0,2.0,0.5
2021-22,Juancho Hernangomez,1627823,-9,22.0,2.0,0.0,0.0
2021-22,Juancho Hernangomez,1627823,-4,28.0,14.0,1.0,0.556
2021-22,Juancho Hernangomez,1627823,-2,21.0,5.0,2.0,0.5
2021-22,Juancho Hernangomez,1627823,1,25.0,7.0,0.0,0.286
2021-22,Juancho Hernangomez,1627823,6,28.0,13.0,0.0,0.833
2021-22,Juancho Hernangomez,1627823,7,27.0,6.0,2.0,0.333
2021-22,Juancho Hernangomez,1627823,12,31.0,22.0,2.0,0.571
2021-22,Julius Randle,203944,-34,26.0,11.0,4.0,0.417
2021-22,Julius Randle,203944,-27,26.0,5.0,5.0,0.182
2021-22,Julius Randle,203944,-26,28.0,10.0,3.5,0.2555
2021-22,Julius Randle,203944,-22,32.5,18.25,4.0,0.36824999999999997
2021-22,Julius Randle,203944,-21,32.0,13.0,3.0,0.364
2021-22,Julius Randle,203944,-19,32.0,24.0,3.0,0.429
2021-22,Julius Randle,203944,-18,32.0,10.0,5.0,0.267
2021-22,Julius Randle,203944,-17,36.0,10.5,6.5,0.269
2021-22,Julius Randle,203944,-15,36.0,22.0,5.0,0.5
2021-22,Julius Randle,203944,-14,37.0,18.0,3.0,0.375
2021-22,Julius Randle,203944,-12,37.0,16.0,7.0,0.308
2021-22,Julius Randle,203944,-11,36.0,9.0,3.0,0.444
2021-22,Julius Randle,203944,-10,37.0,13.0,5.0,0.444
2021-22,Julius Randle,203944,-9,36.0,24.333333333333332,5.166666666666667,0.40650000000000003
2021-22,Julius Randle,203944,-8,36.5,26.0,7.0,0.5
2021-22,Julius Randle,203944,-7,31.0,9.0,4.0,0.375
2021-22,Julius Randle,203944,-4,36.8,21.0,6.2,0.3764
2021-22,Julius Randle,203944,-3,37.0,28.0,4.5,0.5145
2021-22,Julius Randle,203944,-2,35.666666666666664,20.833333333333332,6.333333333333333,0.43083333333333335
2021-22,Julius Randle,203944,-1,34.666666666666664,27.0,3.6666666666666665,0.40066666666666667
2021-22,Julius Randle,203944,2,34.5,11.75,4.75,0.29375
2021-22,Julius Randle,203944,4,38.0,23.333333333333332,5.333333333333333,0.4136666666666667
2021-22,Julius Randle,203944,5,37.5,23.5,7.0,0.27
2021-22,Julius Randle,203944,6,38.0,34.0,3.0,0.684
2021-22,Julius Randle,203944,7,31.0,10.0,5.5,0.264
2021-22,Julius Randle,203944,8,32.0,20.5,5.5,0.4445
2021-22,Julius Randle,203944,9,38.0,21.0,9.0,0.4
2021-22,Julius Randle,203944,10,37.0,26.0,6.5,0.472
2021-22,Julius Randle,203944,12,37.5,27.0,6.5,0.538
2021-22,Julius Randle,203944,13,35.5,26.5,3.5,0.472
2021-22,Julius Randle,203944,14,38.0,22.0,2.0,0.4
2021-22,Julius Randle,203944,16,33.0,2.0,3.0,0.143
2021-22,Julius Randle,203944,18,33.0,36.0,3.5,0.501
2021-22,Julius Randle,203944,21,34.0,25.0,3.0,0.6
2021-22,Julius Randle,203944,24,31.5,20.5,7.0,0.4205
2021-22,Julius Randle,203944,29,37.0,17.0,8.0,0.353
2021-22,Justin Anderson,1626147,-29,35.0,18.0,4.0,0.6
2021-22,Justin Anderson,1626147,-27,32.0,10.0,4.0,0.3
2021-22,Justin Anderson,1626147,-16,26.0,9.0,2.0,0.444
2021-22,Justin Anderson,1626147,5,31.0,13.0,3.0,0.462
2021-22,Justin Anderson,1626147,7,31.0,5.0,4.0,0.25
2021-22,Justin Anderson,1626147,28,36.0,18.0,4.0,0.6
2021-22,Justin Anderson,1626147,31,30.0,7.0,4.0,0.6
2021-22,Justin Champagnie,1630551,13,30.0,3.0,1.0,0.2
2021-22,Justin Champagnie,1630551,19,24.0,10.0,0.0,0.5
2021-22,Justin Holiday,203200,-23,23.0,7.0,2.0,0.333
2021-22,Justin Holiday,203200,-17,27.0,6.0,1.5,0.225
2021-22,Justin Holiday,203200,-16,21.0,7.0,1.0,0.429
2021-22,Justin Holiday,203200,-15,23.0,9.0,1.0,0.47750000000000004
2021-22,Justin Holiday,203200,-14,27.0,10.0,3.0,0.6
2021-22,Justin Holiday,203200,-13,25.0,10.0,2.0,0.364
2021-22,Justin Holiday,203200,-12,31.0,18.0,1.0,0.5
2021-22,Justin Holiday,203200,-11,32.25,12.5,1.5,0.3955
2021-22,Justin Holiday,203200,-10,25.75,8.75,1.25,0.3825
2021-22,Justin Holiday,203200,-9,24.5,6.25,0.5,0.32775
2021-22,Justin Holiday,203200,-8,32.5,8.5,2.0,0.275
2021-22,Justin Holiday,203200,-7,29.0,6.0,4.0,0.182
2021-22,Justin Holiday,203200,-6,30.75,13.25,2.0,0.355
2021-22,Justin Holiday,203200,-5,27.75,10.0,1.25,0.32075
2021-22,Justin Holiday,203200,-4,29.666666666666668,9.333333333333334,2.3333333333333335,0.3413333333333333
2021-22,Justin Holiday,203200,-3,28.0,3.0,1.0,0.125
2021-22,Justin Holiday,203200,-2,29.666666666666668,8.666666666666666,1.6666666666666667,0.36833333333333335
2021-22,Justin Holiday,203200,-1,25.5,10.0,0.5,0.25
2021-22,Justin Holiday,203200,0,36.0,22.0,2.0,0.667
2021-22,Justin Holiday,203200,1,22.0,2.0,2.0,0.167
2021-22,Justin Holiday,203200,2,38.0,15.0,2.0,0.4
2021-22,Justin Holiday,203200,3,26.5,13.0,2.5,0.4855
2021-22,Justin Holiday,203200,4,37.0,18.0,1.0,0.5
2021-22,Justin Holiday,203200,5,31.25,12.75,3.5,0.47225
2021-22,Justin Holiday,203200,6,31.333333333333332,18.666666666666668,1.6666666666666667,0.5726666666666667
2021-22,Justin Holiday,203200,7,35.5,7.0,1.5,0.2915
2021-22,Justin Holiday,203200,8,31.0,8.0,2.0,0.3
2021-22,Justin Holiday,203200,10,29.0,10.5,1.0,0.375
2021-22,Justin Holiday,203200,12,31.5,9.5,1.0,0.3345
2021-22,Justin Holiday,203200,15,29.0,12.0,2.0,0.5
2021-22,Justin Holiday,203200,16,34.0,16.0,3.0,0.462
2021-22,Justin Holiday,203200,20,25.0,17.0,4.0,0.75
2021-22,Justin Holiday,203200,22,20.0,17.0,2.0,0.545
2021-22,Justin Holiday,203200,27,25.0,14.0,2.0,0.556
2021-22,Justin Robinson,1629620,-35,27.0,5.0,2.0,0.143
2021-22,Justin Robinson,1629620,-23,25.0,9.0,2.0,0.333
2021-22,Justin Robinson,1629620,-8,24.0,9.0,0.0,0.571
2021-22,Justin Robinson,1629620,-7,23.0,8.0,3.0,0.429
2021-22,Justin Robinson,1629620,3,22.0,5.0,1.0,0.167
2021-22,Justin Robinson,1629620,6,24.0,11.0,4.0,0.571
2021-22,Justise Winslow,1626159,-13,21.0,15.0,2.0,0.7
2021-22,Justise Winslow,1626159,-9,32.0,12.0,3.0,0.417
2021-22,Justise Winslow,1626159,-6,21.0,14.0,2.0,0.455
2021-22,Justise Winslow,1626159,-4,25.0,9.0,1.0,0.571
2021-22,Justise Winslow,1626159,2,32.5,13.5,3.0,0.42000000000000004
2021-22,Justise Winslow,1626159,3,25.0,11.0,2.0,0.571
2021-22,Justise Winslow,1626159,5,37.0,14.0,6.0,0.5
2021-22,Justise Winslow,1626159,6,28.0,15.0,5.0,0.467
2021-22,Justise Winslow,1626159,7,30.0,10.0,3.0,0.25
2021-22,Justise Winslow,1626159,9,22.0,5.0,4.0,0.333
2021-22,Justise Winslow,1626159,11,22.0,7.0,3.0,0.0
2021-22,Justise Winslow,1626159,12,20.0,7.0,4.0,0.333
2021-22,Justise Winslow,1626159,15,26.0,10.0,5.0,0.444
2021-22,Justise Winslow,1626159,22,32.0,13.0,4.0,0.5
2021-22,Justise Winslow,1626159,28,24.0,13.0,1.0,0.714
2021-22,Jusuf Nurkic,203994,-36,25.0,11.0,3.0,0.833
2021-22,Jusuf Nurkic,203994,-22,25.5,11.0,1.0,0.5415
2021-22,Jusuf Nurkic,203994,-21,23.0,4.0,1.0,0.333
2021-22,Jusuf Nurkic,203994,-19,23.0,10.0,1.0,0.375
2021-22,Jusuf Nurkic,203994,-15,24.5,20.5,2.0,0.6459999999999999
2021-22,Jusuf Nurkic,203994,-14,34.0,14.0,4.0,0.25
2021-22,Jusuf Nurkic,203994,-13,32.0,14.0,2.5,0.504
2021-22,Jusuf Nurkic,203994,-12,25.5,12.0,1.0,0.5780000000000001
2021-22,Jusuf Nurkic,203994,-11,22.5,7.0,3.5,0.42200000000000004
2021-22,Jusuf Nurkic,203994,-9,34.0,24.0,3.0,0.634
2021-22,Jusuf Nurkic,203994,-8,28.5,15.0,4.5,0.5105
2021-22,Jusuf Nurkic,203994,-6,32.0,17.0,4.0,0.6
2021-22,Jusuf Nurkic,203994,-4,28.0,7.0,3.0,0.6
2021-22,Jusuf Nurkic,203994,-2,28.2,15.2,1.6,0.5542
2021-22,Jusuf Nurkic,203994,-1,31.0,28.0,5.0,0.706
2021-22,Jusuf Nurkic,203994,0,35.0,16.0,4.0,0.467
2021-22,Jusuf Nurkic,203994,4,29.0,12.0,2.0,0.333
2021-22,Jusuf Nurkic,203994,5,27.5,12.0,3.0,0.404
2021-22,Jusuf Nurkic,203994,6,31.5,19.5,4.75,0.65
2021-22,Jusuf Nurkic,203994,7,27.5,12.5,2.5,0.5745
2021-22,Jusuf Nurkic,203994,9,31.333333333333332,20.333333333333332,2.0,0.5419999999999999
2021-22,Jusuf Nurkic,203994,10,27.0,6.0,2.0,0.429
2021-22,Jusuf Nurkic,203994,11,28.0,22.0,3.5,0.522
2021-22,Jusuf Nurkic,203994,12,27.0,13.0,5.0,0.625
2021-22,Jusuf Nurkic,203994,13,23.0,17.0,0.0,0.75
2021-22,Jusuf Nurkic,203994,14,38.0,14.0,9.0,0.5
2021-22,Jusuf Nurkic,203994,18,24.0,6.0,3.0,0.333
2021-22,Jusuf Nurkic,203994,20,37.0,29.0,6.0,0.563
2021-22,Jusuf Nurkic,203994,22,21.5,14.5,2.0,0.7145
2021-22,Jusuf Nurkic,203994,23,35.0,21.0,2.0,0.476
2021-22,Jusuf Nurkic,203994,28,29.0,23.0,4.0,0.438
2021-22,Jusuf Nurkic,203994,30,25.0,9.0,3.0,0.571
2021-22,Juwan Morgan,1629752,-25,27.0,5.0,1.0,0.667
2021-22,KZ Okpala,1629644,9,27.0,10.0,0.0,0.4
2021-22,KZ Okpala,1629644,21,23.0,16.0,1.0,0.778
2021-22,KZ Okpala,1629644,23,32.0,10.0,2.0,0.8
2021-22,Karl-Anthony Towns,1626157,-32,33.0,25.0,3.0,0.421
2021-22,Karl-Anthony Towns,1626157,-28,31.0,20.0,0.0,0.636
2021-22,Karl-Anthony Towns,1626157,-24,37.0,23.0,6.0,0.471
2021-22,Karl-Anthony Towns,1626157,-23,33.0,14.0,3.0,0.364
2021-22,Karl-Anthony Towns,1626157,-21,30.0,21.0,2.0,0.421
2021-22,Karl-Anthony Towns,1626157,-16,34.5,25.0,5.5,0.539
2021-22,Karl-Anthony Towns,1626157,-15,33.666666666666664,23.666666666666668,5.666666666666667,0.5596666666666666
2021-22,Karl-Anthony Towns,1626157,-14,34.0,26.0,4.0,0.417
2021-22,Karl-Anthony Towns,1626157,-13,32.0,24.0,2.5,0.5645
2021-22,Karl-Anthony Towns,1626157,-12,32.0,19.333333333333332,3.6666666666666665,0.44566666666666666
2021-22,Karl-Anthony Towns,1626157,-11,32.5,12.5,5.5,0.36750000000000005
2021-22,Karl-Anthony Towns,1626157,-5,41.0,31.0,6.0,0.458
2021-22,Karl-Anthony Towns,1626157,-4,27.0,22.0,3.0,0.474
2021-22,Karl-Anthony Towns,1626157,-3,39.0,26.75,4.0,0.527
2021-22,Karl-Anthony Towns,1626157,-2,39.0,26.333333333333332,2.6666666666666665,0.6326666666666666
2021-22,Karl-Anthony Towns,1626157,-1,27.0,24.5,2.0,0.4285
2021-22,Karl-Anthony Towns,1626157,0,29.5,18.5,3.0,0.538
2021-22,Karl-Anthony Towns,1626157,2,34.4,22.6,3.6,0.5054000000000001
2021-22,Karl-Anthony Towns,1626157,3,31.0,32.0,0.0,0.611
2021-22,Karl-Anthony Towns,1626157,4,35.0,21.0,6.0,0.4645
2021-22,Karl-Anthony Towns,1626157,5,28.0,25.0,2.0,0.5
2021-22,Karl-Anthony Towns,1626157,6,33.0,24.0,6.0,0.4
2021-22,Karl-Anthony Towns,1626157,7,33.0,24.0,3.0,0.5436666666666666
2021-22,Karl-Anthony Towns,1626157,8,39.0,31.666666666666668,4.0,0.49666666666666665
2021-22,Karl-Anthony Towns,1626157,10,32.0,39.0,1.0,0.636
2021-22,Karl-Anthony Towns,1626157,11,37.0,22.0,3.0,0.471
2021-22,Karl-Anthony Towns,1626157,12,27.0,24.0,7.0,0.667
2021-22,Karl-Anthony Towns,1626157,13,32.5,21.0,2.5,0.6425
2021-22,Karl-Anthony Towns,1626157,14,29.5,25.5,2.5,0.6045
2021-22,Karl-Anthony Towns,1626157,16,33.666666666666664,32.333333333333336,2.3333333333333335,0.5806666666666667
2021-22,Karl-Anthony Towns,1626157,17,26.0,30.0,1.0,0.533
2021-22,Karl-Anthony Towns,1626157,18,35.0,32.0,4.0,0.667
2021-22,Karl-Anthony Towns,1626157,19,32.0,26.0,3.0,0.5295
2021-22,Karl-Anthony Towns,1626157,20,31.0,22.0,7.0,0.694
2021-22,Karl-Anthony Towns,1626157,21,33.0,18.0,4.5,0.44799999999999995
2021-22,Karl-Anthony Towns,1626157,22,31.5,20.5,4.5,0.6930000000000001
2021-22,Karl-Anthony Towns,1626157,23,32.0,28.0,4.0,0.55
2021-22,Karl-Anthony Towns,1626157,24,34.0,28.0,2.0,0.476
2021-22,Karl-Anthony Towns,1626157,26,31.0,25.0,5.0,0.5
2021-22,Karl-Anthony Towns,1626157,27,33.0,40.0,7.0,0.6
2021-22,Karl-Anthony Towns,1626157,28,23.0,21.0,2.0,0.533
2021-22,Karl-Anthony Towns,1626157,34,26.5,28.5,1.5,0.6519999999999999
2021-22,Keifer Sykes,1626208,-24,22.0,4.0,1.0,0.25
2021-22,Keifer Sykes,1626208,-14,27.0,10.0,5.0,0.333
2021-22,Keifer Sykes,1626208,-12,31.0,10.0,2.0,0.333
2021-22,Keifer Sykes,1626208,-11,37.0,22.0,6.0,0.5
2021-22,Keifer Sykes,1626208,-7,22.0,11.0,3.0,0.385
2021-22,Keifer Sykes,1626208,-6,39.0,18.0,5.0,0.6
2021-22,Keifer Sykes,1626208,-2,33.0,16.0,4.0,0.667
2021-22,Keifer Sykes,1626208,1,25.0,5.0,2.0,0.25
2021-22,Keifer Sykes,1626208,4,25.0,7.0,3.0,0.222
2021-22,Keifer Sykes,1626208,7,35.0,10.0,5.0,0.4
2021-22,Keifer Sykes,1626208,10,24.0,7.0,2.0,0.3
2021-22,Keifer Sykes,1626208,12,31.0,7.0,4.0,0.4
2021-22,Keifer Sykes,1626208,13,31.0,10.0,3.0,0.333
2021-22,Keita Bates-Diop,1628966,-12,37.0,10.0,0.0,0.556
2021-22,Keita Bates-Diop,1628966,-11,24.0,4.0,1.0,0.333
2021-22,Keita Bates-Diop,1628966,-5,27.0,9.0,0.0,0.5
2021-22,Keita Bates-Diop,1628966,-4,23.0,11.0,2.0,0.571
2021-22,Keita Bates-Diop,1628966,-2,24.0,6.0,2.0,0.5
2021-22,Keita Bates-Diop,1628966,1,22.0,8.0,1.0,0.5
2021-22,Keita Bates-Diop,1628966,3,34.0,22.0,3.0,0.9
2021-22,Keita Bates-Diop,1628966,4,24.666666666666668,11.0,1.3333333333333333,0.5416666666666666
2021-22,Keita Bates-Diop,1628966,5,22.0,9.0,0.0,0.571
2021-22,Keita Bates-Diop,1628966,11,24.0,10.0,0.0,0.556
2021-22,Keita Bates-Diop,1628966,13,25.0,10.0,2.0,0.75
2021-22,Keita Bates-Diop,1628966,15,21.0,13.0,1.0,0.5
2021-22,Keita Bates-Diop,1628966,16,29.0,6.0,0.0,0.429
2021-22,Keita Bates-Diop,1628966,20,26.0,30.0,0.0,1.0
2021-22,Kelan Martin,1629103,-9,27.0,2.0,2.0,0.143
2021-22,Kelan Martin,1629103,-7,21.0,9.0,0.0,0.667
2021-22,Kelan Martin,1629103,-5,26.0,12.0,3.0,0.333
2021-22,Kelan Martin,1629103,-4,26.0,4.0,0.0,0.286
2021-22,Kelan Martin,1629103,-2,20.0,9.0,0.0,0.429
2021-22,Kelan Martin,1629103,5,25.0,13.0,1.0,0.6
2021-22,Kelan Martin,1629103,14,20.0,11.0,1.5,0.4425
2021-22,Kelan Martin,1629103,20,23.0,15.0,1.0,0.538
2021-22,Keldon Johnson,1629640,-26,20.0,14.0,1.0,0.714
2021-22,Keldon Johnson,1629640,-24,23.0,9.0,4.0,0.364
2021-22,Keldon Johnson,1629640,-22,34.0,15.0,1.0,0.462
2021-22,Keldon Johnson,1629640,-21,30.0,14.5,2.5,0.333
2021-22,Keldon Johnson,1629640,-20,23.0,11.0,1.0,0.2
2021-22,Keldon Johnson,1629640,-18,37.0,34.0,4.0,0.619
2021-22,Keldon Johnson,1629640,-16,31.0,13.0,2.0,0.333
2021-22,Keldon Johnson,1629640,-15,27.0,6.0,2.0,0.167
2021-22,Keldon Johnson,1629640,-12,37.0,23.0,4.0,0.429
2021-22,Keldon Johnson,1629640,-11,29.6,12.0,2.8,0.3386
2021-22,Keldon Johnson,1629640,-10,35.333333333333336,20.666666666666668,1.0,0.49133333333333334
2021-22,Keldon Johnson,1629640,-9,30.75,16.25,2.25,0.39075
2021-22,Keldon Johnson,1629640,-8,30.25,15.25,2.25,0.41325
2021-22,Keldon Johnson,1629640,-6,31.0,12.0,2.0,0.385
2021-22,Keldon Johnson,1629640,-5,33.0,17.0,2.0,0.607
2021-22,Keldon Johnson,1629640,-2,29.0,20.0,3.0,0.5
2021-22,Keldon Johnson,1629640,-1,30.0,16.0,1.0,0.389
2021-22,Keldon Johnson,1629640,0,38.5,17.5,1.5,0.361
2021-22,Keldon Johnson,1629640,1,31.75,23.25,2.0,0.621
2021-22,Keldon Johnson,1629640,2,35.333333333333336,16.333333333333332,2.6666666666666665,0.458
2021-22,Keldon Johnson,1629640,3,29.5,11.0,1.5,0.5
2021-22,Keldon Johnson,1629640,4,27.0,15.0,1.0,0.5
2021-22,Keldon Johnson,1629640,5,32.5,15.0,3.0,0.3975
2021-22,Keldon Johnson,1629640,6,33.0,22.0,1.5,0.542
2021-22,Keldon Johnson,1629640,7,30.0,17.0,1.0,0.518
2021-22,Keldon Johnson,1629640,8,35.0,14.666666666666666,1.6666666666666667,0.43533333333333335
2021-22,Keldon Johnson,1629640,10,36.5,23.0,2.0,0.5
2021-22,Keldon Johnson,1629640,11,35.0,17.333333333333332,2.0,0.39799999999999996
2021-22,Keldon Johnson,1629640,12,36.5,19.5,4.0,0.5415
2021-22,Keldon Johnson,1629640,15,33.0,20.0,3.0,0.533
2021-22,Keldon Johnson,1629640,16,46.0,32.0,2.0,0.5
2021-22,Keldon Johnson,1629640,17,29.0,14.0,1.0,0.5425
2021-22,Keldon Johnson,1629640,18,33.0,19.5,3.5,0.6825
2021-22,Keldon Johnson,1629640,19,37.0,28.0,2.0,0.45
2021-22,Keldon Johnson,1629640,20,22.0,13.0,0.0,0.714
2021-22,Keldon Johnson,1629640,23,27.0,21.0,6.0,0.6
2021-22,Keldon Johnson,1629640,24,31.0,8.0,4.0,0.429
2021-22,Keldon Johnson,1629640,25,28.0,27.5,1.0,0.74
2021-22,Keldon Johnson,1629640,30,30.5,20.0,1.0,0.5075
2021-22,Keljin Blevins,1629833,-24,20.0,7.0,3.0,0.4
2021-22,Keljin Blevins,1629833,-13,21.5,3.5,0.5,0.125
2021-22,Keljin Blevins,1629833,-12,24.0,0.0,5.0,0.0
2021-22,Keljin Blevins,1629833,-4,22.0,6.0,0.0,0.333
2021-22,Keljin Blevins,1629833,1,20.0,10.0,0.0,0.4
2021-22,Kelly Olynyk,203482,-20,20.0,9.0,2.0,0.333
2021-22,Kelly Olynyk,203482,-9,20.0,9.0,2.0,0.375
2021-22,Kelly Olynyk,203482,-8,25.0,13.0,1.0,0.455
2021-22,Kelly Olynyk,203482,-6,27.0,17.5,3.0,0.494
2021-22,Kelly Olynyk,203482,-2,24.0,20.0,3.0,0.538
2021-22,Kelly Olynyk,203482,-1,22.0,17.0,5.0,0.571
2021-22,Kelly Olynyk,203482,1,22.0,10.0,3.0,0.5
2021-22,Kelly Olynyk,203482,2,20.0,10.0,3.0,0.8
2021-22,Kelly Olynyk,203482,8,20.0,2.0,4.0,0.0
2021-22,Kelly Olynyk,203482,10,27.0,18.0,4.0,0.5
2021-22,Kelly Olynyk,203482,13,20.0,12.0,4.0,0.444
2021-22,Kelly Olynyk,203482,14,20.0,12.0,3.0,1.0
2021-22,Kelly Olynyk,203482,17,25.0,14.0,3.0,0.375
2021-22,Kelly Olynyk,203482,27,21.0,22.0,5.0,0.471
2021-22,Kelly Oubre Jr.,1626162,-20,36.0,19.0,0.0,0.444
2021-22,Kelly Oubre Jr.,1626162,-19,29.0,9.0,3.0,0.2
2021-22,Kelly Oubre Jr.,1626162,-18,38.0,17.0,2.0,0.412
2021-22,Kelly Oubre Jr.,1626162,-17,20.0,8.0,1.0,0.444
2021-22,Kelly Oubre Jr.,1626162,-16,29.0,21.5,1.0,0.6234999999999999
2021-22,Kelly Oubre Jr.,1626162,-14,21.5,10.0,1.5,0.3625
2021-22,Kelly Oubre Jr.,1626162,-13,28.0,16.0,2.0,0.5
2021-22,Kelly Oubre Jr.,1626162,-11,33.5,15.5,1.5,0.3185
2021-22,Kelly Oubre Jr.,1626162,-10,21.5,9.0,0.5,0.4645
2021-22,Kelly Oubre Jr.,1626162,-9,28.5,16.0,2.0,0.42600000000000005
2021-22,Kelly Oubre Jr.,1626162,-8,22.0,15.0,0.0,0.583
2021-22,Kelly Oubre Jr.,1626162,-7,23.0,18.0,0.0,0.4
2021-22,Kelly Oubre Jr.,1626162,-6,29.5,15.0,2.0,0.484
2021-22,Kelly Oubre Jr.,1626162,-5,28.75,11.75,1.5,0.32175
2021-22,Kelly Oubre Jr.,1626162,-4,28.333333333333332,16.0,0.6666666666666666,0.455
2021-22,Kelly Oubre Jr.,1626162,-2,33.0,15.0,0.0,0.25
2021-22,Kelly Oubre Jr.,1626162,-1,36.0,25.5,1.5,0.5435000000000001
2021-22,Kelly Oubre Jr.,1626162,0,27.0,12.0,0.0,0.308
2021-22,Kelly Oubre Jr.,1626162,1,34.5,21.25,3.0,0.49124999999999996
2021-22,Kelly Oubre Jr.,1626162,3,24.0,15.0,1.0,0.444
2021-22,Kelly Oubre Jr.,1626162,4,27.666666666666668,16.333333333333332,2.6666666666666665,0.39599999999999996
2021-22,Kelly Oubre Jr.,1626162,5,42.0,19.0,2.0,0.375
2021-22,Kelly Oubre Jr.,1626162,6,28.5,17.5,1.0,0.44375
2021-22,Kelly Oubre Jr.,1626162,7,38.0,15.0,0.0,0.333
2021-22,Kelly Oubre Jr.,1626162,8,23.0,21.0,1.0,0.727
2021-22,Kelly Oubre Jr.,1626162,9,27.0,21.0,1.0,0.368
2021-22,Kelly Oubre Jr.,1626162,10,23.0,14.0,1.0,0.5
2021-22,Kelly Oubre Jr.,1626162,12,27.0,18.0,2.0,0.412
2021-22,Kelly Oubre Jr.,1626162,13,22.0,9.0,1.0,0.308
2021-22,Kelly Oubre Jr.,1626162,14,26.0,12.0,2.0,0.556
2021-22,Kelly Oubre Jr.,1626162,16,31.5,19.5,0.0,0.45599999999999996
2021-22,Kelly Oubre Jr.,1626162,17,35.0,23.0,0.0,0.421
2021-22,Kelly Oubre Jr.,1626162,19,27.0,17.0,1.0,0.353
2021-22,Kelly Oubre Jr.,1626162,20,30.0,37.0,1.0,0.765
2021-22,Kelly Oubre Jr.,1626162,21,26.0,27.0,0.0,0.588
2021-22,Kelly Oubre Jr.,1626162,25,21.0,8.0,0.0,0.214
2021-22,Kelly Oubre Jr.,1626162,27,35.0,39.0,3.0,0.667
2021-22,Kelly Oubre Jr.,1626162,29,23.0,32.0,0.0,0.625
2021-22,Kelly Oubre Jr.,1626162,41,23.0,16.0,1.0,0.556
2021-22,Kemba Walker,202689,-23,30.0,26.0,3.0,0.474
2021-22,Kemba Walker,202689,-22,21.0,5.0,2.0,0.2
2021-22,Kemba Walker,202689,-16,28.0,15.0,3.0,0.5
2021-22,Kemba Walker,202689,-15,20.0,16.0,2.0,0.727
2021-22,Kemba Walker,202689,-13,23.0,17.0,2.0,0.455
2021-22,Kemba Walker,202689,-12,22.0,2.0,8.0,0.167
2021-22,Kemba Walker,202689,-11,28.0,4.0,4.0,0.182
2021-22,Kemba Walker,202689,-9,20.0,9.0,3.0,0.4
2021-22,Kemba Walker,202689,-4,22.0,8.0,6.0,0.3
2021-22,Kemba Walker,202689,-3,25.333333333333332,7.0,3.0,0.29733333333333334
2021-22,Kemba Walker,202689,-2,24.0,14.0,2.6666666666666665,0.472
2021-22,Kemba Walker,202689,-1,35.0,10.0,3.0,0.375
2021-22,Kemba Walker,202689,0,23.0,7.0,3.0,0.429
2021-22,Kemba Walker,202689,2,29.0,21.0,2.0,0.583
2021-22,Kemba Walker,202689,3,28.0,19.0,5.0,0.467
2021-22,Kemba Walker,202689,4,42.0,44.0,8.0,0.519
2021-22,Kemba Walker,202689,5,27.666666666666668,15.666666666666666,3.6666666666666665,0.3873333333333333
2021-22,Kemba Walker,202689,6,29.0,8.0,7.0,0.5
2021-22,Kemba Walker,202689,7,30.5,19.0,4.5,0.5035000000000001
2021-22,Kemba Walker,202689,9,39.0,21.0,5.0,0.381
2021-22,Kemba Walker,202689,19,40.0,10.0,12.0,0.25
2021-22,Kenrich Williams,1629026,-16,20.0,0.0,0.0,0.0
2021-22,Kenrich Williams,1629026,-12,30.0,12.0,5.0,0.455
2021-22,Kenrich Williams,1629026,-10,21.5,5.5,2.5,0.3125
2021-22,Kenrich Williams,1629026,-9,25.0,7.0,2.5,0.3305
2021-22,Kenrich Williams,1629026,-8,21.0,10.0,2.0,0.625
2021-22,Kenrich Williams,1629026,-6,26.0,12.0,1.0,0.8
2021-22,Kenrich Williams,1629026,-5,30.0,6.0,6.0,0.375
2021-22,Kenrich Williams,1629026,-4,23.0,7.0,4.0,0.5
2021-22,Kenrich Williams,1629026,-3,29.0,13.0,2.0,0.455
2021-22,Kenrich Williams,1629026,-2,22.0,10.0,4.0,0.5
2021-22,Kenrich Williams,1629026,-1,22.25,7.25,1.5,0.46425
2021-22,Kenrich Williams,1629026,0,22.0,0.0,1.0,0.0
2021-22,Kenrich Williams,1629026,1,27.0,7.0,2.0,0.333
2021-22,Kenrich Williams,1629026,3,22.0,8.5,1.0,0.5415
2021-22,Kenrich Williams,1629026,4,21.0,9.0,4.0,0.75
2021-22,Kenrich Williams,1629026,7,24.0,11.0,1.0,0.667
2021-22,Kenrich Williams,1629026,9,24.0,8.0,2.0,0.444
2021-22,Kenrich Williams,1629026,10,23.0,8.5,1.5,0.5
2021-22,Kenrich Williams,1629026,11,27.0,8.0,4.0,0.6
2021-22,Kenrich Williams,1629026,16,25.5,12.5,2.5,0.646
2021-22,Kenrich Williams,1629026,17,30.0,6.0,2.0,0.2
2021-22,Kenrich Williams,1629026,20,26.0,17.0,3.0,0.667
2021-22,Kenrich Williams,1629026,22,26.0,12.0,3.0,0.625
2021-22,Kent Bazemore,203145,-17,23.0,4.0,1.0,0.2
2021-22,Kent Bazemore,203145,-16,28.0,11.0,0.0,1.0
2021-22,Kent Bazemore,203145,-12,22.0,2.0,2.0,0.0
2021-22,Kent Bazemore,203145,-6,22.5,6.5,1.5,0.375
2021-22,Kent Bazemore,203145,-4,20.0,6.0,3.0,0.4
2021-22,Kent Bazemore,203145,2,26.0,7.0,1.0,0.429
2021-22,Kent Bazemore,203145,4,27.0,9.0,1.0,0.429
2021-22,Kent Bazemore,203145,6,29.0,8.0,2.5,0.5
2021-22,Kent Bazemore,203145,9,28.0,4.0,2.0,0.286
2021-22,Kent Bazemore,203145,10,30.0,8.0,0.0,0.333
2021-22,Kentavious Caldwell-Pope,203484,-28,22.0,8.0,1.0,0.273
2021-22,Kentavious Caldwell-Pope,203484,-23,28.0,12.0,0.6666666666666666,0.399
2021-22,Kentavious Caldwell-Pope,203484,-21,31.0,15.0,0.5,0.45599999999999996
2021-22,Kentavious Caldwell-Pope,203484,-17,25.5,13.0,0.5,0.4
2021-22,Kentavious Caldwell-Pope,203484,-16,29.0,7.5,0.5,0.36150000000000004
2021-22,Kentavious Caldwell-Pope,203484,-15,27.0,9.5,1.0,0.36650000000000005
2021-22,Kentavious Caldwell-Pope,203484,-13,28.0,10.0,1.5,0.4145
2021-22,Kentavious Caldwell-Pope,203484,-12,29.5,10.5,2.0,0.29300000000000004
2021-22,Kentavious Caldwell-Pope,203484,-11,26.0,14.0,3.0,0.556
2021-22,Kentavious Caldwell-Pope,203484,-10,24.0,17.0,3.0,0.636
2021-22,Kentavious Caldwell-Pope,203484,-9,26.0,5.0,1.0,0.25
2021-22,Kentavious Caldwell-Pope,203484,-8,32.0,8.5,0.5,0.3415
2021-22,Kentavious Caldwell-Pope,203484,-7,29.0,11.0,2.0,0.45
2021-22,Kentavious Caldwell-Pope,203484,-6,32.5,12.5,2.0,0.39166666666666666
2021-22,Kentavious Caldwell-Pope,203484,-5,34.0,16.5,1.75,0.45925000000000005
2021-22,Kentavious Caldwell-Pope,203484,-4,28.5,16.0,2.75,0.387
2021-22,Kentavious Caldwell-Pope,203484,-3,29.333333333333332,10.666666666666666,1.3333333333333333,0.43566666666666665
2021-22,Kentavious Caldwell-Pope,203484,-2,32.5,12.0,2.0,0.2565
2021-22,Kentavious Caldwell-Pope,203484,-1,27.0,14.0,2.0,0.385
2021-22,Kentavious Caldwell-Pope,203484,0,32.0,16.666666666666668,1.0,0.42366666666666664
2021-22,Kentavious Caldwell-Pope,203484,1,32.0,9.5,3.0,0.432
2021-22,Kentavious Caldwell-Pope,203484,2,32.2,11.2,2.4,0.39540000000000003
2021-22,Kentavious Caldwell-Pope,203484,3,34.0,14.666666666666666,3.0,0.4963333333333333
2021-22,Kentavious Caldwell-Pope,203484,5,28.0,17.0,1.0,0.5855
2021-22,Kentavious Caldwell-Pope,203484,6,29.5,11.5,1.0,0.4355
2021-22,Kentavious Caldwell-Pope,203484,8,29.25,18.75,3.5,0.5205
2021-22,Kentavious Caldwell-Pope,203484,9,28.0,10.0,5.0,0.5
2021-22,Kentavious Caldwell-Pope,203484,10,28.333333333333332,15.0,2.3333333333333335,0.543
2021-22,Kentavious Caldwell-Pope,203484,13,27.5,11.5,1.5,0.49250000000000005
2021-22,Kentavious Caldwell-Pope,203484,16,33.0,19.0,5.0,0.385
2021-22,Kentavious Caldwell-Pope,203484,19,28.0,14.0,1.0,0.4
2021-22,Kentavious Caldwell-Pope,203484,20,33.0,35.0,0.0,0.684
2021-22,Kentavious Caldwell-Pope,203484,23,26.0,12.0,3.0,0.4
2021-22,Kentavious Caldwell-Pope,203484,24,32.0,25.0,3.0,0.588
2021-22,Kenyon Martin Jr.,1630231,-28,28.0,13.0,2.0,0.857
2021-22,Kenyon Martin Jr.,1630231,-24,26.0,14.0,0.0,0.4
2021-22,Kenyon Martin Jr.,1630231,-19,26.0,16.0,0.0,0.667
2021-22,Kenyon Martin Jr.,1630231,-18,25.0,12.0,1.0,0.417
2021-22,Kenyon Martin Jr.,1630231,-16,30.0,14.666666666666666,2.3333333333333335,0.7276666666666666
2021-22,Kenyon Martin Jr.,1630231,-15,23.0,11.0,2.0,0.5
2021-22,Kenyon Martin Jr.,1630231,-14,26.666666666666668,6.666666666666667,0.6666666666666666,0.3133333333333333
2021-22,Kenyon Martin Jr.,1630231,-13,20.0,4.0,0.0,0.2
2021-22,Kenyon Martin Jr.,1630231,-12,28.333333333333332,14.0,3.3333333333333335,0.619
2021-22,Kenyon Martin Jr.,1630231,-11,36.0,20.0,2.0,0.571
2021-22,Kenyon Martin Jr.,1630231,-9,21.0,8.333333333333334,0.3333333333333333,0.5640000000000001
2021-22,Kenyon Martin Jr.,1630231,-7,20.5,8.5,0.0,0.4375
2021-22,Kenyon Martin Jr.,1630231,-6,22.0,13.0,2.5,0.578
2021-22,Kenyon Martin Jr.,1630231,-5,25.0,11.0,3.0,0.556
2021-22,Kenyon Martin Jr.,1630231,-3,21.0,10.0,1.0,0.75
2021-22,Kenyon Martin Jr.,1630231,-2,23.5,8.0,1.0,0.5335000000000001
2021-22,Kenyon Martin Jr.,1630231,1,27.0,11.0,3.0,1.0
2021-22,Kenyon Martin Jr.,1630231,2,27.0,13.0,3.0,0.455
2021-22,Kenyon Martin Jr.,1630231,3,23.0,10.0,2.5,0.5335000000000001
2021-22,Kenyon Martin Jr.,1630231,4,28.0,14.0,3.0,0.75
2021-22,Kenyon Martin Jr.,1630231,7,33.0,12.5,2.0,0.506
2021-22,Kenyon Martin Jr.,1630231,9,26.0,10.0,1.0,0.6425
2021-22,Kenyon Martin Jr.,1630231,10,22.666666666666668,9.333333333333334,1.6666666666666667,0.5063333333333333
2021-22,Kenyon Martin Jr.,1630231,11,22.0,16.0,1.0,0.75
2021-22,Kenyon Martin Jr.,1630231,12,21.0,9.0,1.0,0.667
2021-22,Kenyon Martin Jr.,1630231,16,23.0,11.0,0.0,0.444
2021-22,Keon Johnson,1630553,-36,30.0,10.0,6.0,0.231
2021-22,Keon Johnson,1630553,-34,26.0,14.0,1.0,0.214
2021-22,Keon Johnson,1630553,-19,25.666666666666668,6.666666666666667,3.3333333333333335,0.33099999999999996
2021-22,Keon Johnson,1630553,-18,22.0,7.0,4.0,0.4
2021-22,Keon Johnson,1630553,-14,35.0,8.0,6.0,0.231
2021-22,Keon Johnson,1630553,-11,23.0,8.0,2.0,0.308
2021-22,Keon Johnson,1630553,-9,23.5,12.5,1.5,0.454
2021-22,Keon Johnson,1630553,-7,42.0,17.0,2.0,0.368
2021-22,Keon Johnson,1630553,-6,29.0,15.0,5.0,0.556
2021-22,Keon Johnson,1630553,-5,32.0,14.0,0.0,0.333
2021-22,Keon Johnson,1630553,0,29.0,15.0,5.0,0.462
2021-22,Keon Johnson,1630553,1,35.0,18.0,7.0,0.5
2021-22,Keon Johnson,1630553,4,25.0,20.0,3.0,0.533
2021-22,Kessler Edwards,1630556,-20,24.0,5.0,0.0,0.333
2021-22,Kessler Edwards,1630556,-19,38.0,9.0,2.0,0.308
2021-22,Kessler Edwards,1630556,-18,24.0,7.5,0.5,0.375
2021-22,Kessler Edwards,1630556,-10,26.5,12.0,0.0,0.5
2021-22,Kessler Edwards,1630556,-8,35.0,5.0,0.0,0.5
2021-22,Kessler Edwards,1630556,-6,37.0,11.0,0.0,0.5
2021-22,Kessler Edwards,1630556,-3,20.0,6.0,1.0,0.2855
2021-22,Kessler Edwards,1630556,-1,30.0,8.5,0.5,0.3175
2021-22,Kessler Edwards,1630556,1,32.0,9.0,2.0,0.444
2021-22,Kessler Edwards,1630556,2,34.0,7.0,1.0,0.381
2021-22,Kessler Edwards,1630556,8,30.333333333333332,8.666666666666666,0.6666666666666666,0.457
2021-22,Kessler Edwards,1630556,10,43.0,17.0,2.0,0.583
2021-22,Kessler Edwards,1630556,14,24.0,5.0,2.0,0.286
2021-22,Kessler Edwards,1630556,16,31.0,9.5,1.0,0.4
2021-22,Kessler Edwards,1630556,20,32.0,5.0,0.0,0.286
2021-22,Kessler Edwards,1630556,29,25.0,14.0,2.0,0.75
2021-22,Kevin Durant,201142,-24,32.0,19.0,3.0,0.316
2021-22,Kevin Durant,201142,-23,31.0,26.0,6.0,0.333
2021-22,Kevin Durant,201142,-22,35.0,38.0,4.0,0.542
2021-22,Kevin Durant,201142,-20,30.0,32.0,4.0,0.52
2021-22,Kevin Durant,201142,-19,36.0,29.0,7.0,0.526
2021-22,Kevin Durant,201142,-15,41.0,28.0,5.0,0.474
2021-22,Kevin Durant,201142,-14,37.0,25.0,2.0,0.5
2021-22,Kevin Durant,201142,-13,41.0,27.0,7.0,0.375
2021-22,Kevin Durant,201142,-10,36.0,38.0,3.0,0.708
2021-22,Kevin Durant,201142,-9,37.0,33.0,4.0,0.542
2021-22,Kevin Durant,201142,-7,38.0,28.0,3.0,0.458
2021-22,Kevin Durant,201142,-5,42.5,28.5,7.0,0.48849999999999993
2021-22,Kevin Durant,201142,-4,35.0,31.0,4.0,0.476
2021-22,Kevin Durant,201142,-3,38.0,37.0,8.0,0.571
2021-22,Kevin Durant,201142,-1,41.5,37.0,7.5,0.4465
2021-22,Kevin Durant,201142,0,37.0,34.0,6.0,0.6165
2021-22,Kevin Durant,201142,1,43.5,40.5,7.0,0.5775
2021-22,Kevin Durant,201142,2,39.0,23.0,10.0,0.4
2021-22,Kevin Durant,201142,4,41.5,26.0,4.5,0.48950000000000005
2021-22,Kevin Durant,201142,5,39.0,27.0,9.0,0.421
2021-22,Kevin Durant,201142,6,37.0,30.25,5.5,0.547
2021-22,Kevin Durant,201142,8,39.0,14.0,7.0,0.462
2021-22,Kevin Durant,201142,9,29.0,30.0,2.0,0.917
2021-22,Kevin Durant,201142,10,36.0,23.0,9.25,0.5385
2021-22,Kevin Durant,201142,11,39.0,41.0,10.5,0.482
2021-22,Kevin Durant,201142,12,39.0,34.0,8.0,0.542
2021-22,Kevin Durant,201142,13,38.5,28.5,7.0,0.4665
2021-22,Kevin Durant,201142,15,35.0,32.0,5.0,0.65
2021-22,Kevin Durant,201142,16,41.0,36.0,5.0,0.55
2021-22,Kevin Durant,201142,17,36.5,29.5,7.5,0.613
2021-22,Kevin Durant,201142,18,39.0,41.0,5.0,0.609
2021-22,Kevin Durant,201142,19,42.0,32.0,11.0,0.5
2021-22,Kevin Durant,201142,20,36.5,25.0,6.5,0.472
2021-22,Kevin Durant,201142,21,30.0,21.0,6.0,0.5835
2021-22,Kevin Durant,201142,23,30.0,27.0,9.0,0.7
2021-22,Kevin Durant,201142,25,41.0,51.0,9.0,0.516
2021-22,Kevin Durant,201142,30,34.0,33.0,4.0,0.529
2021-22,Kevin Durant,201142,34,32.0,25.0,7.0,0.588
2021-22,Kevin Huerter,1628989,-30,29.0,11.0,3.0,0.3015
2021-22,Kevin Huerter,1628989,-20,39.0,28.0,3.0,0.611
2021-22,Kevin Huerter,1628989,-17,32.0,7.0,4.0,0.222
2021-22,Kevin Huerter,1628989,-14,32.0,7.0,4.0,0.333
2021-22,Kevin Huerter,1628989,-10,30.0,13.5,2.5,0.49450000000000005
2021-22,Kevin Huerter,1628989,-9,29.5,11.0,2.0,0.4165
2021-22,Kevin Huerter,1628989,-8,28.666666666666668,10.0,3.0,0.4286666666666667
2021-22,Kevin Huerter,1628989,-7,29.6,9.8,2.6,0.3792
2021-22,Kevin Huerter,1628989,-6,33.0,15.5,2.5,0.486
2021-22,Kevin Huerter,1628989,-5,33.0,22.0,6.0,0.615
2021-22,Kevin Huerter,1628989,-4,26.0,7.0,3.0,0.375
2021-22,Kevin Huerter,1628989,-3,34.0,19.0,3.0,0.636
2021-22,Kevin Huerter,1628989,-2,31.5,9.5,0.5,0.3275
2021-22,Kevin Huerter,1628989,-1,32.5,17.5,2.5,0.5335
2021-22,Kevin Huerter,1628989,0,27.4,10.8,2.4,0.44580000000000003
2021-22,Kevin Huerter,1628989,2,36.0,13.5,1.5,0.5175
2021-22,Kevin Huerter,1628989,3,33.75,21.5,3.5,0.562
2021-22,Kevin Huerter,1628989,4,29.333333333333332,8.333333333333334,2.0,0.3176666666666667
2021-22,Kevin Huerter,1628989,5,33.0,17.0,4.0,0.6
2021-22,Kevin Huerter,1628989,6,24.666666666666668,4.666666666666667,3.3333333333333335,0.2273333333333333
2021-22,Kevin Huerter,1628989,7,31.0,19.0,2.0,0.778
2021-22,Kevin Huerter,1628989,8,28.0,20.0,1.0,0.8
2021-22,Kevin Huerter,1628989,10,31.0,12.666666666666666,2.0,0.3446666666666667
2021-22,Kevin Huerter,1628989,12,32.0,13.0,5.0,0.5905
2021-22,Kevin Huerter,1628989,13,30.333333333333332,11.0,2.6666666666666665,0.5
2021-22,Kevin Huerter,1628989,14,35.0,17.5,4.5,0.43200000000000005
2021-22,Kevin Huerter,1628989,16,29.0,13.0,5.0,0.6
2021-22,Kevin Huerter,1628989,17,33.0,14.0,4.0,0.556
2021-22,Kevin Huerter,1628989,19,36.0,13.0,3.0,0.333
2021-22,Kevin Huerter,1628989,20,25.5,8.5,4.0,0.381
2021-22,Kevin Huerter,1628989,22,28.0,16.0,2.0,0.569
2021-22,Kevin Huerter,1628989,24,28.0,14.0,3.0,0.556
2021-22,Kevin Huerter,1628989,25,31.0,12.0,4.0,0.556
2021-22,Kevin Huerter,1628989,26,30.0,23.0,2.0,0.583
2021-22,Kevin Huerter,1628989,32,25.0,7.0,4.0,0.429
2021-22,Kevin Knox II,1628995,-18,28.0,18.0,1.0,0.4
2021-22,Kevin Knox II,1628995,0,20.0,9.0,1.0,0.5
2021-22,Kevin Love,201567,-21,20.0,8.0,4.0,0.375
2021-22,Kevin Love,201567,-16,27.0,10.0,3.0,0.449
2021-22,Kevin Love,201567,-13,27.0,16.0,2.0,0.3835
2021-22,Kevin Love,201567,-11,25.0,19.0,2.5,0.4085
2021-22,Kevin Love,201567,-10,24.0,11.666666666666666,2.6666666666666665,0.461
2021-22,Kevin Love,201567,-9,25.0,11.0,2.0,0.444
2021-22,Kevin Love,201567,-8,22.0,6.0,2.0,0.25
2021-22,Kevin Love,201567,-7,20.0,15.5,3.0,0.4425
2021-22,Kevin Love,201567,-5,23.0,13.333333333333334,2.3333333333333335,0.3983333333333334
2021-22,Kevin Love,201567,-4,25.0,21.0,2.0,0.412
2021-22,Kevin Love,201567,-2,32.5,14.5,3.0,0.4555
2021-22,Kevin Love,201567,-1,32.0,24.0,3.0,0.5
2021-22,Kevin Love,201567,0,20.0,12.0,3.0,0.444
2021-22,Kevin Love,201567,2,29.0,35.0,4.0,0.556
2021-22,Kevin Love,201567,3,25.0,17.0,3.0,0.545
2021-22,Kevin Love,201567,4,26.0,14.0,1.0,0.5
2021-22,Kevin Love,201567,5,21.5,22.5,0.5,0.6074999999999999
2021-22,Kevin Love,201567,6,22.666666666666668,12.333333333333334,1.3333333333333333,0.48166666666666663
2021-22,Kevin Love,201567,7,25.0,18.0,3.0,0.4443333333333333
2021-22,Kevin Love,201567,9,23.666666666666668,17.666666666666668,2.3333333333333335,0.395
2021-22,Kevin Love,201567,10,21.0,13.0,1.0,0.455
2021-22,Kevin Love,201567,11,22.5,13.0,2.0,0.49250000000000005
2021-22,Kevin Love,201567,12,25.0,25.0,1.0,0.389
2021-22,Kevin Love,201567,13,29.0,20.0,4.0,0.462
2021-22,Kevin Love,201567,17,33.0,15.0,3.0,0.4
2021-22,Kevin Love,201567,19,29.0,15.0,1.0,0.5
2021-22,Kevin Love,201567,20,26.0,15.0,1.0,0.6
2021-22,Kevin Love,201567,21,32.0,19.0,5.0,0.4
2021-22,Kevin Love,201567,28,23.0,15.0,4.0,0.4
2021-22,Kevin Love,201567,29,21.0,22.0,3.0,0.667
2021-22,Kevin Pangos,1630698,-14,23.0,8.0,4.0,0.444
2021-22,Kevin Pangos,1630698,-13,24.0,2.0,6.0,0.125
2021-22,Kevin Pangos,1630698,4,26.0,7.0,4.0,0.333
2021-22,Kevin Porter Jr.,1629645,-25,27.0,14.0,3.0,0.278
2021-22,Kevin Porter Jr.,1629645,-23,28.0,8.0,5.0,0.222
2021-22,Kevin Porter Jr.,1629645,-20,23.0,6.5,4.0,0.202
2021-22,Kevin Porter Jr.,1629645,-19,28.5,14.0,7.5,0.375
2021-22,Kevin Porter Jr.,1629645,-18,27.4,13.2,4.8,0.4
2021-22,Kevin Porter Jr.,1629645,-17,26.0,17.0,4.0,0.636
2021-22,Kevin Porter Jr.,1629645,-16,36.333333333333336,21.333333333333332,8.333333333333334,0.4486666666666667
2021-22,Kevin Porter Jr.,1629645,-15,30.0,7.0,4.0,0.273
2021-22,Kevin Porter Jr.,1629645,-13,31.0,9.0,3.0,0.25
2021-22,Kevin Porter Jr.,1629645,-12,29.0,8.0,8.0,0.222
2021-22,Kevin Porter Jr.,1629645,-11,32.5,19.0,8.5,0.4545
2021-22,Kevin Porter Jr.,1629645,-10,28.0,11.0,5.0,0.417
2021-22,Kevin Porter Jr.,1629645,-8,34.5,15.0,5.0,0.33825
2021-22,Kevin Porter Jr.,1629645,-7,35.0,30.0,8.0,0.688
2021-22,Kevin Porter Jr.,1629645,-6,41.0,36.0,4.0,0.5
2021-22,Kevin Porter Jr.,1629645,-5,36.0,16.5,3.5,0.437
2021-22,Kevin Porter Jr.,1629645,-4,33.0,13.5,9.5,0.381
2021-22,Kevin Porter Jr.,1629645,-3,34.0,22.0,6.5,0.496
2021-22,Kevin Porter Jr.,1629645,-1,32.75,16.5,5.75,0.3665
2021-22,Kevin Porter Jr.,1629645,0,37.0,30.0,12.0,0.647
2021-22,Kevin Porter Jr.,1629645,2,34.0,21.0,9.5,0.479
2021-22,Kevin Porter Jr.,1629645,3,34.0,8.5,8.0,0.2655
2021-22,Kevin Porter Jr.,1629645,5,33.5,26.5,3.0,0.5609999999999999
2021-22,Kevin Porter Jr.,1629645,6,33.666666666666664,16.333333333333332,6.666666666666667,0.47666666666666674
2021-22,Kevin Porter Jr.,1629645,8,36.0,10.0,10.0,0.308
2021-22,Kevin Porter Jr.,1629645,9,29.0,18.0,5.0,0.5
2021-22,Kevin Porter Jr.,1629645,10,29.0,10.0,11.0,0.364
2021-22,Kevin Porter Jr.,1629645,11,42.0,23.0,12.0,0.438
2021-22,Kevin Porter Jr.,1629645,13,37.0,29.0,5.0,0.524
2021-22,Kevin Porter Jr.,1629645,15,35.0,11.0,4.0,0.385
2021-22,Kevin Porter Jr.,1629645,18,26.0,13.0,7.0,0.444
2021-22,Kevin Porter Jr.,1629645,21,33.0,11.0,11.0,0.235
2021-22,Kevin Porter Jr.,1629645,25,30.0,18.0,10.0,0.438
2021-22,Kevon Looney,1626172,-16,23.0,12.0,3.0,0.571
2021-22,Kevon Looney,1626172,-13,20.0,2.0,2.0,0.5
2021-22,Kevon Looney,1626172,-12,22.0,12.0,3.0,0.625
2021-22,Kevon Looney,1626172,-10,27.0,9.0,4.0,0.667
2021-22,Kevon Looney,1626172,-9,28.5,13.0,3.5,0.729
2021-22,Kevon Looney,1626172,-7,20.0,6.0,3.0,0.5
2021-22,Kevon Looney,1626172,-6,24.666666666666668,5.666666666666667,2.0,0.6113333333333334
2021-22,Kevon Looney,1626172,-5,30.0,8.0,6.0,0.571
2021-22,Kevon Looney,1626172,-4,27.0,13.0,3.0,0.625
2021-22,Kevon Looney,1626172,-3,20.0,11.0,0.5,0.9285
2021-22,Kevon Looney,1626172,-2,22.0,2.0,3.0,0.25
2021-22,Kevon Looney,1626172,2,27.0,5.0,3.0,0.5835
2021-22,Kevon Looney,1626172,3,28.0,11.0,1.0,0.455
2021-22,Kevon Looney,1626172,4,24.0,4.0,2.0,0.4
2021-22,Kevon Looney,1626172,5,24.0,8.0,2.3333333333333335,0.7223333333333333
2021-22,Kevon Looney,1626172,6,27.0,5.5,2.0,0.59175
2021-22,Kevon Looney,1626172,8,24.5,4.5,3.5,0.4645
2021-22,Kevon Looney,1626172,9,27.0,8.0,2.0,0.429
2021-22,Kevon Looney,1626172,10,25.5,9.25,1.5,0.625
2021-22,Kevon Looney,1626172,11,23.0,6.0,3.0,0.6000000000000001
2021-22,Kevon Looney,1626172,12,24.0,6.666666666666667,2.0,0.5223333333333334
2021-22,Kevon Looney,1626172,14,21.0,2.0,1.5,0.1
2021-22,Kevon Looney,1626172,15,26.0,8.0,5.0,0.8
2021-22,Kevon Looney,1626172,16,24.0,10.0,4.0,0.8
2021-22,Kevon Looney,1626172,17,29.0,6.0,2.0,0.429
2021-22,Kevon Looney,1626172,18,22.5,1.0,3.5,0.25
2021-22,Kevon Looney,1626172,19,29.0,6.0,3.0,0.5
2021-22,Kevon Looney,1626172,25,26.0,7.0,4.0,0.75
2021-22,Khem Birch,203920,-19,21.0,7.0,1.0,0.429
2021-22,Khem Birch,203920,-16,21.0,4.0,0.0,0.167
2021-22,Khem Birch,203920,-11,24.0,5.0,0.0,0.667
2021-22,Khem Birch,203920,-10,21.0,6.0,1.0,0.5
2021-22,Khem Birch,203920,-8,22.0,5.666666666666667,1.0,0.39999999999999997
2021-22,Khem Birch,203920,-6,29.0,4.0,2.0,0.25
2021-22,Khem Birch,203920,-5,24.0,14.0,1.0,0.75
2021-22,Khem Birch,203920,-3,29.0,11.0,4.0,0.556
2021-22,Khem Birch,203920,-2,20.0,8.0,0.0,1.0
2021-22,Khem Birch,203920,3,26.0,6.0,2.0,0.5
2021-22,Khem Birch,203920,6,28.0,7.0,2.0,0.6
2021-22,Khem Birch,203920,9,26.0,4.0,1.0,0.5
2021-22,Khem Birch,203920,10,21.0,9.0,2.0,0.5
2021-22,Khem Birch,203920,12,20.0,2.0,0.0,0.333
2021-22,Khem Birch,203920,13,21.0,9.0,1.0,1.0
2021-22,Khem Birch,203920,15,23.0,6.0,3.0,0.333
2021-22,Khem Birch,203920,17,22.0,10.0,1.0,0.571
2021-22,Khem Birch,203920,19,20.0,8.0,0.0,0.5
2021-22,Khem Birch,203920,20,28.5,5.5,3.0,0.4165
2021-22,Khem Birch,203920,22,27.0,8.0,2.0,0.571
2021-22,Khris Middleton,203114,-26,23.0,10.0,4.0,0.286
2021-22,Khris Middleton,203114,-19,27.0,10.0,2.0,0.3
2021-22,Khris Middleton,203114,-16,29.0,15.0,5.0,0.55
2021-22,Khris Middleton,203114,-15,35.0,20.0,4.0,0.385
2021-22,Khris Middleton,203114,-13,29.0,11.0,4.5,0.28300000000000003
2021-22,Khris Middleton,203114,-12,31.0,21.0,3.0,0.571
2021-22,Khris Middleton,203114,-11,36.0,26.0,9.0,0.5705
2021-22,Khris Middleton,203114,-10,28.0,16.0,5.0,0.313
2021-22,Khris Middleton,203114,-9,31.0,16.666666666666668,6.333333333333333,0.34766666666666673
2021-22,Khris Middleton,203114,-8,31.5,20.5,4.0,0.44799999999999995
2021-22,Khris Middleton,203114,-7,35.0,21.0,4.0,0.533
2021-22,Khris Middleton,203114,-6,35.333333333333336,20.666666666666668,5.333333333333333,0.39366666666666666
2021-22,Khris Middleton,203114,-4,34.0,16.0,5.0,0.375
2021-22,Khris Middleton,203114,-3,35.0,34.0,4.0,0.5
2021-22,Khris Middleton,203114,1,32.0,13.5,4.5,0.272
2021-22,Khris Middleton,203114,2,35.0,22.0,2.0,0.4
2021-22,Khris Middleton,203114,3,28.0,23.0,6.0,0.412
2021-22,Khris Middleton,203114,4,32.0,21.0,5.0,0.333
2021-22,Khris Middleton,203114,5,33.25,20.75,6.75,0.47950000000000004
2021-22,Khris Middleton,203114,6,30.0,17.0,7.0,0.455
2021-22,Khris Middleton,203114,7,35.75,19.75,5.25,0.39275
2021-22,Khris Middleton,203114,8,33.666666666666664,28.333333333333332,6.0,0.47633333333333333
2021-22,Khris Middleton,203114,10,38.5,22.0,8.0,0.55
2021-22,Khris Middleton,203114,11,31.0,26.0,7.0,0.571
2021-22,Khris Middleton,203114,12,32.75,18.25,6.25,0.46699999999999997
2021-22,Khris Middleton,203114,13,30.0,16.0,6.0,0.333
2021-22,Khris Middleton,203114,14,32.0,24.25,7.0,0.52275
2021-22,Khris Middleton,203114,16,31.5,20.5,4.5,0.4105
2021-22,Khris Middleton,203114,18,30.0,18.75,3.75,0.397
2021-22,Khris Middleton,203114,20,28.5,19.0,4.25,0.5022500000000001
2021-22,Khris Middleton,203114,21,35.0,30.5,6.0,0.489
2021-22,Khris Middleton,203114,24,29.0,25.0,9.0,0.529
2021-22,Khris Middleton,203114,26,26.0,14.5,4.0,0.462
2021-22,Killian Hayes,1630165,-41,27.0,6.0,3.0,0.333
2021-22,Killian Hayes,1630165,-33,33.0,8.0,5.0,0.364
2021-22,Killian Hayes,1630165,-28,29.0,5.0,2.0,0.2
2021-22,Killian Hayes,1630165,-27,21.0,6.0,2.0,0.6
2021-22,Killian Hayes,1630165,-23,30.0,11.0,2.0,0.333
2021-22,Killian Hayes,1630165,-21,22.0,6.0,2.0,0.2
2021-22,Killian Hayes,1630165,-19,27.0,7.0,6.0,0.333
2021-22,Killian Hayes,1630165,-18,24.0,4.5,4.0,0.25
2021-22,Killian Hayes,1630165,-16,25.5,7.5,3.5,0.34850000000000003
2021-22,Killian Hayes,1630165,-14,24.666666666666668,7.666666666666667,5.666666666666667,0.4116666666666667
2021-22,Killian Hayes,1630165,-13,20.0,2.0,4.0,0.25
2021-22,Killian Hayes,1630165,-11,26.666666666666668,6.0,3.3333333333333335,0.23233333333333336
2021-22,Killian Hayes,1630165,-10,24.0,11.0,6.0,0.375
2021-22,Killian Hayes,1630165,-9,23.0,10.0,8.0,0.714
2021-22,Killian Hayes,1630165,-8,21.0,3.0,3.0,0.2
2021-22,Killian Hayes,1630165,-7,27.0,9.0,5.0,0.333
2021-22,Killian Hayes,1630165,-6,27.0,11.0,3.5,0.432
2021-22,Killian Hayes,1630165,-5,31.666666666666668,15.0,4.666666666666667,0.48500000000000004
2021-22,Killian Hayes,1630165,-4,35.0,8.0,10.0,0.364
2021-22,Killian Hayes,1630165,-3,29.0,8.0,5.333333333333333,0.4406666666666667
2021-22,Killian Hayes,1630165,-2,23.0,5.0,3.0,0.5
2021-22,Killian Hayes,1630165,0,23.5,6.5,5.0,0.35250000000000004
2021-22,Killian Hayes,1630165,1,25.0,5.5,4.25,0.3375
2021-22,Killian Hayes,1630165,2,25.5,6.0,4.0,0.3885
2021-22,Killian Hayes,1630165,3,28.0,9.0,4.5,0.47800000000000004
2021-22,Killian Hayes,1630165,5,25.0,5.5,5.5,0.25
2021-22,Killian Hayes,1630165,6,28.0,10.0,2.0,0.5
2021-22,Killian Hayes,1630165,7,30.5,9.5,8.5,0.5
2021-22,Killian Hayes,1630165,8,31.0,9.5,5.5,0.42200000000000004
2021-22,Killian Hayes,1630165,9,20.0,11.0,1.0,0.429
2021-22,Killian Hayes,1630165,11,25.0,5.0,5.0,0.4
2021-22,Killian Hayes,1630165,13,30.0,13.0,6.0,0.625
2021-22,Killian Hayes,1630165,16,24.5,7.0,4.0,0.4375
2021-22,Killian Tillie,1629681,2,20.0,0.0,1.0,0.0
2021-22,Killian Tillie,1629681,3,21.0,7.0,3.0,0.5
2021-22,Killian Tillie,1629681,5,21.0,9.0,0.0,0.5
2021-22,Killian Tillie,1629681,17,24.5,4.5,2.0,0.5835
2021-22,Kira Lewis Jr.,1630184,2,32.0,10.0,6.0,0.333
2021-22,Kira Lewis Jr.,1630184,5,26.0,12.0,0.0,0.455
2021-22,Kira Lewis Jr.,1630184,11,22.0,16.0,4.0,0.583
2021-22,Klay Thompson,202691,-30,32.0,18.0,1.0,0.333
2021-22,Klay Thompson,202691,-23,26.0,7.0,4.0,0.214
2021-22,Klay Thompson,202691,-13,38.0,24.0,0.0,0.409
2021-22,Klay Thompson,202691,-11,40.0,37.0,3.0,0.538
2021-22,Klay Thompson,202691,-10,28.0,16.0,2.0,0.353
2021-22,Klay Thompson,202691,-8,20.0,11.0,1.0,0.273
2021-22,Klay Thompson,202691,-7,36.0,25.0,3.0,0.455
2021-22,Klay Thompson,202691,-5,32.0,10.0,4.0,0.2345
2021-22,Klay Thompson,202691,-4,23.0,12.0,1.0,0.353
2021-22,Klay Thompson,202691,-3,26.0,16.0,2.0,0.357
2021-22,Klay Thompson,202691,0,31.0,18.0,2.5,0.37525000000000003
2021-22,Klay Thompson,202691,1,25.5,15.0,3.5,0.38449999999999995
2021-22,Klay Thompson,202691,2,39.0,36.0,2.0,0.5
2021-22,Klay Thompson,202691,4,26.0,23.0,4.0,0.563
2021-22,Klay Thompson,202691,5,33.0,33.0,4.0,0.545
2021-22,Klay Thompson,202691,6,33.0,20.0,1.0,0.391
2021-22,Klay Thompson,202691,7,26.0,14.0,3.0,0.4
2021-22,Klay Thompson,202691,9,33.0,18.0,2.0,0.35
2021-22,Klay Thompson,202691,10,30.0,33.0,0.0,0.545
2021-22,Klay Thompson,202691,11,24.0,18.0,2.0,0.545
2021-22,Klay Thompson,202691,16,22.0,21.0,4.0,0.462
2021-22,Klay Thompson,202691,20,23.0,23.0,7.0,0.727
2021-22,Klay Thompson,202691,25,30.0,41.0,2.0,0.552
2021-22,Klay Thompson,202691,26,25.0,15.0,6.0,0.5
2021-22,Klay Thompson,202691,27,33.0,38.0,5.0,0.625
2021-22,Kris Dunn,1627739,-26,23.0,12.0,8.0,0.545
2021-22,Kris Dunn,1627739,-25,27.0,13.0,7.0,0.667
2021-22,Kris Dunn,1627739,-23,25.0,9.0,3.0,0.444
2021-22,Kris Dunn,1627739,-13,26.0,2.0,6.0,0.25
2021-22,Kris Dunn,1627739,-11,25.0,6.0,4.0,0.5
2021-22,Kris Dunn,1627739,-10,20.0,8.0,3.0,0.5
2021-22,Kris Dunn,1627739,-8,24.0,9.0,8.0,0.444
2021-22,Kris Dunn,1627739,-6,20.0,2.0,6.0,0.0
2021-22,Kris Dunn,1627739,1,22.0,10.0,2.0,0.714
2021-22,Kris Dunn,1627739,3,26.5,9.0,8.5,0.45699999999999996
2021-22,Kris Dunn,1627739,7,26.0,3.0,5.0,0.125
2021-22,Kristaps Porzingis,204001,-23,28.0,11.0,0.0,0.308
2021-22,Kristaps Porzingis,204001,-21,30.0,22.0,2.0,0.529
2021-22,Kristaps Porzingis,204001,-19,24.0,16.5,1.0,0.4165
2021-22,Kristaps Porzingis,204001,-17,25.0,9.0,1.0,0.267
2021-22,Kristaps Porzingis,204001,-12,25.0,14.0,2.0,0.231
2021-22,Kristaps Porzingis,204001,-10,26.0,9.0,1.0,0.333
2021-22,Kristaps Porzingis,204001,-9,29.0,14.0,5.0,0.429
2021-22,Kristaps Porzingis,204001,-7,30.0,22.5,1.5,0.589
2021-22,Kristaps Porzingis,204001,-5,34.0,32.0,0.0,0.545
2021-22,Kristaps Porzingis,204001,-4,29.5,25.5,2.5,0.519
2021-22,Kristaps Porzingis,204001,-3,30.2,22.8,3.0,0.472
2021-22,Kristaps Porzingis,204001,-2,30.833333333333332,20.166666666666668,2.1666666666666665,0.47300000000000003
2021-22,Kristaps Porzingis,204001,-1,23.0,19.0,1.0,0.462
2021-22,Kristaps Porzingis,204001,1,26.0,21.0,2.5,0.46799999999999997
2021-22,Kristaps Porzingis,204001,2,31.2,23.0,3.0,0.48900000000000005
2021-22,Kristaps Porzingis,204001,3,33.0,27.0,3.0,0.444
2021-22,Kristaps Porzingis,204001,4,27.0,13.0,1.0,0.545
2021-22,Kristaps Porzingis,204001,6,40.0,30.0,1.0,0.563
2021-22,Kristaps Porzingis,204001,7,27.0,15.0,2.0,0.43200000000000005
2021-22,Kristaps Porzingis,204001,9,31.0,22.0,6.5,0.31799999999999995
2021-22,Kristaps Porzingis,204001,10,23.0,13.0,1.0,0.222
2021-22,Kristaps Porzingis,204001,12,27.0,24.0,2.0,0.441
2021-22,Kristaps Porzingis,204001,13,29.0,13.0,3.0,0.353
2021-22,Kristaps Porzingis,204001,14,27.0,19.0,0.0,0.5
2021-22,Kristaps Porzingis,204001,15,25.0,15.0,2.0,0.545
2021-22,Kristaps Porzingis,204001,17,27.0,20.0,2.0,0.6
2021-22,Kristaps Porzingis,204001,19,32.0,34.0,5.0,0.571
2021-22,Kristaps Porzingis,204001,23,28.0,35.0,3.0,0.611
2021-22,Kristaps Porzingis,204001,27,32.0,24.0,6.0,0.667
2021-22,Kyle Anderson,203937,-28,20.0,2.0,2.0,0.2
2021-22,Kyle Anderson,203937,-18,25.0,16.0,3.0,0.545
2021-22,Kyle Anderson,203937,-17,24.0,11.0,2.0,0.625
2021-22,Kyle Anderson,203937,-16,22.333333333333332,7.333333333333333,2.3333333333333335,0.37366666666666665
2021-22,Kyle Anderson,203937,-12,21.0,6.0,3.0,0.5
2021-22,Kyle Anderson,203937,-11,21.0,9.0,2.0,0.6
2021-22,Kyle Anderson,203937,-10,21.0,10.0,4.0,0.429
2021-22,Kyle Anderson,203937,-8,22.0,6.0,3.0,0.429
2021-22,Kyle Anderson,203937,-7,25.5,4.0,3.0,0.35
2021-22,Kyle Anderson,203937,-6,25.0,13.5,1.0,0.4965
2021-22,Kyle Anderson,203937,-5,29.0,8.0,3.0,0.429
2021-22,Kyle Anderson,203937,-4,22.333333333333332,6.333333333333333,3.3333333333333335,0.40700000000000003
2021-22,Kyle Anderson,203937,1,27.0,10.0,3.0,0.5625
2021-22,Kyle Anderson,203937,2,23.0,9.0,4.0,0.667
2021-22,Kyle Anderson,203937,3,24.5,8.5,2.5,0.45
2021-22,Kyle Anderson,203937,5,23.5,8.5,3.0,0.47800000000000004
2021-22,Kyle Anderson,203937,6,20.0,4.0,2.0,0.4
2021-22,Kyle Anderson,203937,7,21.0,7.0,1.0,0.375
2021-22,Kyle Anderson,203937,8,20.0,4.0,3.0,0.333
2021-22,Kyle Anderson,203937,10,26.5,7.0,3.0,0.5145
2021-22,Kyle Anderson,203937,13,20.5,8.0,2.0,0.55
2021-22,Kyle Anderson,203937,14,28.0,14.0,8.0,0.545
2021-22,Kyle Anderson,203937,15,26.666666666666668,12.0,5.0,0.597
2021-22,Kyle Anderson,203937,17,25.0,13.0,1.0,0.625
2021-22,Kyle Anderson,203937,19,24.0,10.0,3.0,0.5355
2021-22,Kyle Anderson,203937,25,27.0,13.0,3.0,0.4
2021-22,Kyle Anderson,203937,28,26.0,13.0,2.0,0.545
2021-22,Kyle Guy,1629657,-9,25.0,14.0,1.0,0.455
2021-22,Kyle Guy,1629657,-4,23.0,7.0,4.0,0.375
2021-22,Kyle Guy,1629657,6,23.0,17.0,4.0,0.75
2021-22,Kyle Kuzma,1628398,-35,26.0,12.0,2.0,0.444
2021-22,Kyle Kuzma,1628398,-33,26.0,4.0,3.0,0.333
2021-22,Kyle Kuzma,1628398,-32,23.0,12.0,3.0,0.4
2021-22,Kyle Kuzma,1628398,-29,24.0,12.0,1.0,0.364
2021-22,Kyle Kuzma,1628398,-27,23.0,9.0,1.0,0.25
2021-22,Kyle Kuzma,1628398,-23,28.0,12.0,3.0,0.364
2021-22,Kyle Kuzma,1628398,-22,26.0,6.0,7.0,0.3
2021-22,Kyle Kuzma,1628398,-20,32.5,23.5,2.5,0.44299999999999995
2021-22,Kyle Kuzma,1628398,-18,32.0,23.0,3.0,0.5
2021-22,Kyle Kuzma,1628398,-16,33.0,20.5,3.0,0.49
2021-22,Kyle Kuzma,1628398,-14,32.0,10.666666666666666,3.3333333333333335,0.32433333333333336
2021-22,Kyle Kuzma,1628398,-13,24.0,4.5,2.5,0.3
2021-22,Kyle Kuzma,1628398,-12,34.6,18.6,3.8,0.4646
2021-22,Kyle Kuzma,1628398,-11,32.0,13.0,3.0,0.556
2021-22,Kyle Kuzma,1628398,-10,32.0,6.0,4.0,0.3
2021-22,Kyle Kuzma,1628398,-9,35.0,22.0,7.0,0.5
2021-22,Kyle Kuzma,1628398,-8,32.0,19.0,1.5,0.438
2021-22,Kyle Kuzma,1628398,-7,28.5,13.0,1.5,0.4
2021-22,Kyle Kuzma,1628398,-6,38.0,20.5,3.0,0.475
2021-22,Kyle Kuzma,1628398,-5,38.0,34.0,2.0,0.591
2021-22,Kyle Kuzma,1628398,-4,30.0,6.0,1.0,0.2
2021-22,Kyle Kuzma,1628398,-3,39.5,14.0,3.0,0.49250000000000005
2021-22,Kyle Kuzma,1628398,-2,33.5,14.5,1.5,0.39649999999999996
2021-22,Kyle Kuzma,1628398,0,37.0,15.0,10.0,0.4
2021-22,Kyle Kuzma,1628398,1,33.0,9.0,3.0,0.3443333333333333
2021-22,Kyle Kuzma,1628398,2,34.0,20.5,4.5,0.49450000000000005
2021-22,Kyle Kuzma,1628398,3,34.5,19.5,5.5,0.49724999999999997
2021-22,Kyle Kuzma,1628398,4,39.0,29.0,3.0,0.667
2021-22,Kyle Kuzma,1628398,5,36.0,23.666666666666668,5.333333333333333,0.399
2021-22,Kyle Kuzma,1628398,6,46.0,36.0,7.0,0.481
2021-22,Kyle Kuzma,1628398,8,35.0,26.5,3.0,0.616
2021-22,Kyle Kuzma,1628398,9,36.5,23.0,4.0,0.4815
2021-22,Kyle Kuzma,1628398,10,30.0,5.0,5.0,0.286
2021-22,Kyle Kuzma,1628398,11,37.0,23.0,2.0,0.556
2021-22,Kyle Kuzma,1628398,15,32.0,18.0,2.0,0.438
2021-22,Kyle Kuzma,1628398,17,24.0,13.0,3.0,0.5
2021-22,Kyle Kuzma,1628398,18,33.0,25.0,2.0,0.647
2021-22,Kyle Kuzma,1628398,19,29.0,15.0,4.0,0.462
2021-22,Kyle Kuzma,1628398,21,36.0,23.0,8.0,0.471
2021-22,Kyle Kuzma,1628398,22,34.0,11.0,3.0,0.308
2021-22,Kyle Lowry,200768,-27,25.0,12.0,1.0,0.556
2021-22,Kyle Lowry,200768,-22,28.0,7.0,4.0,0.222
2021-22,Kyle Lowry,200768,-20,32.0,5.0,5.5,0.1665
2021-22,Kyle Lowry,200768,-15,39.0,17.0,8.0,0.556
2021-22,Kyle Lowry,200768,-14,38.0,13.0,4.0,0.5
2021-22,Kyle Lowry,200768,-13,38.0,13.5,8.5,0.216
2021-22,Kyle Lowry,200768,-11,36.5,19.5,9.5,0.528
2021-22,Kyle Lowry,200768,-10,28.0,6.0,5.0,0.222
2021-22,Kyle Lowry,200768,-9,36.0,17.0,3.0,0.364
2021-22,Kyle Lowry,200768,-7,36.5,17.0,6.5,0.4355
2021-22,Kyle Lowry,200768,-6,34.0,15.0,7.5,0.43100000000000005
2021-22,Kyle Lowry,200768,-3,34.0,13.0,10.0,0.5
2021-22,Kyle Lowry,200768,-2,36.5,23.5,6.5,0.607
2021-22,Kyle Lowry,200768,0,46.0,18.0,11.0,0.357
2021-22,Kyle Lowry,200768,1,35.0,11.0,15.0,0.5
2021-22,Kyle Lowry,200768,2,35.0,13.0,7.0,0.41933333333333334
2021-22,Kyle Lowry,200768,3,34.5,16.0,8.5,0.522
2021-22,Kyle Lowry,200768,4,27.0,5.0,4.333333333333333,0.16666666666666666
2021-22,Kyle Lowry,200768,5,37.5,16.5,5.5,0.4355
2021-22,Kyle Lowry,200768,6,32.0,3.0,10.0,0.25
2021-22,Kyle Lowry,200768,7,36.0,16.0,8.0,0.425
2021-22,Kyle Lowry,200768,8,36.5,19.0,11.5,0.4645
2021-22,Kyle Lowry,200768,9,35.333333333333336,20.333333333333332,7.666666666666667,0.597
2021-22,Kyle Lowry,200768,10,34.0,16.0,5.75,0.40075
2021-22,Kyle Lowry,200768,11,34.0,9.333333333333334,6.333333333333333,0.3666666666666667
2021-22,Kyle Lowry,200768,12,33.5,11.5,10.0,0.4095
2021-22,Kyle Lowry,200768,13,35.0,15.5,10.0,0.4375
2021-22,Kyle Lowry,200768,14,30.0,8.0,12.0,0.333
2021-22,Kyle Lowry,200768,16,32.0,0.0,5.0,0.0
2021-22,Kyle Lowry,200768,19,36.0,13.0,8.0,0.444
2021-22,Kyle Lowry,200768,20,33.0,12.5,8.0,0.6115
2021-22,Kyle Lowry,200768,21,29.0,15.0,8.0,0.625
2021-22,Kyle Lowry,200768,22,24.5,7.0,6.0,0.4375
2021-22,Kyle Lowry,200768,25,27.0,16.0,4.0,0.667
2021-22,Kyle Lowry,200768,26,29.0,16.0,14.0,0.6
2021-22,Kyle Lowry,200768,28,34.0,14.0,13.0,0.5
2021-22,Kyrie Irving,202681,-29,31.0,15.0,6.0,0.3
2021-22,Kyrie Irving,202681,-19,41.0,27.0,11.0,0.385
2021-22,Kyrie Irving,202681,-17,36.0,26.0,3.0,0.5
2021-22,Kyrie Irving,202681,-15,40.0,16.0,11.0,0.273
2021-22,Kyrie Irving,202681,-12,34.0,30.0,5.0,0.55
2021-22,Kyrie Irving,202681,-6,44.0,31.0,6.0,0.375
2021-22,Kyrie Irving,202681,-5,40.333333333333336,30.333333333333332,6.333333333333333,0.48500000000000004
2021-22,Kyrie Irving,202681,-2,44.0,25.0,5.0,0.409
2021-22,Kyrie Irving,202681,0,39.0,22.0,4.0,0.429
2021-22,Kyrie Irving,202681,3,37.666666666666664,26.666666666666668,4.0,0.49733333333333335
2021-22,Kyrie Irving,202681,4,39.0,38.0,5.0,0.538
2021-22,Kyrie Irving,202681,5,39.0,32.0,7.0,0.429
2021-22,Kyrie Irving,202681,6,39.0,24.0,4.0,0.389
2021-22,Kyrie Irving,202681,10,24.0,9.0,3.0,0.4
2021-22,Kyrie Irving,202681,11,39.0,18.0,8.0,0.318
2021-22,Kyrie Irving,202681,13,36.0,27.0,5.5,0.5205
2021-22,Kyrie Irving,202681,14,37.0,38.5,7.5,0.6555
2021-22,Kyrie Irving,202681,16,31.0,22.0,4.0,0.529
2021-22,Kyrie Irving,202681,17,42.0,24.0,7.0,0.346
2021-22,Kyrie Irving,202681,20,30.0,11.0,6.0,0.364
2021-22,Kyrie Irving,202681,21,40.0,42.0,6.0,0.542
2021-22,Kyrie Irving,202681,27,30.0,22.0,5.0,0.471
2021-22,Kyrie Irving,202681,36,34.0,60.0,4.0,0.645
2021-22,LaMarcus Aldridge,200746,-16,20.0,16.0,0.0,0.667
2021-22,LaMarcus Aldridge,200746,-11,27.0,18.0,0.0,0.667
2021-22,LaMarcus Aldridge,200746,-10,22.5,14.0,0.5,0.519
2021-22,LaMarcus Aldridge,200746,-7,24.0,15.0,1.0,0.5
2021-22,LaMarcus Aldridge,200746,-5,23.0,19.0,0.0,0.615
2021-22,LaMarcus Aldridge,200746,-4,25.5,15.5,1.0,0.604
2021-22,LaMarcus Aldridge,200746,-3,23.0,15.0,2.0,0.7
2021-22,LaMarcus Aldridge,200746,-1,22.0,7.0,1.0,0.333
2021-22,LaMarcus Aldridge,200746,1,24.333333333333332,10.333333333333334,1.3333333333333333,0.37833333333333335
2021-22,LaMarcus Aldridge,200746,2,23.0,14.0,1.0,0.7
2021-22,LaMarcus Aldridge,200746,4,31.333333333333332,23.0,1.6666666666666667,0.5833333333333334
2021-22,LaMarcus Aldridge,200746,5,25.5,17.0,0.25,0.571
2021-22,LaMarcus Aldridge,200746,7,22.0,16.0,2.0,0.571
2021-22,LaMarcus Aldridge,200746,8,34.0,13.0,2.0,0.5
2021-22,LaMarcus Aldridge,200746,9,22.0,15.0,2.0,0.455
2021-22,LaMarcus Aldridge,200746,11,29.0,10.0,0.5,0.4
2021-22,LaMarcus Aldridge,200746,13,24.5,16.5,1.0,0.7065
2021-22,LaMarcus Aldridge,200746,14,34.0,21.0,0.0,0.714
2021-22,LaMarcus Aldridge,200746,21,22.0,23.0,0.0,0.833
2021-22,LaMarcus Aldridge,200746,29,22.0,21.0,0.0,0.563
2021-22,LaMelo Ball,1630163,-32,23.0,17.0,1.0,0.417
2021-22,LaMelo Ball,1630163,-31,27.0,13.0,5.0,0.417
2021-22,LaMelo Ball,1630163,-23,30.0,24.0,2.0,0.5
2021-22,LaMelo Ball,1630163,-22,24.0,9.0,7.0,0.167
2021-22,LaMelo Ball,1630163,-20,31.0,15.0,3.0,0.357
2021-22,LaMelo Ball,1630163,-19,32.0,25.0,7.0,0.5
2021-22,LaMelo Ball,1630163,-18,33.0,19.0,4.0,0.353
2021-22,LaMelo Ball,1630163,-17,28.0,15.0,4.0,0.5
2021-22,LaMelo Ball,1630163,-16,30.0,24.0,13.0,0.643
2021-22,LaMelo Ball,1630163,-14,34.0,19.75,10.25,0.43175
2021-22,LaMelo Ball,1630163,-13,34.0,30.5,8.5,0.472
2021-22,LaMelo Ball,1630163,-12,33.0,22.0,4.666666666666667,0.4613333333333333
2021-22,LaMelo Ball,1630163,-11,30.0,6.0,6.0,0.143
2021-22,LaMelo Ball,1630163,-10,36.0,21.0,7.0,0.455
2021-22,LaMelo Ball,1630163,-9,32.0,18.0,13.0,0.333
2021-22,LaMelo Ball,1630163,-7,30.0,11.333333333333334,7.333333333333333,0.29233333333333333
2021-22,LaMelo Ball,1630163,-6,37.0,23.0,10.0,0.421
2021-22,LaMelo Ball,1630163,-4,31.5,19.0,7.5,0.383
2021-22,LaMelo Ball,1630163,-2,30.4,22.2,5.6,0.4032
2021-22,LaMelo Ball,1630163,-1,31.0,17.0,4.333333333333333,0.36200000000000004
2021-22,LaMelo Ball,1630163,0,28.0,31.0,7.0,0.478
2021-22,LaMelo Ball,1630163,1,32.0,16.333333333333332,10.333333333333334,0.3446666666666667
2021-22,LaMelo Ball,1630163,2,41.0,36.0,9.0,0.545
2021-22,LaMelo Ball,1630163,3,30.0,16.0,8.0,0.5
2021-22,LaMelo Ball,1630163,4,33.0,21.0,5.0,0.409
2021-22,LaMelo Ball,1630163,6,36.666666666666664,25.0,8.333333333333334,0.467
2021-22,LaMelo Ball,1630163,7,29.0,24.0,7.0,0.438
2021-22,LaMelo Ball,1630163,9,29.0,10.0,13.0,0.4
2021-22,LaMelo Ball,1630163,10,29.0,13.0,6.0,0.313
2021-22,LaMelo Ball,1630163,12,36.0,27.0,8.0,0.4465
2021-22,LaMelo Ball,1630163,13,33.25,23.25,7.0,0.5015000000000001
2021-22,LaMelo Ball,1630163,14,34.666666666666664,26.333333333333332,7.666666666666667,0.53
2021-22,LaMelo Ball,1630163,15,33.0,27.0,7.0,0.5
2021-22,LaMelo Ball,1630163,16,32.0,31.0,12.0,0.714
2021-22,LaMelo Ball,1630163,17,24.0,16.0,7.0,0.5
2021-22,LaMelo Ball,1630163,18,36.0,12.5,8.5,0.3105
2021-22,LaMelo Ball,1630163,19,30.666666666666668,19.666666666666668,10.666666666666666,0.4073333333333333
2021-22,LaMelo Ball,1630163,20,32.5,20.5,11.0,0.453
2021-22,LaMelo Ball,1630163,21,34.0,20.0,2.0,0.389
2021-22,LaMelo Ball,1630163,22,29.0,12.0,12.0,0.364
2021-22,LaMelo Ball,1630163,24,36.0,22.0,11.0,0.438
2021-22,LaMelo Ball,1630163,29,30.0,17.0,7.0,0.5
2021-22,LaMelo Ball,1630163,45,38.0,29.0,13.0,0.688
2021-22,Lamar Stevens,1630205,-22,20.0,8.0,2.0,0.4
2021-22,Lamar Stevens,1630205,-17,23.0,16.0,2.0,0.417
2021-22,Lamar Stevens,1630205,-15,21.0,7.0,0.0,0.5
2021-22,Lamar Stevens,1630205,-7,21.0,6.0,1.0,0.5
2021-22,Lamar Stevens,1630205,-5,26.0,6.0,1.0,0.333
2021-22,Lamar Stevens,1630205,-2,22.0,3.0,2.0,0.25
2021-22,Lamar Stevens,1630205,-1,20.0,9.0,2.0,0.8
2021-22,Lamar Stevens,1630205,0,34.0,16.0,1.0,0.667
2021-22,Lamar Stevens,1630205,1,27.333333333333332,8.666666666666666,1.3333333333333333,0.3496666666666666
2021-22,Lamar Stevens,1630205,2,26.0,18.0,2.0,0.6
2021-22,Lamar Stevens,1630205,3,23.0,11.0,2.0,0.833
2021-22,Lamar Stevens,1630205,4,23.0,12.0,2.0,0.556
2021-22,Lamar Stevens,1630205,7,27.0,12.0,0.6666666666666666,0.5943333333333333
2021-22,Lamar Stevens,1630205,8,20.0,8.0,3.0,0.571
2021-22,Lamar Stevens,1630205,9,26.0,16.0,0.0,0.667
2021-22,Lamar Stevens,1630205,15,21.0,2.0,0.0,0.167
2021-22,Lamar Stevens,1630205,18,29.0,23.0,2.0,0.667
2021-22,Lamar Stevens,1630205,19,23.0,7.0,0.0,0.5
2021-22,Lance Stephenson,202362,-34,20.0,8.0,0.0,0.182
2021-22,Lance Stephenson,202362,-8,28.0,14.0,4.0,0.429
2021-22,Lance Stephenson,202362,-7,28.0,14.0,10.0,0.5
2021-22,Lance Stephenson,202362,-6,32.0,30.0,5.0,0.632
2021-22,Lance Stephenson,202362,-5,20.0,9.0,5.0,0.6
2021-22,Lance Stephenson,202362,-3,28.0,24.5,5.0,0.5670000000000001
2021-22,Lance Stephenson,202362,-2,20.0,6.0,6.0,0.273
2021-22,Lance Stephenson,202362,1,31.0,14.0,1.0,0.385
2021-22,Lance Stephenson,202362,3,22.0,11.0,11.0,0.571
2021-22,Lance Stephenson,202362,5,34.0,11.0,4.0,0.556
2021-22,Lance Stephenson,202362,10,31.0,21.0,4.0,0.438
2021-22,Lance Stephenson,202362,12,22.0,1.0,5.0,0.0
2021-22,Lance Stephenson,202362,14,28.0,16.0,14.0,0.583
2021-22,Lance Stephenson,202362,25,27.0,2.0,11.0,1.0
2021-22,Landry Shamet,1629013,-32,27.0,8.0,1.0,0.25
2021-22,Landry Shamet,1629013,-16,31.0,10.0,1.0,0.4
2021-22,Landry Shamet,1629013,-12,24.0,5.0,1.5,0.3365
2021-22,Landry Shamet,1629013,-9,23.0,9.0,3.0,0.333
2021-22,Landry Shamet,1629013,-8,23.0,8.0,3.0,0.222
2021-22,Landry Shamet,1629013,-4,34.0,17.0,5.0,0.417
2021-22,Landry Shamet,1629013,-3,22.5,10.5,2.0,0.2775
2021-22,Landry Shamet,1629013,-2,20.0,9.0,0.0,0.364
2021-22,Landry Shamet,1629013,1,21.0,2.0,2.0,0.2
2021-22,Landry Shamet,1629013,2,26.666666666666668,10.666666666666666,1.6666666666666667,0.4203333333333333
2021-22,Landry Shamet,1629013,3,31.0,24.0,3.0,0.593
2021-22,Landry Shamet,1629013,4,25.0,11.0,5.0,0.333
2021-22,Landry Shamet,1629013,6,27.25,14.75,2.75,0.48875
2021-22,Landry Shamet,1629013,7,21.0,3.0,1.0,0.2
2021-22,Landry Shamet,1629013,9,20.0,6.0,2.0,0.333
2021-22,Landry Shamet,1629013,10,23.0,11.0,5.0,0.571
2021-22,Landry Shamet,1629013,11,20.0,8.0,0.0,0.333
2021-22,Landry Shamet,1629013,12,26.666666666666668,13.333333333333334,1.3333333333333333,0.4143333333333334
2021-22,Landry Shamet,1629013,13,28.0,7.0,1.0,0.3
2021-22,Landry Shamet,1629013,15,26.0,10.0,1.0,0.364
2021-22,Landry Shamet,1629013,16,23.0,17.0,3.0,0.667
2021-22,Landry Shamet,1629013,20,24.0,7.0,1.5,0.238
2021-22,Landry Shamet,1629013,21,25.0,19.0,1.0,0.6
2021-22,Langston Galloway,204038,5,22.0,4.0,3.0,0.4
2021-22,Langston Galloway,204038,6,20.0,2.0,4.0,0.167
2021-22,Larry Nance Jr.,1626204,-29,32.0,12.0,3.0,0.455
2021-22,Larry Nance Jr.,1626204,-21,25.0,13.0,0.0,0.667
2021-22,Larry Nance Jr.,1626204,-15,28.0,10.0,2.0,0.8
2021-22,Larry Nance Jr.,1626204,-11,25.0,9.0,1.0,0.8
2021-22,Larry Nance Jr.,1626204,-9,25.5,9.5,5.5,0.481
2021-22,Larry Nance Jr.,1626204,-8,23.5,4.5,2.0,0.125
2021-22,Larry Nance Jr.,1626204,-7,24.0,7.0,1.5,0.4855
2021-22,Larry Nance Jr.,1626204,-5,27.0,10.0,1.3333333333333333,0.651
2021-22,Larry Nance Jr.,1626204,-3,22.0,7.0,0.0,0.6
2021-22,Larry Nance Jr.,1626204,-2,26.5,6.0,2.0,0.4415
2021-22,Larry Nance Jr.,1626204,-1,27.0,9.0,4.0,0.5
2021-22,Larry Nance Jr.,1626204,0,24.0,8.0,3.0,0.4
2021-22,Larry Nance Jr.,1626204,2,30.0,6.0,3.0,0.5
2021-22,Larry Nance Jr.,1626204,4,21.5,6.0,2.5,0.4585
2021-22,Larry Nance Jr.,1626204,6,23.0,15.0,2.0,1.0
2021-22,Larry Nance Jr.,1626204,9,20.0,9.0,2.0,0.429
2021-22,Larry Nance Jr.,1626204,10,24.5,11.0,2.5,0.6335
2021-22,Larry Nance Jr.,1626204,15,21.0,8.0,0.0,1.0
2021-22,Larry Nance Jr.,1626204,20,35.0,2.0,5.0,0.25
2021-22,Lauri Markkanen,1628374,-19,25.0,17.0,0.0,0.5
2021-22,Lauri Markkanen,1628374,-15,31.0,15.0,1.0,0.5
2021-22,Lauri Markkanen,1628374,-12,31.0,17.666666666666668,1.3333333333333333,0.476
2021-22,Lauri Markkanen,1628374,-11,30.0,8.0,2.0,0.4
2021-22,Lauri Markkanen,1628374,-10,31.666666666666668,12.333333333333334,0.6666666666666666,0.36133333333333334
2021-22,Lauri Markkanen,1628374,-9,34.0,13.0,2.0,0.455
2021-22,Lauri Markkanen,1628374,-8,29.5,15.0,1.5,0.375
2021-22,Lauri Markkanen,1628374,-6,34.0,14.0,2.5,0.3585
2021-22,Lauri Markkanen,1628374,-4,30.4,12.0,2.0,0.383
2021-22,Lauri Markkanen,1628374,-3,32.666666666666664,13.666666666666666,1.6666666666666667,0.45
2021-22,Lauri Markkanen,1628374,-2,33.5,21.5,0.5,0.5075
2021-22,Lauri Markkanen,1628374,-1,37.5,15.5,1.0,0.48650000000000004
2021-22,Lauri Markkanen,1628374,0,33.0,11.0,1.0,0.34299999999999997
2021-22,Lauri Markkanen,1628374,1,34.5,15.0,0.0,0.384
2021-22,Lauri Markkanen,1628374,2,35.5,21.5,1.0,0.469
2021-22,Lauri Markkanen,1628374,4,30.0,12.0,1.3333333333333333,0.37166666666666665
2021-22,Lauri Markkanen,1628374,5,30.0,17.0,0.6666666666666666,0.33166666666666667
2021-22,Lauri Markkanen,1628374,8,30.0,11.5,2.0,0.29600000000000004
2021-22,Lauri Markkanen,1628374,10,33.0,13.333333333333334,3.0,0.38166666666666665
2021-22,Lauri Markkanen,1628374,11,31.333333333333332,16.0,0.0,0.605
2021-22,Lauri Markkanen,1628374,13,28.5,12.5,3.0,0.5555
2021-22,Lauri Markkanen,1628374,15,29.0,8.0,2.0,0.214
2021-22,Lauri Markkanen,1628374,17,22.0,20.0,1.0,0.692
2021-22,Lauri Markkanen,1628374,20,31.0,17.0,1.0,0.6759999999999999
2021-22,Lauri Markkanen,1628374,21,36.5,21.5,2.5,0.498
2021-22,Lauri Markkanen,1628374,23,33.0,24.0,2.0,0.6
2021-22,Lauri Markkanen,1628374,27,21.0,19.0,2.0,0.875
2021-22,Lauri Markkanen,1628374,33,20.0,23.0,0.0,0.727
2021-22,LeBron James,2544,-30,33.0,35.0,7.0,0.737
2021-22,LeBron James,2544,-27,37.0,26.0,4.0,0.444
2021-22,LeBron James,2544,-25,34.0,27.0,8.0,0.579
2021-22,LeBron James,2544,-23,34.0,36.0,6.0,0.577
2021-22,LeBron James,2544,-22,35.0,32.0,3.0,0.565
2021-22,LeBron James,2544,-21,40.0,30.0,3.0,0.579
2021-22,LeBron James,2544,-20,37.0,30.0,5.0,0.5
2021-22,LeBron James,2544,-19,37.0,19.0,4.0,0.381
2021-22,LeBron James,2544,-17,37.5,24.0,7.0,0.3685
2021-22,LeBron James,2544,-16,30.0,31.0,6.0,0.5
2021-22,LeBron James,2544,-15,21.0,10.0,5.0,0.571
2021-22,LeBron James,2544,-12,38.0,34.0,6.0,0.448
2021-22,LeBron James,2544,-11,36.5,22.0,6.5,0.359
2021-22,LeBron James,2544,-9,41.0,39.0,5.0,0.519
2021-22,LeBron James,2544,-8,39.0,33.0,4.0,0.545
2021-22,LeBron James,2544,-7,49.0,30.0,11.0,0.4
2021-22,LeBron James,2544,-6,39.0,24.5,5.0,0.45899999999999996
2021-22,LeBron James,2544,-5,38.666666666666664,29.666666666666668,6.666666666666667,0.5196666666666666
2021-22,LeBron James,2544,-4,33.5,22.0,2.5,0.479
2021-22,LeBron James,2544,-3,43.0,39.0,6.0,0.448
2021-22,LeBron James,2544,-2,37.5,36.0,4.5,0.565
2021-22,LeBron James,2544,-1,39.5,25.0,6.0,0.446
2021-22,LeBron James,2544,0,35.5,35.5,4.5,0.6020000000000001
2021-22,LeBron James,2544,1,35.0,38.0,6.0,0.552
2021-22,LeBron James,2544,2,37.0,20.0,11.0,0.467
2021-22,LeBron James,2544,3,36.0,31.0,5.0,0.462
2021-22,LeBron James,2544,4,36.0,32.0,9.0,0.542
2021-22,LeBron James,2544,5,33.0,29.0,5.0,0.522
2021-22,LeBron James,2544,6,39.0,32.0,11.0,0.579
2021-22,LeBron James,2544,7,37.0,24.666666666666668,6.333333333333333,0.4936666666666667
2021-22,LeBron James,2544,8,36.0,30.0,10.0,0.619
2021-22,LeBron James,2544,9,38.75,32.25,8.0,0.517
2021-22,LeBron James,2544,10,34.0,33.0,6.0,0.667
2021-22,LeBron James,2544,11,37.0,25.0,7.0,0.45
2021-22,LeBron James,2544,12,39.0,29.0,10.0,0.542
2021-22,LeBron James,2544,13,38.0,56.0,3.0,0.613
2021-22,LeBron James,2544,14,37.0,31.5,9.5,0.6
2021-22,LeBron James,2544,18,32.5,36.5,4.5,0.6495
2021-22,LeBron James,2544,19,34.0,33.0,6.0,0.65
2021-22,LeBron James,2544,22,35.0,50.0,6.0,0.72
2021-22,Leandro Bolmaro,1630195,19,24.0,4.0,2.0,0.333
2021-22,Lindell Wigginton,1629623,-15,24.0,10.0,4.0,0.375
2021-22,Lindell Wigginton,1629623,-14,40.0,18.0,8.0,0.467
2021-22,Lindell Wigginton,1629623,1,28.0,12.0,1.0,0.5
2021-22,Lindy Waters III,1630322,-36,27.0,5.0,1.0,0.222
2021-22,Lindy Waters III,1630322,-22,26.0,10.0,1.0,0.3
2021-22,Lindy Waters III,1630322,-16,27.0,8.0,3.0,0.25
2021-22,Lindy Waters III,1630322,-12,25.0,16.0,0.0,0.545
2021-22,Lindy Waters III,1630322,-8,32.0,25.0,1.0,0.6
2021-22,Lindy Waters III,1630322,-4,24.0,4.0,2.0,0.25
2021-22,Lindy Waters III,1630322,-3,23.5,10.0,1.5,0.354
2021-22,Lindy Waters III,1630322,1,23.5,15.0,3.5,0.47750000000000004
2021-22,Lindy Waters III,1630322,3,20.0,12.0,1.0,0.571
2021-22,Lindy Waters III,1630322,6,25.0,9.5,1.5,0.35600000000000004
2021-22,Lindy Waters III,1630322,16,22.0,10.0,0.0,0.333
2021-22,Lonnie Walker IV,1629022,-23,26.0,11.0,3.0,0.385
2021-22,Lonnie Walker IV,1629022,-19,26.0,13.0,2.0,0.417
2021-22,Lonnie Walker IV,1629022,-18,20.0,11.0,2.0,0.333
2021-22,Lonnie Walker IV,1629022,-15,23.0,12.0,3.0,0.294
2021-22,Lonnie Walker IV,1629022,-14,20.0,6.0,2.0,0.333
2021-22,Lonnie Walker IV,1629022,-13,25.5,20.5,3.0,0.488
2021-22,Lonnie Walker IV,1629022,-12,24.666666666666668,17.0,1.6666666666666667,0.42366666666666664
2021-22,Lonnie Walker IV,1629022,-10,27.0,14.5,1.5,0.359
2021-22,Lonnie Walker IV,1629022,-9,24.0,11.0,2.0,0.273
2021-22,Lonnie Walker IV,1629022,-7,27.5,21.0,1.5,0.5335000000000001
2021-22,Lonnie Walker IV,1629022,-6,23.5,16.5,2.0,0.526
2021-22,Lonnie Walker IV,1629022,-5,24.0,17.0,2.0,0.467
2021-22,Lonnie Walker IV,1629022,-4,26.5,17.5,3.0,0.4665
2021-22,Lonnie Walker IV,1629022,-3,23.0,10.0,2.0,0.273
2021-22,Lonnie Walker IV,1629022,-2,30.5,19.5,3.5,0.454
2021-22,Lonnie Walker IV,1629022,0,26.6,15.6,2.2,0.453
2021-22,Lonnie Walker IV,1629022,1,25.0,15.5,4.0,0.3885
2021-22,Lonnie Walker IV,1629022,3,22.0,16.0,0.0,0.556
2021-22,Lonnie Walker IV,1629022,4,22.0,11.0,0.0,0.364
2021-22,Lonnie Walker IV,1629022,5,26.0,10.0,2.0,0.364
2021-22,Lonnie Walker IV,1629022,6,26.0,15.0,4.5,0.368
2021-22,Lonnie Walker IV,1629022,7,25.0,10.0,2.0,0.243
2021-22,Lonnie Walker IV,1629022,8,22.0,11.0,1.0,0.571
2021-22,Lonnie Walker IV,1629022,9,27.666666666666668,15.666666666666666,2.0,0.4263333333333333
2021-22,Lonnie Walker IV,1629022,10,25.0,11.5,3.0,0.2895
2021-22,Lonnie Walker IV,1629022,11,26.5,16.5,3.5,0.628
2021-22,Lonnie Walker IV,1629022,12,23.0,13.0,4.5,0.4915
2021-22,Lonnie Walker IV,1629022,15,22.0,15.0,1.0,0.455
2021-22,Lonnie Walker IV,1629022,16,21.0,4.0,3.0,0.2
2021-22,Lonnie Walker IV,1629022,26,25.0,17.0,3.0,0.353
2021-22,Lonzo Ball,1628366,-32,25.0,0.0,2.0,0.0
2021-22,Lonzo Ball,1628366,-22,23.0,15.0,3.0,0.417
2021-22,Lonzo Ball,1628366,-20,39.0,15.0,3.0,0.333
2021-22,Lonzo Ball,1628366,-18,34.0,7.0,4.0,0.3055
2021-22,Lonzo Ball,1628366,-16,39.0,19.0,7.0,0.5
2021-22,Lonzo Ball,1628366,-14,31.0,9.0,7.0,0.5
2021-22,Lonzo Ball,1628366,-10,37.0,17.0,4.0,0.538
2021-22,Lonzo Ball,1628366,-9,34.0,8.0,6.0,0.214
2021-22,Lonzo Ball,1628366,-5,37.0,19.0,5.0,0.636
2021-22,Lonzo Ball,1628366,-3,36.0,13.0,5.5,0.43900000000000006
2021-22,Lonzo Ball,1628366,-2,32.0,12.0,4.0,0.4
2021-22,Lonzo Ball,1628366,-1,34.5,8.5,5.0,0.2915
2021-22,Lonzo Ball,1628366,0,39.0,8.0,7.0,0.3
2021-22,Lonzo Ball,1628366,3,32.0,3.0,7.0,0.125
2021-22,Lonzo Ball,1628366,5,32.0,13.0,5.0,0.455
2021-22,Lonzo Ball,1628366,6,34.666666666666664,11.333333333333334,6.333333333333333,0.48233333333333334
2021-22,Lonzo Ball,1628366,7,33.0,10.0,3.0,0.286
2021-22,Lonzo Ball,1628366,9,38.0,17.0,4.5,0.461
2021-22,Lonzo Ball,1628366,10,33.0,11.0,2.0,0.364
2021-22,Lonzo Ball,1628366,11,37.0,13.0,1.0,0.417
2021-22,Lonzo Ball,1628366,13,32.5,14.0,7.0,0.43900000000000006
2021-22,Lonzo Ball,1628366,16,39.0,20.0,4.0,0.467
2021-22,Lonzo Ball,1628366,17,33.5,15.5,6.0,0.4585
2021-22,Lonzo Ball,1628366,21,38.0,21.0,6.0,0.5
2021-22,Lonzo Ball,1628366,22,31.0,13.0,6.0,0.571
2021-22,Lonzo Ball,1628366,25,37.0,27.0,8.0,0.769
2021-22,Lonzo Ball,1628366,39,27.0,18.0,5.0,0.667
2021-22,Lou Williams,101150,-7,31.0,14.0,5.0,0.25
2021-22,Louis King,1629663,1,21.0,12.0,0.0,0.364
2021-22,Luguentz Dort,1629652,-53,25.0,15.0,2.0,0.375
2021-22,Luguentz Dort,1629652,-29,26.0,18.0,1.0,0.455
2021-22,Luguentz Dort,1629652,-26,29.0,15.0,0.5,0.5135
2021-22,Luguentz Dort,1629652,-25,25.0,7.0,1.0,0.3
2021-22,Luguentz Dort,1629652,-24,28.0,11.0,2.5,0.36650000000000005
2021-22,Luguentz Dort,1629652,-21,30.0,7.0,2.0,0.2
2021-22,Luguentz Dort,1629652,-20,32.0,11.0,2.0,0.235
2021-22,Luguentz Dort,1629652,-18,27.0,15.0,0.0,0.308
2021-22,Luguentz Dort,1629652,-17,30.0,15.0,4.0,0.286
2021-22,Luguentz Dort,1629652,-16,32.0,10.0,0.0,0.25
2021-22,Luguentz Dort,1629652,-14,35.0,9.0,4.0,0.167
2021-22,Luguentz Dort,1629652,-13,32.0,14.0,1.3333333333333333,0.37200000000000005
2021-22,Luguentz Dort,1629652,-12,30.0,15.0,1.0,0.313
2021-22,Luguentz Dort,1629652,-11,26.0,15.0,1.0,0.353
2021-22,Luguentz Dort,1629652,-10,28.0,3.0,1.0,0.143
2021-22,Luguentz Dort,1629652,-8,32.666666666666664,21.0,2.0,0.5
2021-22,Luguentz Dort,1629652,-7,32.333333333333336,14.333333333333334,2.6666666666666665,0.342
2021-22,Luguentz Dort,1629652,-6,37.0,26.0,1.0,0.429
2021-22,Luguentz Dort,1629652,-4,32.0,19.0,1.0,0.333
2021-22,Luguentz Dort,1629652,-3,36.0,22.666666666666668,2.0,0.5016666666666666
2021-22,Luguentz Dort,1629652,-1,35.0,17.0,3.0,0.286
2021-22,Luguentz Dort,1629652,0,35.333333333333336,21.0,2.6666666666666665,0.44766666666666666
2021-22,Luguentz Dort,1629652,2,29.0,17.0,0.0,0.357
2021-22,Luguentz Dort,1629652,4,40.0,27.0,4.0,0.625
2021-22,Luguentz Dort,1629652,5,37.0,29.5,0.5,0.4475
2021-22,Luguentz Dort,1629652,8,33.0,16.5,2.0,0.34800000000000003
2021-22,Luguentz Dort,1629652,9,33.0,27.0,2.0,0.615
2021-22,Luguentz Dort,1629652,11,34.333333333333336,18.0,2.3333333333333335,0.44333333333333336
2021-22,Luguentz Dort,1629652,12,34.0,13.0,0.0,0.357
2021-22,Luguentz Dort,1629652,13,33.0,12.5,1.0,0.312
2021-22,Luguentz Dort,1629652,15,39.0,30.0,3.0,0.529
2021-22,Luguentz Dort,1629652,17,36.0,34.0,2.0,0.636
2021-22,Luguentz Dort,1629652,21,34.0,15.0,1.0,0.385
2021-22,Luka Doncic,1629029,-32,26.0,16.0,4.0,0.278
2021-22,Luka Doncic,1629029,-30,29.0,37.0,3.0,0.65
2021-22,Luka Doncic,1629029,-24,35.5,19.5,6.0,0.3505
2021-22,Luka Doncic,1629029,-22,36.0,30.0,7.0,0.472
2021-22,Luka Doncic,1629029,-20,33.0,22.5,10.0,0.381
2021-22,Luka Doncic,1629029,-19,31.333333333333332,27.0,4.0,0.4903333333333333
2021-22,Luka Doncic,1629029,-17,39.0,31.5,8.5,0.4425
2021-22,Luka Doncic,1629029,-16,35.0,23.0,11.0,0.333
2021-22,Luka Doncic,1629029,-15,34.0,17.0,10.0,0.25
2021-22,Luka Doncic,1629029,-13,35.0,33.0,5.0,0.417
2021-22,Luka Doncic,1629029,-11,36.0,33.0,10.0,0.52
2021-22,Luka Doncic,1629029,-10,34.0,21.0,7.0,0.35
2021-22,Luka Doncic,1629029,-9,36.0,27.0,9.0,0.44
2021-22,Luka Doncic,1629029,-7,37.5,21.5,9.0,0.3425
2021-22,Luka Doncic,1629029,-5,36.0,34.0,2.0,0.476
2021-22,Luka Doncic,1629029,-4,35.333333333333336,25.333333333333332,8.0,0.4653333333333333
2021-22,Luka Doncic,1629029,-2,34.5,26.5,7.0,0.4525
2021-22,Luka Doncic,1629029,1,38.0,27.0,12.0,0.458
2021-22,Luka Doncic,1629029,2,34.0,26.0,8.0,0.389
2021-22,Luka Doncic,1629029,3,38.0,21.0,6.0,0.263
2021-22,Luka Doncic,1629029,4,37.0,23.0,11.0,0.391
2021-22,Luka Doncic,1629029,5,36.0,29.0,8.5,0.499
2021-22,Luka Doncic,1629029,6,36.0,32.0,15.0,0.478
2021-22,Luka Doncic,1629029,7,40.333333333333336,31.0,8.0,0.49033333333333334
2021-22,Luka Doncic,1629029,8,39.333333333333336,39.333333333333336,10.666666666666666,0.48033333333333333
2021-22,Luka Doncic,1629029,9,35.5,41.5,5.5,0.589
2021-22,Luka Doncic,1629029,10,31.0,25.5,8.0,0.46199999999999997
2021-22,Luka Doncic,1629029,11,37.0,24.5,13.0,0.4775
2021-22,Luka Doncic,1629029,12,34.5,23.5,11.0,0.39
2021-22,Luka Doncic,1629029,14,37.0,35.0,13.0,0.538
2021-22,Luka Doncic,1629029,15,35.5,31.5,8.0,0.46
2021-22,Luka Doncic,1629029,16,35.0,30.0,6.0,0.474
2021-22,Luka Doncic,1629029,17,33.0,26.0,14.0,0.381
2021-22,Luka Doncic,1629029,18,35.0,26.0,7.0,0.526
2021-22,Luka Doncic,1629029,19,34.0,29.5,12.0,0.454
2021-22,Luka Doncic,1629029,20,31.0,23.0,3.0,0.368
2021-22,Luka Doncic,1629029,21,33.5,41.5,10.0,0.504
2021-22,Luka Doncic,1629029,25,33.0,21.0,15.0,0.389
2021-22,Luka Doncic,1629029,26,35.0,22.0,14.0,0.348
2021-22,Luka Doncic,1629029,29,27.0,28.0,14.0,0.688
2021-22,Luka Doncic,1629029,34,31.0,30.0,12.0,0.571
2021-22,Luka Doncic,1629029,35,32.0,33.0,11.0,0.5
2021-22,Luka Doncic,1629029,41,29.0,39.0,7.0,0.571
2021-22,Luka Garza,1630568,-22,26.0,13.0,2.0,0.365
2021-22,Luka Garza,1630568,-17,20.0,20.0,2.0,0.5
2021-22,Luka Garza,1630568,14,39.0,4.0,2.0,0.1
2021-22,Luka Garza,1630568,15,39.0,20.0,0.0,0.583
2021-22,Luke Kennard,1628379,-25,31.0,10.0,3.0,0.333
2021-22,Luke Kennard,1628379,-18,30.0,10.333333333333334,3.0,0.36533333333333334
2021-22,Luke Kennard,1628379,-17,32.0,16.0,1.0,0.4
2021-22,Luke Kennard,1628379,-15,29.333333333333332,13.0,1.6666666666666667,0.532
2021-22,Luke Kennard,1628379,-13,33.0,5.0,0.0,0.25
2021-22,Luke Kennard,1628379,-12,32.0,6.0,3.0,0.222
2021-22,Luke Kennard,1628379,-10,23.0,6.5,0.5,0.286
2021-22,Luke Kennard,1628379,-9,30.0,6.0,2.0,0.167
2021-22,Luke Kennard,1628379,-8,22.0,6.0,1.0,0.2
2021-22,Luke Kennard,1628379,-6,23.0,19.0,0.0,0.7
2021-22,Luke Kennard,1628379,-5,30.2,14.0,2.4,0.49079999999999996
2021-22,Luke Kennard,1628379,-4,25.666666666666668,7.333333333333333,2.6666666666666665,0.20000000000000004
2021-22,Luke Kennard,1628379,-3,24.0,11.0,4.0,0.5
2021-22,Luke Kennard,1628379,-2,23.0,9.5,1.5,0.4365
2021-22,Luke Kennard,1628379,-1,28.0,8.0,1.0,0.333
2021-22,Luke Kennard,1628379,0,28.0,8.0,4.0,0.6
2021-22,Luke Kennard,1628379,1,31.0,12.0,1.5,0.4375
2021-22,Luke Kennard,1628379,2,23.0,8.0,1.0,0.354
2021-22,Luke Kennard,1628379,3,28.5,10.5,2.5,0.4445
2021-22,Luke Kennard,1628379,4,27.5,10.5,2.5,0.3395
2021-22,Luke Kennard,1628379,5,29.0,12.0,1.5,0.4915
2021-22,Luke Kennard,1628379,6,25.5,9.5,1.5,0.356
2021-22,Luke Kennard,1628379,7,30.333333333333332,17.666666666666668,2.6666666666666665,0.528
2021-22,Luke Kennard,1628379,8,22.0,7.5,1.5,0.3395
2021-22,Luke Kennard,1628379,11,30.0,14.0,2.0,0.4
2021-22,Luke Kennard,1628379,12,36.0,15.0,0.0,0.455
2021-22,Luke Kennard,1628379,13,39.0,27.0,3.0,0.5
2021-22,Luke Kennard,1628379,15,20.0,8.0,1.0,0.6
2021-22,Luke Kennard,1628379,16,24.0,11.0,1.0,0.5
2021-22,Luke Kennard,1628379,17,22.0,25.0,3.0,0.727
2021-22,Luke Kennard,1628379,19,24.0,10.5,2.5,0.479
2021-22,Luke Kennard,1628379,20,29.5,21.5,5.0,0.47250000000000003
2021-22,Luke Kennard,1628379,21,34.0,16.0,4.0,0.556
2021-22,Luke Kennard,1628379,22,29.0,20.0,1.5,0.7335
2021-22,Luke Kennard,1628379,23,31.0,17.0,1.0,0.667
2021-22,Luke Kennard,1628379,25,27.0,18.0,3.0,0.5
2021-22,Luke Kennard,1628379,26,29.0,25.0,6.0,0.615
2021-22,Luke Kennard,1628379,28,27.0,14.0,4.0,0.5
2021-22,Luke Kennard,1628379,31,30.0,7.0,2.0,0.6
2021-22,Luke Kennard,1628379,32,25.0,9.0,3.0,0.375
2021-22,Mac McClung,1630644,9,21.0,6.0,1.0,0.4
2021-22,Malachi Flynn,1630201,-18,27.0,11.0,1.0,0.667
2021-22,Malachi Flynn,1630201,-13,21.0,5.0,1.0,0.25
2021-22,Malachi Flynn,1630201,-6,38.0,20.0,8.0,0.5
2021-22,Malachi Flynn,1630201,-2,25.0,11.0,3.0,0.571
2021-22,Malachi Flynn,1630201,1,28.0,10.0,4.0,0.286
2021-22,Malachi Flynn,1630201,2,32.0,6.0,3.0,0.167
2021-22,Malachi Flynn,1630201,3,42.0,15.0,8.0,0.545
2021-22,Malachi Flynn,1630201,5,22.0,5.0,0.0,0.222
2021-22,Malachi Flynn,1630201,23,21.0,8.0,3.0,0.5
2021-22,Malachi Flynn,1630201,42,33.0,18.0,5.0,0.636
2021-22,Malcolm Brogdon,1627763,-34,27.0,12.0,5.0,0.308
2021-22,Malcolm Brogdon,1627763,-20,22.0,16.0,2.0,0.6
2021-22,Malcolm Brogdon,1627763,-17,34.0,27.0,4.0,0.471
2021-22,Malcolm Brogdon,1627763,-15,36.0,12.0,12.0,0.4
2021-22,Malcolm Brogdon,1627763,-13,29.0,12.0,5.0,0.4
2021-22,Malcolm Brogdon,1627763,-10,33.0,16.0,2.0,0.417
2021-22,Malcolm Brogdon,1627763,-9,37.0,22.0,7.0,0.45
2021-22,Malcolm Brogdon,1627763,-7,36.0,26.0,4.0,0.391
2021-22,Malcolm Brogdon,1627763,-5,34.0,25.0,5.0,0.524
2021-22,Malcolm Brogdon,1627763,-4,37.0,13.0,10.0,0.308
2021-22,Malcolm Brogdon,1627763,-3,30.333333333333332,23.333333333333332,6.0,0.539
2021-22,Malcolm Brogdon,1627763,-1,33.5,20.0,5.5,0.4525
2021-22,Malcolm Brogdon,1627763,0,40.666666666666664,23.333333333333332,8.666666666666666,0.4103333333333334
2021-22,Malcolm Brogdon,1627763,1,37.5,21.0,6.5,0.456
2021-22,Malcolm Brogdon,1627763,4,36.0,23.5,4.0,0.4645
2021-22,Malcolm Brogdon,1627763,5,37.666666666666664,28.0,6.666666666666667,0.45966666666666667
2021-22,Malcolm Brogdon,1627763,6,38.0,14.5,8.0,0.3315
2021-22,Malcolm Brogdon,1627763,9,36.5,14.5,7.5,0.4165
2021-22,Malcolm Brogdon,1627763,11,35.0,20.0,4.0,0.471
2021-22,Malcolm Brogdon,1627763,24,30.5,18.0,5.0,0.49650000000000005
2021-22,Malcolm Brogdon,1627763,26,25.0,16.0,4.0,0.75
2021-22,Malcolm Brogdon,1627763,28,28.0,16.0,7.0,0.444
2021-22,Malcolm Hill,1630792,-7,21.0,5.0,0.0,0.333
2021-22,Malcolm Hill,1630792,-6,29.0,12.0,1.0,0.667
2021-22,Malcolm Hill,1630792,4,29.0,13.0,1.0,0.625
2021-22,Malik Beasley,1627736,-29,26.0,14.0,2.0,0.417
2021-22,Malik Beasley,1627736,-28,35.0,18.0,1.0,0.333
2021-22,Malik Beasley,1627736,-22,26.0,14.0,1.0,0.417
2021-22,Malik Beasley,1627736,-20,27.5,9.5,1.5,0.2915
2021-22,Malik Beasley,1627736,-19,33.5,18.0,1.0,0.494
2021-22,Malik Beasley,1627736,-14,35.0,22.333333333333332,0.6666666666666666,0.42733333333333334
2021-22,Malik Beasley,1627736,-13,27.0,26.0,0.0,0.5
2021-22,Malik Beasley,1627736,-12,31.0,22.0,2.0,0.5
2021-22,Malik Beasley,1627736,-10,24.0,3.0,3.0,0.125
2021-22,Malik Beasley,1627736,-8,23.0,8.0,1.0,0.429
2021-22,Malik Beasley,1627736,-7,26.5,11.5,1.5,0.3375
2021-22,Malik Beasley,1627736,-6,25.0,7.0,3.0,0.3335
2021-22,Malik Beasley,1627736,-5,22.0,15.0,1.0,0.444
2021-22,Malik Beasley,1627736,-4,25.0,8.666666666666666,1.3333333333333333,0.3016666666666667
2021-22,Malik Beasley,1627736,-3,32.5,9.5,1.5,0.2915
2021-22,Malik Beasley,1627736,-1,23.25,8.25,1.25,0.30775
2021-22,Malik Beasley,1627736,0,20.0,13.0,1.0,0.4
2021-22,Malik Beasley,1627736,1,22.0,11.0,1.0,0.364
2021-22,Malik Beasley,1627736,2,27.5,11.5,1.0,0.277
2021-22,Malik Beasley,1627736,3,27.0,7.0,3.0,0.6
2021-22,Malik Beasley,1627736,4,27.5,8.0,1.5,0.275
2021-22,Malik Beasley,1627736,5,26.666666666666668,13.0,2.6666666666666665,0.327
2021-22,Malik Beasley,1627736,6,20.0,9.0,4.0,0.5
2021-22,Malik Beasley,1627736,7,30.5,18.0,1.0,0.424
2021-22,Malik Beasley,1627736,8,27.0,22.0,2.5,0.5680000000000001
2021-22,Malik Beasley,1627736,10,24.5,13.0,2.5,0.4
2021-22,Malik Beasley,1627736,11,22.5,8.5,2.0,0.322
2021-22,Malik Beasley,1627736,12,31.666666666666668,20.666666666666668,0.3333333333333333,0.48633333333333334
2021-22,Malik Beasley,1627736,13,20.0,5.0,2.0,0.222
2021-22,Malik Beasley,1627736,16,24.0,12.0,1.0,0.4
2021-22,Malik Beasley,1627736,19,21.0,7.0,4.0,0.333
2021-22,Malik Beasley,1627736,20,25.5,16.0,1.0,0.4555
2021-22,Malik Beasley,1627736,21,25.5,17.0,2.0,0.41500000000000004
2021-22,Malik Beasley,1627736,24,21.0,9.0,2.0,0.333
2021-22,Malik Beasley,1627736,25,32.0,17.0,4.0,0.389
2021-22,Malik Beasley,1627736,27,24.0,16.0,3.0,0.5
2021-22,Malik Beasley,1627736,31,29.0,33.0,1.0,0.647
2021-22,Malik Fitts,1630238,-17,21.0,6.0,0.0,0.25
2021-22,Malik Monk,1628370,-35,27.0,13.0,4.0,0.5
2021-22,Malik Monk,1628370,-28,23.0,8.0,2.0,0.375
2021-22,Malik Monk,1628370,-20,24.0,9.0,2.0,0.429
2021-22,Malik Monk,1628370,-18,28.0,7.0,2.0,0.273
2021-22,Malik Monk,1628370,-17,29.0,12.0,4.0,0.556
2021-22,Malik Monk,1628370,-16,26.0,7.5,1.5,0.365
2021-22,Malik Monk,1628370,-15,30.5,10.5,3.5,0.324
2021-22,Malik Monk,1628370,-14,29.0,22.0,3.0,0.538
2021-22,Malik Monk,1628370,-13,24.0,4.0,6.0,0.4
2021-22,Malik Monk,1628370,-12,33.0,11.0,6.0,0.556
2021-22,Malik Monk,1628370,-9,23.0,11.0,1.0,0.4
2021-22,Malik Monk,1628370,-8,28.5,10.0,4.0,0.41200000000000003
2021-22,Malik Monk,1628370,-7,32.5,24.5,4.5,0.523
2021-22,Malik Monk,1628370,-6,34.5,22.0,4.5,0.4545
2021-22,Malik Monk,1628370,-5,35.0,41.0,1.0,0.56
2021-22,Malik Monk,1628370,-4,30.5,16.25,2.5,0.43674999999999997
2021-22,Malik Monk,1628370,-3,27.0,10.0,2.0,0.667
2021-22,Malik Monk,1628370,-2,30.333333333333332,14.333333333333334,3.3333333333333335,0.36566666666666664
2021-22,Malik Monk,1628370,0,28.333333333333332,9.666666666666666,2.3333333333333335,0.36933333333333335
2021-22,Malik Monk,1628370,2,35.0,14.0,3.0,0.5093333333333333
2021-22,Malik Monk,1628370,3,39.0,17.0,4.0,0.357
2021-22,Malik Monk,1628370,6,32.666666666666664,19.333333333333332,3.6666666666666665,0.5086666666666667
2021-22,Malik Monk,1628370,7,24.0,14.0,4.333333333333333,0.47266666666666673
2021-22,Malik Monk,1628370,8,31.333333333333332,19.333333333333332,2.3333333333333335,0.5223333333333333
2021-22,Malik Monk,1628370,9,35.0,20.0,3.0,0.615
2021-22,Malik Monk,1628370,11,34.5,16.0,1.5,0.35
2021-22,Malik Monk,1628370,12,33.0,18.0,3.0,0.6070000000000001
2021-22,Malik Monk,1628370,14,30.5,25.5,2.5,0.544
2021-22,Malik Monk,1628370,15,33.0,17.0,1.0,0.545
2021-22,Malik Monk,1628370,16,27.0,17.0,3.0,0.667
2021-22,Malik Monk,1628370,17,26.5,17.5,2.5,0.5835
2021-22,Malik Monk,1628370,19,25.5,12.0,4.5,0.4855
2021-22,Malik Monk,1628370,22,21.0,13.0,3.0,0.455
2021-22,Malik Monk,1628370,28,29.0,18.0,1.0,0.545
2021-22,Malik Monk,1628370,31,38.0,17.0,3.0,0.4
2021-22,Malik Monk,1628370,33,32.0,22.0,4.0,0.5
2021-22,Mamadi Diakite,1629603,-4,24.0,9.0,0.0,0.667
2021-22,Mamadi Diakite,1629603,-1,30.0,12.0,2.0,0.5
2021-22,Marcus Garrett,1630585,-2,22.0,3.0,1.0,0.143
2021-22,Marcus Morris Sr.,202694,-29,29.0,20.0,4.0,0.467
2021-22,Marcus Morris Sr.,202694,-24,22.0,12.0,1.0,0.214
2021-22,Marcus Morris Sr.,202694,-22,32.0,24.0,1.0,0.5
2021-22,Marcus Morris Sr.,202694,-19,27.0,3.0,1.0,0.167
2021-22,Marcus Morris Sr.,202694,-18,22.0,4.0,0.0,0.222
2021-22,Marcus Morris Sr.,202694,-17,30.0,23.0,1.0,0.588
2021-22,Marcus Morris Sr.,202694,-16,25.0,10.0,0.0,0.429
2021-22,Marcus Morris Sr.,202694,-15,21.0,3.0,3.0,0.167
2021-22,Marcus Morris Sr.,202694,-14,29.0,9.0,1.0,0.364
2021-22,Marcus Morris Sr.,202694,-13,34.0,13.0,5.0,0.385
2021-22,Marcus Morris Sr.,202694,-11,24.0,12.0,2.0,0.444
2021-22,Marcus Morris Sr.,202694,-10,36.0,20.0,2.0,0.5
2021-22,Marcus Morris Sr.,202694,-9,28.333333333333332,20.333333333333332,3.0,0.4323333333333333
2021-22,Marcus Morris Sr.,202694,-8,30.0,10.0,0.0,0.333
2021-22,Marcus Morris Sr.,202694,-7,30.857142857142858,15.0,2.857142857142857,0.3937142857142857
2021-22,Marcus Morris Sr.,202694,-6,31.5,15.0,1.5,0.469
2021-22,Marcus Morris Sr.,202694,-4,24.0,2.0,2.0,0.111
2021-22,Marcus Morris Sr.,202694,-3,23.0,16.0,1.0,0.5
2021-22,Marcus Morris Sr.,202694,-2,34.0,12.0,1.0,0.333
2021-22,Marcus Morris Sr.,202694,-1,27.0,8.5,1.0,0.1365
2021-22,Marcus Morris Sr.,202694,0,28.0,29.0,2.0,0.529
2021-22,Marcus Morris Sr.,202694,2,31.0,21.0,2.0,0.7
2021-22,Marcus Morris Sr.,202694,3,30.0,12.0,1.0,0.364
2021-22,Marcus Morris Sr.,202694,4,26.0,12.0,2.5,0.3575
2021-22,Marcus Morris Sr.,202694,5,30.0,22.0,3.5,0.5720000000000001
2021-22,Marcus Morris Sr.,202694,8,34.333333333333336,27.0,2.0,0.599
2021-22,Marcus Morris Sr.,202694,9,29.5,19.0,2.5,0.48750000000000004
2021-22,Marcus Morris Sr.,202694,10,26.0,11.0,1.0,0.385
2021-22,Marcus Morris Sr.,202694,12,35.333333333333336,20.333333333333332,3.0,0.5036666666666667
2021-22,Marcus Morris Sr.,202694,13,23.0,6.0,2.0,0.286
2021-22,Marcus Morris Sr.,202694,15,25.0,7.0,2.0,0.286
2021-22,Marcus Morris Sr.,202694,16,24.5,16.0,2.5,0.4645
2021-22,Marcus Morris Sr.,202694,18,25.0,27.0,3.0,0.538
2021-22,Marcus Morris Sr.,202694,24,33.0,24.0,1.0,0.625
2021-22,Marcus Smart,203935,-20,35.0,13.0,7.0,0.385
2021-22,Marcus Smart,203935,-17,34.5,14.0,5.0,0.442
2021-22,Marcus Smart,203935,-13,40.0,19.0,7.0,0.429
2021-22,Marcus Smart,203935,-12,31.666666666666668,4.666666666666667,4.333333333333333,0.09233333333333334
2021-22,Marcus Smart,203935,-11,34.0,15.0,4.0,0.333
2021-22,Marcus Smart,203935,-10,33.666666666666664,16.333333333333332,5.333333333333333,0.454
2021-22,Marcus Smart,203935,-8,39.0,28.0,4.0,0.385
2021-22,Marcus Smart,203935,-7,31.666666666666668,20.666666666666668,3.0,0.61
2021-22,Marcus Smart,203935,-6,33.0,6.0,6.0,0.286
2021-22,Marcus Smart,203935,-4,35.0,8.0,11.0,0.3
2021-22,Marcus Smart,203935,-2,31.5,8.0,7.0,0.36650000000000005
2021-22,Marcus Smart,203935,-1,34.25,13.25,6.5,0.50125
2021-22,Marcus Smart,203935,0,36.0,14.5,6.5,0.35550000000000004
2021-22,Marcus Smart,203935,1,40.5,14.5,5.5,0.4095
2021-22,Marcus Smart,203935,2,30.0,9.0,2.0,0.333
2021-22,Marcus Smart,203935,3,35.0,13.0,5.5,0.3215
2021-22,Marcus Smart,203935,5,33.0,22.0,6.0,0.636
2021-22,Marcus Smart,203935,6,39.0,22.0,7.0,0.375
2021-22,Marcus Smart,203935,7,30.5,11.166666666666666,5.0,0.4163333333333333
2021-22,Marcus Smart,203935,8,29.5,12.0,9.0,0.506
2021-22,Marcus Smart,203935,9,22.5,14.0,2.5,0.482
2021-22,Marcus Smart,203935,10,30.0,7.0,10.0,0.3335
2021-22,Marcus Smart,203935,11,32.25,13.5,6.0,0.4015
2021-22,Marcus Smart,203935,12,32.666666666666664,5.666666666666667,6.666666666666667,0.22033333333333335
2021-22,Marcus Smart,203935,13,39.666666666666664,16.666666666666668,4.666666666666667,0.448
2021-22,Marcus Smart,203935,14,37.0,16.0,5.0,0.429
2021-22,Marcus Smart,203935,17,26.0,5.0,13.0,0.667
2021-22,Marcus Smart,203935,18,27.333333333333332,7.333333333333333,6.0,0.4026666666666667
2021-22,Marcus Smart,203935,19,29.5,8.5,6.0,0.3515
2021-22,Marcus Smart,203935,20,25.0,9.0,6.0,0.429
2021-22,Marcus Smart,203935,23,31.5,11.0,7.0,0.583
2021-22,Marcus Smart,203935,24,27.0,7.0,5.0,0.429
2021-22,Marcus Smart,203935,25,28.0,16.0,7.0,0.667
2021-22,Marcus Smart,203935,28,29.0,5.0,12.0,0.333
2021-22,Marcus Smart,203935,36,26.5,5.5,6.5,0.222
2021-22,Marcus Smart,203935,40,27.0,22.0,3.0,0.5
2021-22,Markelle Fultz,1628365,-3,23.0,12.0,6.0,0.545
2021-22,Markelle Fultz,1628365,-1,23.0,16.0,6.0,0.667
2021-22,Markelle Fultz,1628365,0,21.0,19.0,7.0,0.5
2021-22,Markelle Fultz,1628365,1,21.0,11.0,6.0,0.5
2021-22,Markelle Fultz,1628365,4,29.0,10.0,15.0,0.417
2021-22,Markelle Fultz,1628365,5,20.0,12.0,7.0,0.385
2021-22,Markieff Morris,202693,-4,20.0,10.0,1.0,0.444
2021-22,Markieff Morris,202693,5,25.0,10.0,4.0,0.4
2021-22,Markieff Morris,202693,9,20.0,8.0,4.0,0.6
2021-22,Markieff Morris,202693,11,25.0,16.0,1.0,0.636
2021-22,Markus Howard,1630210,-17,24.0,25.0,1.0,0.471
2021-22,Markus Howard,1630210,-8,21.0,21.0,0.0,0.467
2021-22,Marquese Chriss,1627737,-3,21.0,6.0,0.0,0.286
2021-22,Marvin Bagley III,1628963,-29,20.0,6.0,0.0,0.429
2021-22,Marvin Bagley III,1628963,-23,22.0,9.0,1.0,0.5
2021-22,Marvin Bagley III,1628963,-22,22.0,7.0,0.0,0.3
2021-22,Marvin Bagley III,1628963,-19,25.0,10.5,1.5,0.6665
2021-22,Marvin Bagley III,1628963,-12,26.0,12.0,0.0,0.417
2021-22,Marvin Bagley III,1628963,-10,26.5,15.0,1.0,0.5
2021-22,Marvin Bagley III,1628963,-8,26.0,14.666666666666666,0.6666666666666666,0.594
2021-22,Marvin Bagley III,1628963,-5,27.666666666666668,14.333333333333334,0.0,0.4583333333333333
2021-22,Marvin Bagley III,1628963,-3,23.75,7.25,1.0,0.35325
2021-22,Marvin Bagley III,1628963,-2,23.0,9.0,0.0,0.29433333333333334
2021-22,Marvin Bagley III,1628963,0,26.0,19.0,2.0,0.515
2021-22,Marvin Bagley III,1628963,1,27.666666666666668,10.666666666666666,1.6666666666666667,0.5126666666666667
2021-22,Marvin Bagley III,1628963,2,20.0,6.0,0.0,0.5
2021-22,Marvin Bagley III,1628963,3,24.0,15.0,1.0,0.5
2021-22,Marvin Bagley III,1628963,6,27.0,15.0,2.0,0.583
2021-22,Marvin Bagley III,1628963,7,24.0,17.0,0.0,0.778
2021-22,Marvin Bagley III,1628963,8,33.5,26.5,0.5,0.6930000000000001
2021-22,Marvin Bagley III,1628963,9,34.0,13.0,4.0,1.0
2021-22,Marvin Bagley III,1628963,11,31.5,15.0,1.0,0.5315
2021-22,Marvin Bagley III,1628963,16,30.0,16.0,1.0,0.583
2021-22,Mason Jones,1630222,6,23.0,9.0,3.0,0.333
2021-22,Mason Plumlee,203486,-18,32.0,12.0,3.0,0.667
2021-22,Mason Plumlee,203486,-16,24.0,5.0,2.0,1.0
2021-22,Mason Plumlee,203486,-14,36.0,14.0,9.0,0.667
2021-22,Mason Plumlee,203486,-13,21.0,5.0,4.0,1.0
2021-22,Mason Plumlee,203486,-12,29.0,8.5,4.0,0.625
2021-22,Mason Plumlee,203486,-11,24.5,5.5,4.0,0.8335
2021-22,Mason Plumlee,203486,-10,22.0,12.0,4.0,0.714
2021-22,Mason Plumlee,203486,-9,24.5,8.0,3.5,0.597
2021-22,Mason Plumlee,203486,-8,22.0,6.5,1.5,0.5335000000000001
2021-22,Mason Plumlee,203486,-7,36.0,12.0,3.0,0.556
2021-22,Mason Plumlee,203486,-5,20.0,7.0,1.0,0.429
2021-22,Mason Plumlee,203486,-4,24.0,7.0,2.6666666666666665,0.627
2021-22,Mason Plumlee,203486,-3,27.0,6.0,2.0,0.875
2021-22,Mason Plumlee,203486,-1,23.5,4.5,2.5,0.4645
2021-22,Mason Plumlee,203486,0,25.666666666666668,4.0,3.6666666666666665,0.5833333333333334
2021-22,Mason Plumlee,203486,3,22.0,9.0,3.0,0.667
2021-22,Mason Plumlee,203486,4,28.4,6.6,3.8,0.63
2021-22,Mason Plumlee,203486,5,25.5,6.0,1.5,0.575
2021-22,Mason Plumlee,203486,6,30.0,4.0,6.0,1.0
2021-22,Mason Plumlee,203486,7,25.0,10.5,2.5,0.702
2021-22,Mason Plumlee,203486,8,30.5,7.5,5.0,0.75
2021-22,Mason Plumlee,203486,9,20.0,4.0,2.0,1.0
2021-22,Mason Plumlee,203486,12,24.0,5.0,3.0,0.667
2021-22,Mason Plumlee,203486,13,30.0,7.5,2.5,0.6785
2021-22,Mason Plumlee,203486,14,27.0,9.5,2.0,0.643
2021-22,Mason Plumlee,203486,15,22.0,7.0,3.0,0.6
2021-22,Mason Plumlee,203486,16,28.0,5.0,3.0,1.0
2021-22,Mason Plumlee,203486,17,38.0,8.0,6.0,0.75
2021-22,Mason Plumlee,203486,18,26.0,6.0,3.0,0.6
2021-22,Mason Plumlee,203486,25,28.0,5.0,8.0,0.667
2021-22,Mason Plumlee,203486,26,27.5,7.0,4.5,0.7085
2021-22,Mason Plumlee,203486,27,24.0,8.5,2.0,1.0
2021-22,Matisse Thybulle,1629680,-29,23.0,1.0,2.0,0.0
2021-22,Matisse Thybulle,1629680,-23,24.0,4.0,0.0,0.2
2021-22,Matisse Thybulle,1629680,-12,28.333333333333332,6.0,0.6666666666666666,0.611
2021-22,Matisse Thybulle,1629680,-11,33.0,7.0,2.0,0.6
2021-22,Matisse Thybulle,1629680,-10,30.0,8.0,2.0,0.5
2021-22,Matisse Thybulle,1629680,-9,39.0,6.0,1.0,0.6
2021-22,Matisse Thybulle,1629680,-7,22.0,0.0,1.0,0.0
2021-22,Matisse Thybulle,1629680,-6,28.5,8.0,0.0,0.5145
2021-22,Matisse Thybulle,1629680,-4,30.666666666666668,3.3333333333333335,0.6666666666666666,0.361
2021-22,Matisse Thybulle,1629680,-3,32.0,7.0,1.0,0.6
2021-22,Matisse Thybulle,1629680,-2,25.0,3.5,0.5,0.643
2021-22,Matisse Thybulle,1629680,-1,28.0,4.5,3.0,0.8335
2021-22,Matisse Thybulle,1629680,1,27.0,4.5,2.5,0.4165
2021-22,Matisse Thybulle,1629680,2,24.0,4.2,1.2,0.4144
2021-22,Matisse Thybulle,1629680,5,27.0,12.0,0.0,0.8
2021-22,Matisse Thybulle,1629680,6,28.0,7.0,2.5,0.38549999999999995
2021-22,Matisse Thybulle,1629680,7,30.0,11.5,1.0,0.7085
2021-22,Matisse Thybulle,1629680,8,27.0,6.0,0.3333333333333333,0.43900000000000006
2021-22,Matisse Thybulle,1629680,10,21.0,10.0,0.0,1.0
2021-22,Matisse Thybulle,1629680,11,28.5,6.25,1.25,0.45525
2021-22,Matisse Thybulle,1629680,12,25.0,10.0,2.0,0.571
2021-22,Matisse Thybulle,1629680,13,33.0,8.0,1.5,0.7085
2021-22,Matisse Thybulle,1629680,15,27.5,5.0,0.5,0.4165
2021-22,Matisse Thybulle,1629680,16,26.0,9.0,3.0,0.571
2021-22,Matisse Thybulle,1629680,18,24.0,10.0,2.0,0.667
2021-22,Matisse Thybulle,1629680,20,28.0,11.5,1.5,0.7855
2021-22,Matisse Thybulle,1629680,21,25.0,13.0,0.0,0.833
2021-22,Matisse Thybulle,1629680,28,21.0,12.0,2.0,0.714
2021-22,Matisse Thybulle,1629680,29,27.0,0.0,3.0,0.0
2021-22,Matt Thomas,1629744,-15,20.0,5.0,0.0,1.0
2021-22,Matt Thomas,1629744,-9,23.0,13.0,2.0,0.714
2021-22,Matt Thomas,1629744,-7,34.0,5.0,1.0,0.2
2021-22,Matt Thomas,1629744,-2,27.0,10.0,1.0,0.333
2021-22,Matt Thomas,1629744,8,23.0,8.0,2.0,0.75
2021-22,Maurice Harkless,203090,-11,23.0,6.0,1.0,0.6
2021-22,Maurice Harkless,203090,-10,31.0,18.0,2.0,0.583
2021-22,Maurice Harkless,203090,-7,21.0,5.0,0.0,0.333
2021-22,Maurice Harkless,203090,-5,30.0,17.0,0.0,1.0
2021-22,Maurice Harkless,203090,-4,23.5,5.5,1.0,0.6335
2021-22,Maurice Harkless,203090,-1,32.0,3.0,1.0,0.25
2021-22,Maurice Harkless,203090,0,24.0,0.0,1.0,0.0
2021-22,Maurice Harkless,203090,1,24.0,8.666666666666666,0.3333333333333333,0.6306666666666666
2021-22,Maurice Harkless,203090,4,22.0,7.0,0.0,0.333
2021-22,Maurice Harkless,203090,5,22.0,1.0,1.0,0.1665
2021-22,Maurice Harkless,203090,7,25.5,3.0,0.5,0.45
2021-22,Maurice Harkless,203090,8,24.0,12.0,0.0,0.556
2021-22,Maurice Harkless,203090,15,33.0,7.0,1.5,0.5335000000000001
2021-22,Maurice Harkless,203090,19,21.0,10.0,1.0,0.5
2021-22,Maurice Harkless,203090,22,37.0,18.0,2.0,0.5
2021-22,Max Strus,1629622,-26,40.0,27.0,2.0,0.474
2021-22,Max Strus,1629622,-16,23.0,9.0,2.0,0.333
2021-22,Max Strus,1629622,-10,30.0,11.0,3.0,0.444
2021-22,Max Strus,1629622,-9,24.5,11.5,1.5,0.5
2021-22,Max Strus,1629622,-8,24.0,5.5,1.5,0.125
2021-22,Max Strus,1629622,-7,30.0,19.0,3.0,0.5
2021-22,Max Strus,1629622,-6,27.5,13.5,1.0,0.3855
2021-22,Max Strus,1629622,-4,21.0,8.5,1.5,0.35250000000000004
2021-22,Max Strus,1629622,-2,26.666666666666668,12.0,0.0,0.43133333333333335
2021-22,Max Strus,1629622,-1,35.0,13.0,2.0,0.364
2021-22,Max Strus,1629622,1,30.25,11.5,2.0,0.3305
2021-22,Max Strus,1629622,2,24.0,10.0,1.0,0.5
2021-22,Max Strus,1629622,4,31.0,14.0,1.0,0.4165
2021-22,Max Strus,1629622,6,31.0,14.5,3.0,0.519
2021-22,Max Strus,1629622,7,34.5,17.0,0.5,0.4655
2021-22,Max Strus,1629622,8,31.0,25.0,5.0,0.529
2021-22,Max Strus,1629622,10,23.333333333333332,15.666666666666666,1.3333333333333333,0.5926666666666667
2021-22,Max Strus,1629622,11,22.0,4.5,1.5,0.36650000000000005
2021-22,Max Strus,1629622,12,23.5,12.0,0.5,0.7085
2021-22,Max Strus,1629622,13,21.0,11.0,1.5,0.4445
2021-22,Max Strus,1629622,14,29.0,14.0,2.0,0.4645
2021-22,Max Strus,1629622,17,32.0,23.0,1.0,0.6165
2021-22,Max Strus,1629622,22,32.0,15.0,2.0,0.455
2021-22,Max Strus,1629622,24,30.0,8.0,2.0,0.25
2021-22,Maxi Kleber,1628467,-34,25.0,13.0,0.0,0.4
2021-22,Maxi Kleber,1628467,-21,31.0,5.5,1.0,0.15
2021-22,Maxi Kleber,1628467,-13,27.0,7.0,0.5,0.375
2021-22,Maxi Kleber,1628467,-12,23.0,8.0,0.0,0.667
2021-22,Maxi Kleber,1628467,-11,30.0,6.0,3.0,0.5
2021-22,Maxi Kleber,1628467,-10,27.0,7.5,2.0,0.2915
2021-22,Maxi Kleber,1628467,-8,27.0,8.0,2.0,0.3055
2021-22,Maxi Kleber,1628467,-7,21.0,0.0,1.0,0.0
2021-22,Maxi Kleber,1628467,-6,24.0,8.666666666666666,1.3333333333333333,0.5499999999999999
2021-22,Maxi Kleber,1628467,-3,22.5,5.5,0.0,0.34299999999999997
2021-22,Maxi Kleber,1628467,-2,24.0,3.0,4.0,0.143
2021-22,Maxi Kleber,1628467,0,35.5,11.5,1.5,0.5555
2021-22,Maxi Kleber,1628467,1,28.333333333333332,9.0,0.6666666666666666,0.552
2021-22,Maxi Kleber,1628467,2,35.0,2.0,2.0,0.111
2021-22,Maxi Kleber,1628467,3,26.0,6.0,1.0,0.286
2021-22,Maxi Kleber,1628467,5,24.0,4.5,1.5,0.2145
2021-22,Maxi Kleber,1628467,6,30.0,10.0,1.0,0.429
2021-22,Maxi Kleber,1628467,7,29.0,2.0,1.5,0.1
2021-22,Maxi Kleber,1628467,8,21.0,3.5,0.5,0.375
2021-22,Maxi Kleber,1628467,10,31.0,9.0,3.6666666666666665,0.38866666666666666
2021-22,Maxi Kleber,1628467,11,24.0,17.5,0.5,0.628
2021-22,Maxi Kleber,1628467,13,28.5,13.0,1.0,0.5835
2021-22,Maxi Kleber,1628467,14,29.0,18.0,2.0,0.545
2021-22,Maxi Kleber,1628467,16,27.0,8.0,1.0,0.273
2021-22,Maxi Kleber,1628467,17,21.0,6.0,2.0,0.4
2021-22,Maxi Kleber,1628467,19,26.0,3.0,1.0,0.333
2021-22,Maxi Kleber,1628467,22,29.0,12.0,2.0,0.5
2021-22,Maxi Kleber,1628467,31,25.0,8.0,1.0,0.5
2021-22,Melvin Frazier Jr.,1628982,-40,43.0,8.0,1.0,0.25
2021-22,Melvin Frazier Jr.,1628982,-35,32.0,8.0,0.0,0.267
2021-22,Melvin Frazier Jr.,1628982,-17,43.0,16.0,0.0,0.294
2021-22,Michael Porter Jr.,1629008,-10,27.0,11.0,3.0,0.286
2021-22,Michael Porter Jr.,1629008,0,27.0,7.0,0.0,0.3
2021-22,Michael Porter Jr.,1629008,2,38.0,13.0,2.0,0.278
2021-22,Michael Porter Jr.,1629008,3,36.0,10.0,3.0,0.444
2021-22,Michael Porter Jr.,1629008,7,35.0,12.0,0.0,0.5
2021-22,Michael Porter Jr.,1629008,10,34.0,7.0,3.0,0.214
2021-22,Michael Porter Jr.,1629008,14,24.0,12.0,1.0,0.417
2021-22,Michael Porter Jr.,1629008,24,33.0,15.0,5.0,0.6
2021-22,Mikal Bridges,1628969,-32,21.0,9.0,1.0,0.429
2021-22,Mikal Bridges,1628969,-24,29.0,20.0,6.0,0.727
2021-22,Mikal Bridges,1628969,-21,33.0,16.0,0.0,0.438
2021-22,Mikal Bridges,1628969,-16,30.0,7.0,1.0,0.5
2021-22,Mikal Bridges,1628969,-15,32.0,10.0,1.0,1.0
2021-22,Mikal Bridges,1628969,-14,34.0,8.0,2.0,0.375
2021-22,Mikal Bridges,1628969,-13,25.0,14.0,1.0,0.556
2021-22,Mikal Bridges,1628969,-11,42.0,14.0,6.0,0.429
2021-22,Mikal Bridges,1628969,-10,30.0,18.0,0.0,0.412
2021-22,Mikal Bridges,1628969,-8,33.666666666666664,17.0,1.3333333333333333,0.6423333333333333
2021-22,Mikal Bridges,1628969,-5,38.0,20.0,4.0,0.545
2021-22,Mikal Bridges,1628969,-4,39.0,10.0,3.5,0.423
2021-22,Mikal Bridges,1628969,-2,38.0,11.0,2.0,0.714
2021-22,Mikal Bridges,1628969,0,40.666666666666664,16.666666666666668,1.6666666666666667,0.47933333333333333
2021-22,Mikal Bridges,1628969,1,37.666666666666664,14.333333333333334,1.3333333333333333,0.496
2021-22,Mikal Bridges,1628969,2,33.0,11.666666666666666,1.3333333333333333,0.5056666666666666
2021-22,Mikal Bridges,1628969,3,42.0,15.5,3.0,0.479
2021-22,Mikal Bridges,1628969,4,35.25,15.0,1.0,0.57925
2021-22,Mikal Bridges,1628969,5,34.5,5.5,4.0,0.2915
2021-22,Mikal Bridges,1628969,6,36.0,20.5,1.0,0.6355
2021-22,Mikal Bridges,1628969,8,36.75,13.75,1.75,0.49374999999999997
2021-22,Mikal Bridges,1628969,9,36.8,17.4,2.0,0.6792
2021-22,Mikal Bridges,1628969,10,34.0,13.333333333333334,2.6666666666666665,0.5156666666666666
2021-22,Mikal Bridges,1628969,11,34.0,14.5,3.0,0.47500000000000003
2021-22,Mikal Bridges,1628969,12,38.0,13.0,1.0,0.25
2021-22,Mikal Bridges,1628969,13,37.5,16.0,2.0,0.591
2021-22,Mikal Bridges,1628969,14,34.0,16.0,1.0,0.667
2021-22,Mikal Bridges,1628969,15,32.666666666666664,14.0,1.6666666666666667,0.59
2021-22,Mikal Bridges,1628969,16,38.0,16.0,3.0,0.545
2021-22,Mikal Bridges,1628969,17,28.4,14.6,3.0,0.5728
2021-22,Mikal Bridges,1628969,18,38.0,10.0,3.0,0.571
2021-22,Mikal Bridges,1628969,19,35.333333333333336,15.0,3.0,0.45166666666666666
2021-22,Mikal Bridges,1628969,20,34.0,14.0,3.0,0.518
2021-22,Mikal Bridges,1628969,21,33.0,8.333333333333334,3.0,0.375
2021-22,Mikal Bridges,1628969,23,40.0,18.5,4.0,0.494
2021-22,Mikal Bridges,1628969,24,34.0,17.5,2.0,0.493
2021-22,Mikal Bridges,1628969,25,29.5,14.0,3.0,0.5855
2021-22,Mikal Bridges,1628969,27,33.0,18.0,2.0,0.7
2021-22,Mikal Bridges,1628969,28,28.0,15.0,2.0,0.667
2021-22,Mike Conley,201144,-25,27.0,6.0,5.0,0.222
2021-22,Mike Conley,201144,-20,26.0,14.0,7.0,0.667
2021-22,Mike Conley,201144,-19,32.0,18.0,7.0,0.583
2021-22,Mike Conley,201144,-17,24.0,2.0,2.0,0.125
2021-22,Mike Conley,201144,-15,27.0,13.0,3.0,0.385
2021-22,Mike Conley,201144,-14,27.0,6.0,8.0,0.286
2021-22,Mike Conley,201144,-11,29.5,10.5,4.0,0.36650000000000005
2021-22,Mike Conley,201144,-10,28.0,22.0,5.0,0.471
2021-22,Mike Conley,201144,-9,30.0,19.0,4.0,0.417
2021-22,Mike Conley,201144,-8,25.0,3.0,4.0,0.143
2021-22,Mike Conley,201144,-6,30.0,15.0,5.0,0.417
2021-22,Mike Conley,201144,-5,28.25,12.75,4.5,0.377
2021-22,Mike Conley,201144,-4,32.5,15.5,9.0,0.4085
2021-22,Mike Conley,201144,-3,31.0,19.0,4.5,0.5905
2021-22,Mike Conley,201144,-2,28.666666666666668,8.666666666666666,6.333333333333333,0.3066666666666667
2021-22,Mike Conley,201144,-1,24.0,13.0,3.0,0.4
2021-22,Mike Conley,201144,0,27.5,14.5,4.0,0.3685
2021-22,Mike Conley,201144,1,30.2,16.8,4.2,0.49779999999999996
2021-22,Mike Conley,201144,2,23.0,6.0,4.0,0.286
2021-22,Mike Conley,201144,3,32.0,29.0,7.0,0.769
2021-22,Mike Conley,201144,4,29.5,12.5,6.5,0.432
2021-22,Mike Conley,201144,5,23.0,9.0,5.0,0.333
2021-22,Mike Conley,201144,6,27.333333333333332,10.0,4.333333333333333,0.4146666666666667
2021-22,Mike Conley,201144,7,31.0,18.0,6.0,0.412
2021-22,Mike Conley,201144,8,30.333333333333332,17.666666666666668,3.3333333333333335,0.457
2021-22,Mike Conley,201144,9,28.0,16.333333333333332,4.333333333333333,0.49300000000000005
2021-22,Mike Conley,201144,10,28.666666666666668,11.333333333333334,7.333333333333333,0.36400000000000005
2021-22,Mike Conley,201144,12,30.0,15.0,5.0,0.667
2021-22,Mike Conley,201144,13,29.6,18.8,5.6,0.5062
2021-22,Mike Conley,201144,14,30.0,18.0,4.0,0.778
2021-22,Mike Conley,201144,15,30.0,15.0,6.0,0.385
2021-22,Mike Conley,201144,16,26.333333333333332,14.0,5.333333333333333,0.363
2021-22,Mike Conley,201144,18,26.0,7.5,10.5,0.255
2021-22,Mike Conley,201144,19,22.0,14.0,3.0,0.5
2021-22,Mike Conley,201144,21,25.75,13.0,6.5,0.51675
2021-22,Mike Conley,201144,22,28.0,17.0,6.0,0.7
2021-22,Mike Conley,201144,24,29.0,22.0,7.0,0.467
2021-22,Mike Conley,201144,25,20.0,5.0,5.0,0.2
2021-22,Mike Conley,201144,27,23.0,8.0,4.0,0.167
2021-22,Mike Conley,201144,33,28.0,5.0,7.0,0.5
2021-22,Mike Muscala,203488,-9,24.0,8.0,3.0,0.167
2021-22,Mike Muscala,203488,10,20.0,6.0,0.0,0.286
2021-22,Mike Muscala,203488,14,20.0,14.0,0.0,0.444
2021-22,Miles Bridges,1628970,-30,37.0,10.0,2.0,0.286
2021-22,Miles Bridges,1628970,-26,25.0,10.0,3.0,0.444
2021-22,Miles Bridges,1628970,-25,30.0,20.0,3.0,0.5
2021-22,Miles Bridges,1628970,-23,49.0,29.0,2.0,0.476
2021-22,Miles Bridges,1628970,-21,32.0,26.0,0.0,0.625
2021-22,Miles Bridges,1628970,-19,31.0,18.0,3.5,0.43499999999999994
2021-22,Miles Bridges,1628970,-17,31.0,13.666666666666666,1.3333333333333333,0.3753333333333333
2021-22,Miles Bridges,1628970,-15,30.0,22.0,3.0,0.6
2021-22,Miles Bridges,1628970,-14,29.5,19.0,2.5,0.548
2021-22,Miles Bridges,1628970,-12,32.0,15.0,5.0,0.429
2021-22,Miles Bridges,1628970,-11,36.5,22.0,2.5,0.518
2021-22,Miles Bridges,1628970,-10,37.0,23.0,4.5,0.434
2021-22,Miles Bridges,1628970,-9,38.0,20.666666666666668,3.0,0.44
2021-22,Miles Bridges,1628970,-8,35.5,29.0,0.5,0.5345
2021-22,Miles Bridges,1628970,-6,34.875,17.875,4.125,0.432625
2021-22,Miles Bridges,1628970,-5,44.0,28.0,7.0,0.429
2021-22,Miles Bridges,1628970,-4,36.0,21.0,4.0,0.4
2021-22,Miles Bridges,1628970,-3,39.0,16.0,5.0,0.5185
2021-22,Miles Bridges,1628970,-2,35.0,22.0,1.0,0.5
2021-22,Miles Bridges,1628970,-1,38.5,25.0,4.0,0.603
2021-22,Miles Bridges,1628970,0,31.666666666666668,16.666666666666668,4.666666666666667,0.41100000000000003
2021-22,Miles Bridges,1628970,2,38.0,19.0,5.5,0.5385
2021-22,Miles Bridges,1628970,4,40.0,32.0,4.0,0.733
2021-22,Miles Bridges,1628970,5,36.5,17.5,6.5,0.33
2021-22,Miles Bridges,1628970,6,41.0,26.0,6.0,0.6
2021-22,Miles Bridges,1628970,7,35.0,16.0,5.0,0.462
2021-22,Miles Bridges,1628970,8,37.5,25.0,2.5,0.5295000000000001
2021-22,Miles Bridges,1628970,9,31.0,14.5,3.5,0.4345
2021-22,Miles Bridges,1628970,12,37.6,19.2,4.2,0.4596
2021-22,Miles Bridges,1628970,13,41.0,6.0,2.0,0.231
2021-22,Miles Bridges,1628970,14,36.0,21.0,2.6666666666666665,0.4026666666666667
2021-22,Miles Bridges,1628970,15,36.75,18.0,3.5,0.5065
2021-22,Miles Bridges,1628970,18,29.0,22.5,2.0,0.6915
2021-22,Miles Bridges,1628970,19,28.0,20.0,1.0,0.667
2021-22,Miles Bridges,1628970,20,35.5,28.0,3.0,0.5169999999999999
2021-22,Miles Bridges,1628970,21,36.0,17.0,6.0,0.615
2021-22,Miles Bridges,1628970,22,29.5,19.0,6.0,0.625
2021-22,Miles Bridges,1628970,26,38.0,38.0,5.0,0.7
2021-22,Miles Bridges,1628970,27,29.0,26.0,9.0,0.6
2021-22,Miles Bridges,1628970,28,30.0,27.0,6.0,0.733
2021-22,Miles Bridges,1628970,32,33.0,19.0,8.0,0.667
2021-22,Miles Bridges,1628970,34,31.0,11.0,7.0,0.455
2021-22,Miles McBride,1630540,-7,24.0,7.0,1.0,0.333
2021-22,Miles McBride,1630540,4,20.0,8.0,1.0,0.375
2021-22,Miles McBride,1630540,8,20.0,2.0,2.0,0.5
2021-22,Miles McBride,1630540,19,28.0,8.5,4.5,0.35600000000000004
2021-22,Miles McBride,1630540,39,24.0,0.0,3.0,0.0
2021-22,Mitchell Robinson,1629011,-25,25.0,10.0,0.0,0.667
2021-22,Mitchell Robinson,1629011,-22,20.0,7.0,1.0,0.429
2021-22,Mitchell Robinson,1629011,-18,29.0,7.0,1.0,0.75
2021-22,Mitchell Robinson,1629011,-17,22.0,7.0,1.0,0.75
2021-22,Mitchell Robinson,1629011,-15,26.0,5.666666666666667,0.6666666666666666,1.0
2021-22,Mitchell Robinson,1629011,-13,21.0,10.0,0.0,0.833
2021-22,Mitchell Robinson,1629011,-10,24.4,6.2,0.8,0.71
2021-22,Mitchell Robinson,1629011,-9,23.0,11.0,0.0,0.8
2021-22,Mitchell Robinson,1629011,-8,26.5,4.5,0.0,0.4
2021-22,Mitchell Robinson,1629011,-6,29.5,6.5,1.0,0.667
2021-22,Mitchell Robinson,1629011,-5,26.0,2.0,1.0,0.5
2021-22,Mitchell Robinson,1629011,-4,27.75,6.75,1.5,0.5895
2021-22,Mitchell Robinson,1629011,-2,29.333333333333332,10.333333333333334,0.3333333333333333,1.0
2021-22,Mitchell Robinson,1629011,-1,26.0,9.333333333333334,0.3333333333333333,0.5773333333333334
2021-22,Mitchell Robinson,1629011,0,24.333333333333332,9.0,0.3333333333333333,0.85
2021-22,Mitchell Robinson,1629011,1,31.0,12.0,0.3333333333333333,0.8473333333333333
2021-22,Mitchell Robinson,1629011,2,30.666666666666668,9.333333333333334,0.6666666666666666,0.7916666666666666
2021-22,Mitchell Robinson,1629011,3,34.0,11.0,3.0,1.0
2021-22,Mitchell Robinson,1629011,4,30.333333333333332,10.333333333333334,0.3333333333333333,0.6666666666666666
2021-22,Mitchell Robinson,1629011,7,32.5,14.0,0.5,0.6635
2021-22,Mitchell Robinson,1629011,8,27.0,6.333333333333333,0.0,0.611
2021-22,Mitchell Robinson,1629011,9,25.75,10.0,0.0,0.8875
2021-22,Mitchell Robinson,1629011,10,32.5,14.5,1.0,0.9445
2021-22,Mitchell Robinson,1629011,13,21.5,10.0,0.5,0.8335
2021-22,Mitchell Robinson,1629011,18,30.0,4.0,1.0,1.0
2021-22,Mitchell Robinson,1629011,21,30.0,17.0,0.0,1.0
2021-22,Mitchell Robinson,1629011,22,25.0,19.0,0.0,0.9
2021-22,Mitchell Robinson,1629011,24,26.0,14.5,0.0,0.8195
2021-22,Mo Bamba,1628964,-39,20.0,2.0,1.0,0.167
2021-22,Mo Bamba,1628964,-26,24.0,11.0,0.0,0.429
2021-22,Mo Bamba,1628964,-23,23.5,6.0,1.5,0.354
2021-22,Mo Bamba,1628964,-21,29.0,14.0,2.0,0.455
2021-22,Mo Bamba,1628964,-20,29.0,13.0,0.0,0.385
2021-22,Mo Bamba,1628964,-18,28.5,8.0,0.5,0.3335
2021-22,Mo Bamba,1628964,-17,24.0,10.666666666666666,1.3333333333333333,0.35833333333333334
2021-22,Mo Bamba,1628964,-16,20.0,5.0,1.0,0.4
2021-22,Mo Bamba,1628964,-15,26.0,19.0,1.5,0.65
2021-22,Mo Bamba,1628964,-14,24.0,10.0,2.0,0.5
2021-22,Mo Bamba,1628964,-12,26.666666666666668,10.0,0.3333333333333333,0.4156666666666667
2021-22,Mo Bamba,1628964,-11,31.0,7.333333333333333,1.3333333333333333,0.3136666666666667
2021-22,Mo Bamba,1628964,-9,33.0,18.0,0.0,0.5
2021-22,Mo Bamba,1628964,-8,30.25,11.5,1.25,0.45975
2021-22,Mo Bamba,1628964,-6,31.0,16.0,2.0,0.462
2021-22,Mo Bamba,1628964,-4,25.0,12.0,1.5,0.35
2021-22,Mo Bamba,1628964,-2,32.0,15.0,6.0,0.6
2021-22,Mo Bamba,1628964,-1,27.0,13.5,0.75,0.5635
2021-22,Mo Bamba,1628964,0,24.0,9.333333333333334,1.0,0.443
2021-22,Mo Bamba,1628964,1,26.0,10.0,3.0,0.4406666666666667
2021-22,Mo Bamba,1628964,2,25.5,10.5,1.0,0.7335
2021-22,Mo Bamba,1628964,3,31.0,12.0,2.0,0.462
2021-22,Mo Bamba,1628964,4,31.0,9.5,1.0,0.40700000000000003
2021-22,Mo Bamba,1628964,5,22.666666666666668,9.0,0.3333333333333333,0.6946666666666667
2021-22,Mo Bamba,1628964,6,31.0,18.0,0.0,0.467
2021-22,Mo Bamba,1628964,7,30.0,20.0,0.5,0.7625
2021-22,Mo Bamba,1628964,8,27.0,9.0,2.0,0.444
2021-22,Mo Bamba,1628964,9,30.0,15.0,0.0,0.4
2021-22,Mo Bamba,1628964,10,35.0,14.0,4.0,0.49250000000000005
2021-22,Mo Bamba,1628964,11,30.0,15.0,3.0,0.75
2021-22,Mo Bamba,1628964,13,32.0,27.0,0.0,0.667
2021-22,Mo Bamba,1628964,15,22.0,11.0,1.0,0.417
2021-22,Mo Bamba,1628964,19,29.0,18.0,0.0,0.8
2021-22,Monte Morris,1628420,-22,26.0,4.0,4.0,0.222
2021-22,Monte Morris,1628420,-20,32.0,15.0,5.0,0.6
2021-22,Monte Morris,1628420,-18,23.0,10.0,3.0,0.375
2021-22,Monte Morris,1628420,-17,33.0,4.0,3.0,0.222
2021-22,Monte Morris,1628420,-14,25.0,12.5,4.5,0.55
2021-22,Monte Morris,1628420,-13,32.0,15.0,8.0,0.429
2021-22,Monte Morris,1628420,-11,27.5,11.5,3.0,0.5055000000000001
2021-22,Monte Morris,1628420,-9,32.0,15.0,5.0,0.5
2021-22,Monte Morris,1628420,-8,31.0,15.0,3.0,0.538
2021-22,Monte Morris,1628420,-7,28.5,14.0,3.5,0.619
2021-22,Monte Morris,1628420,-6,27.0,8.0,4.666666666666667,0.449
2021-22,Monte Morris,1628420,-5,20.0,2.0,2.0,0.25
2021-22,Monte Morris,1628420,-4,28.333333333333332,8.666666666666666,4.0,0.336
2021-22,Monte Morris,1628420,-3,34.5,20.5,3.0,0.641
2021-22,Monte Morris,1628420,-1,30.0,10.666666666666666,4.0,0.36333333333333334
2021-22,Monte Morris,1628420,0,29.0,13.0,1.0,0.5
2021-22,Monte Morris,1628420,1,30.5,8.5,6.0,0.248
2021-22,Monte Morris,1628420,2,28.25,16.25,5.0,0.63125
2021-22,Monte Morris,1628420,3,26.2,11.6,3.2,0.4218
2021-22,Monte Morris,1628420,4,25.0,21.0,2.0,0.615
2021-22,Monte Morris,1628420,5,31.8,11.2,3.6,0.4286
2021-22,Monte Morris,1628420,6,32.333333333333336,12.333333333333334,6.0,0.5233333333333333
2021-22,Monte Morris,1628420,7,30.666666666666668,11.333333333333334,5.666666666666667,0.367
2021-22,Monte Morris,1628420,8,30.0,15.0,4.0,0.545
2021-22,Monte Morris,1628420,10,26.0,10.0,4.0,0.5
2021-22,Monte Morris,1628420,11,31.666666666666668,11.666666666666666,5.666666666666667,0.40399999999999997
2021-22,Monte Morris,1628420,13,23.0,15.0,4.0,0.583
2021-22,Monte Morris,1628420,14,35.666666666666664,19.333333333333332,4.666666666666667,0.5196666666666666
2021-22,Monte Morris,1628420,15,30.2,13.0,4.8,0.48020000000000007
2021-22,Monte Morris,1628420,16,30.0,15.0,5.0,0.5
2021-22,Monte Morris,1628420,17,30.0,16.0,5.0,0.5
2021-22,Monte Morris,1628420,18,26.666666666666668,11.666666666666666,5.0,0.6166666666666667
2021-22,Monte Morris,1628420,19,33.0,14.0,9.0,0.5
2021-22,Monte Morris,1628420,20,30.5,16.5,4.5,0.5640000000000001
2021-22,Monte Morris,1628420,25,30.0,19.0,4.0,0.778
2021-22,Monte Morris,1628420,30,30.0,12.0,8.0,0.5
2021-22,Monte Morris,1628420,32,23.0,8.0,3.0,0.667
2021-22,Montrezl Harrell,1626149,-23,21.0,10.0,1.0,0.571
2021-22,Montrezl Harrell,1626149,-14,22.0,9.0,2.0,0.5
2021-22,Montrezl Harrell,1626149,-11,22.0,15.0,2.0,0.667
2021-22,Montrezl Harrell,1626149,-10,21.0,6.0,2.0,1.0
2021-22,Montrezl Harrell,1626149,-9,25.0,9.0,2.0,0.125
2021-22,Montrezl Harrell,1626149,-8,27.0,10.0,2.0,0.56675
2021-22,Montrezl Harrell,1626149,-6,20.0,8.5,3.5,0.548
2021-22,Montrezl Harrell,1626149,-5,25.0,11.0,2.0,0.8
2021-22,Montrezl Harrell,1626149,-4,25.0,12.0,3.0,0.571
2021-22,Montrezl Harrell,1626149,-3,24.5,11.0,2.0,0.3
2021-22,Montrezl Harrell,1626149,-2,20.0,12.0,2.0,0.556
2021-22,Montrezl Harrell,1626149,-1,27.0,12.5,2.25,0.60625
2021-22,Montrezl Harrell,1626149,0,22.0,16.0,2.0,0.778
2021-22,Montrezl Harrell,1626149,1,26.0,16.0,2.6666666666666665,0.6786666666666666
2021-22,Montrezl Harrell,1626149,2,23.0,15.0,2.0,0.417
2021-22,Montrezl Harrell,1626149,3,22.5,14.0,2.0,0.657
2021-22,Montrezl Harrell,1626149,4,27.0,21.0,1.5,0.8465
2021-22,Montrezl Harrell,1626149,5,29.0,20.666666666666668,1.3333333333333333,0.66
2021-22,Montrezl Harrell,1626149,6,33.0,12.0,2.0,0.5
2021-22,Montrezl Harrell,1626149,7,26.0,15.0,1.0,0.714
2021-22,Montrezl Harrell,1626149,8,24.333333333333332,15.666666666666666,1.0,0.6896666666666667
2021-22,Montrezl Harrell,1626149,9,23.4,18.6,1.2,0.7362
2021-22,Montrezl Harrell,1626149,10,23.666666666666668,14.666666666666666,2.6666666666666665,0.6593333333333333
2021-22,Montrezl Harrell,1626149,11,27.0,15.0,3.0,0.75
2021-22,Montrezl Harrell,1626149,14,20.0,20.0,7.0,0.692
2021-22,Montrezl Harrell,1626149,15,24.0,18.0,0.0,0.818
2021-22,Montrezl Harrell,1626149,16,34.0,25.0,5.0,0.625
2021-22,Montrezl Harrell,1626149,17,25.0,13.0,3.0,0.714
2021-22,Montrezl Harrell,1626149,21,38.0,25.0,1.0,0.769
2021-22,Montrezl Harrell,1626149,24,22.0,8.0,4.0,0.667
2021-22,Montrezl Harrell,1626149,31,20.0,14.0,2.0,1.0
2021-22,Moritz Wagner,1629021,-31,25.0,13.0,1.0,0.444
2021-22,Moritz Wagner,1629021,-22,22.0,17.0,2.0,0.467
2021-22,Moritz Wagner,1629021,-16,25.0,19.0,3.0,0.333
2021-22,Moritz Wagner,1629021,-11,24.5,13.5,1.5,0.4165
2021-22,Moritz Wagner,1629021,-10,21.0,2.0,5.0,0.2
2021-22,Moritz Wagner,1629021,-6,28.0,16.0,3.0,0.583
2021-22,Moritz Wagner,1629021,-2,27.0,8.0,1.0,0.375
2021-22,Moritz Wagner,1629021,-1,28.0,17.5,2.0,0.6499999999999999
2021-22,Moritz Wagner,1629021,3,25.0,23.0,4.0,0.692
2021-22,Moritz Wagner,1629021,5,26.0,16.0,3.0,0.5055000000000001
2021-22,Moritz Wagner,1629021,7,20.0,15.0,3.0,0.75
2021-22,Moritz Wagner,1629021,11,27.0,26.0,1.0,0.647
2021-22,Moses Brown,1629650,-23,26.0,15.0,0.0,0.714
2021-22,Moses Brown,1629650,-12,27.0,10.0,0.0,0.571
2021-22,Moses Brown,1629650,-1,21.0,12.0,0.0,1.0
2021-22,Moses Brown,1629650,7,30.0,16.0,0.0,0.7
2021-22,Moses Brown,1629650,9,20.0,15.0,0.0,0.833
2021-22,Moses Moody,1630541,-22,21.0,5.0,0.0,0.667
2021-22,Moses Moody,1630541,-21,27.0,18.0,0.0,0.5
2021-22,Moses Moody,1630541,-10,36.0,30.0,1.0,0.435
2021-22,Moses Moody,1630541,-8,23.0,6.0,0.0,0.286
2021-22,Moses Moody,1630541,-4,25.0,11.0,3.0,0.3
2021-22,Moses Moody,1630541,-3,24.0,11.0,1.0,0.571
2021-22,Moses Moody,1630541,1,36.0,20.0,1.0,0.5
2021-22,Moses Moody,1630541,2,20.0,9.0,0.0,1.0
2021-22,Moses Moody,1630541,4,23.0,10.0,0.0,0.5
2021-22,Moses Moody,1630541,6,29.0,10.0,3.0,0.667
2021-22,Moses Moody,1630541,7,20.0,6.0,0.0,0.286
2021-22,Moses Moody,1630541,14,25.0,5.0,0.0,0.333
2021-22,Mychal Mulder,1628539,-28,22.0,3.0,2.0,0.2
2021-22,Mychal Mulder,1628539,-20,23.0,6.0,0.0,0.25
2021-22,Mychal Mulder,1628539,-13,27.0,13.0,0.0,0.364
2021-22,Mychal Mulder,1628539,-5,42.0,11.0,2.0,0.333
2021-22,Mychal Mulder,1628539,21,29.0,7.0,0.0,0.333
2021-22,Myles Turner,1626167,-22,23.0,18.0,1.0,0.571
2021-22,Myles Turner,1626167,-19,28.0,5.0,0.0,0.222
2021-22,Myles Turner,1626167,-13,31.5,9.5,1.0,0.47750000000000004
2021-22,Myles Turner,1626167,-12,22.0,6.0,0.0,0.286
2021-22,Myles Turner,1626167,-10,21.0,9.0,1.0,0.8
2021-22,Myles Turner,1626167,-9,22.0,2.0,1.0,0.25
2021-22,Myles Turner,1626167,-8,28.333333333333332,12.666666666666666,2.0,0.4723333333333333
2021-22,Myles Turner,1626167,-6,22.0,10.0,0.0,0.429
2021-22,Myles Turner,1626167,-4,32.0,16.0,1.0,0.5593333333333333
2021-22,Myles Turner,1626167,-3,29.0,5.0,1.0,0.4
2021-22,Myles Turner,1626167,-2,30.5,13.5,0.5,0.5
2021-22,Myles Turner,1626167,-1,31.0,17.5,1.5,0.5415
2021-22,Myles Turner,1626167,0,30.0,6.0,0.0,0.25
2021-22,Myles Turner,1626167,1,34.0,9.0,1.6666666666666667,0.338
2021-22,Myles Turner,1626167,2,35.0,17.0,0.0,0.6060000000000001
2021-22,Myles Turner,1626167,3,36.333333333333336,22.333333333333332,1.6666666666666667,0.5606666666666666
2021-22,Myles Turner,1626167,4,35.0,6.0,1.0,0.1
2021-22,Myles Turner,1626167,6,37.0,32.0,1.0,0.778
2021-22,Myles Turner,1626167,11,30.0,11.0,1.5,0.5595
2021-22,Myles Turner,1626167,14,28.0,25.0,2.0,0.643
2021-22,Myles Turner,1626167,18,24.0,19.0,0.0,0.7
2021-22,Myles Turner,1626167,22,34.0,12.0,3.0,0.4
2021-22,Myles Turner,1626167,25,25.0,12.0,1.0,0.556
2021-22,Myles Turner,1626167,26,32.0,22.0,0.0,0.615
2021-22,Myles Turner,1626167,32,25.0,11.0,1.0,0.714
2021-22,Naji Marshall,1630230,-27,21.0,8.0,0.0,0.429
2021-22,Naji Marshall,1630230,-14,28.0,14.0,7.0,0.5
2021-22,Naji Marshall,1630230,-13,32.0,19.0,6.0,0.533
2021-22,Naji Marshall,1630230,-5,26.0,7.0,1.0,0.333
2021-22,Naji Marshall,1630230,-2,23.0,9.0,1.0,0.403
2021-22,Naji Marshall,1630230,6,27.0,16.0,0.0,0.308
2021-22,Naji Marshall,1630230,11,24.0,18.0,1.0,0.5
2021-22,Naji Marshall,1630230,12,20.0,2.0,2.0,0.5
2021-22,Naji Marshall,1630230,13,21.0,2.0,3.0,0.2
2021-22,Naji Marshall,1630230,16,20.0,14.0,2.0,0.545
2021-22,Naji Marshall,1630230,18,37.0,17.0,2.0,0.5
2021-22,Nassir Little,1629642,-26,27.0,14.0,2.0,0.333
2021-22,Nassir Little,1629642,-24,33.0,20.0,2.0,0.5
2021-22,Nassir Little,1629642,-17,30.0,11.5,1.5,0.45199999999999996
2021-22,Nassir Little,1629642,-9,32.0,9.0,1.5,0.333
2021-22,Nassir Little,1629642,-8,24.0,8.0,1.0,0.286
2021-22,Nassir Little,1629642,-7,23.0,3.0,1.0,0.25
2021-22,Nassir Little,1629642,-6,23.0,10.333333333333334,0.3333333333333333,0.5573333333333333
2021-22,Nassir Little,1629642,-5,20.0,10.0,0.0,0.571
2021-22,Nassir Little,1629642,-4,31.5,13.5,1.5,0.575
2021-22,Nassir Little,1629642,-2,27.0,16.0,1.0,0.7
2021-22,Nassir Little,1629642,0,24.0,7.5,1.5,0.44999999999999996
2021-22,Nassir Little,1629642,1,20.0,4.0,1.0,0.4
2021-22,Nassir Little,1629642,3,29.0,12.5,2.0,0.528
2021-22,Nassir Little,1629642,5,24.666666666666668,7.666666666666667,0.3333333333333333,0.4406666666666667
2021-22,Nassir Little,1629642,7,29.0,3.0,6.0,0.25
2021-22,Nassir Little,1629642,8,27.0,11.0,2.0,0.5
2021-22,Nassir Little,1629642,11,33.0,7.0,2.0,0.429
2021-22,Nassir Little,1629642,12,38.0,13.0,2.0,0.333
2021-22,Nassir Little,1629642,13,31.0,16.5,2.0,0.472
2021-22,Nassir Little,1629642,15,27.0,13.0,2.0,0.6
2021-22,Nassir Little,1629642,17,35.0,22.0,2.0,0.571
2021-22,Nassir Little,1629642,18,35.0,13.0,4.0,0.444
2021-22,Nassir Little,1629642,20,38.0,19.0,3.0,0.727
2021-22,Nathan Knight,1630233,0,25.0,8.0,2.0,0.375
2021-22,Nathan Knight,1630233,13,29.0,20.0,4.0,0.727
2021-22,Naz Reid,1629675,-19,25.0,16.0,2.0,0.455
2021-22,Naz Reid,1629675,-16,21.0,14.0,0.0,0.6
2021-22,Naz Reid,1629675,-10,34.0,19.0,1.0,0.5
2021-22,Naz Reid,1629675,-7,23.0,11.0,1.0,0.375
2021-22,Naz Reid,1629675,-6,30.0,23.0,2.0,0.588
2021-22,Naz Reid,1629675,-4,35.0,17.0,1.0,0.429
2021-22,Naz Reid,1629675,-3,20.0,8.0,2.0,0.333
2021-22,Naz Reid,1629675,3,20.0,12.5,1.0,0.6905
2021-22,Naz Reid,1629675,4,20.0,7.0,1.0,0.286
2021-22,Naz Reid,1629675,8,22.5,15.0,1.0,0.7085
2021-22,Naz Reid,1629675,9,20.0,6.0,1.0,0.6
2021-22,Naz Reid,1629675,12,23.0,13.0,2.0,0.375
2021-22,Naz Reid,1629675,13,20.0,18.0,0.0,0.625
2021-22,Naz Reid,1629675,20,22.0,13.0,1.0,0.714
2021-22,Neemias Queta,1629674,8,24.0,11.0,1.0,0.571
2021-22,Nemanja Bjelica,202357,-9,25.0,10.0,3.0,0.5
2021-22,Nemanja Bjelica,202357,-8,20.0,6.0,4.0,0.5
2021-22,Nemanja Bjelica,202357,-3,21.0,14.0,2.0,0.625
2021-22,Nemanja Bjelica,202357,2,21.0,6.0,5.0,0.4
2021-22,Nemanja Bjelica,202357,3,23.0,8.0,2.5,0.6875
2021-22,Nemanja Bjelica,202357,4,20.0,0.0,3.0,0.0
2021-22,Nemanja Bjelica,202357,7,21.0,9.0,1.0,0.667
2021-22,Nemanja Bjelica,202357,9,30.0,19.0,6.0,0.636
2021-22,Nemanja Bjelica,202357,10,24.0,9.0,6.0,0.5
2021-22,Nemanja Bjelica,202357,11,22.0,4.0,7.0,0.667
2021-22,Nemanja Bjelica,202357,19,20.0,6.0,3.0,0.333
2021-22,Nemanja Bjelica,202357,20,24.0,14.5,3.5,0.7010000000000001
2021-22,Nemanja Bjelica,202357,26,23.0,6.0,7.0,0.6
2021-22,Nerlens Noel,203457,-15,23.0,5.0,1.0,0.333
2021-22,Nerlens Noel,203457,-11,20.0,5.0,1.0,0.5
2021-22,Nerlens Noel,203457,-10,24.5,4.0,2.0,0.375
2021-22,Nerlens Noel,203457,-4,30.0,5.0,0.0,1.0
2021-22,Nerlens Noel,203457,-1,29.25,2.75,1.25,0.6547499999999999
2021-22,Nerlens Noel,203457,1,28.0,0.0,1.0,0.0
2021-22,Nerlens Noel,203457,2,23.5,6.0,0.0,0.65
2021-22,Nerlens Noel,203457,3,24.0,4.0,1.0,1.0
2021-22,Nerlens Noel,203457,6,29.0,2.0,1.0,0.0
2021-22,Nerlens Noel,203457,14,21.0,2.0,5.0,1.0
2021-22,Nerlens Noel,203457,22,24.0,6.0,0.0,1.0
2021-22,Nic Claxton,1629651,-26,20.0,7.0,0.0,1.0
2021-22,Nic Claxton,1629651,-23,25.0,14.0,1.0,0.667
2021-22,Nic Claxton,1629651,-22,25.0,11.0,1.0,0.75
2021-22,Nic Claxton,1629651,-17,29.0,23.0,1.0,0.818
2021-22,Nic Claxton,1629651,-15,24.0,12.0,0.0,0.667
2021-22,Nic Claxton,1629651,-6,23.0,12.0,3.0,0.625
2021-22,Nic Claxton,1629651,-3,33.0,10.0,2.0,0.556
2021-22,Nic Claxton,1629651,-2,22.0,8.0,0.0,0.5
2021-22,Nic Claxton,1629651,-1,22.0,15.0,0.0,0.8195
2021-22,Nic Claxton,1629651,0,21.0,10.0,1.0,0.667
2021-22,Nic Claxton,1629651,1,23.0,11.0,1.0,0.833
2021-22,Nic Claxton,1629651,2,27.0,12.5,1.0,0.7444999999999999
2021-22,Nic Claxton,1629651,3,25.0,9.5,2.5,0.6875
2021-22,Nic Claxton,1629651,4,26.0,12.5,0.5,0.7335
2021-22,Nic Claxton,1629651,5,23.0,8.0,0.0,1.0
2021-22,Nic Claxton,1629651,7,23.0,14.0,4.0,1.0
2021-22,Nic Claxton,1629651,9,26.333333333333332,11.666666666666666,1.3333333333333333,0.7333333333333334
2021-22,Nic Claxton,1629651,13,21.0,9.0,2.0,0.8
2021-22,Nic Claxton,1629651,15,32.0,9.0,3.0,0.444
2021-22,Nic Claxton,1629651,19,23.0,2.0,0.0,0.0
2021-22,Nic Claxton,1629651,21,23.0,12.0,2.0,0.556
2021-22,Nick Richards,1630208,-6,20.0,8.0,1.0,0.6
2021-22,Nickeil Alexander-Walker,1629638,-32,25.0,6.0,4.0,0.222
2021-22,Nickeil Alexander-Walker,1629638,-19,34.0,23.0,1.0,0.563
2021-22,Nickeil Alexander-Walker,1629638,-17,22.0,10.0,3.0,0.167
2021-22,Nickeil Alexander-Walker,1629638,-16,29.0,10.0,2.0,0.286
2021-22,Nickeil Alexander-Walker,1629638,-15,28.0,8.0,2.0,0.273
2021-22,Nickeil Alexander-Walker,1629638,-12,26.0,12.0,2.3333333333333335,0.36600000000000005
2021-22,Nickeil Alexander-Walker,1629638,-11,20.0,10.0,2.0,0.444
2021-22,Nickeil Alexander-Walker,1629638,-10,29.0,12.0,4.0,0.294
2021-22,Nickeil Alexander-Walker,1629638,-8,30.666666666666668,15.0,4.666666666666667,0.29933333333333334
2021-22,Nickeil Alexander-Walker,1629638,-7,30.0,15.0,0.0,0.375
2021-22,Nickeil Alexander-Walker,1629638,-6,29.0,11.0,4.666666666666667,0.35766666666666663
2021-22,Nickeil Alexander-Walker,1629638,-5,29.333333333333332,11.666666666666666,3.0,0.3223333333333333
2021-22,Nickeil Alexander-Walker,1629638,-4,25.0,10.0,1.0,0.2615
2021-22,Nickeil Alexander-Walker,1629638,-3,30.0,6.0,3.0,0.214
2021-22,Nickeil Alexander-Walker,1629638,-2,22.5,11.0,0.0,0.4
2021-22,Nickeil Alexander-Walker,1629638,-1,32.666666666666664,20.0,3.3333333333333335,0.4003333333333334
2021-22,Nickeil Alexander-Walker,1629638,0,27.0,14.0,3.0,0.455
2021-22,Nickeil Alexander-Walker,1629638,1,29.5,11.5,0.5,0.372
2021-22,Nickeil Alexander-Walker,1629638,2,24.0,21.0,3.0,0.6125
2021-22,Nickeil Alexander-Walker,1629638,4,27.5,23.5,4.0,0.394
2021-22,Nickeil Alexander-Walker,1629638,6,23.666666666666668,9.666666666666666,4.0,0.39166666666666666
2021-22,Nickeil Alexander-Walker,1629638,9,30.0,11.5,4.0,0.33599999999999997
2021-22,Nickeil Alexander-Walker,1629638,11,29.0,17.0,3.0,0.375
2021-22,Nickeil Alexander-Walker,1629638,14,23.0,12.0,5.0,0.455
2021-22,Nickeil Alexander-Walker,1629638,15,22.0,16.0,0.0,0.5
2021-22,Nickeil Alexander-Walker,1629638,18,25.0,21.0,1.0,0.5
2021-22,Nicolas Batum,201587,-22,24.0,12.0,0.5,0.487
2021-22,Nicolas Batum,201587,-21,30.0,12.0,0.0,0.571
2021-22,Nicolas Batum,201587,-20,22.0,12.0,2.0,0.5
2021-22,Nicolas Batum,201587,-19,22.0,9.0,0.0,0.5
2021-22,Nicolas Batum,201587,-18,23.0,6.0,0.0,0.4
2021-22,Nicolas Batum,201587,-14,29.333333333333332,10.666666666666666,2.6666666666666665,0.5316666666666667
2021-22,Nicolas Batum,201587,-12,22.0,8.0,0.0,0.6
2021-22,Nicolas Batum,201587,-9,29.0,4.0,1.0,0.333
2021-22,Nicolas Batum,201587,-8,34.0,5.0,2.0,0.5
2021-22,Nicolas Batum,201587,-7,25.0,13.0,1.0,0.571
2021-22,Nicolas Batum,201587,-6,24.5,12.0,2.0,0.393
2021-22,Nicolas Batum,201587,-5,33.0,8.0,3.0,0.375
2021-22,Nicolas Batum,201587,-4,32.0,8.0,2.0,0.5
2021-22,Nicolas Batum,201587,-3,27.0,13.0,1.0,0.444
2021-22,Nicolas Batum,201587,-2,26.0,2.0,3.0,0.167
2021-22,Nicolas Batum,201587,-1,20.5,8.5,1.5,0.45199999999999996
2021-22,Nicolas Batum,201587,0,29.0,12.5,2.5,0.526
2021-22,Nicolas Batum,201587,1,32.0,16.0,2.0,0.429
2021-22,Nicolas Batum,201587,2,23.0,6.0,5.0,0.4
2021-22,Nicolas Batum,201587,3,30.666666666666668,12.0,2.6666666666666665,0.5186666666666667
2021-22,Nicolas Batum,201587,5,29.0,5.5,2.5,0.4165
2021-22,Nicolas Batum,201587,6,28.0,22.0,1.0,0.778
2021-22,Nicolas Batum,201587,9,25.0,6.0,1.0,0.333
2021-22,Nicolas Batum,201587,10,24.5,9.0,2.0,0.4445
2021-22,Nicolas Batum,201587,11,25.0,2.0,3.0,0.167
2021-22,Nicolas Batum,201587,12,22.0,2.0,1.0,0.5
2021-22,Nicolas Batum,201587,13,27.333333333333332,12.666666666666666,0.6666666666666666,0.49533333333333335
2021-22,Nicolas Batum,201587,15,25.0,9.0,1.5,0.607
2021-22,Nicolas Batum,201587,16,26.0,5.0,3.0,0.667
2021-22,Nicolas Batum,201587,17,20.0,3.0,3.0,0.333
2021-22,Nicolas Batum,201587,18,33.0,21.0,3.0,0.566
2021-22,Nikola Jokic,203999,-27,32.0,22.0,4.0,0.588
2021-22,Nikola Jokic,203999,-21,33.0,23.0,4.0,0.348
2021-22,Nikola Jokic,203999,-17,34.0,27.0,11.0,0.688
2021-22,Nikola Jokic,203999,-16,37.0,32.0,8.0,0.625
2021-22,Nikola Jokic,203999,-15,28.0,20.5,4.5,0.728
2021-22,Nikola Jokic,203999,-12,34.0,24.0,3.0,0.6
2021-22,Nikola Jokic,203999,-11,40.0,41.0,4.0,0.514
2021-22,Nikola Jokic,203999,-9,33.0,22.0,8.0,0.5
2021-22,Nikola Jokic,203999,-7,32.666666666666664,23.333333333333332,8.333333333333334,0.4346666666666667
2021-22,Nikola Jokic,203999,-6,34.0,26.0,6.0,0.6555
2021-22,Nikola Jokic,203999,-5,34.333333333333336,23.333333333333332,9.333333333333334,0.4613333333333333
2021-22,Nikola Jokic,203999,-4,30.0,26.0,7.0,0.692
2021-22,Nikola Jokic,203999,-3,35.0,34.0,5.0,0.55
2021-22,Nikola Jokic,203999,-1,36.5,30.5,8.5,0.5825
2021-22,Nikola Jokic,203999,0,35.333333333333336,27.333333333333332,8.666666666666666,0.646
2021-22,Nikola Jokic,203999,1,30.0,21.0,7.0,0.571
2021-22,Nikola Jokic,203999,2,35.5,23.5,6.0,0.375
2021-22,Nikola Jokic,203999,3,34.0,25.5,8.5,0.5375
2021-22,Nikola Jokic,203999,4,36.0,39.0,11.0,0.739
2021-22,Nikola Jokic,203999,5,36.0,25.0,14.0,0.556
2021-22,Nikola Jokic,203999,6,34.857142857142854,26.857142857142858,7.857142857142857,0.5875714285714286
2021-22,Nikola Jokic,203999,7,32.6,26.6,6.6,0.5374000000000001
2021-22,Nikola Jokic,203999,9,27.0,28.0,9.0,0.647
2021-22,Nikola Jokic,203999,10,33.0,26.0,6.0,0.4905
2021-22,Nikola Jokic,203999,11,35.0,37.0,9.0,0.789
2021-22,Nikola Jokic,203999,12,31.0,33.0,6.5,0.6845
2021-22,Nikola Jokic,203999,13,26.0,20.0,7.0,0.667
2021-22,Nikola Jokic,203999,14,33.25,29.25,9.75,0.65175
2021-22,Nikola Jokic,203999,15,35.5,39.0,10.0,0.6094999999999999
2021-22,Nikola Jokic,203999,16,27.0,23.0,10.5,0.6485
2021-22,Nikola Jokic,203999,17,34.0,25.0,7.666666666666667,0.5593333333333333
2021-22,Nikola Jokic,203999,18,28.0,20.0,7.0,0.8
2021-22,Nikola Jokic,203999,19,34.5,28.5,9.0,0.661
2021-22,Nikola Jokic,203999,21,32.5,27.0,10.0,0.5860000000000001
2021-22,Nikola Jokic,203999,22,42.0,46.0,11.0,0.727
2021-22,Nikola Jokic,203999,24,28.0,18.0,15.0,0.778
2021-22,Nikola Jokic,203999,26,25.0,11.0,8.0,0.556
2021-22,Nikola Jokic,203999,27,29.0,27.0,10.0,0.8
2021-22,Nikola Jokic,203999,28,34.0,27.0,2.0,0.591
2021-22,Nikola Jokic,203999,32,34.0,35.0,8.0,0.625
2021-22,Nikola Jokic,203999,37,35.0,35.0,6.0,0.667
2021-22,Nikola Vucevic,202696,-29,33.0,10.0,2.0,0.2
2021-22,Nikola Vucevic,202696,-24,26.0,16.0,1.0,0.5
2021-22,Nikola Vucevic,202696,-23,25.0,13.0,1.0,0.385
2021-22,Nikola Vucevic,202696,-22,30.0,14.0,3.0,0.385
2021-22,Nikola Vucevic,202696,-21,26.75,13.75,3.25,0.54025
2021-22,Nikola Vucevic,202696,-20,30.0,13.0,3.0,0.211
2021-22,Nikola Vucevic,202696,-19,35.0,21.0,5.0,0.588
2021-22,Nikola Vucevic,202696,-18,30.0,10.5,0.5,0.3255
2021-22,Nikola Vucevic,202696,-17,29.5,10.0,1.5,0.279
2021-22,Nikola Vucevic,202696,-16,32.666666666666664,11.0,3.6666666666666665,0.3466666666666667
2021-22,Nikola Vucevic,202696,-15,30.0,18.0,0.0,0.348
2021-22,Nikola Vucevic,202696,-14,32.0,23.0,2.0,0.455
2021-22,Nikola Vucevic,202696,-12,34.0,13.0,2.0,0.353
2021-22,Nikola Vucevic,202696,-10,35.0,27.0,6.0,0.6
2021-22,Nikola Vucevic,202696,-9,34.5,13.5,2.0,0.262
2021-22,Nikola Vucevic,202696,-7,39.0,30.0,4.0,0.619
2021-22,Nikola Vucevic,202696,-5,34.0,20.0,2.0,0.333
2021-22,Nikola Vucevic,202696,-4,31.0,12.0,5.0,0.545
2021-22,Nikola Vucevic,202696,-3,35.333333333333336,17.666666666666668,1.0,0.4443333333333333
2021-22,Nikola Vucevic,202696,-2,26.0,14.0,4.0,0.375
2021-22,Nikola Vucevic,202696,-1,34.5,13.5,2.5,0.38
2021-22,Nikola Vucevic,202696,0,33.0,18.25,4.25,0.511
2021-22,Nikola Vucevic,202696,1,32.5,12.5,3.5,0.45199999999999996
2021-22,Nikola Vucevic,202696,2,35.0,19.0,3.6666666666666665,0.44799999999999995
2021-22,Nikola Vucevic,202696,3,33.0,24.5,2.0,0.502
2021-22,Nikola Vucevic,202696,4,34.0,12.0,3.0,0.308
2021-22,Nikola Vucevic,202696,5,35.5,31.0,5.5,0.774
2021-22,Nikola Vucevic,202696,6,33.5,17.5,4.5,0.44599999999999995
2021-22,Nikola Vucevic,202696,7,35.5,24.0,3.0,0.5
2021-22,Nikola Vucevic,202696,8,34.0,23.0,4.0,0.6326666666666667
2021-22,Nikola Vucevic,202696,9,32.0,24.0,3.0,0.733
2021-22,Nikola Vucevic,202696,10,32.333333333333336,12.333333333333334,4.0,0.4736666666666666
2021-22,Nikola Vucevic,202696,11,33.5,17.0,2.5,0.495
2021-22,Nikola Vucevic,202696,13,35.666666666666664,20.333333333333332,2.6666666666666665,0.48566666666666664
2021-22,Nikola Vucevic,202696,14,32.5,16.5,1.5,0.552
2021-22,Nikola Vucevic,202696,15,31.0,20.0,4.5,0.506
2021-22,Nikola Vucevic,202696,17,32.0,19.0,2.0,0.412
2021-22,Nikola Vucevic,202696,18,34.0,21.5,4.5,0.5355
2021-22,Nikola Vucevic,202696,19,37.0,18.0,8.0,0.692
2021-22,Nikola Vucevic,202696,20,34.0,17.0,8.0,0.727
2021-22,Nikola Vucevic,202696,26,27.0,22.0,4.0,0.556
2021-22,Nikola Vucevic,202696,31,35.0,30.0,5.0,0.632
2021-22,Norman Powell,1626181,-29,29.0,14.0,1.5,0.375
2021-22,Norman Powell,1626181,-25,35.0,19.0,1.0,0.294
2021-22,Norman Powell,1626181,-22,32.5,11.5,4.0,0.3975
2021-22,Norman Powell,1626181,-21,33.0,14.0,5.0,0.4
2021-22,Norman Powell,1626181,-20,28.0,16.0,1.0,0.231
2021-22,Norman Powell,1626181,-19,31.0,12.0,3.0,0.267
2021-22,Norman Powell,1626181,-16,41.0,16.0,2.0,0.429
2021-22,Norman Powell,1626181,-15,34.0,22.0,1.0,0.7
2021-22,Norman Powell,1626181,-14,29.0,13.333333333333334,2.0,0.46666666666666673
2021-22,Norman Powell,1626181,-13,40.5,27.5,0.5,0.5035000000000001
2021-22,Norman Powell,1626181,-12,25.5,19.0,1.0,0.5835
2021-22,Norman Powell,1626181,-10,43.0,29.0,1.0,0.417
2021-22,Norman Powell,1626181,-9,28.0,23.0,1.0,0.471
2021-22,Norman Powell,1626181,-8,36.0,19.0,3.0,0.357
2021-22,Norman Powell,1626181,-7,33.0,19.0,6.0,0.357
2021-22,Norman Powell,1626181,-6,35.0,22.0,0.0,0.5
2021-22,Norman Powell,1626181,-5,37.0,27.0,2.5,0.507
2021-22,Norman Powell,1626181,-4,41.0,28.0,3.0,0.424
2021-22,Norman Powell,1626181,-3,26.333333333333332,15.666666666666666,2.0,0.4096666666666667
2021-22,Norman Powell,1626181,1,34.0,25.5,3.0,0.6315
2021-22,Norman Powell,1626181,2,30.5,18.0,2.0,0.5725
2021-22,Norman Powell,1626181,3,35.0,14.0,0.0,0.333
2021-22,Norman Powell,1626181,4,32.0,23.0,2.0,0.563
2021-22,Norman Powell,1626181,7,27.0,23.5,1.5,0.6074999999999999
2021-22,Norman Powell,1626181,9,40.0,14.0,5.0,0.333
2021-22,Norman Powell,1626181,10,29.0,17.0,2.0,0.545
2021-22,Norman Powell,1626181,11,35.0,18.0,2.0,0.545
2021-22,Norman Powell,1626181,15,40.0,25.0,5.0,0.389
2021-22,Norman Powell,1626181,16,26.0,15.0,3.0,0.5
2021-22,Norman Powell,1626181,26,27.0,13.0,2.0,0.364
2021-22,Norman Powell,1626181,27,23.0,12.0,1.0,0.4
2021-22,O.G. Anunoby,1628384,-23,25.0,3.0,2.0,0.2
2021-22,O.G. Anunoby,1628384,-21,33.0,11.0,1.0,0.176
2021-22,O.G. Anunoby,1628384,-17,36.0,14.0,4.0,0.429
2021-22,O.G. Anunoby,1628384,-14,33.0,23.0,4.0,0.667
2021-22,O.G. Anunoby,1628384,-13,38.0,16.0,3.0,0.438
2021-22,O.G. Anunoby,1628384,-11,33.0,9.5,4.0,0.30000000000000004
2021-22,O.G. Anunoby,1628384,-8,36.0,16.0,2.0,0.357
2021-22,O.G. Anunoby,1628384,-7,39.5,16.0,2.5,0.4645
2021-22,O.G. Anunoby,1628384,-5,45.5,21.5,5.5,0.4525
2021-22,O.G. Anunoby,1628384,-4,37.0,18.5,3.5,0.4955
2021-22,O.G. Anunoby,1628384,-3,37.0,18.666666666666668,2.3333333333333335,0.43333333333333335
2021-22,O.G. Anunoby,1628384,-1,31.0,23.0,0.0,0.6
2021-22,O.G. Anunoby,1628384,0,40.0,29.0,2.0,0.474
2021-22,O.G. Anunoby,1628384,1,35.666666666666664,12.333333333333334,2.3333333333333335,0.413
2021-22,O.G. Anunoby,1628384,2,37.0,15.0,5.0,0.462
2021-22,O.G. Anunoby,1628384,3,38.5,16.5,1.5,0.434
2021-22,O.G. Anunoby,1628384,5,32.5,17.5,2.0,0.40700000000000003
2021-22,O.G. Anunoby,1628384,6,32.0,13.0,2.5,0.387
2021-22,O.G. Anunoby,1628384,7,35.333333333333336,16.333333333333332,3.0,0.4043333333333334
2021-22,O.G. Anunoby,1628384,9,40.5,17.5,4.5,0.5165
2021-22,O.G. Anunoby,1628384,10,35.0,26.0,0.0,0.5
2021-22,O.G. Anunoby,1628384,11,32.0,16.666666666666668,2.0,0.4046666666666667
2021-22,O.G. Anunoby,1628384,13,35.0,15.0,2.0,0.462
2021-22,O.G. Anunoby,1628384,14,37.0,15.0,2.0,0.5
2021-22,O.G. Anunoby,1628384,15,41.0,36.0,2.0,0.481
2021-22,O.G. Anunoby,1628384,16,37.0,20.0,2.0,0.444
2021-22,O.G. Anunoby,1628384,17,34.0,14.0,2.0,0.5
2021-22,O.G. Anunoby,1628384,18,31.0,20.5,2.0,0.548
2021-22,O.G. Anunoby,1628384,19,35.0,24.0,2.0,0.571
2021-22,O.G. Anunoby,1628384,21,27.0,7.0,2.0,0.375
2021-22,O.G. Anunoby,1628384,29,32.0,22.0,3.0,0.692
2021-22,Obi Toppin,1630167,-18,30.0,20.0,4.0,0.5
2021-22,Obi Toppin,1630167,-10,33.0,14.5,3.0,0.626
2021-22,Obi Toppin,1630167,-9,45.0,19.0,6.0,0.583
2021-22,Obi Toppin,1630167,-2,23.5,11.0,0.5,0.3975
2021-22,Obi Toppin,1630167,2,20.0,7.0,0.0,0.25
2021-22,Obi Toppin,1630167,4,28.0,14.0,0.0,0.667
2021-22,Obi Toppin,1630167,5,26.0,15.0,0.0,0.6
2021-22,Obi Toppin,1630167,6,23.0,19.0,1.0,0.429
2021-22,Obi Toppin,1630167,8,40.0,42.0,3.0,0.571
2021-22,Obi Toppin,1630167,14,21.5,13.5,2.0,0.5905
2021-22,Obi Toppin,1630167,15,21.0,12.0,1.0,0.545
2021-22,Obi Toppin,1630167,18,38.0,35.0,1.0,0.636
2021-22,Obi Toppin,1630167,19,39.0,18.0,6.0,0.727
2021-22,Obi Toppin,1630167,20,21.0,18.0,1.0,0.778
2021-22,Obi Toppin,1630167,36,21.0,9.0,1.0,0.6
2021-22,Obi Toppin,1630167,46,35.0,20.0,3.0,0.438
2021-22,Olivier Sarr,1630846,-6,26.0,9.0,1.5,0.42200000000000004
2021-22,Olivier Sarr,1630846,-3,34.0,12.0,0.0,0.714
2021-22,Olivier Sarr,1630846,-1,23.5,10.5,2.0,0.5835
2021-22,Olivier Sarr,1630846,0,25.0,12.0,0.0,0.625
2021-22,Olivier Sarr,1630846,1,38.0,10.0,1.0,0.375
2021-22,Olivier Sarr,1630846,4,29.0,11.0,2.0,0.571
2021-22,Olivier Sarr,1630846,15,21.0,24.0,1.0,0.75
2021-22,Omer Yurtseven,1630209,-13,23.0,22.0,1.0,0.833
2021-22,Omer Yurtseven,1630209,-3,33.0,5.0,2.0,0.286
2021-22,Omer Yurtseven,1630209,-2,32.0,10.0,1.0,0.333
2021-22,Omer Yurtseven,1630209,-1,23.0,4.0,2.0,0.0
2021-22,Omer Yurtseven,1630209,1,33.0,16.0,1.0,0.533
2021-22,Omer Yurtseven,1630209,5,35.0,7.0,1.0,0.214
2021-22,Omer Yurtseven,1630209,8,25.666666666666668,10.666666666666666,2.0,0.49433333333333335
2021-22,Omer Yurtseven,1630209,11,34.0,22.0,0.0,0.611
2021-22,Omer Yurtseven,1630209,13,31.0,14.0,4.0,0.556
2021-22,Omer Yurtseven,1630209,16,24.0,8.0,1.0,0.5
2021-22,Omer Yurtseven,1630209,19,28.0,13.0,6.0,0.667
2021-22,Omer Yurtseven,1630209,20,22.0,8.0,1.0,0.429
2021-22,Omer Yurtseven,1630209,23,34.0,7.0,8.0,0.25
2021-22,Onyeka Okongwu,1630168,-14,20.0,4.0,1.0,0.5
2021-22,Onyeka Okongwu,1630168,-7,24.0,6.0,1.0,1.0
2021-22,Onyeka Okongwu,1630168,-6,25.0,6.0,1.0,0.667
2021-22,Onyeka Okongwu,1630168,-4,20.5,8.5,2.0,0.732
2021-22,Onyeka Okongwu,1630168,-2,24.0,12.0,0.0,1.0
2021-22,Onyeka Okongwu,1630168,-1,37.0,9.0,2.0,0.75
2021-22,Onyeka Okongwu,1630168,0,22.5,11.5,1.5,0.75
2021-22,Onyeka Okongwu,1630168,4,22.0,9.0,1.0,0.5
2021-22,Onyeka Okongwu,1630168,5,26.0,8.0,2.5,0.3975
2021-22,Onyeka Okongwu,1630168,6,34.0,13.0,3.0,0.6
2021-22,Onyeka Okongwu,1630168,7,27.0,17.0,1.0,1.0
2021-22,Onyeka Okongwu,1630168,9,22.0,8.0,1.0,0.75
2021-22,Onyeka Okongwu,1630168,11,35.0,12.0,3.0,0.667
2021-22,Onyeka Okongwu,1630168,12,20.0,12.0,1.0,0.857
2021-22,Onyeka Okongwu,1630168,15,21.5,12.0,1.5,0.8445
2021-22,Onyeka Okongwu,1630168,19,34.0,17.0,1.0,0.625
2021-22,Oshae Brissett,1629052,-24,38.0,21.0,2.0,0.563
2021-22,Oshae Brissett,1629052,-22,21.0,6.5,0.0,0.3395
2021-22,Oshae Brissett,1629052,-20,31.0,6.0,2.0,0.167
2021-22,Oshae Brissett,1629052,-18,23.0,14.0,1.0,0.625
2021-22,Oshae Brissett,1629052,-17,34.0,13.0,2.0,0.357
2021-22,Oshae Brissett,1629052,-14,28.0,10.0,2.0,0.4
2021-22,Oshae Brissett,1629052,-13,37.0,10.0,1.0,0.294
2021-22,Oshae Brissett,1629052,-11,27.5,11.5,1.0,0.4645
2021-22,Oshae Brissett,1629052,-10,27.333333333333332,11.333333333333334,0.6666666666666666,0.35733333333333334
2021-22,Oshae Brissett,1629052,-9,28.666666666666668,13.0,1.6666666666666667,0.2976666666666667
2021-22,Oshae Brissett,1629052,-8,20.0,5.0,0.0,0.5
2021-22,Oshae Brissett,1629052,-7,22.0,3.0,2.0,0.167
2021-22,Oshae Brissett,1629052,-5,26.5,6.0,2.0,0.2775
2021-22,Oshae Brissett,1629052,-4,30.0,14.0,4.0,0.308
2021-22,Oshae Brissett,1629052,-3,35.5,17.5,2.0,0.375
2021-22,Oshae Brissett,1629052,-2,23.0,5.0,0.6666666666666666,0.19066666666666665
2021-22,Oshae Brissett,1629052,-1,27.5,9.5,1.0,0.36650000000000005
2021-22,Oshae Brissett,1629052,0,30.5,11.5,1.0,0.331
2021-22,Oshae Brissett,1629052,1,34.0,20.0,5.0,0.5
2021-22,Oshae Brissett,1629052,4,33.5,15.5,2.0,0.4165
2021-22,Oshae Brissett,1629052,5,30.5,12.5,1.5,0.479
2021-22,Oshae Brissett,1629052,6,22.5,11.0,1.0,0.442
2021-22,Oshae Brissett,1629052,7,24.0,8.5,1.0,0.4585
2021-22,Oshae Brissett,1629052,8,29.0,6.0,2.0,0.4
2021-22,Oshae Brissett,1629052,9,31.0,18.0,1.0,0.636
2021-22,Oshae Brissett,1629052,10,27.0,9.0,0.0,0.75
2021-22,Oshae Brissett,1629052,12,25.0,9.0,2.0,1.0
2021-22,Oshae Brissett,1629052,15,20.0,9.0,1.0,0.667
2021-22,Oshae Brissett,1629052,20,25.0,24.0,1.0,0.8
2021-22,Oshae Brissett,1629052,21,24.0,10.0,0.0,0.375
2021-22,Oshae Brissett,1629052,25,33.0,27.0,0.0,0.643
2021-22,Otto Porter Jr.,203490,-20,24.0,5.0,1.0,0.2
2021-22,Otto Porter Jr.,203490,-17,21.0,7.0,2.0,0.5
2021-22,Otto Porter Jr.,203490,-12,24.0,10.0,3.0,0.333
2021-22,Otto Porter Jr.,203490,-11,23.0,5.0,0.0,0.333
2021-22,Otto Porter Jr.,203490,-8,22.0,15.0,1.0,0.455
2021-22,Otto Porter Jr.,203490,-7,26.0,6.333333333333333,1.3333333333333333,0.38533333333333336
2021-22,Otto Porter Jr.,203490,-4,22.0,10.0,0.0,0.6
2021-22,Otto Porter Jr.,203490,-3,24.0,3.0,0.0,0.2
2021-22,Otto Porter Jr.,203490,-2,24.5,8.5,1.5,0.231
2021-22,Otto Porter Jr.,203490,-1,26.0,14.0,1.0,0.625
2021-22,Otto Porter Jr.,203490,2,25.0,6.0,1.0,0.4
2021-22,Otto Porter Jr.,203490,3,27.666666666666668,6.0,0.6666666666666666,0.4403333333333333
2021-22,Otto Porter Jr.,203490,4,22.5,4.5,1.0,0.35
2021-22,Otto Porter Jr.,203490,5,26.0,15.0,0.0,0.5
2021-22,Otto Porter Jr.,203490,6,36.0,20.0,8.0,0.643
2021-22,Otto Porter Jr.,203490,7,25.2,9.6,2.6,0.5134000000000001
2021-22,Otto Porter Jr.,203490,8,21.0,2.0,1.0,0.25
2021-22,Otto Porter Jr.,203490,10,29.5,12.0,3.0,0.487
2021-22,Otto Porter Jr.,203490,13,29.0,12.0,2.0,0.556
2021-22,Otto Porter Jr.,203490,16,27.5,16.0,2.0,0.62
2021-22,Otto Porter Jr.,203490,22,26.0,17.0,2.0,0.5835
2021-22,Otto Porter Jr.,203490,35,29.0,10.0,1.0,0.333
2021-22,P.J. Tucker,200782,-25,22.5,7.5,0.0,0.5145
2021-22,P.J. Tucker,200782,-23,31.0,3.0,4.0,0.25
2021-22,P.J. Tucker,200782,-22,23.0,6.0,0.0,0.333
2021-22,P.J. Tucker,200782,-19,25.5,8.0,2.0,0.575
2021-22,P.J. Tucker,200782,-14,22.0,0.0,1.0,0.0
2021-22,P.J. Tucker,200782,-13,32.5,7.5,3.5,0.2915
2021-22,P.J. Tucker,200782,-11,26.5,7.0,1.5,0.5555
2021-22,P.J. Tucker,200782,-9,27.0,6.0,0.6666666666666666,0.6443333333333333
2021-22,P.J. Tucker,200782,-8,31.0,3.0,3.0,0.167
2021-22,P.J. Tucker,200782,-7,35.0,3.5,3.0,0.25
2021-22,P.J. Tucker,200782,-4,32.0,9.0,1.0,0.5
2021-22,P.J. Tucker,200782,-3,27.0,7.0,1.3333333333333333,0.4243333333333334
2021-22,P.J. Tucker,200782,-2,22.0,2.0,0.0,0.2
2021-22,P.J. Tucker,200782,-1,20.0,9.0,1.0,0.429
2021-22,P.J. Tucker,200782,0,35.5,17.5,4.0,0.5275
2021-22,P.J. Tucker,200782,1,32.5,11.0,3.0,0.9165
2021-22,P.J. Tucker,200782,3,25.0,2.0,3.0,0.5
2021-22,P.J. Tucker,200782,4,31.666666666666668,6.0,3.0,0.46799999999999997
2021-22,P.J. Tucker,200782,5,30.0,8.0,3.5,0.4375
2021-22,P.J. Tucker,200782,6,29.0,9.0,3.0,0.4
2021-22,P.J. Tucker,200782,7,28.2,5.6,1.2,0.4048
2021-22,P.J. Tucker,200782,8,27.5,6.0,3.5,0.75
2021-22,P.J. Tucker,200782,10,34.0,15.0,8.0,0.556
2021-22,P.J. Tucker,200782,11,29.0,10.0,1.0,0.5
2021-22,P.J. Tucker,200782,12,22.5,3.5,2.0,0.75
2021-22,P.J. Tucker,200782,13,26.666666666666668,8.0,1.6666666666666667,0.5146666666666667
2021-22,P.J. Tucker,200782,14,32.0,9.0,2.0,0.6665
2021-22,P.J. Tucker,200782,15,22.0,12.0,2.0,0.637
2021-22,P.J. Tucker,200782,16,28.0,13.0,3.0,0.5
2021-22,P.J. Tucker,200782,17,25.0,5.0,2.0,0.667
2021-22,P.J. Tucker,200782,18,26.0,3.0,3.5,0.41700000000000004
2021-22,P.J. Tucker,200782,19,32.0,17.0,2.0,0.625
2021-22,P.J. Tucker,200782,20,28.0,18.0,2.0,0.75
2021-22,P.J. Tucker,200782,22,24.0,7.0,4.0,0.5
2021-22,P.J. Tucker,200782,24,31.0,15.0,2.0,0.5
2021-22,P.J. Tucker,200782,25,32.0,8.0,5.0,0.429
2021-22,P.J. Tucker,200782,27,43.0,15.0,2.0,0.5
2021-22,P.J. Tucker,200782,31,21.0,8.0,2.0,0.75
2021-22,P.J. Tucker,200782,37,22.0,20.0,0.0,0.778
2021-22,P.J. Washington,1629023,-21,26.0,12.0,1.0,0.375
2021-22,P.J. Washington,1629023,-18,25.5,12.5,0.5,0.4195
2021-22,P.J. Washington,1629023,-16,32.0,13.0,4.0,0.5
2021-22,P.J. Washington,1629023,-15,34.333333333333336,10.333333333333334,2.6666666666666665,0.3753333333333333
2021-22,P.J. Washington,1629023,-14,28.5,9.0,3.0,0.297
2021-22,P.J. Washington,1629023,-12,22.0,4.0,0.0,0.25
2021-22,P.J. Washington,1629023,-11,30.0,13.0,2.0,0.455
2021-22,P.J. Washington,1629023,-10,32.0,3.0,0.0,0.2
2021-22,P.J. Washington,1629023,-5,30.0,11.25,2.5,0.45825
2021-22,P.J. Washington,1629023,-3,34.0,13.333333333333334,1.3333333333333333,0.4723333333333333
2021-22,P.J. Washington,1629023,-2,30.666666666666668,14.333333333333334,2.6666666666666665,0.7053333333333334
2021-22,P.J. Washington,1629023,0,32.0,6.0,5.0,0.2
2021-22,P.J. Washington,1629023,2,24.0,6.0,3.0,0.286
2021-22,P.J. Washington,1629023,3,32.0,16.0,4.0,0.353
2021-22,P.J. Washington,1629023,4,34.0,13.0,6.0,0.714
2021-22,P.J. Washington,1629023,6,29.5,7.5,3.0,0.378
2021-22,P.J. Washington,1629023,7,32.0,6.0,7.0,0.5
2021-22,P.J. Washington,1629023,8,24.0,9.0,1.0,1.0
2021-22,P.J. Washington,1629023,9,29.75,14.75,2.0,0.5467500000000001
2021-22,P.J. Washington,1629023,11,24.666666666666668,9.0,1.6666666666666667,0.6806666666666666
2021-22,P.J. Washington,1629023,12,26.0,13.0,5.0,0.833
2021-22,P.J. Washington,1629023,13,25.0,12.0,1.0,0.625
2021-22,P.J. Washington,1629023,14,24.0,6.0,5.0,0.4
2021-22,P.J. Washington,1629023,15,25.0,5.0,1.0,0.333
2021-22,P.J. Washington,1629023,16,33.0,10.0,2.0,0.571
2021-22,P.J. Washington,1629023,17,33.5,15.5,3.0,0.5555
2021-22,P.J. Washington,1629023,20,27.5,13.5,2.0,0.55
2021-22,P.J. Washington,1629023,23,29.0,13.0,5.0,0.714
2021-22,P.J. Washington,1629023,25,30.0,6.0,1.0,0.333
2021-22,P.J. Washington,1629023,26,24.0,14.0,4.0,0.667
2021-22,P.J. Washington,1629023,28,29.0,12.0,7.0,0.714
2021-22,P.J. Washington,1629023,29,28.0,21.0,0.0,0.571
2021-22,P.J. Washington,1629023,34,27.0,13.0,3.0,0.455
2021-22,PJ Dozier,1628408,-16,22.0,5.0,2.0,0.25
2021-22,PJ Dozier,1628408,-9,20.5,5.0,1.0,0.091
2021-22,PJ Dozier,1628408,-7,20.0,10.0,1.0,0.75
2021-22,PJ Dozier,1628408,-5,22.0,9.0,2.0,0.429
2021-22,PJ Dozier,1628408,-2,23.0,6.0,4.0,0.286
2021-22,PJ Dozier,1628408,-1,24.0,6.0,2.0,0.6
2021-22,PJ Dozier,1628408,2,22.0,12.0,1.0,0.625
2021-22,PJ Dozier,1628408,6,21.0,7.0,3.0,0.5
2021-22,PJ Dozier,1628408,17,21.0,12.0,4.0,0.667
2021-22,PJ Dozier,1628408,27,22.0,5.0,2.0,0.333
2021-22,Pascal Siakam,1627783,-29,27.0,8.0,2.0,0.231
2021-22,Pascal Siakam,1627783,-25,36.0,14.0,5.0,0.375
2021-22,Pascal Siakam,1627783,-20,33.0,18.0,1.0,0.368
2021-22,Pascal Siakam,1627783,-18,36.0,21.5,3.0,0.5209999999999999
2021-22,Pascal Siakam,1627783,-12,40.0,23.0,4.0,0.471
2021-22,Pascal Siakam,1627783,-11,43.0,12.0,7.0,0.25
2021-22,Pascal Siakam,1627783,-10,36.0,17.0,4.0,0.412
2021-22,Pascal Siakam,1627783,-9,30.0,4.0,5.0,0.143
2021-22,Pascal Siakam,1627783,-8,33.5,21.5,1.5,0.542
2021-22,Pascal Siakam,1627783,-6,37.0,37.0,12.0,0.5
2021-22,Pascal Siakam,1627783,-5,39.5,23.0,4.0,0.4445
2021-22,Pascal Siakam,1627783,-4,42.0,18.0,10.0,0.45
2021-22,Pascal Siakam,1627783,-3,36.0,18.5,4.0,0.52
2021-22,Pascal Siakam,1627783,-2,37.0,26.666666666666668,4.0,0.5736666666666667
2021-22,Pascal Siakam,1627783,-1,36.75,28.0,5.75,0.5275
2021-22,Pascal Siakam,1627783,0,46.0,17.0,7.0,0.5
2021-22,Pascal Siakam,1627783,1,37.5,23.0,5.5,0.5569999999999999
2021-22,Pascal Siakam,1627783,2,35.0,25.0,4.666666666666667,0.5416666666666666
2021-22,Pascal Siakam,1627783,3,43.0,26.5,2.5,0.3765
2021-22,Pascal Siakam,1627783,4,40.5,23.5,5.0,0.42725
2021-22,Pascal Siakam,1627783,5,39.5,22.5,5.0,0.498
2021-22,Pascal Siakam,1627783,6,34.5,18.0,4.0,0.4285
2021-22,Pascal Siakam,1627783,7,40.0,30.5,8.0,0.536
2021-22,Pascal Siakam,1627783,8,47.0,22.0,5.5,0.528
2021-22,Pascal Siakam,1627783,9,37.0,29.5,7.0,0.6125
2021-22,Pascal Siakam,1627783,10,39.0,31.0,3.0,0.591
2021-22,Pascal Siakam,1627783,11,39.2,25.2,6.0,0.5418000000000001
2021-22,Pascal Siakam,1627783,12,42.0,29.0,7.0,0.444
2021-22,Pascal Siakam,1627783,13,41.0,21.0,3.5,0.473
2021-22,Pascal Siakam,1627783,14,31.5,18.0,5.5,0.5
2021-22,Pascal Siakam,1627783,15,36.5,25.5,5.0,0.528
2021-22,Pascal Siakam,1627783,16,40.0,25.0,10.0,0.417
2021-22,Pascal Siakam,1627783,17,39.0,24.0,12.0,0.563
2021-22,Pascal Siakam,1627783,19,30.0,32.0,1.0,0.833
2021-22,Pascal Siakam,1627783,22,40.0,25.0,7.0,0.5
2021-22,Pascal Siakam,1627783,24,30.5,15.5,6.5,0.405
2021-22,Pascal Siakam,1627783,25,34.0,27.0,5.0,0.529
2021-22,Pascal Siakam,1627783,26,27.0,18.0,5.0,0.538
2021-22,Pascal Siakam,1627783,27,40.0,12.0,13.0,0.333
2021-22,Pat Connaughton,1626192,-25,22.0,5.0,5.0,0.222
2021-22,Pat Connaughton,1626192,-23,27.0,6.0,4.0,0.5
2021-22,Pat Connaughton,1626192,-21,26.0,14.0,2.0,0.833
2021-22,Pat Connaughton,1626192,-20,24.0,7.0,1.0,0.3395
2021-22,Pat Connaughton,1626192,-18,34.0,15.0,1.0,0.6
2021-22,Pat Connaughton,1626192,-15,23.0,0.0,0.0,0.0
2021-22,Pat Connaughton,1626192,-13,31.0,11.0,3.0,0.5
2021-22,Pat Connaughton,1626192,-12,26.5,7.25,0.5,0.38775
2021-22,Pat Connaughton,1626192,-11,24.0,6.0,0.0,0.286
2021-22,Pat Connaughton,1626192,-9,26.0,8.0,0.5,0.45199999999999996
2021-22,Pat Connaughton,1626192,-8,28.0,7.0,1.0,0.25
2021-22,Pat Connaughton,1626192,-6,30.0,11.0,2.3333333333333335,0.37366666666666665
2021-22,Pat Connaughton,1626192,-5,30.0,15.0,2.0,0.455
2021-22,Pat Connaughton,1626192,-4,25.5,8.0,1.5,0.5
2021-22,Pat Connaughton,1626192,-3,25.0,9.0,0.5,0.393
2021-22,Pat Connaughton,1626192,-2,24.0,11.0,0.0,0.5
2021-22,Pat Connaughton,1626192,-1,23.5,8.0,0.5,0.4375
2021-22,Pat Connaughton,1626192,0,28.0,12.333333333333334,1.6666666666666667,0.37166666666666665
2021-22,Pat Connaughton,1626192,1,25.0,13.0,1.0,0.556
2021-22,Pat Connaughton,1626192,2,31.0,13.0,2.0,0.444
2021-22,Pat Connaughton,1626192,3,25.0,8.0,2.0,0.4165
2021-22,Pat Connaughton,1626192,4,31.0,16.0,0.0,0.5
2021-22,Pat Connaughton,1626192,5,21.5,6.5,1.0,0.4335
2021-22,Pat Connaughton,1626192,6,24.333333333333332,8.666666666666666,2.0,0.37333333333333335
2021-22,Pat Connaughton,1626192,7,27.0,8.5,0.5,0.375
2021-22,Pat Connaughton,1626192,8,33.0,12.5,1.0,0.7335
2021-22,Pat Connaughton,1626192,9,22.0,12.0,0.0,0.5
2021-22,Pat Connaughton,1626192,12,22.0,16.0,0.0,0.5
2021-22,Pat Connaughton,1626192,13,31.0,23.0,5.0,0.571
2021-22,Pat Connaughton,1626192,14,31.0,16.0,0.0,0.75
2021-22,Pat Connaughton,1626192,18,25.0,13.0,2.5,0.55
2021-22,Pat Connaughton,1626192,19,30.0,20.0,0.0,0.778
2021-22,Pat Connaughton,1626192,20,25.5,18.5,2.0,0.5165
2021-22,Pat Connaughton,1626192,22,27.0,20.0,0.0,0.875
2021-22,Pat Connaughton,1626192,26,29.0,13.5,0.5,0.449
2021-22,Pat Connaughton,1626192,27,25.0,16.0,2.0,0.75
2021-22,Patrick Beverley,201976,-24,27.0,7.0,7.0,0.286
2021-22,Patrick Beverley,201976,-23,27.0,5.0,3.0,0.333
2021-22,Patrick Beverley,201976,-18,21.0,10.0,2.0,0.5
2021-22,Patrick Beverley,201976,-17,25.5,6.5,5.0,0.25
2021-22,Patrick Beverley,201976,-13,29.0,11.0,6.0,0.4
2021-22,Patrick Beverley,201976,-10,31.5,7.0,5.5,0.39649999999999996
2021-22,Patrick Beverley,201976,-8,26.5,8.0,3.5,0.429
2021-22,Patrick Beverley,201976,-7,31.0,8.0,4.0,0.2
2021-22,Patrick Beverley,201976,-6,22.0,5.0,4.0,0.333
2021-22,Patrick Beverley,201976,-5,32.0,10.0,4.5,0.5835
2021-22,Patrick Beverley,201976,-3,26.75,9.25,5.25,0.40275
2021-22,Patrick Beverley,201976,-1,22.666666666666668,12.0,4.333333333333333,0.4963333333333333
2021-22,Patrick Beverley,201976,0,28.5,13.0,3.0,0.4165
2021-22,Patrick Beverley,201976,1,28.0,10.0,3.0,0.6
2021-22,Patrick Beverley,201976,2,30.0,20.0,8.0,0.625
2021-22,Patrick Beverley,201976,3,24.0,8.333333333333334,4.666666666666667,0.327
2021-22,Patrick Beverley,201976,4,28.0,18.0,1.0,0.667
2021-22,Patrick Beverley,201976,5,31.0,12.0,6.0,0.417
2021-22,Patrick Beverley,201976,6,29.333333333333332,9.0,4.0,0.36199999999999993
2021-22,Patrick Beverley,201976,7,26.0,9.0,4.0,0.25
2021-22,Patrick Beverley,201976,8,23.0,7.0,8.0,0.25
2021-22,Patrick Beverley,201976,9,29.0,11.0,6.0,0.5
2021-22,Patrick Beverley,201976,10,25.0,7.5,6.5,0.4875
2021-22,Patrick Beverley,201976,11,32.5,12.5,4.0,0.375
2021-22,Patrick Beverley,201976,12,23.0,11.0,4.0,0.833
2021-22,Patrick Beverley,201976,16,34.0,14.0,7.0,0.417
2021-22,Patrick Beverley,201976,19,23.5,15.5,9.0,0.4225
2021-22,Patrick Beverley,201976,20,28.0,8.0,7.0,0.375
2021-22,Patrick Beverley,201976,23,26.0,7.5,7.0,0.32499999999999996
2021-22,Patrick Beverley,201976,24,29.0,11.0,8.0,0.444
2021-22,Patrick Beverley,201976,26,23.5,10.5,4.0,0.5
2021-22,Patrick Williams,1630172,-22,25.0,5.0,0.0,0.286
2021-22,Patrick Williams,1630172,-15,26.0,15.0,3.0,0.571
2021-22,Patrick Williams,1630172,-12,29.0,12.0,2.0,0.667
2021-22,Patrick Williams,1630172,-8,41.0,35.0,4.0,0.476
2021-22,Patrick Williams,1630172,-6,36.0,10.0,0.0,1.0
2021-22,Patrick Williams,1630172,-4,24.5,6.0,1.0,0.6335
2021-22,Patrick Williams,1630172,0,31.0,18.0,0.0,0.778
2021-22,Patrick Williams,1630172,6,29.0,9.0,1.0,0.571
2021-22,Patrick Williams,1630172,8,24.0,6.0,0.0,0.4
2021-22,Patrick Williams,1630172,12,28.0,6.0,0.0,0.667
2021-22,Patty Mills,201988,-47,21.0,5.0,3.0,0.25
2021-22,Patty Mills,201988,-27,23.0,5.5,0.5,0.222
2021-22,Patty Mills,201988,-20,29.0,0.0,1.0,0.0
2021-22,Patty Mills,201988,-18,30.0,11.0,2.0,0.2665
2021-22,Patty Mills,201988,-16,31.5,8.5,2.5,0.271
2021-22,Patty Mills,201988,-14,31.0,8.0,4.0,0.375
2021-22,Patty Mills,201988,-12,32.0,16.5,3.5,0.41825
2021-22,Patty Mills,201988,-11,30.0,13.5,2.5,0.38549999999999995
2021-22,Patty Mills,201988,-10,31.0,21.0,6.0,0.5
2021-22,Patty Mills,201988,-9,30.666666666666668,7.666666666666667,2.6666666666666665,0.3133333333333333
2021-22,Patty Mills,201988,-7,25.0,6.0,2.0,0.25
2021-22,Patty Mills,201988,-6,32.0,9.0,1.0,0.375
2021-22,Patty Mills,201988,-5,29.0,9.0,0.5,0.3145
2021-22,Patty Mills,201988,-4,20.0,3.0,3.0,0.125
2021-22,Patty Mills,201988,-3,34.666666666666664,10.666666666666666,2.0,0.353
2021-22,Patty Mills,201988,-2,26.0,10.0,0.5,0.273
2021-22,Patty Mills,201988,-1,31.5,11.5,1.5,0.4095
2021-22,Patty Mills,201988,0,31.0,5.0,4.0,0.182
2021-22,Patty Mills,201988,1,29.666666666666668,8.0,1.6666666666666667,0.23399999999999999
2021-22,Patty Mills,201988,2,34.0,10.25,2.5,0.324
2021-22,Patty Mills,201988,3,25.5,11.0,1.0,0.47000000000000003
2021-22,Patty Mills,201988,5,28.333333333333332,15.333333333333334,2.0,0.5126666666666667
2021-22,Patty Mills,201988,7,31.0,12.75,2.25,0.40025
2021-22,Patty Mills,201988,9,34.0,10.5,4.0,0.366
2021-22,Patty Mills,201988,10,30.75,8.5,3.25,0.30525
2021-22,Patty Mills,201988,12,36.0,17.5,3.0,0.506
2021-22,Patty Mills,201988,13,22.0,21.0,3.0,0.571
2021-22,Patty Mills,201988,15,38.5,26.5,2.5,0.5165
2021-22,Patty Mills,201988,16,31.0,8.5,2.5,0.432
2021-22,Patty Mills,201988,17,21.0,14.0,6.0,0.556
2021-22,Patty Mills,201988,19,35.0,27.5,4.0,0.5735
2021-22,Patty Mills,201988,20,33.5,20.0,2.5,0.6335
2021-22,Patty Mills,201988,21,26.5,13.0,2.0,0.757
2021-22,Patty Mills,201988,27,21.0,15.0,0.0,0.714
2021-22,Patty Mills,201988,28,31.0,29.0,1.0,0.625
2021-22,Patty Mills,201988,33,21.0,21.0,1.0,0.7
2021-22,Paul George,202331,-21,33.0,27.0,3.0,0.5
2021-22,Paul George,202331,-18,31.0,23.0,6.0,0.5
2021-22,Paul George,202331,-17,34.0,19.0,6.0,0.308
2021-22,Paul George,202331,-14,32.0,33.0,5.0,0.5355
2021-22,Paul George,202331,-10,33.0,42.0,2.0,0.625
2021-22,Paul George,202331,-9,34.0,26.0,5.0,0.404
2021-22,Paul George,202331,-3,36.0,24.333333333333332,3.0,0.3323333333333333
2021-22,Paul George,202331,-2,42.5,20.5,8.0,0.271
2021-22,Paul George,202331,-1,38.0,27.0,5.0,0.44
2021-22,Paul George,202331,1,40.0,32.0,7.0,0.458
2021-22,Paul George,202331,3,36.0,29.0,6.0,0.522
2021-22,Paul George,202331,8,33.5,24.5,7.0,0.472
2021-22,Paul George,202331,9,32.0,24.0,7.0,0.417
2021-22,Paul George,202331,10,35.5,15.5,6.5,0.3065
2021-22,Paul George,202331,11,37.5,25.0,5.0,0.49
2021-22,Paul George,202331,13,37.0,20.0,8.0,0.409
2021-22,Paul George,202331,14,29.0,15.0,7.0,0.333
2021-22,Paul George,202331,15,30.0,34.0,6.0,0.5
2021-22,Paul George,202331,17,26.0,23.0,4.0,0.588
2021-22,Paul George,202331,18,35.0,22.0,9.0,0.38549999999999995
2021-22,Paul George,202331,21,26.0,14.0,5.0,0.375
2021-22,Paul George,202331,31,28.0,19.0,4.0,0.364
2021-22,Paul Millsap,200794,-1,23.0,5.0,1.0,0.4
2021-22,Paul Reed,1630194,-14,21.0,10.0,0.0,0.833
2021-22,Paul Reed,1630194,-7,23.0,6.0,0.0,0.429
2021-22,Paul Reed,1630194,30,20.0,25.0,2.0,0.857
2021-22,Paul Watson,1628778,-40,32.0,4.0,2.0,0.125
2021-22,Paul Watson,1628778,-15,36.0,11.0,2.0,0.556
2021-22,Paul Watson,1628778,-5,22.0,5.0,2.0,0.4
2021-22,Paul Watson,1628778,6,20.0,0.0,0.0,0.0
2021-22,Payton Pritchard,1630202,-25,34.0,4.0,3.0,0.2
2021-22,Payton Pritchard,1630202,-5,25.0,18.0,2.0,0.462
2021-22,Payton Pritchard,1630202,-4,29.0,10.0,5.0,0.25
2021-22,Payton Pritchard,1630202,-3,24.0,17.0,4.0,0.7
2021-22,Payton Pritchard,1630202,-2,20.0,7.0,1.0,0.429
2021-22,Payton Pritchard,1630202,1,44.0,24.0,6.0,0.364
2021-22,Payton Pritchard,1630202,2,21.0,14.0,2.0,0.667
2021-22,Payton Pritchard,1630202,6,21.0,11.0,5.0,0.571
2021-22,Payton Pritchard,1630202,7,26.0,19.0,6.0,0.667
2021-22,Payton Pritchard,1630202,11,28.0,16.0,3.0,0.6
2021-22,Payton Pritchard,1630202,14,30.0,16.0,5.0,0.429
2021-22,Payton Pritchard,1630202,31,20.0,14.0,8.0,1.0
2021-22,Precious Achiuwa,1630173,-28,20.0,8.0,0.0,0.4
2021-22,Precious Achiuwa,1630173,-16,33.0,9.0,2.0,0.571
2021-22,Precious Achiuwa,1630173,-13,27.0,13.0,0.0,0.545
2021-22,Precious Achiuwa,1630173,-12,36.0,18.0,1.0,0.538
2021-22,Precious Achiuwa,1630173,-11,31.5,6.0,1.0,0.30300000000000005
2021-22,Precious Achiuwa,1630173,-10,26.0,11.0,2.0,0.714
2021-22,Precious Achiuwa,1630173,-9,33.0,12.0,0.0,0.5
2021-22,Precious Achiuwa,1630173,-8,23.0,7.0,2.0,0.2915
2021-22,Precious Achiuwa,1630173,-7,24.0,8.5,1.25,0.3785
2021-22,Precious Achiuwa,1630173,-6,23.0,9.0,0.0,0.375
2021-22,Precious Achiuwa,1630173,-3,30.0,6.666666666666667,1.0,0.387
2021-22,Precious Achiuwa,1630173,-2,22.75,6.5,0.25,0.28125
2021-22,Precious Achiuwa,1630173,-1,26.0,6.0,4.0,0.222
2021-22,Precious Achiuwa,1630173,0,31.5,10.0,2.0,0.569
2021-22,Precious Achiuwa,1630173,3,33.0,10.0,3.0,0.444
2021-22,Precious Achiuwa,1630173,4,25.333333333333332,15.666666666666666,1.0,0.5616666666666666
2021-22,Precious Achiuwa,1630173,5,40.0,20.0,2.0,0.636
2021-22,Precious Achiuwa,1630173,6,28.0,7.0,0.0,0.3
2021-22,Precious Achiuwa,1630173,7,32.333333333333336,16.0,1.6666666666666667,0.5473333333333333
2021-22,Precious Achiuwa,1630173,8,22.5,9.5,2.0,0.4
2021-22,Precious Achiuwa,1630173,9,29.0,4.0,2.0,0.1
2021-22,Precious Achiuwa,1630173,12,23.5,8.5,0.5,0.528
2021-22,Precious Achiuwa,1630173,16,22.5,14.0,0.5,0.4585
2021-22,Precious Achiuwa,1630173,18,27.0,10.0,0.0,0.444
2021-22,Precious Achiuwa,1630173,20,21.0,13.0,1.0,0.556
2021-22,Precious Achiuwa,1630173,21,28.0,10.5,1.0,0.3745
2021-22,Precious Achiuwa,1630173,25,23.0,20.0,4.0,0.571
2021-22,Precious Achiuwa,1630173,28,27.0,17.0,2.0,0.636
2021-22,Precious Achiuwa,1630173,30,24.0,18.0,4.0,0.583
2021-22,Quentin Grimes,1629656,-15,27.0,6.0,0.0,0.333
2021-22,Quentin Grimes,1629656,-13,36.0,20.0,3.0,0.6
2021-22,Quentin Grimes,1629656,-11,32.0,8.0,2.0,0.6
2021-22,Quentin Grimes,1629656,-6,30.5,20.0,2.5,0.55
2021-22,Quentin Grimes,1629656,-5,31.0,6.0,0.0,0.5
2021-22,Quentin Grimes,1629656,-2,40.0,19.0,0.0,0.389
2021-22,Quentin Grimes,1629656,3,25.0,15.0,2.0,0.357
2021-22,Quentin Grimes,1629656,6,26.5,8.0,2.5,0.432
2021-22,Quentin Grimes,1629656,8,23.0,14.0,1.0,0.556
2021-22,Quentin Grimes,1629656,9,28.0,7.0,6.0,0.429
2021-22,Quentin Grimes,1629656,10,23.0,13.0,2.0,0.556
2021-22,Quentin Grimes,1629656,18,31.0,6.0,3.0,0.333
2021-22,Quentin Grimes,1629656,21,24.0,12.0,1.0,0.571
2021-22,R.J. Hampton,1630181,-37,27.0,7.0,2.0,0.182
2021-22,R.J. Hampton,1630181,-34,35.0,12.0,5.0,0.385
2021-22,R.J. Hampton,1630181,-33,28.0,9.0,4.0,0.364
2021-22,R.J. Hampton,1630181,-32,20.0,6.0,0.0,0.25
2021-22,R.J. Hampton,1630181,-25,20.0,9.0,2.0,0.5
2021-22,R.J. Hampton,1630181,-24,33.0,4.0,2.0,0.143
2021-22,R.J. Hampton,1630181,-23,32.0,15.0,5.0,0.417
2021-22,R.J. Hampton,1630181,-22,26.0,6.0,3.0,0.25
2021-22,R.J. Hampton,1630181,-20,29.0,7.5,2.0,0.275
2021-22,R.J. Hampton,1630181,-17,25.333333333333332,8.333333333333334,3.0,0.38866666666666666
2021-22,R.J. Hampton,1630181,-12,27.0,13.0,2.5,0.47750000000000004
2021-22,R.J. Hampton,1630181,-10,27.0,7.0,2.0,0.286
2021-22,R.J. Hampton,1630181,-8,31.0,14.0,5.0,0.429
2021-22,R.J. Hampton,1630181,-7,20.0,7.0,3.0,0.25
2021-22,R.J. Hampton,1630181,-6,25.0,10.5,3.0,0.4095
2021-22,R.J. Hampton,1630181,-5,29.0,8.0,3.0,0.273
2021-22,R.J. Hampton,1630181,-4,28.0,6.5,2.5,0.3875
2021-22,R.J. Hampton,1630181,-3,31.0,14.0,5.0,0.4
2021-22,R.J. Hampton,1630181,-2,20.0,11.0,3.0,0.571
2021-22,R.J. Hampton,1630181,0,28.0,2.0,2.0,0.0
2021-22,R.J. Hampton,1630181,1,24.0,8.0,3.0,0.571
2021-22,R.J. Hampton,1630181,4,24.0,9.0,2.5,0.4645
2021-22,R.J. Hampton,1630181,5,24.0,11.0,1.0,0.364
2021-22,R.J. Hampton,1630181,6,29.666666666666668,12.0,5.666666666666667,0.399
2021-22,R.J. Hampton,1630181,7,21.0,6.0,1.0,0.667
2021-22,R.J. Hampton,1630181,8,24.0,8.0,2.0,0.375
2021-22,R.J. Hampton,1630181,13,23.0,11.0,4.0,0.429
2021-22,R.J. Hampton,1630181,15,28.0,19.0,9.0,0.5
2021-22,RJ Barrett,1629628,-36,24.0,17.0,2.0,0.545
2021-22,RJ Barrett,1629628,-29,25.0,15.0,1.0,0.417
2021-22,RJ Barrett,1629628,-28,20.0,9.0,1.0,0.375
2021-22,RJ Barrett,1629628,-25,34.0,19.0,3.0,0.417
2021-22,RJ Barrett,1629628,-23,34.0,12.0,2.0,0.222
2021-22,RJ Barrett,1629628,-21,34.5,18.0,2.0,0.3975
2021-22,RJ Barrett,1629628,-20,40.0,24.0,4.5,0.40449999999999997
2021-22,RJ Barrett,1629628,-18,29.0,19.0,3.0,0.429
2021-22,RJ Barrett,1629628,-17,24.5,7.5,0.5,0.248
2021-22,RJ Barrett,1629628,-16,38.0,18.0,5.0,0.389
2021-22,RJ Barrett,1629628,-14,35.666666666666664,17.333333333333332,3.6666666666666665,0.2966666666666667
2021-22,RJ Barrett,1629628,-13,34.5,18.5,0.0,0.496
2021-22,RJ Barrett,1629628,-12,43.0,20.0,5.0,0.231
2021-22,RJ Barrett,1629628,-11,37.0,27.0,5.5,0.499
2021-22,RJ Barrett,1629628,-9,31.5,18.5,1.5,0.3405
2021-22,RJ Barrett,1629628,-7,36.0,26.0,3.0,0.5
2021-22,RJ Barrett,1629628,-5,41.0,30.0,3.0,0.36
2021-22,RJ Barrett,1629628,-4,38.0,17.5,2.5,0.324
2021-22,RJ Barrett,1629628,-3,35.0,29.0,3.5,0.4425
2021-22,RJ Barrett,1629628,-2,36.142857142857146,21.714285714285715,3.142857142857143,0.36100000000000004
2021-22,RJ Barrett,1629628,-1,36.2,17.0,3.0,0.3714
2021-22,RJ Barrett,1629628,0,27.0,12.0,3.0,0.5
2021-22,RJ Barrett,1629628,1,35.333333333333336,21.333333333333332,3.3333333333333335,0.39399999999999996
2021-22,RJ Barrett,1629628,3,33.0,20.0,1.0,0.533
2021-22,RJ Barrett,1629628,4,43.0,28.0,3.0,0.417
2021-22,RJ Barrett,1629628,5,31.0,20.0,2.5,0.42500000000000004
2021-22,RJ Barrett,1629628,6,36.0,16.0,2.0,0.2635
2021-22,RJ Barrett,1629628,7,42.0,28.0,6.0,0.375
2021-22,RJ Barrett,1629628,8,40.666666666666664,26.666666666666668,3.6666666666666665,0.5373333333333333
2021-22,RJ Barrett,1629628,9,41.0,32.0,3.0,0.6
2021-22,RJ Barrett,1629628,11,30.0,31.0,4.0,0.6
2021-22,RJ Barrett,1629628,12,25.666666666666668,9.0,2.6666666666666665,0.3093333333333333
2021-22,RJ Barrett,1629628,15,39.0,20.0,3.0,0.381
2021-22,RJ Barrett,1629628,18,30.0,15.0,1.0,0.545
2021-22,RJ Barrett,1629628,21,37.0,18.0,4.0,0.438
2021-22,RJ Barrett,1629628,22,40.0,31.5,3.5,0.5455
2021-22,RJ Barrett,1629628,23,36.0,29.0,6.0,0.524
2021-22,RJ Barrett,1629628,29,33.0,27.0,6.0,0.45
2021-22,RJ Barrett,1629628,36,32.0,24.0,4.0,0.444
2021-22,RJ Nembhard,1630612,-6,21.0,3.0,2.0,0.2
2021-22,Rajon Rondo,200765,-26,23.0,0.0,2.0,0.0
2021-22,Rajon Rondo,200765,-19,22.0,3.0,8.0,0.333
2021-22,Rajon Rondo,200765,-15,26.0,12.0,9.0,0.625
2021-22,Rajon Rondo,200765,-7,23.0,5.0,4.0,1.0
2021-22,Rajon Rondo,200765,-2,28.0,15.0,5.0,0.6
2021-22,Rajon Rondo,200765,-1,20.0,0.0,7.0,0.0
2021-22,Rajon Rondo,200765,1,21.0,5.0,4.0,0.333
2021-22,Rajon Rondo,200765,3,20.0,5.0,5.0,0.25
2021-22,Rajon Rondo,200765,10,33.0,17.0,6.0,0.857
2021-22,Rajon Rondo,200765,17,24.0,6.5,10.5,0.3875
2021-22,Rajon Rondo,200765,26,31.0,15.0,12.0,0.5
2021-22,Raul Neto,203526,-13,25.0,11.5,2.5,0.354
2021-22,Raul Neto,203526,-11,21.0,13.0,2.0,0.5
2021-22,Raul Neto,203526,-8,23.5,7.5,6.0,0.3125
2021-22,Raul Neto,203526,-7,20.0,9.0,6.0,0.571
2021-22,Raul Neto,203526,-6,27.333333333333332,15.0,4.333333333333333,0.5823333333333334
2021-22,Raul Neto,203526,-5,25.5,8.75,5.0,0.4595
2021-22,Raul Neto,203526,-3,24.5,10.5,4.833333333333333,0.38199999999999995
2021-22,Raul Neto,203526,-2,23.0,12.0,4.0,0.5
2021-22,Raul Neto,203526,0,25.0,11.0,3.0,0.455
2021-22,Raul Neto,203526,1,21.0,14.0,4.0,0.625
2021-22,Raul Neto,203526,2,22.5,6.0,4.0,0.5145
2021-22,Raul Neto,203526,3,21.0,13.0,4.0,0.667
2021-22,Raul Neto,203526,4,22.666666666666668,7.666666666666667,1.6666666666666667,0.4403333333333333
2021-22,Raul Neto,203526,5,31.0,14.0,4.0,0.857
2021-22,Raul Neto,203526,7,21.0,11.5,1.5,0.5445
2021-22,Raul Neto,203526,8,20.0,12.0,3.0,0.714
2021-22,Raul Neto,203526,12,24.0,10.0,5.0,0.625
2021-22,Raul Neto,203526,14,25.5,11.5,3.0,0.5
2021-22,Raul Neto,203526,15,27.0,7.0,7.0,0.333
2021-22,Raul Neto,203526,17,25.0,15.0,3.0,0.875
2021-22,Rayjon Tucker,1629730,-10,39.0,15.0,4.0,0.714
2021-22,Rayjon Tucker,1629730,2,22.0,3.0,0.0,1.0
2021-22,Reggie Bullock,203493,-28,21.0,5.0,0.0,0.333
2021-22,Reggie Bullock,203493,-17,33.0,2.0,3.0,0.091
2021-22,Reggie Bullock,203493,-16,23.0,6.0,0.0,0.333
2021-22,Reggie Bullock,203493,-15,27.0,5.0,0.0,0.222
2021-22,Reggie Bullock,203493,-14,29.0,0.0,2.0,0.0
2021-22,Reggie Bullock,203493,-13,34.0,9.0,2.0,0.375
2021-22,Reggie Bullock,203493,-11,23.0,1.0,1.0,0.0835
2021-22,Reggie Bullock,203493,-10,26.5,6.0,1.0,0.25
2021-22,Reggie Bullock,203493,-9,34.0,8.0,2.0,0.25
2021-22,Reggie Bullock,203493,-8,24.5,3.0,0.0,0.1875
2021-22,Reggie Bullock,203493,-7,32.5,13.5,1.0,0.4645
2021-22,Reggie Bullock,203493,-6,26.333333333333332,4.666666666666667,1.3333333333333333,0.18500000000000003
2021-22,Reggie Bullock,203493,-5,36.0,18.0,2.0,0.545
2021-22,Reggie Bullock,203493,-3,27.0,7.0,0.0,0.286
2021-22,Reggie Bullock,203493,-1,30.75,4.75,1.0,0.1875
2021-22,Reggie Bullock,203493,2,29.0,9.333333333333334,0.6666666666666666,0.45733333333333337
2021-22,Reggie Bullock,203493,3,33.0,14.0,1.25,0.43424999999999997
2021-22,Reggie Bullock,203493,4,42.0,14.0,4.0,0.286
2021-22,Reggie Bullock,203493,5,30.0,15.0,4.0,0.714
2021-22,Reggie Bullock,203493,8,32.75,12.0,0.75,0.431
2021-22,Reggie Bullock,203493,9,27.0,6.0,2.0,0.286
2021-22,Reggie Bullock,203493,10,29.0,7.0,0.0,0.333
2021-22,Reggie Bullock,203493,11,28.0,15.0,1.0,0.455
2021-22,Reggie Bullock,203493,12,36.0,11.0,1.0,0.429
2021-22,Reggie Bullock,203493,13,32.0,11.75,1.75,0.6025
2021-22,Reggie Bullock,203493,15,29.0,5.0,2.0,0.4
2021-22,Reggie Bullock,203493,16,26.0,4.0,2.0,0.167
2021-22,Reggie Bullock,203493,17,30.0,16.0,3.0,0.625
2021-22,Reggie Bullock,203493,19,32.0,7.0,2.0,0.425
2021-22,Reggie Bullock,203493,20,27.666666666666668,14.666666666666666,2.3333333333333335,0.5223333333333334
2021-22,Reggie Bullock,203493,21,24.0,19.0,0.0,0.6759999999999999
2021-22,Reggie Bullock,203493,23,20.0,7.0,0.0,0.333
2021-22,Reggie Bullock,203493,24,28.0,12.0,1.0,0.444
2021-22,Reggie Bullock,203493,29,26.0,5.0,0.0,0.286
2021-22,Reggie Bullock,203493,31,20.0,10.0,0.0,0.5
2021-22,Reggie Jackson,202704,-33,27.0,10.0,4.0,0.222
2021-22,Reggie Jackson,202704,-26,25.0,10.0,5.0,0.25
2021-22,Reggie Jackson,202704,-25,25.0,5.0,3.0,0.182
2021-22,Reggie Jackson,202704,-24,24.0,15.0,1.5,0.345
2021-22,Reggie Jackson,202704,-22,31.0,13.0,4.0,0.333
2021-22,Reggie Jackson,202704,-20,20.0,13.0,3.0,0.455
2021-22,Reggie Jackson,202704,-19,27.0,11.0,0.0,0.308
2021-22,Reggie Jackson,202704,-18,21.0,5.0,1.0,0.222
2021-22,Reggie Jackson,202704,-16,21.0,0.0,2.0,0.0
2021-22,Reggie Jackson,202704,-13,29.0,11.5,6.0,0.2905
2021-22,Reggie Jackson,202704,-12,28.8,13.2,3.6,0.3326
2021-22,Reggie Jackson,202704,-11,33.666666666666664,15.0,4.0,0.2986666666666667
2021-22,Reggie Jackson,202704,-10,34.0,19.0,2.0,0.5
2021-22,Reggie Jackson,202704,-9,35.333333333333336,19.0,5.666666666666667,0.36933333333333335
2021-22,Reggie Jackson,202704,-8,36.0,17.0,2.0,0.412
2021-22,Reggie Jackson,202704,-7,30.0,14.0,6.0,0.377
2021-22,Reggie Jackson,202704,-6,30.0,18.0,4.0,0.40349999999999997
2021-22,Reggie Jackson,202704,-4,40.0,24.0,8.0,0.476
2021-22,Reggie Jackson,202704,-2,35.75,27.75,8.25,0.511
2021-22,Reggie Jackson,202704,-1,35.0,16.5,5.0,0.3365
2021-22,Reggie Jackson,202704,0,31.0,25.0,3.0,0.524
2021-22,Reggie Jackson,202704,1,31.0,18.0,1.0,0.368
2021-22,Reggie Jackson,202704,2,30.5,9.0,5.0,0.2255
2021-22,Reggie Jackson,202704,3,27.0,19.0,5.0,0.615
2021-22,Reggie Jackson,202704,4,33.333333333333336,19.333333333333332,3.0,0.3833333333333333
2021-22,Reggie Jackson,202704,6,33.0,13.5,10.0,0.2555
2021-22,Reggie Jackson,202704,7,31.0,17.5,4.0,0.47750000000000004
2021-22,Reggie Jackson,202704,9,33.5,21.75,4.5,0.476
2021-22,Reggie Jackson,202704,10,28.0,20.0,6.5,0.567
2021-22,Reggie Jackson,202704,11,39.0,15.0,9.0,0.375
2021-22,Reggie Jackson,202704,12,36.5,25.0,6.0,0.4875
2021-22,Reggie Jackson,202704,13,34.0,19.333333333333332,5.666666666666667,0.44733333333333336
2021-22,Reggie Jackson,202704,14,32.5,19.25,5.0,0.42125
2021-22,Reggie Jackson,202704,18,32.0,26.0,3.0,0.429
2021-22,Reggie Jackson,202704,20,32.0,16.0,6.0,0.368
2021-22,Reggie Jackson,202704,22,26.0,12.0,14.0,0.385
2021-22,Reggie Jackson,202704,24,30.0,19.0,2.0,0.462
2021-22,Reggie Jackson,202704,27,37.0,19.0,9.0,0.471
2021-22,Reggie Jackson,202704,28,26.0,18.0,4.0,0.3
2021-22,Reggie Jackson,202704,44,35.0,36.0,9.0,0.467
2021-22,Reggie Perry,1629617,-23,21.0,15.0,1.0,0.7
2021-22,Reggie Perry,1629617,-14,33.0,20.0,5.0,0.529
2021-22,Reggie Perry,1629617,-8,26.0,7.0,1.0,0.333
2021-22,Richaun Holmes,1626158,-29,23.0,9.0,0.0,0.667
2021-22,Richaun Holmes,1626158,-25,24.0,7.0,1.0,0.375
2021-22,Richaun Holmes,1626158,-24,28.0,12.0,1.0,0.545
2021-22,Richaun Holmes,1626158,-22,25.0,8.0,0.0,0.6
2021-22,Richaun Holmes,1626158,-19,22.0,7.0,1.0,0.375
2021-22,Richaun Holmes,1626158,-14,22.0,4.0,0.0,0.333
2021-22,Richaun Holmes,1626158,-13,28.0,11.0,0.0,0.833
2021-22,Richaun Holmes,1626158,-11,27.5,16.5,1.5,0.7
2021-22,Richaun Holmes,1626158,-10,28.0,15.0,0.5,0.7
2021-22,Richaun Holmes,1626158,-9,26.0,8.0,3.0,0.6
2021-22,Richaun Holmes,1626158,-7,27.5,15.5,0.5,0.7835000000000001
2021-22,Richaun Holmes,1626158,-6,25.5,14.0,1.0,0.6945
2021-22,Richaun Holmes,1626158,-5,31.0,16.0,1.0,0.7
2021-22,Richaun Holmes,1626158,-3,24.0,4.0,3.0,0.25
2021-22,Richaun Holmes,1626158,-1,29.0,12.0,3.0,0.625
2021-22,Richaun Holmes,1626158,0,26.0,13.666666666666666,1.6666666666666667,0.4916666666666667
2021-22,Richaun Holmes,1626158,2,32.0,16.0,1.0,0.778
2021-22,Richaun Holmes,1626158,3,25.5,7.5,1.5,0.4285
2021-22,Richaun Holmes,1626158,10,31.0,21.0,1.0,0.875
2021-22,Richaun Holmes,1626158,11,29.5,14.5,1.0,0.7835000000000001
2021-22,Richaun Holmes,1626158,15,32.0,16.0,3.0,0.778
2021-22,Richaun Holmes,1626158,19,27.0,10.0,0.0,0.8
2021-22,Richaun Holmes,1626158,20,29.0,21.0,2.0,0.9
2021-22,Richaun Holmes,1626158,22,33.0,23.0,2.0,0.75
2021-22,Ricky Rubio,201937,-20,30.0,8.0,6.0,0.167
2021-22,Ricky Rubio,201937,-12,26.5,14.0,7.5,0.36650000000000005
2021-22,Ricky Rubio,201937,-11,37.0,10.0,5.0,0.267
2021-22,Ricky Rubio,201937,-10,25.0,8.0,3.0,0.2
2021-22,Ricky Rubio,201937,-9,28.0,15.0,10.0,0.417
2021-22,Ricky Rubio,201937,-7,37.0,28.0,2.0,0.45
2021-22,Ricky Rubio,201937,-6,26.0,5.0,8.0,0.167
2021-22,Ricky Rubio,201937,-4,30.666666666666668,16.666666666666668,5.0,0.38133333333333336
2021-22,Ricky Rubio,201937,-3,26.0,15.0,3.0,0.444
2021-22,Ricky Rubio,201937,-2,24.5,9.0,6.5,0.361
2021-22,Ricky Rubio,201937,1,30.0,15.0,2.0,0.545
2021-22,Ricky Rubio,201937,2,31.5,23.5,7.0,0.4
2021-22,Ricky Rubio,201937,4,27.0,7.0,7.0,0.333
2021-22,Ricky Rubio,201937,5,29.0,15.0,5.0,0.25
2021-22,Ricky Rubio,201937,6,31.0,37.0,10.0,0.684
2021-22,Ricky Rubio,201937,8,23.0,6.5,8.0,0.21100000000000002
2021-22,Ricky Rubio,201937,9,23.0,11.0,9.0,0.429
2021-22,Ricky Rubio,201937,11,31.0,0.0,7.0,0.0
2021-22,Ricky Rubio,201937,13,32.0,16.0,7.0,0.235
2021-22,Ricky Rubio,201937,15,27.0,10.0,6.0,0.342
2021-22,Ricky Rubio,201937,16,35.0,23.0,8.0,0.6
2021-22,Ricky Rubio,201937,21,23.0,16.0,6.0,0.462
2021-22,Ricky Rubio,201937,23,24.0,5.0,8.0,0.143
2021-22,Ricky Rubio,201937,30,24.5,7.0,9.0,0.30300000000000005
2021-22,Ricky Rubio,201937,33,29.0,15.0,10.0,0.5
2021-22,Ricky Rubio,201937,38,25.0,6.0,6.0,0.2
2021-22,Robert Covington,203496,-27,22.0,4.0,1.0,0.333
2021-22,Robert Covington,203496,-23,29.0,6.0,1.0,0.348
2021-22,Robert Covington,203496,-18,29.0,18.0,1.0,0.429
2021-22,Robert Covington,203496,-16,22.0,9.0,0.0,0.364
2021-22,Robert Covington,203496,-15,23.0,0.0,1.0,0.0
2021-22,Robert Covington,203496,-13,28.25,5.75,1.25,0.5447500000000001
2021-22,Robert Covington,203496,-12,29.5,6.75,1.0,0.32575
2021-22,Robert Covington,203496,-11,22.0,11.0,1.0,0.429
2021-22,Robert Covington,203496,-10,31.0,10.5,1.0,0.575
2021-22,Robert Covington,203496,-9,30.0,7.5,1.0,0.381
2021-22,Robert Covington,203496,-8,31.5,15.5,1.0,0.5335000000000001
2021-22,Robert Covington,203496,-5,29.333333333333332,10.0,2.6666666666666665,0.4166666666666667
2021-22,Robert Covington,203496,-3,22.0,7.666666666666667,1.3333333333333333,0.4736666666666666
2021-22,Robert Covington,203496,-2,23.0,13.0,0.0,0.571
2021-22,Robert Covington,203496,-1,27.0,8.5,3.5,0.4
2021-22,Robert Covington,203496,0,27.333333333333332,9.333333333333334,1.0,0.457
2021-22,Robert Covington,203496,1,35.5,4.0,4.5,0.2145
2021-22,Robert Covington,203496,2,27.0,12.0,3.0,0.444
2021-22,Robert Covington,203496,4,23.5,9.0,1.0,0.5
2021-22,Robert Covington,203496,5,33.0,9.0,0.0,0.5
2021-22,Robert Covington,203496,6,33.0,19.0,0.0,0.583
2021-22,Robert Covington,203496,8,27.0,5.666666666666667,1.0,0.401
2021-22,Robert Covington,203496,9,33.0,3.0,3.0,0.167
2021-22,Robert Covington,203496,10,35.333333333333336,8.666666666666666,1.6666666666666667,0.40599999999999997
2021-22,Robert Covington,203496,11,34.0,21.0,1.0,0.667
2021-22,Robert Covington,203496,12,33.0,13.0,0.0,0.714
2021-22,Robert Covington,203496,13,31.0,7.0,3.0,0.3
2021-22,Robert Covington,203496,14,34.0,8.0,1.0,0.25
2021-22,Robert Covington,203496,15,25.5,8.5,1.5,0.4
2021-22,Robert Covington,203496,16,38.0,13.0,1.0,0.444
2021-22,Robert Covington,203496,19,20.0,10.0,2.0,0.571
2021-22,Robert Covington,203496,20,27.5,7.5,1.0,0.525
2021-22,Robert Covington,203496,25,25.0,6.0,0.0,0.5
2021-22,Robert Covington,203496,30,38.5,27.5,2.0,0.5625
2021-22,Robert Williams III,1629057,-20,26.0,14.5,1.0,0.757
2021-22,Robert Williams III,1629057,-17,24.333333333333332,7.666666666666667,0.6666666666666666,0.5333333333333333
2021-22,Robert Williams III,1629057,-16,21.0,10.0,1.0,0.8
2021-22,Robert Williams III,1629057,-12,34.0,6.0,1.0,1.0
2021-22,Robert Williams III,1629057,-11,33.0,5.0,2.0,0.5
2021-22,Robert Williams III,1629057,-9,30.0,13.0,1.0,0.75
2021-22,Robert Williams III,1629057,-8,28.5,11.0,2.0,0.653
2021-22,Robert Williams III,1629057,-7,32.0,6.0,2.0,0.6
2021-22,Robert Williams III,1629057,-5,30.0,8.333333333333334,2.0,0.738
2021-22,Robert Williams III,1629057,-4,29.0,15.0,2.0,0.75
2021-22,Robert Williams III,1629057,-3,28.0,9.0,0.0,0.571
2021-22,Robert Williams III,1629057,-2,35.0,10.0,1.0,0.9165
2021-22,Robert Williams III,1629057,-1,24.0,6.0,1.0,0.5
2021-22,Robert Williams III,1629057,0,27.0,2.0,1.0,0.5
2021-22,Robert Williams III,1629057,2,29.0,13.0,0.0,0.7945
2021-22,Robert Williams III,1629057,3,37.5,13.0,3.0,0.6485
2021-22,Robert Williams III,1629057,4,22.0,7.0,1.0,0.75
2021-22,Robert Williams III,1629057,6,41.0,14.0,1.0,0.8
2021-22,Robert Williams III,1629057,7,23.0,13.0,0.0,0.857
2021-22,Robert Williams III,1629057,8,31.0,11.0,2.5,0.757
2021-22,Robert Williams III,1629057,9,35.0,10.333333333333334,3.3333333333333335,0.6526666666666666
2021-22,Robert Williams III,1629057,11,44.0,16.0,3.0,1.0
2021-22,Robert Williams III,1629057,12,28.5,14.5,4.0,0.8165
2021-22,Robert Williams III,1629057,13,33.0,11.5,2.75,0.8725
2021-22,Robert Williams III,1629057,14,35.0,10.0,10.0,1.0
2021-22,Robert Williams III,1629057,15,30.0,12.0,0.0,0.75
2021-22,Robert Williams III,1629057,17,31.0,11.0,4.0,1.0
2021-22,Robert Williams III,1629057,18,33.0,12.0,3.0,0.714
2021-22,Robert Williams III,1629057,19,35.0,9.0,2.0,1.0
2021-22,Robert Williams III,1629057,20,28.0,14.0,1.5,0.792
2021-22,Robert Williams III,1629057,21,22.0,5.0,2.0,0.667
2021-22,Robert Williams III,1629057,23,33.0,12.0,2.0,0.857
2021-22,Robert Williams III,1629057,26,26.0,6.0,2.0,0.6
2021-22,Robert Williams III,1629057,28,28.5,5.0,2.5,0.8335
2021-22,Robert Williams III,1629057,32,31.0,8.0,4.0,0.667
2021-22,Robert Williams III,1629057,35,27.0,12.0,1.0,0.667
2021-22,Robert Williams III,1629057,36,26.0,8.0,4.0,1.0
2021-22,Robert Williams III,1629057,42,27.0,13.0,4.0,0.75
2021-22,Robin Lopez,201577,-23,31.0,13.0,4.0,0.667
2021-22,Robin Lopez,201577,-11,22.0,8.0,2.0,0.5
2021-22,Robin Lopez,201577,-4,20.0,10.0,2.0,0.8
2021-22,Robin Lopez,201577,1,38.0,20.0,4.0,0.455
2021-22,Robin Lopez,201577,2,32.0,18.0,3.0,0.692
2021-22,Robin Lopez,201577,5,24.666666666666668,9.666666666666666,2.0,0.5443333333333333
2021-22,Robin Lopez,201577,13,31.0,10.0,11.0,0.5
2021-22,Rodney Hood,203918,-5,24.0,5.0,2.0,0.4
2021-22,Rodney Hood,203918,-2,22.5,6.0,1.0,0.425
2021-22,Rodney Hood,203918,1,23.0,14.0,3.0,1.0
2021-22,Rodney Hood,203918,3,26.0,10.0,0.0,0.5
2021-22,Rodney Hood,203918,4,27.0,4.0,2.0,0.143
2021-22,Rodney Hood,203918,5,21.0,5.0,2.0,0.333
2021-22,Rodney Hood,203918,7,21.0,5.0,1.0,0.5
2021-22,Rodney Hood,203918,19,21.0,5.0,0.0,0.5
2021-22,Rodney Hood,203918,28,20.0,5.0,2.0,1.0
2021-22,Rodney McGruder,203585,-20,24.0,5.0,1.0,0.286
2021-22,Rodney McGruder,203585,-11,20.0,8.0,1.0,0.333
2021-22,Rodney McGruder,203585,-9,20.0,10.0,4.0,0.333
2021-22,Rodney McGruder,203585,-8,23.0,9.0,0.0,0.571
2021-22,Rodney McGruder,203585,-5,22.0,11.5,1.5,0.4375
2021-22,Rodney McGruder,203585,-3,26.0,3.0,1.0,0.091
2021-22,Rodney McGruder,203585,0,24.0,11.5,4.0,0.561
2021-22,Rodney McGruder,203585,2,20.0,1.0,1.0,0.0
2021-22,Rodney McGruder,203585,3,22.666666666666668,17.0,1.3333333333333333,0.6726666666666666
2021-22,Rodney McGruder,203585,20,26.0,10.0,1.0,0.6335
2021-22,Romeo Langford,1629641,-32,36.0,6.0,3.0,0.222
2021-22,Romeo Langford,1629641,-15,23.0,6.0,0.0,0.429
2021-22,Romeo Langford,1629641,-14,22.0,10.0,0.0,0.667
2021-22,Romeo Langford,1629641,-13,26.0,4.0,0.0,0.333
2021-22,Romeo Langford,1629641,-7,28.0,5.0,0.0,0.4
2021-22,Romeo Langford,1629641,-3,23.0,4.0,0.5,0.2145
2021-22,Romeo Langford,1629641,0,25.0,5.0,0.0,0.5
2021-22,Romeo Langford,1629641,9,23.0,16.0,1.0,0.6
2021-22,Romeo Langford,1629641,17,23.0,12.0,0.0,0.714
2021-22,Romeo Langford,1629641,18,27.5,8.0,0.0,0.4125
2021-22,Romeo Langford,1629641,19,21.0,2.0,0.0,0.0
2021-22,Romeo Langford,1629641,25,27.0,12.0,1.0,0.5
2021-22,Royce O'Neale,1626220,-25,30.0,0.0,2.0,0.0
2021-22,Royce O'Neale,1626220,-23,30.0,6.0,2.0,0.5
2021-22,Royce O'Neale,1626220,-21,29.333333333333332,5.0,2.3333333333333335,0.3833333333333333
2021-22,Royce O'Neale,1626220,-20,34.0,7.0,2.0,0.75
2021-22,Royce O'Neale,1626220,-19,28.0,3.0,2.0,0.25
2021-22,Royce O'Neale,1626220,-13,27.75,6.25,1.25,0.41250000000000003
2021-22,Royce O'Neale,1626220,-12,27.0,8.0,5.0,0.6
2021-22,Royce O'Neale,1626220,-11,28.0,12.0,0.0,0.667
2021-22,Royce O'Neale,1626220,-10,30.0,11.0,1.0,0.667
2021-22,Royce O'Neale,1626220,-9,32.0,2.5,2.5,0.143
2021-22,Royce O'Neale,1626220,-8,31.333333333333332,7.333333333333333,1.6666666666666667,0.4486666666666667
2021-22,Royce O'Neale,1626220,-7,30.0,13.0,2.0,0.625
2021-22,Royce O'Neale,1626220,-6,34.0,14.0,2.0,0.833
2021-22,Royce O'Neale,1626220,-5,33.5,8.0,1.5,0.4585
2021-22,Royce O'Neale,1626220,-4,32.333333333333336,7.333333333333333,1.6666666666666667,0.6333333333333333
2021-22,Royce O'Neale,1626220,-3,30.666666666666668,8.333333333333334,2.6666666666666665,0.4406666666666667
2021-22,Royce O'Neale,1626220,-1,33.5,8.5,2.5,0.357
2021-22,Royce O'Neale,1626220,0,31.333333333333332,8.333333333333334,2.6666666666666665,0.48333333333333334
2021-22,Royce O'Neale,1626220,1,31.0,0.0,3.0,0.0
2021-22,Royce O'Neale,1626220,2,33.0,3.0,1.0,0.25
2021-22,Royce O'Neale,1626220,3,30.5,8.0,3.5,0.75
2021-22,Royce O'Neale,1626220,5,32.75,8.0,4.25,0.5105
2021-22,Royce O'Neale,1626220,6,35.0,7.0,5.0,0.429
2021-22,Royce O'Neale,1626220,8,31.333333333333332,10.666666666666666,4.333333333333333,0.596
2021-22,Royce O'Neale,1626220,9,33.666666666666664,9.333333333333334,2.6666666666666665,0.5026666666666667
2021-22,Royce O'Neale,1626220,10,33.25,10.25,2.25,0.674
2021-22,Royce O'Neale,1626220,11,31.0,6.666666666666667,2.6666666666666665,0.4123333333333334
2021-22,Royce O'Neale,1626220,12,27.0,5.0,1.0,0.167
2021-22,Royce O'Neale,1626220,13,31.5,7.25,1.75,0.5
2021-22,Royce O'Neale,1626220,14,28.0,0.0,2.0,0.0
2021-22,Royce O'Neale,1626220,15,31.0,8.0,2.0,0.354
2021-22,Royce O'Neale,1626220,16,27.0,6.0,1.0,0.4665
2021-22,Royce O'Neale,1626220,17,32.0,15.0,2.0,0.714
2021-22,Royce O'Neale,1626220,18,30.2,6.6,3.0,0.4316
2021-22,Royce O'Neale,1626220,19,29.0,6.0,5.0,0.286
2021-22,Royce O'Neale,1626220,25,26.0,7.0,3.0,0.6
2021-22,Royce O'Neale,1626220,28,27.0,6.0,5.0,0.4
2021-22,Royce O'Neale,1626220,34,26.0,5.0,2.0,0.4
2021-22,Royce O'Neale,1626220,43,24.0,11.0,3.0,0.667
2021-22,Rudy Gay,200752,-13,22.0,5.0,1.0,0.25
2021-22,Rudy Gay,200752,-10,35.0,13.0,0.0,0.444
2021-22,Rudy Gay,200752,-7,26.0,15.0,1.0,0.429
2021-22,Rudy Gay,200752,-3,22.0,14.0,1.0,0.333
2021-22,Rudy Gay,200752,-2,20.0,4.0,2.0,0.333
2021-22,Rudy Gay,200752,0,20.0,8.0,1.5,0.3095
2021-22,Rudy Gay,200752,1,20.0,8.0,1.0,0.333
2021-22,Rudy Gay,200752,7,23.0,18.0,2.0,0.571
2021-22,Rudy Gay,200752,12,24.0,21.0,1.0,0.615
2021-22,Rudy Gay,200752,14,28.0,18.0,1.0,0.667
2021-22,Rudy Gay,200752,18,22.0,7.0,0.0,0.273
2021-22,Rudy Gay,200752,20,26.0,12.0,3.0,0.714
2021-22,Rudy Gay,200752,23,25.0,13.0,1.0,0.571
2021-22,Rudy Gay,200752,26,25.0,12.0,3.0,0.5
2021-22,Rudy Gay,200752,28,22.0,9.0,1.0,0.667
2021-22,Rudy Gay,200752,32,23.0,13.0,5.0,0.571
2021-22,Rudy Gobert,203497,-27,27.0,5.0,0.0,0.667
2021-22,Rudy Gobert,203497,-20,28.0,8.0,0.0,0.8
2021-22,Rudy Gobert,203497,-19,25.0,10.0,1.0,1.0
2021-22,Rudy Gobert,203497,-15,30.0,16.5,1.0,0.5815
2021-22,Rudy Gobert,203497,-13,30.0,11.0,1.0,0.8
2021-22,Rudy Gobert,203497,-12,38.0,27.0,1.0,0.857
2021-22,Rudy Gobert,203497,-10,33.0,16.5,0.5,0.7085
2021-22,Rudy Gobert,203497,-9,32.0,17.0,2.0,0.571
2021-22,Rudy Gobert,203497,-7,30.0,19.0,0.0,0.7
2021-22,Rudy Gobert,203497,-6,36.5,10.0,1.5,0.6905
2021-22,Rudy Gobert,203497,-5,33.333333333333336,16.666666666666668,2.0,0.7423333333333333
2021-22,Rudy Gobert,203497,-4,34.666666666666664,13.0,1.0,0.7713333333333333
2021-22,Rudy Gobert,203497,-3,31.0,18.0,0.0,0.75
2021-22,Rudy Gobert,203497,-2,32.0,17.0,1.0,0.7225
2021-22,Rudy Gobert,203497,-1,38.0,9.0,1.0,0.571
2021-22,Rudy Gobert,203497,0,34.0,22.0,0.0,0.625
2021-22,Rudy Gobert,203497,1,27.0,9.0,1.0,0.5835
2021-22,Rudy Gobert,203497,2,36.0,23.0,4.0,0.692
2021-22,Rudy Gobert,203497,3,36.0,10.0,1.6666666666666667,0.5743333333333334
2021-22,Rudy Gobert,203497,4,33.0,22.0,1.5,0.5335000000000001
2021-22,Rudy Gobert,203497,7,32.0,16.0,2.0,0.625
2021-22,Rudy Gobert,203497,8,34.0,14.0,0.0,0.714
2021-22,Rudy Gobert,203497,9,35.0,20.0,2.0,0.571
2021-22,Rudy Gobert,203497,10,32.8,18.4,1.0,0.8099999999999999
2021-22,Rudy Gobert,203497,11,25.0,16.0,2.0,0.714
2021-22,Rudy Gobert,203497,12,32.333333333333336,14.666666666666666,1.0,0.614
2021-22,Rudy Gobert,203497,13,33.0,15.5,0.5,0.714
2021-22,Rudy Gobert,203497,14,32.0,22.5,0.0,0.859
2021-22,Rudy Gobert,203497,15,28.0,22.0,0.0,0.8
2021-22,Rudy Gobert,203497,17,32.0,17.5,0.5,0.7725
2021-22,Rudy Gobert,203497,18,32.0,13.0,3.0,0.833
2021-22,Rudy Gobert,203497,19,24.5,14.5,1.5,0.7375
2021-22,Rudy Gobert,203497,20,28.0,11.0,0.5,0.5835
2021-22,Rudy Gobert,203497,23,35.0,14.0,0.0,0.429
2021-22,Rudy Gobert,203497,24,22.0,9.0,1.0,1.0
2021-22,Rudy Gobert,203497,25,29.5,15.5,0.5,0.8335
2021-22,Rudy Gobert,203497,26,34.0,12.0,1.0,0.625
2021-22,Rudy Gobert,203497,28,26.0,19.0,2.0,0.727
2021-22,Rudy Gobert,203497,29,31.0,21.0,3.0,0.818
2021-22,Rudy Gobert,203497,31,29.0,14.0,1.0,1.0
2021-22,Rudy Gobert,203497,33,26.0,20.0,1.0,1.0
2021-22,Rudy Gobert,203497,36,35.0,18.0,2.0,1.0
2021-22,Rui Hachimura,1629060,-20,24.0,0.0,0.0,0.0
2021-22,Rui Hachimura,1629060,-19,31.0,9.0,0.0,0.333
2021-22,Rui Hachimura,1629060,-16,29.0,16.0,2.0,0.538
2021-22,Rui Hachimura,1629060,-15,24.5,10.5,0.5,0.4275
2021-22,Rui Hachimura,1629060,-14,28.0,21.0,1.0,0.571
2021-22,Rui Hachimura,1629060,-11,20.0,11.0,0.0,0.571
2021-22,Rui Hachimura,1629060,-10,21.0,13.0,0.0,0.455
2021-22,Rui Hachimura,1629060,-7,25.0,10.0,1.0,0.556
2021-22,Rui Hachimura,1629060,-6,26.0,15.5,2.0,0.55
2021-22,Rui Hachimura,1629060,-5,22.5,11.0,1.0,0.607
2021-22,Rui Hachimura,1629060,-4,30.0,21.0,0.0,0.8
2021-22,Rui Hachimura,1629060,-3,24.0,18.0,1.0,0.7
2021-22,Rui Hachimura,1629060,-2,27.5,13.5,2.0,0.40349999999999997
2021-22,Rui Hachimura,1629060,0,21.5,6.0,1.0,0.44299999999999995
2021-22,Rui Hachimura,1629060,1,23.0,11.0,0.5,0.4305
2021-22,Rui Hachimura,1629060,5,27.0,20.0,1.0,0.533
2021-22,Rui Hachimura,1629060,7,25.0,15.0,1.0,0.545
2021-22,Rui Hachimura,1629060,11,24.5,16.5,4.0,0.598
2021-22,Rui Hachimura,1629060,17,37.0,21.0,4.0,0.533
2021-22,Rui Hachimura,1629060,18,28.0,17.0,3.0,0.467
2021-22,Russell Westbrook,201566,-32,30.0,20.0,3.0,0.636
2021-22,Russell Westbrook,201566,-26,27.0,16.0,1.0,0.333
2021-22,Russell Westbrook,201566,-25,32.0,25.0,6.0,0.529
2021-22,Russell Westbrook,201566,-23,35.5,10.5,7.5,0.254
2021-22,Russell Westbrook,201566,-22,26.0,6.0,6.0,0.167
2021-22,Russell Westbrook,201566,-20,29.0,8.0,6.0,0.077
2021-22,Russell Westbrook,201566,-18,28.5,16.0,4.5,0.4135
2021-22,Russell Westbrook,201566,-17,37.5,20.5,10.5,0.4165
2021-22,Russell Westbrook,201566,-16,29.5,9.5,6.0,0.30300000000000005
2021-22,Russell Westbrook,201566,-15,28.333333333333332,12.0,4.0,0.36966666666666664
2021-22,Russell Westbrook,201566,-14,35.0,30.0,4.0,0.6
2021-22,Russell Westbrook,201566,-13,31.0,25.0,8.0,0.421
2021-22,Russell Westbrook,201566,-12,31.75,17.0,8.0,0.4045
2021-22,Russell Westbrook,201566,-11,30.75,22.25,3.5,0.48050000000000004
2021-22,Russell Westbrook,201566,-9,34.0,28.0,3.0,0.5
2021-22,Russell Westbrook,201566,-8,37.0,12.5,10.5,0.3135
2021-22,Russell Westbrook,201566,-7,37.0,8.0,6.0,0.143
2021-22,Russell Westbrook,201566,-6,34.4,18.4,7.0,0.5018
2021-22,Russell Westbrook,201566,-4,51.0,29.0,11.0,0.556
2021-22,Russell Westbrook,201566,-2,36.666666666666664,23.333333333333332,6.333333333333333,0.47866666666666663
2021-22,Russell Westbrook,201566,-1,33.5,19.0,6.5,0.546
2021-22,Russell Westbrook,201566,0,37.0,31.0,10.0,0.556
2021-22,Russell Westbrook,201566,1,37.0,25.333333333333332,9.0,0.5756666666666667
2021-22,Russell Westbrook,201566,2,32.75,12.75,7.0,0.34975
2021-22,Russell Westbrook,201566,3,35.0,19.0,10.0,0.469
2021-22,Russell Westbrook,201566,4,34.5,18.25,6.75,0.51
2021-22,Russell Westbrook,201566,5,34.0,17.0,5.333333333333333,0.4026666666666667
2021-22,Russell Westbrook,201566,6,34.0,27.0,5.0,0.435
2021-22,Russell Westbrook,201566,7,41.0,22.0,10.0,0.444
2021-22,Russell Westbrook,201566,8,38.0,24.5,9.5,0.45999999999999996
2021-22,Russell Westbrook,201566,9,34.0,24.0,10.0,0.588
2021-22,Russell Westbrook,201566,10,43.0,25.0,14.0,0.455
2021-22,Russell Westbrook,201566,11,34.666666666666664,18.666666666666668,8.333333333333334,0.4963333333333333
2021-22,Russell Westbrook,201566,12,34.0,23.0,6.0,0.429
2021-22,Russell Westbrook,201566,13,32.0,20.0,4.0,0.529
2021-22,Russell Westbrook,201566,14,39.0,20.0,5.0,0.333
2021-22,Russell Westbrook,201566,17,33.0,19.0,2.0,0.368
2021-22,Russell Westbrook,201566,18,33.0,8.0,7.0,0.5
2021-22,Russell Westbrook,201566,22,31.0,9.0,13.0,0.286
2021-22,Russell Westbrook,201566,23,35.0,20.0,11.0,0.5
2021-22,Russell Westbrook,201566,25,34.0,20.0,9.0,0.409
2021-22,Russell Westbrook,201566,29,30.0,15.0,12.0,0.5
2021-22,Ryan Arcidiacono,1627853,-9,23.0,5.0,2.0,0.4
2021-22,Ryan Arcidiacono,1627853,4,21.0,5.0,1.0,0.667
2021-22,Saben Lee,1630240,-29,31.0,11.0,8.0,0.25
2021-22,Saben Lee,1630240,-22,21.0,7.0,1.0,0.2
2021-22,Saben Lee,1630240,-12,24.0,16.0,3.0,0.467
2021-22,Saben Lee,1630240,-10,20.0,11.0,5.0,0.429
2021-22,Saben Lee,1630240,-4,20.0,9.0,3.0,0.333
2021-22,Saben Lee,1630240,-3,34.0,11.0,12.0,0.273
2021-22,Saben Lee,1630240,0,29.0,12.0,5.0,0.333
2021-22,Saben Lee,1630240,4,22.0,2.0,4.0,0.333
2021-22,Saben Lee,1630240,5,20.0,6.0,2.0,0.5
2021-22,Saben Lee,1630240,8,23.5,13.5,4.5,0.519
2021-22,Saben Lee,1630240,10,21.0,12.0,7.0,0.571
2021-22,Saddiq Bey,1630180,-37,32.0,3.0,1.0,0.111
2021-22,Saddiq Bey,1630180,-36,36.0,14.0,4.0,0.333
2021-22,Saddiq Bey,1630180,-32,32.0,20.0,2.0,0.368
2021-22,Saddiq Bey,1630180,-28,22.0,9.0,1.0,0.333
2021-22,Saddiq Bey,1630180,-26,35.0,25.0,3.0,0.5
2021-22,Saddiq Bey,1630180,-25,36.0,13.5,2.0,0.23349999999999999
2021-22,Saddiq Bey,1630180,-24,26.0,11.0,1.0,0.308
2021-22,Saddiq Bey,1630180,-22,33.0,12.0,6.0,0.333
2021-22,Saddiq Bey,1630180,-21,32.0,17.0,2.0,0.357
2021-22,Saddiq Bey,1630180,-20,32.0,12.5,1.5,0.3855
2021-22,Saddiq Bey,1630180,-19,29.0,5.666666666666667,4.666666666666667,0.19566666666666666
2021-22,Saddiq Bey,1630180,-18,33.0,13.0,1.0,0.364
2021-22,Saddiq Bey,1630180,-17,29.5,9.5,1.0,0.236
2021-22,Saddiq Bey,1630180,-16,33.0,7.0,5.0,0.091
2021-22,Saddiq Bey,1630180,-15,27.0,9.0,6.0,0.5
2021-22,Saddiq Bey,1630180,-14,32.0,15.0,4.0,0.385
2021-22,Saddiq Bey,1630180,-13,29.5,11.0,3.25,0.35525
2021-22,Saddiq Bey,1630180,-11,31.0,7.0,4.0,0.2
2021-22,Saddiq Bey,1630180,-10,36.0,7.0,3.0,0.214
2021-22,Saddiq Bey,1630180,-9,32.0,17.8,2.8,0.36920000000000003
2021-22,Saddiq Bey,1630180,-7,28.0,7.5,2.0,0.293
2021-22,Saddiq Bey,1630180,-6,32.833333333333336,16.833333333333332,2.8333333333333335,0.36533333333333334
2021-22,Saddiq Bey,1630180,-5,40.0,9.0,6.0,0.429
2021-22,Saddiq Bey,1630180,-4,32.5,11.0,1.0,0.254
2021-22,Saddiq Bey,1630180,-3,34.833333333333336,19.5,4.5,0.4295
2021-22,Saddiq Bey,1630180,-2,35.666666666666664,19.333333333333332,2.3333333333333335,0.417
2021-22,Saddiq Bey,1630180,-1,36.5,18.25,2.5,0.375
2021-22,Saddiq Bey,1630180,0,29.0,27.0,2.5,0.587
2021-22,Saddiq Bey,1630180,1,30.333333333333332,16.0,1.6666666666666667,0.35800000000000004
2021-22,Saddiq Bey,1630180,3,37.0,7.0,4.0,0.333
2021-22,Saddiq Bey,1630180,4,36.666666666666664,27.333333333333332,4.333333333333333,0.5646666666666667
2021-22,Saddiq Bey,1630180,5,33.2,17.8,2.2,0.42000000000000004
2021-22,Saddiq Bey,1630180,6,31.0,14.0,2.0,0.4
2021-22,Saddiq Bey,1630180,8,36.0,20.0,3.0,0.529
2021-22,Saddiq Bey,1630180,9,36.0,25.0,4.0,0.533
2021-22,Saddiq Bey,1630180,11,42.0,36.0,3.5,0.46699999999999997
2021-22,Saddiq Bey,1630180,12,34.5,23.0,2.5,0.5025000000000001
2021-22,Saddiq Bey,1630180,14,35.0,16.0,3.0,0.353
2021-22,Saddiq Bey,1630180,18,36.0,26.0,2.0,0.538
2021-22,Saddiq Bey,1630180,27,36.0,29.0,1.0,0.714
2021-22,Sam Hauser,1630573,2,20.0,10.0,0.0,0.667
2021-22,Sandro Mamukelashvili,1630572,-26,42.0,17.0,1.0,0.462
2021-22,Sandro Mamukelashvili,1630572,-20,22.0,8.0,2.0,0.5
2021-22,Sandro Mamukelashvili,1630572,-18,42.0,28.0,4.0,0.556
2021-22,Sandro Mamukelashvili,1630572,-12,24.5,10.0,1.0,0.472
2021-22,Sandro Mamukelashvili,1630572,6,21.0,5.0,3.0,0.333
2021-22,Sandro Mamukelashvili,1630572,7,22.0,10.0,0.0,0.25
2021-22,Santi Aldama,1630583,-22,31.0,20.0,4.0,0.438
2021-22,Santi Aldama,1630583,-15,20.0,7.0,0.0,0.6
2021-22,Santi Aldama,1630583,3,21.0,12.0,1.0,0.625
2021-22,Santi Aldama,1630583,52,28.0,18.0,3.0,0.5
2021-22,Scottie Barnes,1630567,-25,20.5,5.5,0.0,0.4
2021-22,Scottie Barnes,1630567,-24,31.0,28.0,1.0,0.722
2021-22,Scottie Barnes,1630567,-22,37.0,21.0,3.0,0.438
2021-22,Scottie Barnes,1630567,-20,35.0,8.0,5.0,0.333
2021-22,Scottie Barnes,1630567,-18,30.5,9.5,5.5,0.2435
2021-22,Scottie Barnes,1630567,-16,36.0,15.0,1.0,0.412
2021-22,Scottie Barnes,1630567,-13,35.5,19.0,2.5,0.5995
2021-22,Scottie Barnes,1630567,-11,34.5,15.5,2.0,0.4425
2021-22,Scottie Barnes,1630567,-10,35.25,12.25,4.25,0.54175
2021-22,Scottie Barnes,1630567,-8,34.8,14.8,2.8,0.4218
2021-22,Scottie Barnes,1630567,-7,34.8,13.8,3.6,0.5276
2021-22,Scottie Barnes,1630567,-5,36.75,18.75,3.75,0.5002500000000001
2021-22,Scottie Barnes,1630567,-3,31.0,15.0,1.0,0.441
2021-22,Scottie Barnes,1630567,-2,40.0,20.0,4.0,0.5545
2021-22,Scottie Barnes,1630567,-1,30.0,11.0,6.0,0.357
2021-22,Scottie Barnes,1630567,0,36.0,13.5,4.0,0.5295
2021-22,Scottie Barnes,1630567,1,36.0,17.0,2.5,0.5425
2021-22,Scottie Barnes,1630567,2,35.5,9.0,5.0,0.335
2021-22,Scottie Barnes,1630567,4,35.0,8.0,3.3333333333333335,0.359
2021-22,Scottie Barnes,1630567,5,40.75,17.25,4.0,0.4265
2021-22,Scottie Barnes,1630567,6,31.666666666666668,18.0,4.0,0.5956666666666667
2021-22,Scottie Barnes,1630567,7,33.0,14.0,3.0,0.4565
2021-22,Scottie Barnes,1630567,8,33.0,16.0,2.0,0.538
2021-22,Scottie Barnes,1630567,9,45.5,14.5,2.0,0.48350000000000004
2021-22,Scottie Barnes,1630567,11,36.333333333333336,14.666666666666666,2.0,0.543
2021-22,Scottie Barnes,1630567,14,41.0,12.0,3.0,0.5
2021-22,Scottie Barnes,1630567,15,35.5,18.0,9.0,0.5605
2021-22,Scottie Barnes,1630567,18,39.0,17.0,3.0,0.571
2021-22,Scottie Barnes,1630567,19,30.5,14.5,1.0,0.4365
2021-22,Scottie Barnes,1630567,21,39.0,21.0,5.0,0.529
2021-22,Scottie Barnes,1630567,22,31.0,17.0,4.0,0.556
2021-22,Scottie Barnes,1630567,25,31.0,19.0,7.0,0.727
2021-22,Scottie Barnes,1630567,26,32.0,21.0,6.0,0.667
2021-22,Scottie Barnes,1630567,29,35.0,25.0,2.0,0.647
2021-22,Scottie Barnes,1630567,30,34.0,28.0,4.0,0.857
2021-22,Scottie Barnes,1630567,32,36.0,19.0,7.0,0.462
2021-22,Semi Ojeleye,1628400,-20,22.0,2.0,0.0,0.167
2021-22,Semi Ojeleye,1628400,-14,31.0,2.0,1.0,0.333
2021-22,Semi Ojeleye,1628400,-2,26.0,11.0,1.0,0.4665
2021-22,Semi Ojeleye,1628400,4,22.0,11.0,1.0,1.0
2021-22,Serge Ibaka,201586,-17,27.0,9.0,3.0,0.5
2021-22,Serge Ibaka,201586,-10,21.0,5.0,0.0,0.091
2021-22,Serge Ibaka,201586,-5,22.0,4.0,1.0,0.167
2021-22,Serge Ibaka,201586,-3,27.0,5.5,1.0,0.375
2021-22,Serge Ibaka,201586,-2,24.0,9.0,1.0,1.0
2021-22,Serge Ibaka,201586,1,22.0,9.0,1.5,0.5715
2021-22,Serge Ibaka,201586,3,21.0,4.0,0.0,0.286
2021-22,Serge Ibaka,201586,4,25.0,13.0,1.0,0.714
2021-22,Serge Ibaka,201586,8,21.0,14.0,1.0,0.6
2021-22,Serge Ibaka,201586,10,30.5,14.5,2.5,0.675
2021-22,Serge Ibaka,201586,11,20.0,16.0,2.0,0.875
2021-22,Seth Curry,203552,-33,24.0,5.0,2.0,0.125
2021-22,Seth Curry,203552,-20,31.0,22.0,1.0,0.526
2021-22,Seth Curry,203552,-19,29.0,12.0,2.0,0.5
2021-22,Seth Curry,203552,-18,31.0,8.0,5.0,0.444
2021-22,Seth Curry,203552,-17,36.0,11.0,3.0,0.444
2021-22,Seth Curry,203552,-15,35.0,15.0,4.5,0.5695
2021-22,Seth Curry,203552,-14,23.0,11.0,3.0,0.429
2021-22,Seth Curry,203552,-12,34.0,10.0,3.0,0.571
2021-22,Seth Curry,203552,-10,29.0,4.0,1.0,0.333
2021-22,Seth Curry,203552,-9,35.5,26.5,2.0,0.5595
2021-22,Seth Curry,203552,-6,33.2,10.6,2.6,0.3658
2021-22,Seth Curry,203552,-5,36.8,16.8,3.4,0.4908
2021-22,Seth Curry,203552,-3,35.0,12.25,5.0,0.3595
2021-22,Seth Curry,203552,-1,32.5,10.5,4.25,0.4045
2021-22,Seth Curry,203552,1,30.5,9.5,3.0,0.4
2021-22,Seth Curry,203552,3,34.0,21.333333333333332,3.0,0.6246666666666667
2021-22,Seth Curry,203552,4,37.0,9.0,3.5,0.324
2021-22,Seth Curry,203552,8,27.0,10.0,2.0,0.8
2021-22,Seth Curry,203552,10,34.0,24.333333333333332,3.6666666666666665,0.6103333333333333
2021-22,Seth Curry,203552,13,36.2,16.4,4.0,0.4584
2021-22,Seth Curry,203552,14,34.75,17.75,5.5,0.49324999999999997
2021-22,Seth Curry,203552,15,37.0,27.0,2.0,0.643
2021-22,Seth Curry,203552,17,33.666666666666664,17.0,5.0,0.577
2021-22,Seth Curry,203552,18,29.0,15.0,2.0,0.5
2021-22,Seth Curry,203552,19,28.0,15.0,1.0,0.556
2021-22,Seth Curry,203552,20,21.0,17.0,0.0,0.6
2021-22,Seth Curry,203552,22,29.0,11.0,4.0,0.286
2021-22,Seth Curry,203552,25,29.0,15.0,5.0,0.462
2021-22,Seth Curry,203552,26,27.0,24.0,2.0,0.714
2021-22,Seth Curry,203552,27,36.0,20.0,6.0,0.5
2021-22,Seth Curry,203552,29,35.0,11.0,9.0,0.286
2021-22,Seth Curry,203552,30,36.0,23.0,7.0,0.556
2021-22,Shai Gilgeous-Alexander,1628983,-28,26.0,13.0,2.0,0.4
2021-22,Shai Gilgeous-Alexander,1628983,-25,29.0,13.0,7.0,0.238
2021-22,Shai Gilgeous-Alexander,1628983,-23,29.5,11.5,5.0,0.2665
2021-22,Shai Gilgeous-Alexander,1628983,-21,32.0,18.0,2.0,0.412
2021-22,Shai Gilgeous-Alexander,1628983,-20,30.0,23.0,2.0,0.571
2021-22,Shai Gilgeous-Alexander,1628983,-18,37.0,19.0,5.0,0.333
2021-22,Shai Gilgeous-Alexander,1628983,-17,32.0,31.5,7.0,0.6395
2021-22,Shai Gilgeous-Alexander,1628983,-16,32.0,21.5,4.5,0.504
2021-22,Shai Gilgeous-Alexander,1628983,-15,35.0,26.0,4.333333333333333,0.35166666666666674
2021-22,Shai Gilgeous-Alexander,1628983,-14,35.0,17.0,3.0,0.25
2021-22,Shai Gilgeous-Alexander,1628983,-13,28.5,22.5,6.5,0.5155000000000001
2021-22,Shai Gilgeous-Alexander,1628983,-12,35.666666666666664,27.333333333333332,6.666666666666667,0.505
2021-22,Shai Gilgeous-Alexander,1628983,-10,33.0,29.0,6.0,0.435
2021-22,Shai Gilgeous-Alexander,1628983,-8,33.333333333333336,24.666666666666668,5.333333333333333,0.4703333333333333
2021-22,Shai Gilgeous-Alexander,1628983,-6,34.0,15.0,9.0,0.438
2021-22,Shai Gilgeous-Alexander,1628983,-5,35.666666666666664,26.0,6.0,0.4383333333333333
2021-22,Shai Gilgeous-Alexander,1628983,-4,36.0,33.0,1.0,0.4
2021-22,Shai Gilgeous-Alexander,1628983,-3,36.0,30.5,5.75,0.53575
2021-22,Shai Gilgeous-Alexander,1628983,-2,36.0,25.666666666666668,6.333333333333333,0.4223333333333333
2021-22,Shai Gilgeous-Alexander,1628983,-1,38.5,28.5,4.0,0.5
2021-22,Shai Gilgeous-Alexander,1628983,1,35.666666666666664,28.333333333333332,5.666666666666667,0.408
2021-22,Shai Gilgeous-Alexander,1628983,2,36.333333333333336,24.0,6.0,0.40166666666666667
2021-22,Shai Gilgeous-Alexander,1628983,3,35.0,18.0,6.0,0.5
2021-22,Shai Gilgeous-Alexander,1628983,4,35.0,33.0,14.0,0.611
2021-22,Shai Gilgeous-Alexander,1628983,5,35.0,27.5,5.0,0.459
2021-22,Shai Gilgeous-Alexander,1628983,6,37.0,30.0,13.0,0.45
2021-22,Shai Gilgeous-Alexander,1628983,14,39.0,28.0,6.0,0.529
2021-22,Shai Gilgeous-Alexander,1628983,16,35.0,14.0,9.0,0.313
2021-22,Shai Gilgeous-Alexander,1628983,17,36.0,15.0,9.0,0.333
2021-22,Shai Gilgeous-Alexander,1628983,19,36.0,27.0,12.0,0.417
2021-22,Shai Gilgeous-Alexander,1628983,22,36.0,29.0,5.0,0.435
2021-22,Shai Gilgeous-Alexander,1628983,30,35.0,33.0,9.0,0.611
2021-22,Shake Milton,1629003,-26,35.0,18.0,4.0,0.368
2021-22,Shake Milton,1629003,-24,27.0,8.0,4.0,0.2
2021-22,Shake Milton,1629003,-16,26.0,10.5,4.5,0.4365
2021-22,Shake Milton,1629003,-15,21.0,5.0,3.0,0.25
2021-22,Shake Milton,1629003,-14,21.0,10.0,2.0,0.308
2021-22,Shake Milton,1629003,-13,41.0,20.0,6.0,0.438
2021-22,Shake Milton,1629003,-10,24.0,7.0,2.0,0.286
2021-22,Shake Milton,1629003,-9,20.0,3.0,1.0,0.2
2021-22,Shake Milton,1629003,-8,20.0,6.0,5.0,0.6
2021-22,Shake Milton,1629003,-4,24.0,0.0,5.0,0.0
2021-22,Shake Milton,1629003,-3,24.0,4.0,2.0,0.333
2021-22,Shake Milton,1629003,-2,21.0,7.0,0.0,0.25
2021-22,Shake Milton,1629003,1,25.0,4.0,2.0,0.111
2021-22,Shake Milton,1629003,4,20.5,6.5,2.5,0.44299999999999995
2021-22,Shake Milton,1629003,5,25.666666666666668,11.0,3.0,0.39333333333333337
2021-22,Shake Milton,1629003,6,35.0,13.0,6.0,0.4
2021-22,Shake Milton,1629003,7,21.0,6.0,5.0,0.286
2021-22,Shake Milton,1629003,8,27.5,13.5,5.5,0.4165
2021-22,Shake Milton,1629003,9,35.0,16.0,2.0,0.75
2021-22,Shake Milton,1629003,11,26.0,10.0,5.0,0.5
2021-22,Shake Milton,1629003,12,36.0,16.0,1.0,0.5
2021-22,Shake Milton,1629003,13,33.0,16.0,5.0,0.538
2021-22,Shake Milton,1629003,18,24.0,11.5,2.5,0.646
2021-22,Shake Milton,1629003,24,32.0,30.0,4.0,0.611
2021-22,Shaquille Harrison,1627885,-7,21.0,4.0,3.0,0.333
2021-22,Skylar Mays,1630219,-18,30.0,7.0,3.0,0.375
2021-22,Skylar Mays,1630219,-12,21.0,4.0,2.0,0.333
2021-22,Skylar Mays,1630219,-2,22.0,11.0,2.0,0.455
2021-22,Skylar Mays,1630219,3,22.0,19.0,0.0,0.636
2021-22,Skylar Mays,1630219,9,33.0,14.0,3.0,0.545
2021-22,Solomon Hill,203524,0,22.0,0.0,3.0,0.0
2021-22,Spencer Dinwiddie,203915,-23,26.0,11.0,4.0,0.4
2021-22,Spencer Dinwiddie,203915,-20,33.0,17.0,6.0,0.462
2021-22,Spencer Dinwiddie,203915,-19,23.0,4.0,3.0,0.2
2021-22,Spencer Dinwiddie,203915,-18,27.0,9.0,2.0,0.354
2021-22,Spencer Dinwiddie,203915,-17,25.0,7.5,7.0,0.1665
2021-22,Spencer Dinwiddie,203915,-16,31.0,7.0,9.0,0.222
2021-22,Spencer Dinwiddie,203915,-15,26.0,10.0,4.0,0.3
2021-22,Spencer Dinwiddie,203915,-13,25.0,10.0,6.0,0.231
2021-22,Spencer Dinwiddie,203915,-12,24.0,6.0,3.5,0.333
2021-22,Spencer Dinwiddie,203915,-10,24.0,9.0,3.0,0.375
2021-22,Spencer Dinwiddie,203915,-9,27.666666666666668,9.333333333333334,3.6666666666666665,0.37833333333333335
2021-22,Spencer Dinwiddie,203915,-7,27.5,8.0,2.5,0.3
2021-22,Spencer Dinwiddie,203915,-6,29.0,8.0,3.0,0.167
2021-22,Spencer Dinwiddie,203915,-5,30.2,9.0,3.2,0.2612
2021-22,Spencer Dinwiddie,203915,-4,33.0,22.0,3.0,0.429
2021-22,Spencer Dinwiddie,203915,-3,25.666666666666668,13.333333333333334,4.666666666666667,0.48533333333333334
2021-22,Spencer Dinwiddie,203915,-2,32.0,17.0,2.5,0.4165
2021-22,Spencer Dinwiddie,203915,-1,31.0,10.0,2.0,0.5
2021-22,Spencer Dinwiddie,203915,0,30.0,20.5,7.0,0.5835
2021-22,Spencer Dinwiddie,203915,1,28.5,8.0,8.5,0.2555
2021-22,Spencer Dinwiddie,203915,2,35.0,12.0,7.0,0.333
2021-22,Spencer Dinwiddie,203915,3,35.0,24.666666666666668,8.0,0.529
2021-22,Spencer Dinwiddie,203915,4,28.5,17.0,6.5,0.4165
2021-22,Spencer Dinwiddie,203915,5,33.4,19.8,4.8,0.4096
2021-22,Spencer Dinwiddie,203915,6,31.333333333333332,20.0,6.666666666666667,0.3833333333333333
2021-22,Spencer Dinwiddie,203915,7,23.5,13.0,5.5,0.47750000000000004
2021-22,Spencer Dinwiddie,203915,8,33.0,12.0,7.0,0.4
2021-22,Spencer Dinwiddie,203915,9,32.0,15.333333333333334,6.0,0.5096666666666667
2021-22,Spencer Dinwiddie,203915,11,22.0,12.0,6.0,0.455
2021-22,Spencer Dinwiddie,203915,12,30.25,17.5,6.5,0.49975
2021-22,Spencer Dinwiddie,203915,13,37.0,18.0,4.0,0.357
2021-22,Spencer Dinwiddie,203915,14,28.0,17.0,7.0,0.545
2021-22,Spencer Dinwiddie,203915,16,30.0,8.0,10.0,0.375
2021-22,Spencer Dinwiddie,203915,17,31.0,24.0,5.0,0.714
2021-22,Stanley Johnson,1626169,-18,22.0,7.0,0.0,0.6
2021-22,Stanley Johnson,1626169,-13,27.0,4.0,2.0,0.286
2021-22,Stanley Johnson,1626169,-9,22.0,2.0,0.0,0.333
2021-22,Stanley Johnson,1626169,-8,22.0,2.0,1.0,0.0
2021-22,Stanley Johnson,1626169,-7,31.0,9.0,2.0,0.375
2021-22,Stanley Johnson,1626169,-6,32.5,10.0,5.5,0.5445
2021-22,Stanley Johnson,1626169,-5,23.5,10.0,1.5,0.5854999999999999
2021-22,Stanley Johnson,1626169,-4,23.333333333333332,7.333333333333333,1.3333333333333333,0.54
2021-22,Stanley Johnson,1626169,-3,25.0,12.0,3.0,0.556
2021-22,Stanley Johnson,1626169,-2,26.0,9.0,1.0,0.22233333333333336
2021-22,Stanley Johnson,1626169,-1,20.0,1.0,2.0,0.0
2021-22,Stanley Johnson,1626169,0,34.0,8.0,2.0,0.286
2021-22,Stanley Johnson,1626169,1,34.0,16.0,3.0,0.6
2021-22,Stanley Johnson,1626169,4,35.5,15.5,2.0,0.547
2021-22,Stanley Johnson,1626169,5,29.0,10.0,2.0,0.667
2021-22,Stanley Johnson,1626169,6,28.5,5.5,3.0,0.361
2021-22,Stanley Johnson,1626169,7,24.0,5.0,1.0,0.667
2021-22,Stanley Johnson,1626169,9,21.0,11.0,2.0,0.6
2021-22,Stanley Johnson,1626169,10,28.0,4.0,1.0,0.4
2021-22,Stanley Johnson,1626169,15,23.0,12.0,1.0,0.625
2021-22,Stanley Johnson,1626169,18,24.0,15.0,3.0,0.778
2021-22,Stanley Johnson,1626169,20,27.0,7.0,0.0,0.6
2021-22,Stanley Johnson,1626169,25,23.0,10.0,2.0,0.75
2021-22,Stephen Curry,201939,-25,29.0,12.0,4.0,0.364
2021-22,Stephen Curry,201939,-19,33.0,33.0,2.0,0.611
2021-22,Stephen Curry,201939,-17,35.0,12.0,2.0,0.19
2021-22,Stephen Curry,201939,-14,29.0,16.0,2.0,0.385
2021-22,Stephen Curry,201939,-12,35.0,30.0,1.0,0.591
2021-22,Stephen Curry,201939,-10,34.0,32.0,4.0,0.399
2021-22,Stephen Curry,201939,-9,36.0,18.0,5.0,0.3
2021-22,Stephen Curry,201939,-8,40.0,21.0,9.0,0.533
2021-22,Stephen Curry,201939,-5,35.0,13.0,6.0,0.25
2021-22,Stephen Curry,201939,-4,40.5,33.0,9.0,0.442
2021-22,Stephen Curry,201939,-3,35.0,19.0,8.0,0.278
2021-22,Stephen Curry,201939,-2,38.0,35.0,3.5,0.583
2021-22,Stephen Curry,201939,-1,36.5,21.0,9.5,0.3905
2021-22,Stephen Curry,201939,0,34.0,11.5,7.5,0.192
2021-22,Stephen Curry,201939,2,38.0,22.0,12.0,0.286
2021-22,Stephen Curry,201939,3,36.0,27.0,5.0,0.25
2021-22,Stephen Curry,201939,4,35.666666666666664,22.333333333333332,9.666666666666666,0.39399999999999996
2021-22,Stephen Curry,201939,5,39.0,23.0,4.0,0.375
2021-22,Stephen Curry,201939,6,35.0,15.0,5.0,0.417
2021-22,Stephen Curry,201939,8,36.0,24.0,8.0,0.412
2021-22,Stephen Curry,201939,9,34.5,33.0,9.0,0.47
2021-22,Stephen Curry,201939,10,34.0,31.5,5.5,0.47800000000000004
2021-22,Stephen Curry,201939,11,34.0,25.0,6.0,0.5
2021-22,Stephen Curry,201939,12,40.0,36.0,8.0,0.379
2021-22,Stephen Curry,201939,13,36.0,25.5,4.5,0.4605
2021-22,Stephen Curry,201939,14,34.25,23.0,8.5,0.42075
2021-22,Stephen Curry,201939,15,34.5,34.5,4.0,0.51
2021-22,Stephen Curry,201939,16,31.0,27.25,3.25,0.5085
2021-22,Stephen Curry,201939,17,31.5,28.0,6.0,0.44775
2021-22,Stephen Curry,201939,18,37.333333333333336,35.333333333333336,6.666666666666667,0.523
2021-22,Stephen Curry,201939,19,32.0,15.0,11.0,0.3275
2021-22,Stephen Curry,201939,21,29.5,19.0,7.5,0.5905
2021-22,Stephen Curry,201939,23,32.0,23.0,6.0,0.45699999999999996
2021-22,Stephen Curry,201939,24,32.0,26.0,4.0,0.4185
2021-22,Stephen Curry,201939,29,34.0,25.0,10.0,0.563
2021-22,Stephen Curry,201939,31,34.5,45.0,7.5,0.5625
2021-22,Sterling Brown,1628425,-15,36.0,10.0,3.0,0.364
2021-22,Sterling Brown,1628425,-13,20.0,3.0,0.0,0.143
2021-22,Sterling Brown,1628425,7,28.0,9.0,2.0,0.6
2021-22,Sterling Brown,1628425,8,21.0,8.0,1.0,0.6
2021-22,Sterling Brown,1628425,19,32.0,12.0,3.0,0.625
2021-22,Steven Adams,203500,-26,21.0,5.0,1.0,0.333
2021-22,Steven Adams,203500,-16,28.0,3.5,2.5,0.4165
2021-22,Steven Adams,203500,-14,23.5,6.5,4.0,0.7085
2021-22,Steven Adams,203500,-13,30.333333333333332,10.0,4.0,0.6893333333333334
2021-22,Steven Adams,203500,-8,24.0,6.0,0.0,0.286
2021-22,Steven Adams,203500,-7,31.0,4.0,4.5,0.2915
2021-22,Steven Adams,203500,-6,30.0,4.0,2.0,0.333
2021-22,Steven Adams,203500,-5,21.0,12.0,2.0,0.667
2021-22,Steven Adams,203500,-4,22.0,0.0,2.0,0.0
2021-22,Steven Adams,203500,-3,23.0,3.5,2.5,0.4335
2021-22,Steven Adams,203500,0,36.0,15.0,4.0,0.625
2021-22,Steven Adams,203500,1,29.0,5.666666666666667,2.6666666666666665,0.607
2021-22,Steven Adams,203500,2,30.0,6.0,3.4,0.495
2021-22,Steven Adams,203500,4,28.0,6.0,3.3333333333333335,0.3333333333333333
2021-22,Steven Adams,203500,5,26.6,4.4,3.2,0.3406
2021-22,Steven Adams,203500,6,34.333333333333336,11.333333333333334,4.0,0.7000000000000001
2021-22,Steven Adams,203500,7,28.0,4.0,3.0,1.0
2021-22,Steven Adams,203500,8,24.0,9.0,5.5,0.5
2021-22,Steven Adams,203500,9,26.0,7.666666666666667,2.6666666666666665,0.6666666666666666
2021-22,Steven Adams,203500,10,21.0,4.0,4.0,0.667
2021-22,Steven Adams,203500,11,31.0,4.0,5.0,0.667
2021-22,Steven Adams,203500,13,22.0,9.0,5.5,0.875
2021-22,Steven Adams,203500,14,26.0,9.25,4.0,0.7355
2021-22,Steven Adams,203500,15,30.0,11.0,4.333333333333333,0.5453333333333333
2021-22,Steven Adams,203500,16,29.0,8.5,4.0,0.4445
2021-22,Steven Adams,203500,17,24.0,15.0,3.5,0.762
2021-22,Steven Adams,203500,19,20.0,8.0,2.0,0.6
2021-22,Steven Adams,203500,20,26.0,6.0,5.0,0.6
2021-22,Steven Adams,203500,21,21.0,2.0,4.0,0.0
2021-22,Steven Adams,203500,22,20.0,3.0,4.0,0.25
2021-22,Steven Adams,203500,24,20.0,9.0,3.0,0.75
2021-22,Steven Adams,203500,25,25.0,8.0,5.0,0.5
2021-22,Steven Adams,203500,26,22.0,2.0,4.0,0.0
2021-22,Steven Adams,203500,27,28.0,4.0,3.0,0.667
2021-22,Steven Adams,203500,31,26.0,10.0,6.0,0.625
2021-22,Steven Adams,203500,39,21.0,9.0,2.0,1.0
2021-22,Svi Mykhailiuk,1629004,-39,35.0,10.0,4.0,0.333
2021-22,Svi Mykhailiuk,1629004,-10,37.0,12.0,2.0,0.357
2021-22,Svi Mykhailiuk,1629004,-5,21.0,5.0,1.0,0.286
2021-22,Svi Mykhailiuk,1629004,0,34.0,15.0,0.0,0.5
2021-22,Svi Mykhailiuk,1629004,1,29.0,9.0,3.0,0.5
2021-22,Svi Mykhailiuk,1629004,3,20.0,7.0,3.0,0.6
2021-22,Svi Mykhailiuk,1629004,8,27.5,15.5,3.5,0.657
2021-22,Svi Mykhailiuk,1629004,14,20.0,11.0,3.0,0.667
2021-22,T.J. McConnell,204456,-20,25.0,12.0,6.0,0.5
2021-22,T.J. McConnell,204456,-14,21.5,5.0,2.0,0.396
2021-22,T.J. McConnell,204456,-13,33.0,8.0,4.0,0.286
2021-22,T.J. McConnell,204456,-11,30.0,7.0,4.0,0.4165
2021-22,T.J. McConnell,204456,-8,24.0,6.0,7.0,0.429
2021-22,T.J. McConnell,204456,-6,23.0,9.0,5.0,0.444
2021-22,T.J. McConnell,204456,-5,32.0,19.0,2.0,0.615
2021-22,T.J. McConnell,204456,-4,21.0,6.0,3.0,0.5
2021-22,T.J. McConnell,204456,-3,29.5,8.0,7.5,0.55
2021-22,T.J. McConnell,204456,0,32.0,18.0,4.0,0.615
2021-22,T.J. McConnell,204456,3,24.0,4.0,5.0,0.4
2021-22,T.J. McConnell,204456,4,28.0,16.0,9.0,0.727
2021-22,T.J. McConnell,204456,7,30.0,14.0,5.0,0.333
2021-22,T.J. McConnell,204456,8,30.0,21.0,5.0,0.714
2021-22,T.J. McConnell,204456,10,22.666666666666668,7.333333333333333,7.333333333333333,0.4693333333333333
2021-22,T.J. McConnell,204456,11,22.0,4.0,7.0,0.5
2021-22,Taj Gibson,201959,-17,29.0,5.0,2.0,0.667
2021-22,Taj Gibson,201959,-14,25.0,6.0,0.0,0.375
2021-22,Taj Gibson,201959,-11,21.0,0.0,0.0,0.0
2021-22,Taj Gibson,201959,-9,31.0,7.0,1.0,0.75
2021-22,Taj Gibson,201959,-7,23.0,0.0,0.0,0.0
2021-22,Taj Gibson,201959,-5,24.0,8.0,1.0,0.286
2021-22,Taj Gibson,201959,-3,26.0,12.0,1.0,0.833
2021-22,Taj Gibson,201959,1,22.0,4.0,1.0,0.5
2021-22,Taj Gibson,201959,2,21.333333333333332,7.0,1.3333333333333333,0.8056666666666666
2021-22,Taj Gibson,201959,3,22.666666666666668,5.0,0.6666666666666666,0.3666666666666667
2021-22,Taj Gibson,201959,4,20.0,13.0,1.0,0.625
2021-22,Taj Gibson,201959,5,22.0,12.0,1.0,0.75
2021-22,Taj Gibson,201959,6,21.0,3.0,0.0,0.25
2021-22,Taj Gibson,201959,10,26.0,8.0,1.0,0.667
2021-22,Taj Gibson,201959,16,25.0,5.0,0.0,1.0
2021-22,Taj Gibson,201959,22,28.0,2.0,3.0,0.0
2021-22,Taj Gibson,201959,31,27.0,4.0,2.0,0.5
2021-22,Talen Horton-Tucker,1629659,-21,22.0,3.0,3.0,0.125
2021-22,Talen Horton-Tucker,1629659,-18,29.5,1.5,2.5,0.0385
2021-22,Talen Horton-Tucker,1629659,-16,37.0,13.0,3.0,0.385
2021-22,Talen Horton-Tucker,1629659,-15,25.0,8.5,1.5,0.3275
2021-22,Talen Horton-Tucker,1629659,-13,30.0,14.0,1.6666666666666667,0.5556666666666666
2021-22,Talen Horton-Tucker,1629659,-12,26.0,2.0,3.0,0.0
2021-22,Talen Horton-Tucker,1629659,-11,27.0,10.0,5.0,0.5
2021-22,Talen Horton-Tucker,1629659,-9,25.0,5.0,5.0,0.286
2021-22,Talen Horton-Tucker,1629659,-7,23.5,5.0,2.5,0.347
2021-22,Talen Horton-Tucker,1629659,-5,36.5,34.0,2.5,0.505
2021-22,Talen Horton-Tucker,1629659,-3,26.0,12.0,4.0,0.4
2021-22,Talen Horton-Tucker,1629659,-2,25.0,9.5,2.5,0.372
2021-22,Talen Horton-Tucker,1629659,-1,23.0,14.0,7.0,0.625
2021-22,Talen Horton-Tucker,1629659,0,21.666666666666668,9.0,2.0,0.5986666666666666
2021-22,Talen Horton-Tucker,1629659,2,29.0,4.0,3.0,0.333
2021-22,Talen Horton-Tucker,1629659,3,38.0,25.0,3.0,0.5
2021-22,Talen Horton-Tucker,1629659,5,26.0,12.5,3.0,0.469
2021-22,Talen Horton-Tucker,1629659,6,21.0,7.0,1.0,0.75
2021-22,Talen Horton-Tucker,1629659,7,30.0,3.0,3.0,0.167
2021-22,Talen Horton-Tucker,1629659,8,29.0,17.0,3.0,0.556
2021-22,Talen Horton-Tucker,1629659,10,22.0,6.0,2.0,0.286
2021-22,Talen Horton-Tucker,1629659,11,27.0,6.0,1.0,0.333
2021-22,Talen Horton-Tucker,1629659,12,24.25,14.0,4.25,0.50725
2021-22,Talen Horton-Tucker,1629659,13,32.0,8.0,3.0,0.308
2021-22,Talen Horton-Tucker,1629659,14,30.0,18.333333333333332,3.3333333333333335,0.564
2021-22,Talen Horton-Tucker,1629659,15,28.0,11.0,0.0,0.571
2021-22,Talen Horton-Tucker,1629659,16,34.0,12.0,4.0,0.357
2021-22,Talen Horton-Tucker,1629659,21,34.0,15.0,5.0,0.25
2021-22,Talen Horton-Tucker,1629659,22,23.0,2.0,3.0,0.167
2021-22,Taurean Prince,1627752,-19,25.0,10.0,0.0,0.4
2021-22,Taurean Prince,1627752,-15,21.0,5.0,1.0,0.286
2021-22,Taurean Prince,1627752,-13,24.0,5.0,2.0,0.25
2021-22,Taurean Prince,1627752,-11,23.0,11.0,2.0,0.375
2021-22,Taurean Prince,1627752,-7,23.0,8.0,3.0,0.429
2021-22,Taurean Prince,1627752,-6,31.0,5.0,3.0,0.667
2021-22,Taurean Prince,1627752,-4,24.0,14.0,2.0,0.625
2021-22,Taurean Prince,1627752,-2,20.0,9.0,1.0,0.333
2021-22,Taurean Prince,1627752,0,23.0,17.0,0.0,0.375
2021-22,Taurean Prince,1627752,1,22.0,11.0,1.0,0.375
2021-22,Taurean Prince,1627752,2,26.0,12.0,2.3333333333333335,0.39033333333333337
2021-22,Taurean Prince,1627752,6,20.0,6.0,2.0,0.667
2021-22,Taurean Prince,1627752,7,25.0,9.666666666666666,1.6666666666666667,0.37033333333333335
2021-22,Taurean Prince,1627752,8,20.0,15.0,2.0,0.625
2021-22,Taurean Prince,1627752,9,24.0,10.0,1.0,0.8
2021-22,Taurean Prince,1627752,10,23.0,17.0,3.0,0.7
2021-22,Taurean Prince,1627752,14,21.0,14.0,1.0,0.714
2021-22,Taurean Prince,1627752,16,20.0,11.0,1.0,0.571
2021-22,Taurean Prince,1627752,17,23.0,17.0,0.0,0.5
2021-22,Taurean Prince,1627752,21,20.0,18.0,1.0,0.7
2021-22,Taurean Prince,1627752,22,24.0,23.0,2.0,0.667
2021-22,Terance Mann,1629611,-28,28.0,3.0,2.0,0.25
2021-22,Terance Mann,1629611,-25,26.0,9.0,1.0,0.308
2021-22,Terance Mann,1629611,-24,24.0,7.0,3.0,0.75
2021-22,Terance Mann,1629611,-22,27.0,7.0,2.0,0.222
2021-22,Terance Mann,1629611,-18,25.0,6.0,1.0,0.286
2021-22,Terance Mann,1629611,-17,36.0,11.0,5.0,0.444
2021-22,Terance Mann,1629611,-16,24.5,9.0,3.5,0.4375
2021-22,Terance Mann,1629611,-14,28.0,6.0,5.0,0.333
2021-22,Terance Mann,1629611,-13,31.0,15.0,1.0,0.5
2021-22,Terance Mann,1629611,-11,25.25,7.0,1.25,0.375
2021-22,Terance Mann,1629611,-10,38.0,7.0,3.0,0.5
2021-22,Terance Mann,1629611,-9,25.0,8.0,3.0,0.2
2021-22,Terance Mann,1629611,-8,30.333333333333332,9.666666666666666,2.3333333333333335,0.4073333333333333
2021-22,Terance Mann,1629611,-7,26.4,14.0,3.0,0.5196
2021-22,Terance Mann,1629611,-6,33.5,10.0,1.0,0.4335
2021-22,Terance Mann,1629611,-5,32.666666666666664,14.333333333333334,3.6666666666666665,0.5243333333333333
2021-22,Terance Mann,1629611,-4,29.333333333333332,12.0,3.6666666666666665,0.41100000000000003
2021-22,Terance Mann,1629611,-3,28.5,8.5,2.0,0.5854999999999999
2021-22,Terance Mann,1629611,-2,31.0,16.0,2.0,0.462
2021-22,Terance Mann,1629611,-1,33.0,18.5,2.5,0.55
2021-22,Terance Mann,1629611,0,25.0,6.0,2.0,0.402
2021-22,Terance Mann,1629611,1,26.0,11.0,2.3333333333333335,0.533
2021-22,Terance Mann,1629611,2,29.0,12.0,1.5,0.6905
2021-22,Terance Mann,1629611,5,29.0,12.5,2.5,0.479
2021-22,Terance Mann,1629611,6,35.5,9.0,2.0,0.45
2021-22,Terance Mann,1629611,7,29.0,11.0,2.0,0.6335
2021-22,Terance Mann,1629611,8,27.666666666666668,12.666666666666666,3.0,0.7023333333333334
2021-22,Terance Mann,1629611,9,29.75,13.5,2.5,0.5585
2021-22,Terance Mann,1629611,15,26.0,3.0,3.0,0.125
2021-22,Terance Mann,1629611,16,32.333333333333336,12.0,4.0,0.4413333333333333
2021-22,Terance Mann,1629611,17,35.5,13.5,2.0,0.5425
2021-22,Terance Mann,1629611,18,29.0,9.0,3.0,0.5
2021-22,Terance Mann,1629611,19,36.0,17.0,3.0,0.636
2021-22,Terance Mann,1629611,21,24.0,13.0,5.0,0.833
2021-22,Terance Mann,1629611,22,30.0,11.0,5.0,0.364
2021-22,Terance Mann,1629611,24,34.0,17.0,3.0,0.625
2021-22,Terance Mann,1629611,25,39.0,25.0,6.0,0.647
2021-22,Terance Mann,1629611,27,24.0,10.0,3.0,0.571
2021-22,Terance Mann,1629611,28,28.0,20.0,1.0,0.615
2021-22,Terance Mann,1629611,30,30.0,16.0,4.0,0.7
2021-22,Terance Mann,1629611,32,31.0,18.0,5.0,0.583
2021-22,Terence Davis,1629056,-5,37.0,17.0,5.0,0.429
2021-22,Terence Davis,1629056,-1,30.0,22.0,3.0,0.5
2021-22,Terence Davis,1629056,1,25.0,13.0,1.0,0.5
2021-22,Terence Davis,1629056,3,28.0,28.0,0.0,0.563
2021-22,Terence Davis,1629056,4,22.0,19.0,1.0,0.471
2021-22,Terence Davis,1629056,7,28.0,13.0,2.0,0.267
2021-22,Terence Davis,1629056,11,37.0,35.0,3.0,0.478
2021-22,Terence Davis,1629056,14,29.0,16.0,3.0,0.545
2021-22,Terence Davis,1629056,17,29.0,23.0,2.0,0.643
2021-22,Terence Davis,1629056,20,21.0,11.0,3.0,0.364
2021-22,Terrence Ross,203082,-34,24.0,12.0,1.0,0.5
2021-22,Terrence Ross,203082,-32,27.0,15.0,0.0,0.5
2021-22,Terrence Ross,203082,-31,20.0,5.0,0.0,0.333
2021-22,Terrence Ross,203082,-22,24.0,3.0,1.0,0.0
2021-22,Terrence Ross,203082,-21,26.0,3.5,3.0,0.1665
2021-22,Terrence Ross,203082,-13,22.666666666666668,15.333333333333334,1.6666666666666667,0.49733333333333335
2021-22,Terrence Ross,203082,-12,24.5,11.5,1.5,0.34099999999999997
2021-22,Terrence Ross,203082,-10,22.0,4.0,3.0,0.167
2021-22,Terrence Ross,203082,-9,22.0,1.0,0.0,0.0
2021-22,Terrence Ross,203082,-8,29.0,16.5,3.5,0.46025
2021-22,Terrence Ross,203082,-7,25.5,16.0,3.0,0.397
2021-22,Terrence Ross,203082,-5,22.0,9.0,2.0,0.5355
2021-22,Terrence Ross,203082,-4,20.0,17.0,1.0,0.5
2021-22,Terrence Ross,203082,-3,26.4,15.2,2.0,0.3524
2021-22,Terrence Ross,203082,-2,28.0,8.0,2.0,0.5
2021-22,Terrence Ross,203082,0,26.0,18.0,3.5,0.465
2021-22,Terrence Ross,203082,1,25.666666666666668,11.0,2.0,0.36033333333333334
2021-22,Terrence Ross,203082,2,20.0,4.0,4.0,0.2
2021-22,Terrence Ross,203082,3,32.0,15.0,2.0,0.364
2021-22,Terrence Ross,203082,4,25.666666666666668,10.0,2.6666666666666665,0.29433333333333334
2021-22,Terrence Ross,203082,9,24.0,21.0,2.0,0.636
2021-22,Terrence Ross,203082,11,32.0,24.5,2.5,0.525
2021-22,Terrence Ross,203082,13,28.0,5.0,4.0,0.667
2021-22,Terrence Ross,203082,14,28.0,2.0,3.0,0.2
2021-22,Terrence Ross,203082,16,29.0,19.0,2.0,0.4
2021-22,Terry Rozier,1626179,-31,24.0,9.0,1.0,0.286
2021-22,Terry Rozier,1626179,-25,27.0,10.0,6.0,0.222
2021-22,Terry Rozier,1626179,-24,21.0,4.0,0.0,0.2
2021-22,Terry Rozier,1626179,-22,37.5,20.5,3.5,0.4665
2021-22,Terry Rozier,1626179,-21,36.0,17.0,8.0,0.438
2021-22,Terry Rozier,1626179,-18,28.0,9.0,3.5,0.28350000000000003
2021-22,Terry Rozier,1626179,-16,30.0,9.0,4.0,0.214
2021-22,Terry Rozier,1626179,-14,33.0,20.0,2.0,0.571
2021-22,Terry Rozier,1626179,-13,33.0,7.5,3.5,0.265
2021-22,Terry Rozier,1626179,-12,31.25,19.0,5.75,0.42025
2021-22,Terry Rozier,1626179,-10,30.5,14.5,4.0,0.4095
2021-22,Terry Rozier,1626179,-9,36.0,20.0,3.0,0.438
2021-22,Terry Rozier,1626179,-8,33.0,20.0,4.0,0.368
2021-22,Terry Rozier,1626179,-7,38.0,17.0,4.5,0.354
2021-22,Terry Rozier,1626179,-5,37.166666666666664,16.5,5.0,0.3093333333333333
2021-22,Terry Rozier,1626179,-4,35.333333333333336,24.0,2.3333333333333335,0.515
2021-22,Terry Rozier,1626179,-3,33.0,15.0,4.0,0.313
2021-22,Terry Rozier,1626179,-1,27.0,14.333333333333334,3.3333333333333335,0.38133333333333336
2021-22,Terry Rozier,1626179,2,34.0,22.333333333333332,4.166666666666667,0.4651666666666667
2021-22,Terry Rozier,1626179,4,32.0,14.0,5.0,0.4
2021-22,Terry Rozier,1626179,5,35.75,22.0,4.25,0.3875
2021-22,Terry Rozier,1626179,6,33.75,22.75,3.5,0.5035000000000001
2021-22,Terry Rozier,1626179,7,31.0,20.0,1.5,0.5585
2021-22,Terry Rozier,1626179,9,27.0,20.0,3.0,0.5
2021-22,Terry Rozier,1626179,11,36.0,23.5,3.0,0.519
2021-22,Terry Rozier,1626179,13,38.5,28.5,3.5,0.5605
2021-22,Terry Rozier,1626179,14,34.5,22.0,8.0,0.5505
2021-22,Terry Rozier,1626179,15,36.25,21.5,4.0,0.44999999999999996
2021-22,Terry Rozier,1626179,16,32.0,30.0,4.0,0.647
2021-22,Terry Rozier,1626179,19,29.0,15.0,8.0,0.5
2021-22,Terry Rozier,1626179,20,32.5,21.5,8.5,0.6
2021-22,Terry Rozier,1626179,22,35.0,22.0,7.0,0.444
2021-22,Terry Rozier,1626179,23,27.0,27.0,5.0,0.588
2021-22,Terry Rozier,1626179,24,32.0,25.5,8.0,0.4575
2021-22,Terry Rozier,1626179,25,33.0,25.0,8.0,0.529
2021-22,Terry Rozier,1626179,46,32.0,23.0,9.0,0.625
2021-22,Terry Taylor,1630678,-35,27.0,4.0,1.0,0.5
2021-22,Terry Taylor,1630678,-12,23.0,10.0,1.0,0.571
2021-22,Terry Taylor,1630678,-11,31.0,14.333333333333334,0.3333333333333333,0.6246666666666667
2021-22,Terry Taylor,1630678,-10,23.5,11.5,0.5,0.5415
2021-22,Terry Taylor,1630678,-9,35.5,18.0,1.0,0.7004999999999999
2021-22,Terry Taylor,1630678,-6,30.0,10.0,2.0,0.4
2021-22,Terry Taylor,1630678,-3,38.0,21.0,5.0,0.529
2021-22,Terry Taylor,1630678,-2,28.0,14.5,2.25,0.70925
2021-22,Terry Taylor,1630678,-1,21.0,15.0,2.0,0.636
2021-22,Terry Taylor,1630678,0,29.0,13.0,2.0,0.625
2021-22,Terry Taylor,1630678,5,20.0,17.0,2.0,1.0
2021-22,Terry Taylor,1630678,6,32.0,10.0,2.0,0.714
2021-22,Terry Taylor,1630678,8,21.0,0.0,0.0,0.0
2021-22,Thaddeus Young,201152,-18,24.0,7.0,3.0,0.75
2021-22,Thaddeus Young,201152,-14,22.0,10.0,3.0,0.5
2021-22,Thaddeus Young,201152,-13,23.0,10.0,5.0,0.455
2021-22,Thaddeus Young,201152,-12,24.0,9.0,5.0,0.571
2021-22,Thaddeus Young,201152,-11,21.0,5.0,2.0,0.5
2021-22,Thaddeus Young,201152,-9,23.0,11.0,2.0,0.444
2021-22,Thaddeus Young,201152,-2,25.5,13.5,2.5,0.7855
2021-22,Thaddeus Young,201152,10,22.0,8.0,3.0,0.5
2021-22,Thaddeus Young,201152,12,24.5,10.5,3.0,0.6115
2021-22,Thaddeus Young,201152,16,22.0,9.0,3.3333333333333335,0.6933333333333334
2021-22,Thaddeus Young,201152,21,23.5,15.5,5.5,0.725
2021-22,Thaddeus Young,201152,22,30.0,6.0,2.0,0.2
2021-22,Thanasis Antetokounmpo,203648,-23,25.0,7.0,2.0,0.5
2021-22,Thanasis Antetokounmpo,203648,-11,25.0,12.0,0.0,0.667
2021-22,Thanasis Antetokounmpo,203648,-10,32.0,10.0,3.0,0.333
2021-22,Thanasis Antetokounmpo,203648,-7,40.0,27.0,2.0,0.643
2021-22,Thanasis Antetokounmpo,203648,-4,21.0,4.0,2.0,0.4
2021-22,Thanasis Antetokounmpo,203648,14,21.0,2.0,2.0,0.0
2021-22,Thanasis Antetokounmpo,203648,20,23.0,9.0,1.0,1.0
2021-22,Theo Maledon,1630177,-32,24.0,8.0,4.0,0.2
2021-22,Theo Maledon,1630177,-21,30.0,6.0,4.0,0.222
2021-22,Theo Maledon,1630177,-19,26.5,7.0,1.0,0.1875
2021-22,Theo Maledon,1630177,-15,28.5,20.0,3.0,0.47750000000000004
2021-22,Theo Maledon,1630177,-13,32.5,19.0,5.5,0.5165
2021-22,Theo Maledon,1630177,-9,23.0,3.0,2.0,0.2
2021-22,Theo Maledon,1630177,-6,30.0,18.0,3.0,0.438
2021-22,Theo Maledon,1630177,-5,22.0,9.0,1.0,0.8
2021-22,Theo Maledon,1630177,-4,28.0,7.0,1.0,0.3
2021-22,Theo Maledon,1630177,-3,21.0,4.0,3.0,0.167
2021-22,Theo Maledon,1630177,-2,26.5,15.5,3.0,0.351
2021-22,Theo Maledon,1630177,2,20.0,12.0,0.0,0.6
2021-22,Theo Maledon,1630177,4,39.0,23.0,5.0,0.412
2021-22,Theo Maledon,1630177,5,27.0,9.0,5.0,0.333
2021-22,Theo Maledon,1630177,14,23.0,9.0,6.0,0.44999999999999996
2021-22,Theo Maledon,1630177,33,32.0,25.0,6.0,0.692
2021-22,Theo Pinson,1629033,-9,21.0,9.0,1.0,0.6
2021-22,Theo Pinson,1629033,-8,21.0,7.0,3.0,0.286
2021-22,Theo Pinson,1629033,-4,21.0,9.0,1.0,0.333
2021-22,Thomas Bryant,1628418,-15,20.0,4.0,0.0,0.25
2021-22,Thomas Bryant,1628418,-11,22.0,8.0,0.0,0.6
2021-22,Thomas Bryant,1628418,-8,21.0,12.0,3.0,0.75
2021-22,Thomas Bryant,1628418,-7,20.0,11.0,2.0,0.429
2021-22,Thomas Bryant,1628418,-5,24.0,4.0,1.0,0.667
2021-22,Thomas Bryant,1628418,-1,21.0,11.0,1.0,0.4
2021-22,Thomas Bryant,1628418,0,25.0,0.0,0.0,0.0
2021-22,Thomas Bryant,1628418,1,21.0,13.0,1.0,0.6
2021-22,Thomas Bryant,1628418,2,22.0,9.0,1.0,0.5
2021-22,Thomas Bryant,1628418,10,22.0,16.0,1.0,0.6
2021-22,Tim Frazier,204025,-25,20.0,5.0,3.0,0.25
2021-22,Tim Frazier,204025,-11,39.0,14.0,3.0,0.556
2021-22,Tim Frazier,204025,-8,30.0,13.0,5.0,0.625
2021-22,Tim Frazier,204025,-6,20.0,1.0,4.0,0.0
2021-22,Tim Hardaway Jr.,203501,-23,31.0,6.0,3.0,0.25
2021-22,Tim Hardaway Jr.,203501,-22,21.0,3.0,2.0,0.143
2021-22,Tim Hardaway Jr.,203501,-17,27.0,14.0,0.0,0.444
2021-22,Tim Hardaway Jr.,203501,-15,35.0,18.0,1.0,0.333
2021-22,Tim Hardaway Jr.,203501,-13,31.0,5.0,2.0,0.182
2021-22,Tim Hardaway Jr.,203501,-12,24.0,12.0,3.0,0.273
2021-22,Tim Hardaway Jr.,203501,-11,34.5,21.5,3.0,0.42900000000000005
2021-22,Tim Hardaway Jr.,203501,-9,31.0,17.0,3.0,0.333
2021-22,Tim Hardaway Jr.,203501,-7,30.333333333333332,8.0,2.3333333333333335,0.25
2021-22,Tim Hardaway Jr.,203501,-6,27.5,11.0,1.0,0.3785
2021-22,Tim Hardaway Jr.,203501,-4,29.0,13.0,3.0,0.455
2021-22,Tim Hardaway Jr.,203501,-2,29.0,15.0,2.0,0.467
2021-22,Tim Hardaway Jr.,203501,-1,26.0,16.0,1.0,0.7
2021-22,Tim Hardaway Jr.,203501,0,33.5,9.5,2.5,0.3305
2021-22,Tim Hardaway Jr.,203501,1,26.0,6.0,2.0,0.3
2021-22,Tim Hardaway Jr.,203501,3,22.0,9.0,0.0,0.4
2021-22,Tim Hardaway Jr.,203501,4,23.0,6.0,3.0,0.222
2021-22,Tim Hardaway Jr.,203501,5,32.0,16.0,3.0,0.357
2021-22,Tim Hardaway Jr.,203501,6,32.0,15.0,1.0,0.301
2021-22,Tim Hardaway Jr.,203501,7,28.5,19.0,0.0,0.382
2021-22,Tim Hardaway Jr.,203501,8,33.5,18.5,3.5,0.463
2021-22,Tim Hardaway Jr.,203501,9,34.333333333333336,20.333333333333332,2.0,0.5326666666666666
2021-22,Tim Hardaway Jr.,203501,10,24.0,19.0,7.0,0.455
2021-22,Tim Hardaway Jr.,203501,11,28.0,16.0,3.5,0.561
2021-22,Tim Hardaway Jr.,203501,12,29.0,16.0,0.0,0.5
2021-22,Tim Hardaway Jr.,203501,14,33.0,19.0,4.0,0.571
2021-22,Tim Hardaway Jr.,203501,18,29.0,18.666666666666668,2.6666666666666665,0.41766666666666663
2021-22,Tim Hardaway Jr.,203501,19,25.0,16.0,2.0,0.357
2021-22,Timothe Luwawu-Cabarrot,1627789,-27,21.0,3.0,0.0,0.143
2021-22,Timothe Luwawu-Cabarrot,1627789,-10,20.0,8.0,1.0,0.4
2021-22,Timothe Luwawu-Cabarrot,1627789,-8,21.0,7.0,2.0,0.6
2021-22,Timothe Luwawu-Cabarrot,1627789,-7,31.0,0.0,1.0,0.0
2021-22,Timothe Luwawu-Cabarrot,1627789,-5,26.0,12.0,1.0,0.4375
2021-22,Timothe Luwawu-Cabarrot,1627789,-4,23.0,14.0,0.0,0.625
2021-22,Timothe Luwawu-Cabarrot,1627789,-2,29.5,7.0,2.5,0.222
2021-22,Timothe Luwawu-Cabarrot,1627789,-1,25.0,8.0,1.0,0.5
2021-22,Timothe Luwawu-Cabarrot,1627789,2,33.0,5.0,2.0,0.2
2021-22,Timothe Luwawu-Cabarrot,1627789,3,38.0,12.0,2.0,0.5
2021-22,Timothe Luwawu-Cabarrot,1627789,5,20.0,7.0,1.0,0.75
2021-22,Timothe Luwawu-Cabarrot,1627789,7,37.0,23.0,2.0,0.444
2021-22,Timothe Luwawu-Cabarrot,1627789,10,20.0,7.0,1.0,0.75
2021-22,Timothe Luwawu-Cabarrot,1627789,15,23.0,10.0,3.0,0.5
2021-22,Timothe Luwawu-Cabarrot,1627789,16,27.0,12.0,2.0,0.6
2021-22,Tobias Harris,202699,-40,27.0,6.0,1.0,0.286
2021-22,Tobias Harris,202699,-24,28.0,16.0,3.0,0.5
2021-22,Tobias Harris,202699,-17,36.0,11.0,5.0,0.176
2021-22,Tobias Harris,202699,-16,34.0,17.0,1.0,0.545
2021-22,Tobias Harris,202699,-15,24.0,12.0,2.0,0.417
2021-22,Tobias Harris,202699,-14,38.0,16.0,5.0,0.357
2021-22,Tobias Harris,202699,-13,30.5,12.0,3.0,0.351
2021-22,Tobias Harris,202699,-12,34.0,17.666666666666668,4.0,0.505
2021-22,Tobias Harris,202699,-11,33.0,23.0,9.0,0.556
2021-22,Tobias Harris,202699,-10,37.0,16.0,2.0,0.4
2021-22,Tobias Harris,202699,-9,34.0,16.0,6.0,0.5695
2021-22,Tobias Harris,202699,-8,36.0,23.0,4.0,0.5
2021-22,Tobias Harris,202699,-7,35.5,14.0,2.5,0.4175
2021-22,Tobias Harris,202699,-6,35.5,12.5,3.0,0.47650000000000003
2021-22,Tobias Harris,202699,-3,35.0,22.0,6.0,0.526
2021-22,Tobias Harris,202699,-1,36.333333333333336,19.333333333333332,3.0,0.49300000000000005
2021-22,Tobias Harris,202699,0,33.0,13.25,4.25,0.4395
2021-22,Tobias Harris,202699,1,37.5,25.0,7.5,0.365
2021-22,Tobias Harris,202699,2,37.166666666666664,21.833333333333332,3.6666666666666665,0.5575
2021-22,Tobias Harris,202699,3,37.666666666666664,23.666666666666668,3.6666666666666665,0.508
2021-22,Tobias Harris,202699,4,35.0,16.5,4.0,0.4495
2021-22,Tobias Harris,202699,5,34.0,13.666666666666666,2.6666666666666665,0.49733333333333335
2021-22,Tobias Harris,202699,6,36.0,20.4,1.8,0.5854
2021-22,Tobias Harris,202699,7,33.2,12.6,3.2,0.36560000000000004
2021-22,Tobias Harris,202699,8,31.5,14.0,2.5,0.45
2021-22,Tobias Harris,202699,11,34.0,15.5,1.5,0.48350000000000004
2021-22,Tobias Harris,202699,12,43.0,26.0,2.0,0.556
2021-22,Tobias Harris,202699,13,35.5,19.5,2.0,0.502
2021-22,Tobias Harris,202699,16,29.0,23.0,3.0,0.625
2021-22,Tobias Harris,202699,18,27.5,17.0,3.0,0.596
2021-22,Tobias Harris,202699,19,38.0,21.5,3.5,0.6535
2021-22,Tobias Harris,202699,20,35.0,17.0,5.5,0.4665
2021-22,Tobias Harris,202699,21,39.0,19.0,3.0,0.615
2021-22,Tobias Harris,202699,23,24.0,13.0,4.0,0.353
2021-22,Tobias Harris,202699,24,29.0,6.0,4.0,0.222
2021-22,Tobias Harris,202699,25,34.0,12.0,2.0,0.333
2021-22,Tobias Harris,202699,28,32.0,23.0,4.0,0.615
2021-22,Tomas Satoransky,203107,-25,20.0,9.0,4.0,0.8
2021-22,Tomas Satoransky,203107,-22,21.0,2.0,0.0,0.333
2021-22,Tomas Satoransky,203107,-19,20.0,4.0,8.0,0.333
2021-22,Tomas Satoransky,203107,-13,20.0,7.0,7.0,0.5
2021-22,Tomas Satoransky,203107,-12,23.0,3.0,1.0,0.25
2021-22,Tomas Satoransky,203107,-1,26.0,6.0,7.0,0.5166666666666667
2021-22,Tomas Satoransky,203107,2,25.0,4.0,2.0,0.4
2021-22,Tomas Satoransky,203107,9,20.0,5.0,9.0,0.667
2021-22,Tomas Satoransky,203107,10,30.0,9.0,7.0,0.444
2021-22,Tomas Satoransky,203107,11,20.0,8.0,7.0,0.571
2021-22,Tomas Satoransky,203107,17,26.0,0.0,13.0,0.0
2021-22,Tomas Satoransky,203107,23,26.0,16.0,6.0,1.0
2021-22,Tony Bradley,1628396,-3,21.0,6.0,0.0,0.5
2021-22,Tony Bradley,1628396,10,23.0,4.0,0.0,0.4
2021-22,Tony Bradley,1628396,17,27.0,6.0,1.0,0.6
2021-22,Tony Snell,203503,-32,22.0,3.0,0.0,0.167
2021-22,Tony Snell,203503,-23,25.0,8.0,2.0,0.429
2021-22,Tony Snell,203503,-21,22.0,9.0,0.0,0.5
2021-22,Tony Snell,203503,-11,35.0,13.0,2.0,0.5
2021-22,Tony Snell,203503,-10,28.0,2.0,1.0,0.333
2021-22,Tony Snell,203503,-8,31.0,4.0,3.0,0.5
2021-22,Tony Snell,203503,-6,21.0,6.0,1.0,1.0
2021-22,Tony Snell,203503,0,29.5,5.5,0.5,0.3335
2021-22,Tony Snell,203503,4,20.0,2.0,1.0,0.25
2021-22,Tony Snell,203503,12,21.0,9.0,0.0,0.5
2021-22,Tony Snell,203503,13,26.0,9.0,0.0,0.429
2021-22,Tony Snell,203503,14,25.0,9.0,1.0,0.6
2021-22,Tony Snell,203503,28,23.0,4.0,1.0,0.286
2021-22,Torrey Craig,1628470,-28,28.0,7.0,1.0,0.333
2021-22,Torrey Craig,1628470,-18,24.5,8.0,0.5,0.4375
2021-22,Torrey Craig,1628470,-14,20.0,7.0,0.0,0.333
2021-22,Torrey Craig,1628470,-12,30.0,13.0,2.0,0.625
2021-22,Torrey Craig,1628470,-11,32.5,6.5,2.0,0.4
2021-22,Torrey Craig,1628470,-10,25.2,3.6,1.6,0.22000000000000003
2021-22,Torrey Craig,1628470,-9,24.0,8.0,0.0,0.6
2021-22,Torrey Craig,1628470,-7,21.0,7.0,1.0,0.429
2021-22,Torrey Craig,1628470,-5,21.0,5.0,1.0,0.25
2021-22,Torrey Craig,1628470,-4,30.5,13.5,2.0,0.5
2021-22,Torrey Craig,1628470,-3,27.0,5.0,3.0,0.25
2021-22,Torrey Craig,1628470,-2,23.0,6.0,3.0,0.333
2021-22,Torrey Craig,1628470,-1,28.0,7.5,4.5,0.5
2021-22,Torrey Craig,1628470,0,31.0,21.333333333333332,2.3333333333333335,0.5396666666666666
2021-22,Torrey Craig,1628470,1,22.333333333333332,8.333333333333334,1.3333333333333333,0.4296666666666667
2021-22,Torrey Craig,1628470,4,32.0,5.0,1.0,0.286
2021-22,Torrey Craig,1628470,5,26.0,15.0,0.0,0.833
2021-22,Torrey Craig,1628470,6,24.0,8.0,0.5,0.5835
2021-22,Torrey Craig,1628470,7,22.0,11.0,0.0,0.444
2021-22,Torrey Craig,1628470,10,21.5,8.0,0.5,0.2875
2021-22,Torrey Craig,1628470,12,32.5,9.0,1.5,0.4645
2021-22,Torrey Craig,1628470,14,28.0,11.0,2.0,0.444
2021-22,Torrey Craig,1628470,15,31.0,5.0,2.0,0.167
2021-22,Torrey Craig,1628470,20,31.0,14.0,2.0,1.0
2021-22,Torrey Craig,1628470,21,22.0,14.0,4.0,0.667
2021-22,Torrey Craig,1628470,27,34.0,21.0,3.0,1.0
2021-22,Trae Young,1629027,-30,34.0,18.0,11.0,0.4
2021-22,Trae Young,1629027,-23,31.0,13.0,10.0,0.313
2021-22,Trae Young,1629027,-20,34.0,24.0,9.0,0.538
2021-22,Trae Young,1629027,-19,33.0,23.5,10.5,0.396
2021-22,Trae Young,1629027,-17,37.0,31.0,6.0,0.48
2021-22,Trae Young,1629027,-15,33.5,21.0,5.5,0.3715
2021-22,Trae Young,1629027,-14,36.0,24.0,7.666666666666667,0.36433333333333334
2021-22,Trae Young,1629027,-13,34.0,29.0,5.0,0.478
2021-22,Trae Young,1629027,-12,34.5,28.0,8.5,0.511
2021-22,Trae Young,1629027,-11,35.0,22.0,13.0,0.45
2021-22,Trae Young,1629027,-9,32.0,28.0,9.0,0.55
2021-22,Trae Young,1629027,-8,34.6,25.2,10.6,0.4284
2021-22,Trae Young,1629027,-7,36.0,17.5,9.5,0.325
2021-22,Trae Young,1629027,-6,36.0,27.0,11.0,0.533
2021-22,Trae Young,1629027,-5,35.5,30.5,11.25,0.38549999999999995
2021-22,Trae Young,1629027,-4,33.0,34.0,10.0,0.444
2021-22,Trae Young,1629027,-3,35.5,21.0,9.5,0.2945
2021-22,Trae Young,1629027,-2,36.0,24.5,8.5,0.3365
2021-22,Trae Young,1629027,0,39.0,33.0,7.0,0.455
2021-22,Trae Young,1629027,1,33.75,19.0,11.75,0.35175
2021-22,Trae Young,1629027,2,36.0,30.5,7.5,0.41300000000000003
2021-22,Trae Young,1629027,3,36.0,38.0,7.5,0.5605
2021-22,Trae Young,1629027,4,35.0,41.0,9.0,0.636
2021-22,Trae Young,1629027,5,35.5,33.5,12.0,0.513
2021-22,Trae Young,1629027,7,35.5,32.5,11.5,0.467
2021-22,Trae Young,1629027,8,34.0,28.333333333333332,9.333333333333334,0.4736666666666667
2021-22,Trae Young,1629027,9,35.5,16.0,13.5,0.3205
2021-22,Trae Young,1629027,10,37.5,51.0,13.0,0.569
2021-22,Trae Young,1629027,11,35.0,34.333333333333336,9.0,0.476
2021-22,Trae Young,1629027,12,36.0,38.5,10.5,0.504
2021-22,Trae Young,1629027,13,31.0,30.5,9.5,0.498
2021-22,Trae Young,1629027,14,34.0,30.0,4.0,0.45
2021-22,Trae Young,1629027,15,30.0,28.0,4.0,0.5
2021-22,Trae Young,1629027,16,35.666666666666664,34.666666666666664,11.333333333333334,0.5179999999999999
2021-22,Trae Young,1629027,17,32.0,32.0,9.0,0.619
2021-22,Trae Young,1629027,18,30.0,23.0,6.0,0.429
2021-22,Trae Young,1629027,19,32.0,28.0,7.5,0.48350000000000004
2021-22,Trae Young,1629027,21,32.0,19.0,14.0,0.375
2021-22,Trae Young,1629027,23,29.0,34.0,11.0,0.65
2021-22,Trae Young,1629027,28,37.0,30.0,11.0,0.471
2021-22,Trae Young,1629027,30,30.0,31.0,11.0,0.636
2021-22,Trae Young,1629027,34,27.0,31.0,10.0,0.75
2021-22,Trae Young,1629027,37,37.0,41.0,11.0,0.708
2021-22,Tre Jones,1630200,-22,35.0,16.0,3.0,0.5
2021-22,Tre Jones,1630200,-19,22.0,5.0,4.0,0.222
2021-22,Tre Jones,1630200,-18,30.0,14.0,8.0,0.556
2021-22,Tre Jones,1630200,-13,22.0,8.0,2.0,0.286
2021-22,Tre Jones,1630200,-8,36.0,9.0,12.0,0.286
2021-22,Tre Jones,1630200,-7,32.0,15.0,9.0,0.583
2021-22,Tre Jones,1630200,-6,32.0,15.0,3.0,0.6
2021-22,Tre Jones,1630200,-4,24.0,7.0,4.0,0.6
2021-22,Tre Jones,1630200,-1,32.0,15.0,7.0,0.357
2021-22,Tre Jones,1630200,0,27.5,11.5,7.5,0.471
2021-22,Tre Jones,1630200,2,20.0,12.0,6.0,0.556
2021-22,Tre Jones,1630200,3,21.0,8.0,11.0,0.667
2021-22,Tre Jones,1630200,8,32.0,14.0,10.0,0.455
2021-22,Tre Jones,1630200,10,20.0,9.0,4.0,0.429
2021-22,Tre Jones,1630200,11,20.0,7.0,3.0,0.75
2021-22,Tre Jones,1630200,17,33.0,9.0,9.0,0.5
2021-22,Tre Jones,1630200,19,23.0,12.0,5.0,0.625
2021-22,Tre Jones,1630200,23,23.5,8.0,6.5,0.5
2021-22,Tre Jones,1630200,28,33.0,18.0,7.0,0.636
2021-22,Tre Mann,1630544,-47,26.0,12.0,1.0,0.455
2021-22,Tre Mann,1630544,-30,26.5,8.5,1.5,0.2695
2021-22,Tre Mann,1630544,-23,30.0,11.0,6.0,0.385
2021-22,Tre Mann,1630544,-18,31.0,13.0,1.0,0.263
2021-22,Tre Mann,1630544,-17,21.0,10.0,0.0,0.333
2021-22,Tre Mann,1630544,-15,33.0,15.0,3.5,0.371
2021-22,Tre Mann,1630544,-13,30.0,12.0,5.0,0.375
2021-22,Tre Mann,1630544,-10,31.0,30.0,1.0,0.563
2021-22,Tre Mann,1630544,-9,28.0,21.0,1.0,0.583
2021-22,Tre Mann,1630544,-7,29.5,15.0,0.0,0.4205
2021-22,Tre Mann,1630544,-6,28.0,15.75,2.25,0.41125
2021-22,Tre Mann,1630544,-5,27.0,13.0,1.5,0.34850000000000003
2021-22,Tre Mann,1630544,-3,26.0,9.0,1.0,0.273
2021-22,Tre Mann,1630544,0,35.0,23.0,4.0,0.4635
2021-22,Tre Mann,1630544,1,31.0,16.5,2.0,0.375
2021-22,Tre Mann,1630544,2,32.0,9.0,0.0,0.235
2021-22,Tre Mann,1630544,5,29.0,15.0,3.0,0.372
2021-22,Tre Mann,1630544,6,41.0,29.0,3.0,0.571
2021-22,Tre Mann,1630544,8,24.0,13.0,1.0,0.4
2021-22,Tre Mann,1630544,11,23.0,7.0,4.0,0.6
2021-22,Tre Mann,1630544,13,23.0,9.0,4.0,0.5
2021-22,Tre Mann,1630544,14,35.0,13.0,2.0,0.462
2021-22,Tremont Waters,1629682,-23,34.0,8.0,6.0,0.273
2021-22,Trendon Watford,1630570,-39,22.0,9.0,2.0,0.4
2021-22,Trendon Watford,1630570,-29,25.0,10.0,2.0,0.4
2021-22,Trendon Watford,1630570,-28,29.0,11.0,3.0,0.5
2021-22,Trendon Watford,1630570,-25,31.0,11.0,5.0,0.364
2021-22,Trendon Watford,1630570,-24,20.0,6.0,0.0,0.4
2021-22,Trendon Watford,1630570,-21,27.5,14.0,1.5,0.5545
2021-22,Trendon Watford,1630570,-19,29.0,22.0,0.0,0.429
2021-22,Trendon Watford,1630570,-18,30.0,19.0,6.0,0.615
2021-22,Trendon Watford,1630570,-14,34.0,17.5,4.0,0.4455
2021-22,Trendon Watford,1630570,-11,26.5,8.5,3.0,0.473
2021-22,Trendon Watford,1630570,-10,20.0,2.0,2.0,0.5
2021-22,Trendon Watford,1630570,-7,24.5,11.5,2.5,0.5055000000000001
2021-22,Trendon Watford,1630570,-3,32.0,12.0,4.0,0.375
2021-22,Trendon Watford,1630570,-2,21.0,10.0,2.0,0.833
2021-22,Trendon Watford,1630570,2,26.5,10.0,3.0,0.778
2021-22,Trendon Watford,1630570,9,38.0,27.0,3.0,0.688
2021-22,Trent Forrest,1630235,-15,20.0,4.0,3.0,0.333
2021-22,Trent Forrest,1630235,-14,35.0,6.0,8.0,0.5
2021-22,Trent Forrest,1630235,-5,36.0,17.0,2.0,0.667
2021-22,Trent Forrest,1630235,0,20.0,10.0,1.0,0.556
2021-22,Trent Forrest,1630235,3,28.0,8.0,7.0,0.571
2021-22,Trent Forrest,1630235,5,20.0,4.0,1.0,0.333
2021-22,Trent Forrest,1630235,10,38.0,18.0,8.0,0.857
2021-22,Trent Forrest,1630235,11,24.0,9.0,3.0,0.375
2021-22,Trent Forrest,1630235,21,28.0,6.0,6.0,0.333
2021-22,Trent Forrest,1630235,23,22.0,11.0,5.0,0.556
2021-22,Trevelin Queen,1630243,-13,28.0,17.0,0.0,0.462
2021-22,Trevor Ariza,2772,-22,21.0,9.0,3.0,0.6
2021-22,Trevor Ariza,2772,-14,25.0,2.0,3.0,0.25
2021-22,Trevor Ariza,2772,-13,27.0,4.0,0.0,0.125
2021-22,Trevor Ariza,2772,-12,24.0,6.0,0.0,0.222
2021-22,Trevor Ariza,2772,-5,20.0,12.0,0.0,1.0
2021-22,Trevor Ariza,2772,2,22.0,6.0,4.0,0.375
2021-22,Trevor Ariza,2772,7,22.0,3.0,2.0,0.333
2021-22,Trevor Ariza,2772,11,34.0,11.0,3.0,0.333
2021-22,Trevor Ariza,2772,20,24.0,5.0,2.0,0.4
2021-22,Trey Burke,203504,-13,22.0,5.0,1.0,0.182
2021-22,Trey Burke,203504,-3,21.0,8.0,7.0,0.333
2021-22,Trey Burke,203504,2,21.0,18.0,1.0,0.583
2021-22,Trey Burke,203504,5,22.0,15.0,1.0,0.545
2021-22,Trey Burke,203504,8,22.0,12.0,2.0,0.333
2021-22,Trey Burke,203504,24,22.0,22.0,6.0,0.643
2021-22,Trey Lyles,1626168,-19,21.0,10.0,3.0,0.375
2021-22,Trey Lyles,1626168,-17,21.0,7.0,1.0,0.333
2021-22,Trey Lyles,1626168,-15,31.5,11.5,2.5,0.45
2021-22,Trey Lyles,1626168,-12,29.5,12.0,1.0,0.4375
2021-22,Trey Lyles,1626168,-9,23.0,15.666666666666666,1.0,0.5223333333333334
2021-22,Trey Lyles,1626168,-8,23.0,4.0,1.0,0.2
2021-22,Trey Lyles,1626168,-7,26.0,13.666666666666666,2.6666666666666665,0.4286666666666667
2021-22,Trey Lyles,1626168,-5,22.5,14.0,1.5,0.519
2021-22,Trey Lyles,1626168,-4,21.5,9.5,1.5,0.643
2021-22,Trey Lyles,1626168,-2,25.0,18.0,0.0,0.875
2021-22,Trey Lyles,1626168,1,25.5,11.0,1.0,0.6
2021-22,Trey Lyles,1626168,3,22.0,19.0,0.0,0.467
2021-22,Trey Lyles,1626168,4,27.5,14.5,2.0,0.481
2021-22,Trey Lyles,1626168,5,28.0,12.0,1.5,0.2985
2021-22,Trey Lyles,1626168,9,29.0,15.666666666666666,3.0,0.514
2021-22,Trey Lyles,1626168,10,30.0,24.0,2.0,0.714
2021-22,Trey Lyles,1626168,11,36.0,11.0,3.0,0.25
2021-22,Trey Lyles,1626168,12,26.5,15.0,1.5,0.5
2021-22,Trey Lyles,1626168,13,37.0,28.0,2.0,0.538
2021-22,Trey Murphy III,1630530,-28,24.0,5.0,1.0,0.4
2021-22,Trey Murphy III,1630530,-14,23.0,11.0,0.0,0.5
2021-22,Trey Murphy III,1630530,-8,25.5,18.0,1.0,0.4665
2021-22,Trey Murphy III,1630530,-5,24.0,8.0,1.0,0.273
2021-22,Trey Murphy III,1630530,-4,23.0,10.0,0.0,0.333
2021-22,Trey Murphy III,1630530,-2,22.0,3.0,1.0,0.333
2021-22,Trey Murphy III,1630530,4,23.5,10.5,0.5,0.43100000000000005
2021-22,Trey Murphy III,1630530,5,25.0,8.0,0.0,0.429
2021-22,Trey Murphy III,1630530,8,21.0,8.0,2.0,0.571
2021-22,Trey Murphy III,1630530,17,20.0,8.0,1.0,1.0
2021-22,Trey Murphy III,1630530,21,25.0,21.0,0.0,0.583
2021-22,Tristan Thompson,202684,-25,20.0,4.0,1.0,0.5
2021-22,Tristan Thompson,202684,-14,22.0,9.0,2.0,0.333
2021-22,Tristan Thompson,202684,-13,26.0,10.0,1.0,0.417
2021-22,Tristan Thompson,202684,-9,29.0,13.0,0.0,0.75
2021-22,Tristan Thompson,202684,-6,21.0,13.0,3.0,0.714
2021-22,Tristan Thompson,202684,-5,20.0,6.0,0.0,0.75
2021-22,Tristan Thompson,202684,-2,20.0,13.0,2.0,0.857
2021-22,Tristan Thompson,202684,-1,21.0,10.0,1.0,0.8
2021-22,Tristan Thompson,202684,4,23.0,11.0,1.0,0.5
2021-22,Tristan Thompson,202684,6,25.666666666666668,9.333333333333334,2.0,0.5833333333333334
2021-22,Tristan Thompson,202684,7,20.0,15.5,0.0,0.7170000000000001
2021-22,Tristan Thompson,202684,22,20.0,15.0,0.0,0.857
2021-22,Troy Brown Jr.,1628972,-26,27.0,0.0,3.0,0.0
2021-22,Troy Brown Jr.,1628972,-18,34.0,10.0,4.0,0.364
2021-22,Troy Brown Jr.,1628972,-14,26.0,7.0,1.0,0.375
2021-22,Troy Brown Jr.,1628972,-13,22.0,5.0,0.0,0.4
2021-22,Troy Brown Jr.,1628972,-8,26.5,3.5,4.0,0.35
2021-22,Troy Brown Jr.,1628972,-7,22.0,8.0,2.0,0.75
2021-22,Troy Brown Jr.,1628972,-6,28.0,6.0,1.0,0.2775
2021-22,Troy Brown Jr.,1628972,-4,29.0,2.0,1.0,0.5
2021-22,Troy Brown Jr.,1628972,-3,31.0,10.0,2.0,0.444
2021-22,Troy Brown Jr.,1628972,-2,20.0,14.0,0.0,0.5
2021-22,Troy Brown Jr.,1628972,0,27.0,0.0,0.0,0.0
2021-22,Troy Brown Jr.,1628972,1,26.0,6.0,0.5,0.55
2021-22,Troy Brown Jr.,1628972,9,39.0,17.0,4.0,0.538
2021-22,Troy Brown Jr.,1628972,12,23.0,6.0,1.0,0.333
2021-22,Troy Brown Jr.,1628972,16,24.0,7.0,5.0,0.429
2021-22,Troy Brown Jr.,1628972,17,31.0,8.5,2.5,0.5
2021-22,Troy Brown Jr.,1628972,20,21.0,3.0,0.0,0.5
2021-22,Ty Jerome,1629660,-44,35.0,12.0,4.0,0.357
2021-22,Ty Jerome,1629660,-13,31.0,13.0,4.0,0.357
2021-22,Ty Jerome,1629660,-9,28.0,9.0,4.0,0.40700000000000003
2021-22,Ty Jerome,1629660,-6,22.0,10.0,0.0,0.4
2021-22,Ty Jerome,1629660,-3,35.0,24.0,5.0,0.409
2021-22,Ty Jerome,1629660,-2,20.0,3.0,2.0,0.167
2021-22,Ty Jerome,1629660,6,22.0,11.0,8.0,0.375
2021-22,Ty Jerome,1629660,12,20.0,9.0,6.0,0.3
2021-22,Ty Jerome,1629660,14,27.0,11.0,5.0,0.4
2021-22,Ty Jerome,1629660,16,24.0,3.0,6.0,0.167
2021-22,Ty Jerome,1629660,18,21.0,14.0,3.0,0.4
2021-22,Tyler Cook,1629076,-9,25.0,4.0,0.0,0.667
2021-22,Tyler Cook,1629076,-2,27.0,2.0,0.0,0.333
2021-22,Tyler Herro,1629639,-32,29.0,6.0,1.0,0.273
2021-22,Tyler Herro,1629639,-26,30.0,17.0,1.0,0.35
2021-22,Tyler Herro,1629639,-25,31.0,13.0,3.0,0.357
2021-22,Tyler Herro,1629639,-22,32.0,15.0,6.0,0.235
2021-22,Tyler Herro,1629639,-19,28.0,9.0,3.0,0.333
2021-22,Tyler Herro,1629639,-15,35.0,20.0,2.0,0.381
2021-22,Tyler Herro,1629639,-14,32.5,21.0,2.5,0.424
2021-22,Tyler Herro,1629639,-12,32.0,16.0,3.0,0.364
2021-22,Tyler Herro,1629639,-11,36.0,21.0,6.0,0.391
2021-22,Tyler Herro,1629639,-10,32.0,21.0,4.0,0.462
2021-22,Tyler Herro,1629639,-9,33.0,16.0,2.0,0.278
2021-22,Tyler Herro,1629639,-8,31.5,19.0,2.75,0.404
2021-22,Tyler Herro,1629639,-7,30.0,11.0,5.0,0.25
2021-22,Tyler Herro,1629639,-6,29.0,23.5,2.0,0.419
2021-22,Tyler Herro,1629639,-4,33.0,11.0,4.0,0.417
2021-22,Tyler Herro,1629639,-2,31.0,21.0,2.5,0.5085
2021-22,Tyler Herro,1629639,-1,34.0,29.0,3.0,0.611
2021-22,Tyler Herro,1629639,0,41.0,18.0,4.0,0.304
2021-22,Tyler Herro,1629639,1,32.0,17.75,3.5,0.35025
2021-22,Tyler Herro,1629639,2,31.5,22.25,3.5,0.56075
2021-22,Tyler Herro,1629639,3,31.0,17.5,7.0,0.519
2021-22,Tyler Herro,1629639,4,37.0,16.0,9.0,0.294
2021-22,Tyler Herro,1629639,6,34.0,23.0,3.0,0.5
2021-22,Tyler Herro,1629639,7,34.333333333333336,21.333333333333332,5.0,0.47100000000000003
2021-22,Tyler Herro,1629639,8,35.333333333333336,28.0,5.0,0.46
2021-22,Tyler Herro,1629639,9,37.5,17.5,4.5,0.324
2021-22,Tyler Herro,1629639,11,32.5,24.5,2.0,0.398
2021-22,Tyler Herro,1629639,15,32.0,31.0,3.0,0.571
2021-22,Tyler Herro,1629639,16,28.0,20.0,6.0,0.533
2021-22,Tyler Herro,1629639,17,34.0,21.0,3.0,0.563
2021-22,Tyler Herro,1629639,18,32.5,26.0,7.0,0.5705
2021-22,Tyler Herro,1629639,19,32.5,16.0,7.0,0.39249999999999996
2021-22,Tyler Herro,1629639,20,31.666666666666668,25.666666666666668,4.666666666666667,0.607
2021-22,Tyler Herro,1629639,21,34.0,25.0,4.0,0.55
2021-22,Tyler Herro,1629639,23,29.0,19.0,2.0,0.538
2021-22,Tyler Herro,1629639,26,31.5,29.0,2.5,0.55
2021-22,Tyler Herro,1629639,27,24.0,27.0,5.0,0.556
2021-22,Tyler Herro,1629639,28,36.0,26.0,6.0,0.5
2021-22,Tyler Herro,1629639,31,21.0,26.0,5.0,0.471
2021-22,Tyler Herro,1629639,35,33.0,35.0,3.0,0.611
2021-22,Tyler Johnson,204020,-7,22.0,3.0,3.0,0.143
2021-22,Tyrese Haliburton,1630169,-40,27.0,7.0,7.0,0.222
2021-22,Tyrese Haliburton,1630169,-34,37.0,11.0,7.0,0.357
2021-22,Tyrese Haliburton,1630169,-33,26.0,9.0,8.0,0.444
2021-22,Tyrese Haliburton,1630169,-26,29.0,4.0,8.0,0.2
2021-22,Tyrese Haliburton,1630169,-23,20.0,5.0,2.0,0.25
2021-22,Tyrese Haliburton,1630169,-20,33.0,7.0,12.0,0.286
2021-22,Tyrese Haliburton,1630169,-19,31.0,18.0,7.0,0.417
2021-22,Tyrese Haliburton,1630169,-18,35.0,18.0,9.5,0.4465
2021-22,Tyrese Haliburton,1630169,-17,32.75,16.0,5.25,0.5660000000000001
2021-22,Tyrese Haliburton,1630169,-16,26.5,13.0,5.5,0.519
2021-22,Tyrese Haliburton,1630169,-15,31.0,14.0,3.0,0.375
2021-22,Tyrese Haliburton,1630169,-14,24.0,8.0,0.0,0.6
2021-22,Tyrese Haliburton,1630169,-13,38.5,14.5,8.0,0.3835
2021-22,Tyrese Haliburton,1630169,-11,35.0,17.0,8.0,0.5
2021-22,Tyrese Haliburton,1630169,-10,31.0,10.5,7.5,0.507
2021-22,Tyrese Haliburton,1630169,-9,39.333333333333336,17.333333333333332,10.333333333333334,0.536
2021-22,Tyrese Haliburton,1630169,-8,33.6,17.2,6.6,0.5546
2021-22,Tyrese Haliburton,1630169,-7,32.0,17.0,10.0,0.6
2021-22,Tyrese Haliburton,1630169,-6,38.0,26.333333333333332,6.333333333333333,0.5076666666666666
2021-22,Tyrese Haliburton,1630169,-5,37.6,17.2,8.6,0.4204
2021-22,Tyrese Haliburton,1630169,-3,35.5,10.5,11.5,0.38
2021-22,Tyrese Haliburton,1630169,-2,29.0,8.0,9.0,0.333
2021-22,Tyrese Haliburton,1630169,-1,34.25,12.25,7.5,0.48625
2021-22,Tyrese Haliburton,1630169,1,38.5,23.5,9.0,0.5854999999999999
2021-22,Tyrese Haliburton,1630169,2,35.833333333333336,17.0,9.333333333333334,0.4506666666666666
2021-22,Tyrese Haliburton,1630169,4,40.0,21.8,11.8,0.5202
2021-22,Tyrese Haliburton,1630169,5,32.0,6.0,6.0,0.222
2021-22,Tyrese Haliburton,1630169,6,37.5,21.0,3.5,0.5
2021-22,Tyrese Haliburton,1630169,7,36.0,20.0,7.0,0.545
2021-22,Tyrese Haliburton,1630169,8,34.666666666666664,12.333333333333334,9.333333333333334,0.351
2021-22,Tyrese Haliburton,1630169,9,33.5,9.25,7.5,0.40975
2021-22,Tyrese Haliburton,1630169,10,37.0,13.0,15.0,0.286
2021-22,Tyrese Haliburton,1630169,11,36.5,17.0,10.0,0.5
2021-22,Tyrese Haliburton,1630169,15,34.0,17.0,10.0,0.636
2021-22,Tyrese Haliburton,1630169,16,37.0,15.0,12.0,0.5
2021-22,Tyrese Haliburton,1630169,17,38.0,18.0,11.0,0.667
2021-22,Tyrese Haliburton,1630169,21,23.0,10.0,7.0,0.5
2021-22,Tyrese Maxey,1630178,-34,30.0,11.0,1.0,0.273
2021-22,Tyrese Maxey,1630178,-28,33.0,18.0,3.0,0.5
2021-22,Tyrese Maxey,1630178,-26,28.0,4.0,1.0,0.286
2021-22,Tyrese Maxey,1630178,-25,37.0,18.0,3.0,0.333
2021-22,Tyrese Maxey,1630178,-23,30.0,23.0,7.0,0.529
2021-22,Tyrese Maxey,1630178,-22,35.0,17.0,1.0,0.5
2021-22,Tyrese Maxey,1630178,-16,31.5,10.5,2.5,0.404
2021-22,Tyrese Maxey,1630178,-13,28.0,16.0,2.0,0.5
2021-22,Tyrese Maxey,1630178,-12,23.0,25.0,3.0,0.6
2021-22,Tyrese Maxey,1630178,-11,29.0,14.0,2.0,0.5
2021-22,Tyrese Maxey,1630178,-9,34.0,16.0,3.2,0.3882
2021-22,Tyrese Maxey,1630178,-8,36.0,22.0,3.0,0.5
2021-22,Tyrese Maxey,1630178,-6,37.5,12.5,6.0,0.428
2021-22,Tyrese Maxey,1630178,-4,38.5,26.0,6.0,0.5980000000000001
2021-22,Tyrese Maxey,1630178,-3,35.666666666666664,23.0,3.6666666666666665,0.537
2021-22,Tyrese Maxey,1630178,-1,39.0,19.333333333333332,4.666666666666667,0.434
2021-22,Tyrese Maxey,1630178,0,28.5,7.5,6.0,0.28350000000000003
2021-22,Tyrese Maxey,1630178,1,39.333333333333336,17.0,3.0,0.48433333333333334
2021-22,Tyrese Maxey,1630178,2,34.0,22.0,4.0,0.6
2021-22,Tyrese Maxey,1630178,3,39.333333333333336,12.666666666666666,5.333333333333333,0.5186666666666667
2021-22,Tyrese Maxey,1630178,4,34.5,12.5,5.5,0.45
2021-22,Tyrese Maxey,1630178,5,35.8,20.2,5.4,0.469
2021-22,Tyrese Maxey,1630178,6,35.0,24.0,4.5,0.528
2021-22,Tyrese Maxey,1630178,7,39.666666666666664,19.0,6.333333333333333,0.3753333333333333
2021-22,Tyrese Maxey,1630178,8,35.0,10.0,5.0,0.4
2021-22,Tyrese Maxey,1630178,9,35.0,19.5,5.0,0.5005
2021-22,Tyrese Maxey,1630178,10,38.0,19.0,4.0,0.4395
2021-22,Tyrese Maxey,1630178,11,33.25,15.25,5.5,0.524
2021-22,Tyrese Maxey,1630178,14,27.0,13.5,2.0,0.5569999999999999
2021-22,Tyrese Maxey,1630178,15,40.666666666666664,17.666666666666668,5.333333333333333,0.5046666666666667
2021-22,Tyrese Maxey,1630178,17,38.0,21.0,7.0,0.571
2021-22,Tyrese Maxey,1630178,19,31.5,16.0,4.0,0.625
2021-22,Tyrese Maxey,1630178,20,31.0,24.0,2.0,0.643
2021-22,Tyrese Maxey,1630178,21,34.0,16.5,3.0,0.5914999999999999
2021-22,Tyrese Maxey,1630178,22,35.0,25.0,3.0,0.583
2021-22,Tyrese Maxey,1630178,23,34.5,20.5,4.0,0.571
2021-22,Tyrese Maxey,1630178,25,32.0,28.0,2.0,0.75
2021-22,Tyrese Maxey,1630178,27,38.0,14.0,10.0,0.357
2021-22,Tyrese Maxey,1630178,31,33.0,13.0,4.0,0.455
2021-22,Tyus Jones,1626145,-25,20.0,10.0,2.0,0.667
2021-22,Tyus Jones,1626145,-22,31.0,12.0,3.0,0.5
2021-22,Tyus Jones,1626145,-11,28.5,5.0,6.0,0.268
2021-22,Tyus Jones,1626145,-7,27.0,11.5,8.5,0.6025
2021-22,Tyus Jones,1626145,-5,20.0,9.0,6.0,0.364
2021-22,Tyus Jones,1626145,-1,24.0,12.0,2.0,0.6
2021-22,Tyus Jones,1626145,1,34.0,4.0,6.0,0.2
2021-22,Tyus Jones,1626145,3,28.5,19.0,4.5,0.6915
2021-22,Tyus Jones,1626145,4,35.0,18.5,6.0,0.4165
2021-22,Tyus Jones,1626145,7,30.333333333333332,16.0,5.0,0.5183333333333333
2021-22,Tyus Jones,1626145,8,30.0,15.0,8.0,0.447
2021-22,Tyus Jones,1626145,9,29.5,11.5,6.5,0.4445
2021-22,Tyus Jones,1626145,12,28.0,18.0,4.0,0.5
2021-22,Tyus Jones,1626145,13,29.0,13.0,7.0,0.5
2021-22,Tyus Jones,1626145,20,24.8,10.8,6.8,0.518
2021-22,Tyus Jones,1626145,21,31.0,14.0,4.0,0.5
2021-22,Tyus Jones,1626145,23,26.0,8.0,11.0,0.273
2021-22,Tyus Jones,1626145,25,25.0,11.0,5.0,0.8
2021-22,Tyus Jones,1626145,42,20.0,10.0,9.0,0.571
2021-22,Udoka Azubuike,1628962,-2,20.0,12.0,0.0,1.0
2021-22,Udoka Azubuike,1628962,10,27.0,7.0,0.0,0.6
2021-22,Udoka Azubuike,1628962,11,21.0,8.0,0.0,0.571
2021-22,Udoka Azubuike,1628962,23,23.0,10.0,0.0,0.625
2021-22,Udonis Haslem,2617,-23,20.0,2.0,1.0,0.2
2021-22,Usman Garuba,1630586,-17,25.0,8.0,0.0,0.6
2021-22,Usman Garuba,1630586,12,29.0,0.0,3.0,0.0
2021-22,Victor Oladipo,203506,-4,35.0,40.0,7.0,0.591
2021-22,Victor Oladipo,203506,5,27.0,21.0,4.0,0.636
2021-22,Victor Oladipo,203506,8,25.0,9.0,6.0,0.333
2021-22,Vit Krejci,1630249,-50,40.0,16.0,2.0,0.412
2021-22,Vit Krejci,1630249,-31,27.0,0.0,1.0,0.0
2021-22,Vit Krejci,1630249,-22,43.0,6.0,2.0,0.286
2021-22,Vit Krejci,1630249,-21,33.0,9.0,6.0,0.444
2021-22,Vit Krejci,1630249,-19,35.0,9.0,5.0,0.1
2021-22,Vit Krejci,1630249,-18,29.0,10.0,2.0,0.333
2021-22,Vit Krejci,1630249,-17,25.0,9.0,1.0,0.5
2021-22,Vit Krejci,1630249,-14,40.0,7.0,3.0,0.25
2021-22,Vit Krejci,1630249,-13,20.0,9.0,0.0,0.6
2021-22,Vit Krejci,1630249,-10,26.5,5.0,1.0,0.55
2021-22,Vit Krejci,1630249,-8,21.0,11.0,1.0,0.5
2021-22,Vit Krejci,1630249,0,29.0,3.0,2.0,0.2
2021-22,Vit Krejci,1630249,1,20.0,6.0,0.0,0.5
2021-22,Vit Krejci,1630249,2,27.0,7.0,6.0,0.429
2021-22,Vit Krejci,1630249,4,20.0,8.0,1.0,0.75
2021-22,Vit Krejci,1630249,6,32.0,12.0,2.0,0.667
2021-22,Vit Krejci,1630249,8,20.0,0.0,3.0,0.0
2021-22,Vit Krejci,1630249,16,37.0,11.0,8.0,0.333
2021-22,Vit Krejci,1630249,22,27.0,12.0,2.0,0.667
2021-22,Vlatko Cancar,1628427,-10,23.0,2.0,4.0,0.5
2021-22,Wayne Ellington,201961,-17,27.0,3.0,0.0,0.25
2021-22,Wayne Ellington,201961,-15,25.333333333333332,8.333333333333334,1.3333333333333333,0.4166666666666667
2021-22,Wayne Ellington,201961,-14,20.0,6.0,0.0,0.333
2021-22,Wayne Ellington,201961,-9,29.0,8.0,2.0,0.3
2021-22,Wayne Ellington,201961,-8,29.0,18.0,0.0,0.6
2021-22,Wayne Ellington,201961,-6,24.0,8.0,0.0,0.375
2021-22,Wayne Ellington,201961,-4,20.0,3.0,0.0,0.167
2021-22,Wayne Ellington,201961,-3,35.0,6.0,3.0,0.4
2021-22,Wayne Ellington,201961,10,37.0,9.0,3.0,0.333
2021-22,Wayne Ellington,201961,12,29.0,15.0,2.0,0.625
2021-22,Wayne Ellington,201961,13,33.0,9.0,2.0,0.5
2021-22,Wayne Ellington,201961,15,22.0,10.0,1.0,0.444
2021-22,Wayne Ellington,201961,20,29.0,14.0,2.0,0.714
2021-22,Wayne Ellington,201961,21,24.0,7.0,1.5,0.5
2021-22,Wendell Carter Jr.,1628976,-34,27.0,8.0,3.0,0.5
2021-22,Wendell Carter Jr.,1628976,-24,29.0,14.0,3.0,0.5
2021-22,Wendell Carter Jr.,1628976,-21,31.0,19.0,1.0,0.615
2021-22,Wendell Carter Jr.,1628976,-20,25.0,18.0,4.0,0.545
2021-22,Wendell Carter Jr.,1628976,-18,27.0,10.0,6.0,0.571
2021-22,Wendell Carter Jr.,1628976,-15,27.0,8.5,2.5,0.4145
2021-22,Wendell Carter Jr.,1628976,-14,28.0,13.5,2.0,0.575
2021-22,Wendell Carter Jr.,1628976,-13,31.0,12.666666666666666,2.3333333333333335,0.42533333333333334
2021-22,Wendell Carter Jr.,1628976,-12,34.0,15.0,4.333333333333333,0.42500000000000004
2021-22,Wendell Carter Jr.,1628976,-11,29.5,18.0,2.0,0.5145
2021-22,Wendell Carter Jr.,1628976,-10,32.0,16.0,3.0,0.5
2021-22,Wendell Carter Jr.,1628976,-7,34.0,25.0,4.0,0.545
2021-22,Wendell Carter Jr.,1628976,-6,35.5,16.0,5.0,0.4585
2021-22,Wendell Carter Jr.,1628976,-4,31.333333333333332,15.0,2.0,0.5503333333333333
2021-22,Wendell Carter Jr.,1628976,-3,31.0,16.0,1.5,0.4565
2021-22,Wendell Carter Jr.,1628976,-2,26.333333333333332,15.666666666666666,2.0,0.5706666666666668
2021-22,Wendell Carter Jr.,1628976,-1,32.5,17.0,2.25,0.554
2021-22,Wendell Carter Jr.,1628976,0,33.0,2.0,7.0,0.2
2021-22,Wendell Carter Jr.,1628976,1,33.5,21.0,1.0,0.7725
2021-22,Wendell Carter Jr.,1628976,3,35.0,15.0,3.0,0.625
2021-22,Wendell Carter Jr.,1628976,4,26.0,15.0,6.0,0.5
2021-22,Wendell Carter Jr.,1628976,6,30.5,10.5,3.5,0.4545
2021-22,Wendell Carter Jr.,1628976,7,33.0,15.0,3.6666666666666665,0.4683333333333333
2021-22,Wendell Carter Jr.,1628976,8,33.0,10.0,2.0,0.444
2021-22,Wendell Carter Jr.,1628976,9,30.0,16.5,1.5,0.667
2021-22,Wendell Carter Jr.,1628976,10,32.0,17.0,2.0,0.545
2021-22,Wendell Carter Jr.,1628976,11,32.0,18.5,4.0,0.442
2021-22,Wendell Carter Jr.,1628976,12,31.333333333333332,15.0,2.3333333333333335,0.432
2021-22,Wendell Carter Jr.,1628976,13,29.5,24.0,3.5,0.75
2021-22,Wendell Carter Jr.,1628976,17,27.0,21.0,1.0,0.8
2021-22,Wendell Carter Jr.,1628976,21,31.0,22.0,6.0,0.643
2021-22,Wenyen Gabriel,1629117,-11,20.0,6.0,0.0,0.667
2021-22,Wenyen Gabriel,1629117,1,29.0,8.0,0.0,0.364
2021-22,Wenyen Gabriel,1629117,4,24.0,17.0,2.0,0.875
2021-22,Wenyen Gabriel,1629117,12,31.0,9.0,0.0,0.4
2021-22,Wenyen Gabriel,1629117,14,38.0,14.0,3.0,0.462
2021-22,Wenyen Gabriel,1629117,24,24.0,16.0,1.0,0.857
2021-22,Wes Iwundu,1628411,-9,23.0,2.0,0.0,0.2
2021-22,Wes Iwundu,1628411,11,42.0,12.0,0.0,0.5
2021-22,Wesley Matthews,202083,-21,28.0,9.0,1.0,0.429
2021-22,Wesley Matthews,202083,-18,27.0,5.0,1.0,0.5
2021-22,Wesley Matthews,202083,-3,29.0,5.5,0.5,0.222
2021-22,Wesley Matthews,202083,-1,25.0,5.0,1.0,0.4
2021-22,Wesley Matthews,202083,2,20.0,3.0,0.0,0.167
2021-22,Wesley Matthews,202083,4,26.5,6.0,1.0,0.243
2021-22,Wesley Matthews,202083,5,26.5,12.5,1.5,0.5785
2021-22,Wesley Matthews,202083,6,23.0,8.666666666666666,1.0,0.5833333333333334
2021-22,Wesley Matthews,202083,7,27.0,0.0,1.0,0.0
2021-22,Wesley Matthews,202083,8,24.333333333333332,9.333333333333334,1.3333333333333333,0.5156666666666666
2021-22,Wesley Matthews,202083,10,25.0,6.0,0.0,0.667
2021-22,Wesley Matthews,202083,12,28.0,5.0,0.0,0.167
2021-22,Wesley Matthews,202083,16,21.5,4.5,0.0,0.5
2021-22,Wesley Matthews,202083,19,25.0,11.5,1.5,0.5780000000000001
2021-22,Wesley Matthews,202083,26,21.0,9.0,1.0,0.667
2021-22,Will Barton,203115,-25,25.0,6.0,5.0,0.1
2021-22,Will Barton,203115,-24,34.5,15.0,4.0,0.4
2021-22,Will Barton,203115,-18,20.0,8.0,3.0,0.375
2021-22,Will Barton,203115,-16,39.0,17.0,4.0,0.35
2021-22,Will Barton,203115,-15,36.0,10.0,3.0,0.214
2021-22,Will Barton,203115,-14,29.0,4.0,4.0,0.125
2021-22,Will Barton,203115,-12,31.5,14.0,2.5,0.547
2021-22,Will Barton,203115,-11,29.5,5.5,3.0,0.20850000000000002
2021-22,Will Barton,203115,-9,28.5,13.5,3.0,0.4
2021-22,Will Barton,203115,-8,28.0,12.25,3.25,0.37575000000000003
2021-22,Will Barton,203115,-7,29.5,15.0,2.0,0.3835
2021-22,Will Barton,203115,-6,36.5,17.0,4.5,0.39349999999999996
2021-22,Will Barton,203115,-4,30.5,15.5,5.5,0.5425
2021-22,Will Barton,203115,-3,32.0,14.333333333333334,5.333333333333333,0.42133333333333334
2021-22,Will Barton,203115,-2,34.5,19.0,3.5,0.3945
2021-22,Will Barton,203115,-1,30.5,14.5,4.0,0.548
2021-22,Will Barton,203115,0,33.0,11.5,4.5,0.4165
2021-22,Will Barton,203115,2,37.5,15.5,4.0,0.353
2021-22,Will Barton,203115,3,33.0,18.0,4.0,0.482
2021-22,Will Barton,203115,4,31.25,15.25,3.75,0.45975
2021-22,Will Barton,203115,5,22.0,12.0,1.0,0.8
2021-22,Will Barton,203115,6,33.333333333333336,10.666666666666666,5.333333333333333,0.39233333333333337
2021-22,Will Barton,203115,7,31.0,20.0,4.333333333333333,0.42
2021-22,Will Barton,203115,8,31.4,15.2,1.8,0.4626
2021-22,Will Barton,203115,10,26.0,4.5,4.5,0.1835
2021-22,Will Barton,203115,11,29.666666666666668,16.666666666666668,3.6666666666666665,0.4736666666666667
2021-22,Will Barton,203115,12,33.5,13.5,6.0,0.3765
2021-22,Will Barton,203115,13,39.5,19.0,5.5,0.502
2021-22,Will Barton,203115,15,37.0,18.0,3.0,0.412
2021-22,Will Barton,203115,16,34.0,10.0,2.0,0.444
2021-22,Will Barton,203115,18,30.5,20.0,5.5,0.75
2021-22,Will Barton,203115,19,27.0,17.0,6.0,0.583
2021-22,Will Barton,203115,20,33.0,20.0,5.0,0.571
2021-22,Will Barton,203115,27,32.5,26.0,3.5,0.615
2021-22,Willy Hernangomez,1626195,-23,30.0,14.0,2.0,0.5
2021-22,Willy Hernangomez,1626195,-17,33.0,15.0,4.0,0.455
2021-22,Willy Hernangomez,1626195,-10,21.0,15.0,1.0,1.0
2021-22,Willy Hernangomez,1626195,-8,22.0,8.0,2.0,0.333
2021-22,Willy Hernangomez,1626195,-6,32.0,18.0,3.0,0.357
2021-22,Willy Hernangomez,1626195,-4,29.0,29.0,1.0,0.733
2021-22,Willy Hernangomez,1626195,4,22.0,12.0,3.0,0.364
2021-22,Willy Hernangomez,1626195,5,23.0,14.0,2.0,0.5
2021-22,Willy Hernangomez,1626195,8,32.0,3.0,0.0,0.091
2021-22,Willy Hernangomez,1626195,14,23.666666666666668,12.333333333333334,2.0,0.5423333333333333
2021-22,Willy Hernangomez,1626195,16,26.0,14.5,1.5,0.5585
2021-22,Willy Hernangomez,1626195,17,22.0,19.0,0.0,0.889
2021-22,Willy Hernangomez,1626195,23,25.0,17.0,1.0,0.625
2021-22,Xavier Moon,1629875,-1,26.0,13.0,4.0,0.462
2021-22,Xavier Moon,1629875,27,26.0,17.0,7.0,0.727
2021-22,Xavier Tillman,1630214,-22,28.0,6.0,1.5,0.3145
2021-22,Xavier Tillman,1630214,-3,23.0,9.0,1.0,0.6
2021-22,Xavier Tillman,1630214,-2,20.0,4.0,2.0,0.25
2021-22,Xavier Tillman,1630214,3,22.0,4.0,3.0,0.4
2021-22,Xavier Tillman,1630214,4,23.0,16.0,0.0,0.667
2021-22,Xavier Tillman,1630214,8,20.0,8.0,0.0,0.571
2021-22,Xavier Tillman,1630214,15,28.0,13.0,7.0,0.5
2021-22,Xavier Tillman,1630214,16,25.0,5.0,3.0,0.143
2021-22,Xavier Tillman,1630214,18,21.0,8.0,3.0,0.429
2021-22,Xavier Tillman,1630214,30,24.0,11.0,4.0,0.571
2021-22,Yuta Watanabe,1629139,-33,37.0,26.0,1.0,0.55
2021-22,Yuta Watanabe,1629139,-19,31.0,10.0,2.0,0.667
2021-22,Yuta Watanabe,1629139,-15,27.0,5.0,3.0,0.167
2021-22,Yuta Watanabe,1629139,-2,28.0,11.0,0.0,0.444
2021-22,Yuta Watanabe,1629139,3,22.0,3.0,0.0,0.5
2021-22,Yuta Watanabe,1629139,6,23.0,12.0,1.0,0.5345
2021-22,Yves Pons,1630582,-13,25.0,6.0,1.0,0.286
2021-22,Zach Collins,1628380,0,21.0,8.0,2.0,0.5
2021-22,Zach Collins,1628380,2,24.0,15.0,5.0,0.6
2021-22,Zach Collins,1628380,8,21.0,13.0,3.0,0.6
2021-22,Zach Collins,1628380,10,30.0,18.0,2.0,0.556
2021-22,Zach Collins,1628380,20,23.5,10.5,3.0,0.5225
2021-22,Zach LaVine,203897,-34,26.0,17.0,3.0,0.389
2021-22,Zach LaVine,203897,-25,29.0,12.0,9.0,0.143
2021-22,Zach LaVine,203897,-24,27.0,7.0,4.0,0.222
2021-22,Zach LaVine,203897,-22,35.0,23.0,9.0,0.429
2021-22,Zach LaVine,203897,-21,36.0,27.0,6.0,0.444
2021-22,Zach LaVine,203897,-19,32.0,22.666666666666668,4.333333333333333,0.601
2021-22,Zach LaVine,203897,-18,32.0,22.0,4.0,0.5
2021-22,Zach LaVine,203897,-17,34.0,22.0,7.0,0.571
2021-22,Zach LaVine,203897,-15,37.0,27.0,1.0,0.458
2021-22,Zach LaVine,203897,-14,38.0,32.0,3.0,0.462
2021-22,Zach LaVine,203897,-12,35.5,24.5,6.5,0.4245
2021-22,Zach LaVine,203897,-11,34.0,20.0,2.0,0.333
2021-22,Zach LaVine,203897,-10,35.0,27.666666666666668,2.3333333333333335,0.4816666666666667
2021-22,Zach LaVine,203897,-8,35.5,19.0,4.0,0.381
2021-22,Zach LaVine,203897,-7,35.5,31.5,4.0,0.49250000000000005
2021-22,Zach LaVine,203897,-6,35.5,28.5,3.5,0.47250000000000003
2021-22,Zach LaVine,203897,-4,36.0,23.333333333333332,5.0,0.38033333333333336
2021-22,Zach LaVine,203897,-3,35.5,23.0,4.5,0.42500000000000004
2021-22,Zach LaVine,203897,-2,36.0,27.5,3.5,0.4855
2021-22,Zach LaVine,203897,-1,37.333333333333336,31.0,4.333333333333333,0.45533333333333337
2021-22,Zach LaVine,203897,0,35.0,22.0,5.0,0.438
2021-22,Zach LaVine,203897,2,35.0,26.0,3.0,0.471
2021-22,Zach LaVine,203897,4,39.5,20.0,4.0,0.55
2021-22,Zach LaVine,203897,5,36.0,27.5,3.0,0.45599999999999996
2021-22,Zach LaVine,203897,6,33.333333333333336,25.333333333333332,4.666666666666667,0.4943333333333333
2021-22,Zach LaVine,203897,7,33.6,26.2,4.0,0.4878
2021-22,Zach LaVine,203897,8,35.0,34.0,4.0,0.647
2021-22,Zach LaVine,203897,9,36.0,36.0,4.0,0.583
2021-22,Zach LaVine,203897,10,34.0,22.666666666666668,5.333333333333333,0.5373333333333333
2021-22,Zach LaVine,203897,11,32.0,18.5,4.0,0.5
2021-22,Zach LaVine,203897,12,37.5,27.5,4.5,0.4285
2021-22,Zach LaVine,203897,15,37.0,23.0,8.0,0.563
2021-22,Zach LaVine,203897,16,31.0,25.0,5.0,0.769
2021-22,Zach LaVine,203897,17,38.0,32.0,8.0,0.565
2021-22,Zach LaVine,203897,18,37.0,30.0,9.0,0.5
2021-22,Zach LaVine,203897,19,37.5,26.5,5.5,0.472
2021-22,Zach LaVine,203897,26,35.0,25.0,5.0,0.556
2021-22,Zach LaVine,203897,28,29.0,10.0,7.0,0.3
2021-22,Zach LaVine,203897,33,34.0,26.0,5.0,0.455
2021-22,Zavier Simpson,1630285,-51,45.0,17.0,7.0,0.467
2021-22,Zavier Simpson,1630285,-23,38.0,4.0,11.0,0.2
2021-22,Zavier Simpson,1630285,-20,46.0,13.0,7.0,0.333
2021-22,Zavier Simpson,1630285,-1,43.0,10.0,5.0,0.417
2021-22,Zeke Nnaji,1630192,-13,26.0,5.0,2.0,0.111
2021-22,Zeke Nnaji,1630192,-11,28.0,5.0,2.0,0.333
2021-22,Zeke Nnaji,1630192,-9,24.5,9.0,0.5,0.6145
2021-22,Zeke Nnaji,1630192,-3,24.5,13.5,1.0,0.725
2021-22,Zeke Nnaji,1630192,5,22.0,13.0,0.0,0.625
2021-22,Zeke Nnaji,1630192,6,20.0,0.0,0.0,0.0
2021-22,Zeke Nnaji,1630192,11,23.0,11.0,0.0,0.556
2021-22,Zeke Nnaji,1630192,20,21.0,16.0,0.0,0.75
2021-22,Zeke Nnaji,1630192,22,33.0,21.0,0.0,0.538
2021-22,Zeke Nnaji,1630192,27,23.0,8.0,0.0,0.273
2021-22,Ziaire Williams,1630533,-23,23.0,13.0,1.0,0.556
2021-22,Ziaire Williams,1630533,-18,27.0,18.0,1.0,0.333
2021-22,Ziaire Williams,1630533,-16,23.0,9.0,1.0,0.308
2021-22,Ziaire Williams,1630533,-11,29.0,7.0,2.0,0.333
2021-22,Ziaire Williams,1630533,-8,29.0,8.0,1.0,0.5
2021-22,Ziaire Williams,1630533,-7,27.0,21.0,1.0,0.636
2021-22,Ziaire Williams,1630533,-6,20.5,5.0,0.5,0.2665
2021-22,Ziaire Williams,1630533,-5,21.0,11.0,3.0,0.5
2021-22,Ziaire Williams,1630533,-1,33.0,10.0,1.0,0.364
2021-22,Ziaire Williams,1630533,2,27.0,8.0,0.0,0.8
2021-22,Ziaire Williams,1630533,4,24.5,11.5,1.5,0.472
2021-22,Ziaire Williams,1630533,5,22.5,10.5,0.5,0.5835
2021-22,Ziaire Williams,1630533,6,35.0,9.0,1.0,0.333
2021-22,Ziaire Williams,1630533,7,27.5,13.5,2.0,0.4415
2021-22,Ziaire Williams,1630533,8,27.0,13.666666666666666,0.6666666666666666,0.5596666666666666
2021-22,Ziaire Williams,1630533,9,24.333333333333332,6.333333333333333,1.6666666666666667,0.4166666666666667
2021-22,Ziaire Williams,1630533,10,25.0,11.0,2.0,0.444
2021-22,Ziaire Williams,1630533,11,33.0,21.0,3.0,0.818
2021-22,Ziaire Williams,1630533,12,27.0,11.5,2.0,0.34450000000000003
2021-22,Ziaire Williams,1630533,13,23.0,4.0,0.0,0.5
2021-22,Ziaire Williams,1630533,14,25.5,8.5,2.0,0.4855
2021-22,Ziaire Williams,1630533,18,26.0,5.5,3.0,0.3145
2021-22,Ziaire Williams,1630533,21,25.0,14.0,0.0,0.625
2021-22,Ziaire Williams,1630533,32,21.0,16.0,1.0,0.667
