season_year,personName,personId,plusMinusPoints,minutes,points,assists,fieldGoalsPercentage
2019-20,Aaron Gordon,203932,-13,31.0,8.0,9.0,0.375
2019-20,Aaron Gordon,203932,-12,32.0,20.0,3.0,0.533
2019-20,Aaron Gordon,203932,-7,20.0,9.0,5.0,0.333
2019-20,Aaron Gordon,203932,8,35.0,11.0,9.0,0.5
2019-20,Aaron Gordon,203932,18,37.0,15.0,4.0,0.4
2019-20,Aaron Gordon,203932,21,35.0,19.0,4.0,0.412
2019-20,Aaron Gordon,203932,23,24.0,22.0,3.0,0.667
2019-20,Aaron Gordon,203932,24,26.0,10.0,2.0,0.4
2019-20,Aaron Holiday,1628988,-28,25.0,5.0,1.0,0.333
2019-20,Aaron Holiday,1628988,-17,29.0,8.0,1.0,0.375
2019-20,Aaron Holiday,1628988,-15,25.0,2.0,2.0,0.091
2019-20,Aaron Holiday,1628988,-8,37.0,9.0,4.0,0.5
2019-20,Aaron Holiday,1628988,1,33.0,4.0,4.0,0.222
2019-20,Aaron Holiday,1628988,2,33.0,9.0,4.0,0.333
2019-20,Aaron Holiday,1628988,7,34.0,12.0,4.0,0.4
2019-20,Aaron Holiday,1628988,10,32.0,7.0,2.0,0.375
2019-20,Aaron Holiday,1628988,17,35.0,16.0,6.0,0.5415
2019-20,Aaron Holiday,1628988,21,35.0,6.0,3.0,0.333
2019-20,Aaron Holiday,1628988,22,34.0,7.0,7.0,1.0
2019-20,Abdel Nader,1627846,-7,25.0,15.0,0.0,0.667
2019-20,Abdel Nader,1627846,5,20.0,9.0,1.0,0.333
2019-20,Abdel Nader,1627846,8,20.0,6.0,1.0,0.5
2019-20,Admiral Schofield,1629678,-10,24.0,3.0,0.0,0.25
2019-20,Al Horford,201143,-26,22.0,10.0,2.0,0.444
2019-20,Al Horford,201143,-14,33.0,8.0,3.0,0.25
2019-20,Al Horford,201143,-7,22.0,15.0,5.0,0.667
2019-20,Al Horford,201143,0,21.0,10.0,4.0,0.571
2019-20,Al Horford,201143,1,35.0,22.0,7.0,0.563
2019-20,Al Horford,201143,4,29.5,20.5,4.0,0.649
2019-20,Al Horford,201143,5,29.0,12.0,6.0,0.364
2019-20,Al Horford,201143,17,31.0,9.0,3.0,0.571
2019-20,Al Horford,201143,18,29.0,2.0,5.0,0.333
2019-20,Al Horford,201143,41,36.0,18.0,6.0,0.5
2019-20,Alec Burks,202692,-9,25.0,15.0,3.0,0.385
2019-20,Alec Burks,202692,-7,22.0,12.0,1.0,0.286
2019-20,Alec Burks,202692,-2,27.0,23.0,4.0,0.529
2019-20,Alec Burks,202692,1,23.0,20.0,2.0,0.571
2019-20,Alec Burks,202692,12,27.0,22.0,2.0,0.533
2019-20,Alec Burks,202692,17,20.0,7.0,3.0,0.2
2019-20,Alec Burks,202692,37,22.0,16.0,5.0,0.545
2019-20,Alex Caruso,1627936,-12,27.0,5.0,5.0,0.25
2019-20,Alex Caruso,1627936,-7,21.0,7.0,3.0,0.333
2019-20,Alex Caruso,1627936,2,24.0,11.0,3.0,0.5
2019-20,Alex Caruso,1627936,8,22.0,3.0,5.0,0.333
2019-20,Alex Caruso,1627936,9,27.0,7.0,2.0,0.286
2019-20,Alex Len,203458,9,27.0,8.0,0.0,0.5
2019-20,Alfonzo McKinnie,1628035,-14,22.0,6.0,0.0,0.286
2019-20,Alfonzo McKinnie,1628035,-6,20.0,8.0,0.0,0.667
2019-20,Alize Johnson,1628993,10,38.0,11.0,4.0,0.375
2019-20,Amir Coffey,1629599,11,49.0,21.0,4.0,0.412
2019-20,Andre Drummond,203083,-4,34.0,21.0,2.0,0.571
2019-20,Andre Drummond,203083,18,33.0,28.0,1.0,0.688
2019-20,Andre Iguodala,2738,-14,31.0,12.0,3.0,0.625
2019-20,Andre Iguodala,2738,3,27.0,8.0,3.5,0.479
2019-20,Andre Iguodala,2738,18,27.0,12.0,8.0,0.5
2019-20,Andre Roberson,203460,6,28.0,3.0,2.0,0.111
2019-20,Andrew Wiggins,203952,-31,35.0,27.0,2.0,0.474
2019-20,Andrew Wiggins,203952,-18,32.0,21.0,3.0,0.5
2019-20,Andrew Wiggins,203952,-11,37.0,21.0,2.0,0.45
2019-20,Andrew Wiggins,203952,8,35.0,16.0,7.0,0.4315
2019-20,Anfernee Simons,1629014,12,22.0,9.0,5.0,0.429
2019-20,Anthony Davis,203076,-21,35.0,8.0,4.0,0.214
2019-20,Anthony Davis,203076,-17,35.0,14.0,3.0,0.286
2019-20,Anthony Davis,203076,-15,29.0,9.0,5.0,0.273
2019-20,Anthony Davis,203076,-9,29.0,17.0,3.0,0.625
2019-20,Anthony Davis,203076,-5,36.0,26.0,2.0,0.474
2019-20,Anthony Davis,203076,-3,35.0,34.0,4.0,0.421
2019-20,Anthony Davis,203076,7,38.0,42.0,4.0,0.464
2019-20,Anthony Davis,203076,8,29.0,30.0,0.0,0.417
2019-20,Anthony Davis,203076,12,34.0,30.0,2.0,0.579
2019-20,Anthony Davis,203076,13,38.0,27.0,5.0,0.6
2019-20,Anthony Davis,203076,30,38.0,37.0,2.0,0.684
2019-20,Anthony Tolliver,201229,-7,29.0,5.0,2.0,0.167
2019-20,Anthony Tolliver,201229,-2,20.0,6.0,0.0,1.0
2019-20,Anthony Tolliver,201229,0,21.0,8.0,0.0,0.6
2019-20,Anthony Tolliver,201229,21,25.0,8.0,0.0,0.429
2019-20,Anthony Tolliver,201229,26,23.0,2.0,1.0,0.0
2019-20,Anzejs Pasecniks,1628394,2,20.0,10.0,1.0,0.444
2019-20,Aron Baynes,203382,-15,33.0,7.0,1.0,0.214
2019-20,Aron Baynes,203382,13,33.0,24.0,1.0,0.5
2019-20,Aron Baynes,203382,17,36.0,37.0,1.0,0.522
2019-20,Austin Rivers,203085,-29,29.0,13.0,1.0,0.417
2019-20,Austin Rivers,203085,-18,31.0,3.0,3.0,0.111
2019-20,Austin Rivers,203085,1,27.0,5.0,3.0,0.333
2019-20,Austin Rivers,203085,2,32.0,11.0,5.0,0.2
2019-20,Austin Rivers,203085,6,32.0,7.0,1.0,0.286
2019-20,Austin Rivers,203085,11,33.0,41.0,4.0,0.7
2019-20,Avery Bradley,202340,3,31.0,10.0,2.0,0.364
2019-20,Avery Bradley,202340,5,24.0,10.0,3.0,0.375
2019-20,Avery Bradley,202340,13,32.0,24.0,1.0,0.529
2019-20,Avery Bradley,202340,23,30.0,2.0,2.0,0.0
2019-20,Avery Bradley,202340,24,34.0,10.0,3.0,0.444
2019-20,Bam Adebayo,1628389,-21,21.0,6.0,6.0,0.2
2019-20,Bam Adebayo,1628389,-10,34.0,21.0,10.0,0.667
2019-20,Bam Adebayo,1628389,-9,36.0,9.0,4.0,0.4
2019-20,Bam Adebayo,1628389,-8,30.0,10.0,4.0,0.556
2019-20,Bam Adebayo,1628389,2,31.0,10.0,4.0,0.556
2019-20,Bam Adebayo,1628389,5,30.0,18.0,9.0,0.462
2019-20,Bam Adebayo,1628389,11,31.0,21.0,2.0,0.417
2019-20,Bam Adebayo,1628389,13,37.0,14.0,5.0,0.313
2019-20,Bam Adebayo,1628389,16,22.0,10.0,4.0,0.4
2019-20,Bam Adebayo,1628389,19,28.0,22.0,6.0,0.583
2019-20,Bam Adebayo,1628389,22,33.0,27.0,6.0,0.692
2019-20,Ben McLemore,203463,-17,27.0,16.0,1.0,0.375
2019-20,Ben McLemore,203463,-3,27.0,7.0,0.0,0.222
2019-20,Ben McLemore,203463,-2,24.0,8.0,0.0,0.6
2019-20,Ben McLemore,203463,0,27.0,20.0,1.0,0.438
2019-20,Ben McLemore,203463,3,30.0,20.0,1.0,0.538
2019-20,Ben Simmons,1627732,-11,38.0,19.0,4.0,0.571
2019-20,Ben Simmons,1627732,-3,23.5,8.0,4.5,0.4335
2019-20,Bismack Biyombo,202687,-15,22.0,8.0,2.0,0.25
2019-20,Bismack Biyombo,202687,6,34.0,10.0,2.0,0.8
2019-20,Boban Marjanovic,1626246,-10,29.0,18.0,3.0,0.643
2019-20,Boban Marjanovic,1626246,0,25.0,20.0,2.0,0.636
2019-20,Boban Marjanovic,1626246,5,31.0,31.0,1.0,0.6
2019-20,Boban Marjanovic,1626246,6,22.0,14.0,0.0,0.636
2019-20,Bobby Portis,1626171,-17,27.0,14.0,0.0,0.545
2019-20,Bobby Portis,1626171,-5,30.0,21.0,0.0,0.533
2019-20,Bobby Portis,1626171,11,26.0,20.0,5.0,0.6
2019-20,Bogdan Bogdanovic,203992,-20,34.0,27.0,2.0,0.579
2019-20,Bogdan Bogdanovic,203992,-17,30.0,9.0,2.0,0.4
2019-20,Bogdan Bogdanovic,203992,-16,31.0,12.0,5.0,0.308
2019-20,Bogdan Bogdanovic,203992,-11,35.0,13.0,8.0,0.417
2019-20,Bogdan Bogdanovic,203992,-4,35.0,13.0,5.0,0.625
2019-20,Bogdan Bogdanovic,203992,-1,27.0,15.0,0.0,0.417
2019-20,Bogdan Bogdanovic,203992,2,31.0,24.0,2.0,0.533
2019-20,Bogdan Bogdanovic,203992,5,20.0,3.0,2.0,0.067
2019-20,Bogdan Bogdanovic,203992,8,30.0,21.0,4.0,0.5
2019-20,Bogdan Bogdanovic,203992,14,28.0,27.0,8.0,0.667
2019-20,Bogdan Bogdanovic,203992,15,37.0,16.0,7.0,0.7
2019-20,Bogdan Bogdanovic,203992,16,37.0,35.0,3.0,0.65
2019-20,Bogdan Bogdanovic,203992,21,26.0,27.0,9.0,0.478
2019-20,Bojan Bogdanovic,202711,-23,24.0,5.0,2.0,0.25
2019-20,Bojan Bogdanovic,202711,-20,25.0,8.0,1.0,0.222
2019-20,Bojan Bogdanovic,202711,11,34.0,32.0,2.0,0.667
2019-20,Bojan Bogdanovic,202711,13,33.0,28.0,6.0,0.526
2019-20,Bojan Bogdanovic,202711,14,33.0,23.0,1.0,0.467
2019-20,Bol Bol,1629626,-6,24.0,9.0,1.0,0.571
2019-20,Bol Bol,1629626,-3,21.0,8.0,2.0,0.4
2019-20,Brad Wanamaker,202954,-25,26.0,9.0,2.0,0.429
2019-20,Brad Wanamaker,202954,-12,28.0,9.0,0.0,0.5
2019-20,Brad Wanamaker,202954,3,24.5,5.5,1.5,0.4165
2019-20,Brad Wanamaker,202954,4,21.0,8.0,3.0,0.429
2019-20,Brad Wanamaker,202954,8,23.0,15.0,1.0,0.75
2019-20,Brad Wanamaker,202954,9,26.0,14.0,1.0,0.556
2019-20,Brad Wanamaker,202954,26,20.0,13.0,5.0,0.571
2019-20,Bradley Beal,203078,-24,35.0,23.0,6.0,0.333
2019-20,Bradley Beal,203078,-19,37.0,29.0,6.0,0.345
2019-20,Bradley Beal,203078,-5,38.0,35.0,8.0,0.458
2019-20,Bradley Beal,203078,7,38.0,35.0,4.0,0.619
2019-20,Bradley Beal,203078,14,38.0,39.0,7.0,0.44
2019-20,Bradley Beal,203078,22,35.0,34.0,8.0,0.417
2019-20,Brandon Clarke,1629634,-15,29.0,15.0,1.0,0.5
2019-20,Brandon Clarke,1629634,-10,27.0,6.0,1.0,0.429
2019-20,Brandon Clarke,1629634,-6,24.0,8.0,1.0,0.444
2019-20,Brandon Clarke,1629634,-5,23.0,10.0,1.0,0.625
2019-20,Brandon Clarke,1629634,-1,28.0,10.0,1.0,0.444
2019-20,Brandon Clarke,1629634,2,30.0,18.5,2.0,0.7375
2019-20,Brandon Clarke,1629634,5,20.0,12.0,0.0,1.0
2019-20,Brandon Ingram,1627742,-29,23.0,14.0,0.0,0.455
2019-20,Brandon Ingram,1627742,-14,33.0,24.0,3.0,0.571
2019-20,Brandon Ingram,1627742,-7,35.0,24.0,4.0,0.529
2019-20,Brandon Ingram,1627742,-4,30.0,17.0,5.0,0.267
2019-20,Brandon Ingram,1627742,-1,32.0,23.0,0.0,0.35
2019-20,Brandon Ingram,1627742,1,33.0,17.0,5.0,0.429
2019-20,Brandon Ingram,1627742,3,31.0,24.0,5.0,0.5
2019-20,Brandon Ingram,1627742,4,39.0,15.0,2.0,0.217
2019-20,Brandon Ingram,1627742,5,30.0,12.0,3.0,0.2
2019-20,Brandon Ingram,1627742,8,41.0,27.0,4.0,0.5
2019-20,Brandon Ingram,1627742,21,40.0,15.0,7.0,0.5
2019-20,Brandon Knight,202688,-12,25.0,16.0,7.0,0.417
2019-20,Brandon Knight,202688,-6,35.5,12.0,6.5,0.2715
2019-20,Brandon Knight,202688,5,28.0,13.0,3.0,0.333
2019-20,Brook Lopez,201572,-20,27.0,18.0,2.0,0.571
2019-20,Brook Lopez,201572,-9,28.0,21.0,0.0,0.5
2019-20,Brook Lopez,201572,-4,25.0,12.0,1.0,0.364
2019-20,Brook Lopez,201572,2,29.0,13.0,1.0,0.8
2019-20,Brook Lopez,201572,4,34.0,34.0,0.0,0.444
2019-20,Brook Lopez,201572,6,31.0,23.0,2.0,0.5
2019-20,Brook Lopez,201572,13,28.0,14.0,0.0,0.4
2019-20,Brook Lopez,201572,14,22.0,24.0,0.0,0.818
2019-20,Brook Lopez,201572,16,26.0,16.0,0.0,0.364
2019-20,Brook Lopez,201572,21,24.0,3.0,1.0,0.167
2019-20,Brook Lopez,201572,35,31.0,17.0,0.0,0.444
2019-20,Bruce Brown,1628971,-14,24.0,5.0,7.0,0.333
2019-20,Bruce Brown,1628971,0,37.0,16.0,6.0,0.5
2019-20,Bruno Fernando,1628981,-31,22.0,2.0,3.0,0.125
2019-20,Bryn Forbes,1627854,-17,24.0,14.0,0.0,0.444
2019-20,Bryn Forbes,1627854,-5,26.0,15.0,1.0,0.571
2019-20,Bryn Forbes,1627854,1,31.0,19.0,1.0,0.5
2019-20,Buddy Hield,1627741,-21,20.0,12.0,5.0,0.385
2019-20,Buddy Hield,1627741,-9,20.0,17.0,0.0,0.375
2019-20,Buddy Hield,1627741,-8,30.0,21.0,3.0,0.4
2019-20,Buddy Hield,1627741,-5,24.5,19.0,1.5,0.5225
2019-20,Buddy Hield,1627741,-3,25.0,22.0,3.0,0.571
2019-20,Buddy Hield,1627741,6,23.0,17.0,4.0,0.375
2019-20,Buddy Hield,1627741,7,23.0,11.0,1.0,0.333
2019-20,Buddy Hield,1627741,12,26.0,28.0,2.0,0.588
2019-20,Buddy Hield,1627741,16,25.0,19.0,2.0,0.412
2019-20,CJ McCollum,203468,-25,38.0,8.0,2.0,0.143
2019-20,CJ McCollum,203468,-18,34.0,19.0,6.0,0.467
2019-20,CJ McCollum,203468,-8,45.0,33.0,6.0,0.667
2019-20,CJ McCollum,203468,-7,39.5,21.0,6.0,0.45599999999999996
2019-20,CJ McCollum,203468,-1,38.0,29.0,8.0,0.524
2019-20,CJ McCollum,203468,0,39.0,20.0,5.0,0.444
2019-20,CJ McCollum,203468,4,39.0,16.0,4.0,0.412
2019-20,CJ McCollum,203468,7,43.0,25.0,7.0,0.429
2019-20,CJ McCollum,203468,16,38.0,17.5,5.0,0.35850000000000004
2019-20,CJ McCollum,203468,17,35.0,41.0,5.0,0.583
2019-20,CJ McCollum,203468,26,33.0,22.0,5.0,0.5
2019-20,Caleb Martin,1628997,-4,22.0,6.0,2.0,0.5
2019-20,Caleb Martin,1628997,2,36.0,23.0,4.0,0.8
2019-20,Caleb Martin,1628997,8,26.0,12.0,1.0,0.556
2019-20,Caleb Martin,1628997,13,23.0,5.0,1.0,0.333
2019-20,Caleb Martin,1628997,15,35.0,19.0,3.0,0.333
2019-20,Cam Reddish,1629629,-4,40.0,22.0,2.0,0.571
2019-20,Cam Reddish,1629629,3,34.0,11.0,0.0,0.385
2019-20,Cam Reddish,1629629,8,28.0,28.0,2.0,0.647
2019-20,Cameron Johnson,1629661,0,24.0,12.0,2.0,0.625
2019-20,Cameron Johnson,1629661,3,36.5,20.0,3.0,0.49150000000000005
2019-20,Cameron Johnson,1629661,6,37.0,8.0,2.0,0.3
2019-20,Cameron Johnson,1629661,7,28.5,10.0,0.0,0.5665
2019-20,Cameron Johnson,1629661,12,30.0,15.0,3.0,0.636
2019-20,Cameron Johnson,1629661,15,32.0,18.0,3.0,0.545
2019-20,Cameron Johnson,1629661,36,36.0,14.0,3.0,0.385
2019-20,Cameron Payne,1626166,-5,21.0,15.0,3.0,0.667
2019-20,Cameron Payne,1626166,7,21.0,5.0,5.0,0.286
2019-20,Cameron Payne,1626166,14,20.0,12.0,3.0,0.556
2019-20,Cameron Payne,1626166,20,29.0,15.0,2.0,0.625
2019-20,Cameron Payne,1626166,22,32.0,14.0,5.0,0.333
2019-20,Caris LeVert,1627747,-26,27.0,17.0,7.0,0.412
2019-20,Caris LeVert,1627747,-6,27.0,13.0,1.0,0.429
2019-20,Caris LeVert,1627747,-5,37.0,22.0,4.0,0.4
2019-20,Caris LeVert,1627747,-4,27.0,14.0,6.0,0.316
2019-20,Caris LeVert,1627747,1,39.0,34.0,3.0,0.44
2019-20,Caris LeVert,1627747,2,36.0,23.0,5.0,0.5
2019-20,Caris LeVert,1627747,4,32.0,37.0,9.0,0.552
2019-20,Caris LeVert,1627747,14,35.0,27.0,13.0,0.588
2019-20,Caris LeVert,1627747,15,35.0,51.0,5.0,0.654
2019-20,Caris LeVert,1627747,18,31.0,27.0,10.0,0.563
2019-20,Caris LeVert,1627747,24,36.0,22.0,7.0,0.429
2019-20,Carmelo Anthony,2546,-18,23.0,8.0,3.0,0.4
2019-20,Carmelo Anthony,2546,-13,34.0,13.0,2.0,0.357
2019-20,Carmelo Anthony,2546,-8,33.0,7.0,2.0,0.25
2019-20,Carmelo Anthony,2546,-6,33.0,21.0,0.0,0.533
2019-20,Carmelo Anthony,2546,-5,31.0,7.0,0.0,0.25
2019-20,Carmelo Anthony,2546,-2,37.0,21.0,0.0,0.7
2019-20,Carmelo Anthony,2546,3,35.0,15.0,1.0,0.357
2019-20,Carmelo Anthony,2546,4,26.0,10.0,2.0,0.556
2019-20,Carmelo Anthony,2546,12,34.0,26.0,2.0,0.588
2019-20,Carmelo Anthony,2546,13,34.0,15.0,3.0,0.44799999999999995
2019-20,Carmelo Anthony,2546,14,35.0,20.0,0.0,0.462
2019-20,Carmelo Anthony,2546,34,31.0,25.0,1.0,0.615
2019-20,Carsen Edwards,1629035,-5,23.0,8.0,0.0,0.273
2019-20,Cedi Osman,1626224,-13,29.0,9.0,1.0,0.25
2019-20,Cedi Osman,1626224,-12,39.0,14.0,2.0,0.429
2019-20,Cedi Osman,1626224,-6,42.0,13.0,2.0,0.214
2019-20,Cedi Osman,1626224,-4,36.0,19.0,6.0,0.429
2019-20,Cedi Osman,1626224,5,38.0,20.0,1.0,0.583
2019-20,Chimezie Metu,1629002,-12,26.0,10.0,4.0,0.5
2019-20,Chris Boucher,1628449,-8,21.0,19.0,0.0,0.583
2019-20,Chris Boucher,1628449,5,21.0,9.0,0.0,0.375
2019-20,Chris Boucher,1628449,12,29.0,25.0,2.0,0.6
2019-20,Chris Boucher,1628449,13,28.0,19.0,0.0,0.417
2019-20,Chris Chiozza,1629185,-27,24.0,14.0,1.0,0.625
2019-20,Chris Chiozza,1629185,7,21.0,13.0,3.0,0.556
2019-20,Chris Chiozza,1629185,8,21.0,14.0,6.0,0.75
2019-20,Chris Chiozza,1629185,13,21.0,3.0,5.0,0.167
2019-20,Chris Chiozza,1629185,17,31.0,10.0,10.0,0.308
2019-20,Chris Chiozza,1629185,24,29.0,14.0,4.0,0.417
2019-20,Chris Chiozza,1629185,29,20.0,8.0,4.0,0.6
2019-20,Chris Paul,101108,-16,23.0,14.0,7.0,0.333
2019-20,Chris Paul,101108,-13,27.0,17.0,5.0,0.5
2019-20,Chris Paul,101108,-8,38.0,23.0,8.0,0.471
2019-20,Chris Paul,101108,-6,26.5,13.0,5.5,0.394
2019-20,Chris Paul,101108,8,37.0,28.0,7.0,0.474
2019-20,Chris Paul,101108,11,34.0,16.0,6.0,0.7
2019-20,Chris Paul,101108,12,30.0,21.0,12.0,0.615
2019-20,Chris Paul,101108,25,30.0,21.0,6.0,0.667
2019-20,Chris Paul,101108,26,32.0,13.0,9.0,0.444
2019-20,Chris Paul,101108,27,27.0,18.0,7.0,0.636
2019-20,Chris Silva,1629735,-12,24.0,5.0,1.0,0.5
2019-20,Christian Wood,1626174,-8,33.0,22.0,2.0,0.615
2019-20,Christian Wood,1626174,-6,39.0,29.0,3.0,0.75
2019-20,Christian Wood,1626174,-4,38.0,32.0,2.0,0.778
2019-20,Christian Wood,1626174,1,38.0,30.0,2.0,0.542
2019-20,Christian Wood,1626174,3,35.0,20.0,0.0,0.438
2019-20,Coby White,1629632,-4,37.0,26.0,6.0,0.476
2019-20,Coby White,1629632,-3,35.0,21.0,8.0,0.381
2019-20,Coby White,1629632,3,34.0,26.0,6.0,0.5
2019-20,Coby White,1629632,4,32.0,19.0,5.0,0.4
2019-20,Coby White,1629632,9,37.0,20.0,5.0,0.412
2019-20,Cody Martin,1628998,-13,34.0,13.0,4.0,0.75
2019-20,Cody Martin,1628998,-12,32.0,2.0,7.0,1.0
2019-20,Cody Martin,1628998,-4,35.0,11.0,5.0,0.375
2019-20,Cody Martin,1628998,-1,29.0,3.0,9.0,0.167
2019-20,Cody Martin,1628998,2,29.0,11.0,2.0,0.5
2019-20,Cody Martin,1628998,8,32.0,6.0,2.0,0.6
2019-20,Cody Zeller,203469,-16,22.0,10.0,2.0,0.6
2019-20,Cody Zeller,203469,-5,24.0,10.0,2.0,0.333
2019-20,Cody Zeller,203469,8,22.0,14.0,3.0,0.625
2019-20,Cody Zeller,203469,25,27.0,13.0,1.0,0.833
2019-20,Collin Sexton,1629012,-7,44.0,41.0,6.0,0.567
2019-20,Collin Sexton,1629012,-5,39.0,32.0,3.0,0.647
2019-20,Collin Sexton,1629012,2,39.0,26.0,4.0,0.421
2019-20,Collin Sexton,1629012,3,36.0,26.0,5.0,0.75
2019-20,Collin Sexton,1629012,7,40.0,25.0,5.0,0.579
2019-20,Cory Joseph,202709,-21,27.0,4.0,2.0,0.25
2019-20,Cory Joseph,202709,-7,42.0,9.0,8.0,0.5
2019-20,Cory Joseph,202709,-5,24.0,4.0,1.0,0.25
2019-20,Cory Joseph,202709,-2,24.0,4.0,1.0,0.333
2019-20,Cory Joseph,202709,2,26.0,14.0,4.0,0.75
2019-20,Cory Joseph,202709,8,26.0,7.5,4.0,0.4
2019-20,Cory Joseph,202709,10,37.0,8.0,6.0,0.111
2019-20,Courtney Lee,201584,-6,20.0,7.0,1.0,0.5
2019-20,Courtney Lee,201584,-1,26.5,4.5,0.0,0.111
2019-20,Courtney Lee,201584,2,21.0,4.0,0.0,0.5
2019-20,Courtney Lee,201584,4,23.0,8.0,0.0,0.6
2019-20,Courtney Lee,201584,25,29.0,13.0,2.0,0.833
2019-20,D'Angelo Russell,1626156,-14,27.0,14.0,5.5,0.262
2019-20,D'Angelo Russell,1626156,-12,36.0,16.0,7.0,0.333
2019-20,D'Angelo Russell,1626156,2,33.0,28.0,5.0,0.533
2019-20,D'Angelo Russell,1626156,10,34.0,19.0,5.0,0.333
2019-20,D'Angelo Russell,1626156,23,31.0,19.0,4.0,0.429
2019-20,D.J. Augustin,201571,-20,23.0,2.0,7.0,0.143
2019-20,D.J. Augustin,201571,-9,24.0,2.0,5.0,0.25
2019-20,D.J. Augustin,201571,-6,32.0,12.0,5.0,0.25
2019-20,D.J. Augustin,201571,-5,21.5,14.0,4.5,0.4125
2019-20,D.J. Augustin,201571,-2,27.0,13.5,4.5,0.45199999999999996
2019-20,D.J. Augustin,201571,3,28.0,16.0,5.0,0.714
2019-20,D.J. Augustin,201571,4,26.0,11.0,3.0,0.556
2019-20,D.J. Augustin,201571,9,23.0,16.0,4.0,0.417
2019-20,D.J. Augustin,201571,14,26.0,24.0,3.0,0.7
2019-20,D.J. Augustin,201571,16,20.0,10.0,8.0,0.6
2019-20,D.J. Wilson,1628391,-9,30.0,12.0,1.0,0.5
2019-20,D.J. Wilson,1628391,-8,21.0,10.0,1.0,0.4
2019-20,D.J. Wilson,1628391,-3,23.0,11.0,0.0,0.667
2019-20,DaQuan Jeffries,1629610,-8,25.0,2.0,1.0,0.2
2019-20,DaQuan Jeffries,1629610,-4,29.0,13.0,2.0,0.625
2019-20,DaQuan Jeffries,1629610,-3,25.0,7.0,0.0,0.429
2019-20,Damian Lillard,203081,-19,33.0,12.0,6.0,0.267
2019-20,Damian Lillard,203081,-9,39.0,22.0,5.0,0.435
2019-20,Damian Lillard,203081,-6,38.0,24.0,6.0,0.375
2019-20,Damian Lillard,203081,-1,43.0,42.0,12.0,0.591
2019-20,Damian Lillard,203081,2,44.0,29.0,9.0,0.455
2019-20,Damian Lillard,203081,3,41.5,25.5,12.0,0.358
2019-20,Damian Lillard,203081,6,40.0,48.0,9.5,0.595
2019-20,Damian Lillard,203081,8,41.0,61.0,8.0,0.531
2019-20,Damian Lillard,203081,22,31.0,22.0,5.0,0.5
2019-20,Damian Lillard,203081,23,40.0,25.0,7.0,0.471
2019-20,Damion Lee,1627814,-25,30.0,8.0,3.0,0.333
2019-20,Damion Lee,1627814,-2,34.0,10.0,2.0,0.364
2019-20,Damion Lee,1627814,-1,35.0,23.0,3.0,0.471
2019-20,Damion Lee,1627814,1,34.0,24.0,3.0,0.588
2019-20,Damion Lee,1627814,18,33.0,4.0,3.0,0.111
2019-20,Daniel Gafford,1629655,0,24.0,9.0,1.0,0.8
2019-20,Daniel Gafford,1629655,13,20.0,5.0,1.0,1.0
2019-20,Daniel Theis,1628464,-13,31.0,13.0,3.0,0.385
2019-20,Daniel Theis,1628464,-10,27.0,9.0,3.0,1.0
2019-20,Daniel Theis,1628464,-4,30.0,6.0,2.0,0.75
2019-20,Daniel Theis,1628464,0,27.5,13.5,2.5,0.6515
2019-20,Daniel Theis,1628464,2,33.0,20.0,3.0,0.667
2019-20,Daniel Theis,1628464,4,26.0,11.0,2.0,0.8
2019-20,Daniel Theis,1628464,10,21.0,10.0,2.0,0.5
2019-20,Daniel Theis,1628464,19,27.0,12.0,3.0,0.714
2019-20,Daniel Theis,1628464,24,27.0,11.0,3.0,0.571
2019-20,Danilo Gallinari,201568,-25,28.0,15.0,0.0,0.308
2019-20,Danilo Gallinari,201568,-19,21.0,14.0,0.0,0.2
2019-20,Danilo Gallinari,201568,1,29.0,20.0,2.0,0.429
2019-20,Danilo Gallinari,201568,8,34.0,18.0,0.0,0.353
2019-20,Danilo Gallinari,201568,9,33.0,19.0,1.0,0.467
2019-20,Danilo Gallinari,201568,17,21.0,20.0,2.0,0.75
2019-20,Danilo Gallinari,201568,18,25.5,20.5,1.0,0.4615
2019-20,Danny Green,201980,-17,25.0,6.0,0.0,0.333
2019-20,Danny Green,201980,-10,23.5,9.5,1.0,0.5445
2019-20,Danny Green,201980,-3,30.0,11.0,1.0,0.4
2019-20,Danny Green,201980,-2,28.0,6.0,4.0,0.4
2019-20,Danny Green,201980,0,22.0,10.0,1.0,0.444
2019-20,Danny Green,201980,1,21.0,8.0,0.0,0.571
2019-20,Danny Green,201980,3,24.0,0.0,0.0,0.0
2019-20,Danny Green,201980,5,26.0,7.0,2.0,0.429
2019-20,Danny Green,201980,17,30.0,6.0,2.0,0.333
2019-20,Danuel House Jr.,1627863,-22,26.0,3.0,2.0,0.25
2019-20,Danuel House Jr.,1627863,-8,30.0,6.0,3.0,0.286
2019-20,Danuel House Jr.,1627863,-5,30.0,15.666666666666666,1.6666666666666667,0.5096666666666666
2019-20,Danuel House Jr.,1627863,0,42.0,20.0,1.0,0.538
2019-20,Danuel House Jr.,1627863,2,29.0,20.0,1.0,0.467
2019-20,Danuel House Jr.,1627863,12,33.0,14.0,1.0,0.385
2019-20,Danuel House Jr.,1627863,19,31.0,2.0,2.0,0.143
2019-20,Dario Saric,203967,-10,38.0,24.0,2.0,0.563
2019-20,Dario Saric,203967,-8,26.0,13.0,1.0,0.444
2019-20,Dario Saric,203967,-4,22.0,13.0,0.0,0.625
2019-20,Dario Saric,203967,-2,27.0,16.0,3.0,0.667
2019-20,Dario Saric,203967,-1,20.0,16.0,1.0,0.444
2019-20,Dario Saric,203967,0,22.0,16.0,2.0,0.75
2019-20,Dario Saric,203967,2,24.0,18.0,4.0,0.778
2019-20,Dario Saric,203967,3,31.5,20.0,1.0,0.6459999999999999
2019-20,Dario Saric,203967,4,26.0,11.0,1.0,0.429
2019-20,Dario Saric,203967,7,21.0,10.0,1.0,0.4
2019-20,Dario Saric,203967,9,22.0,16.0,2.0,0.583
2019-20,Darius Bazley,1629647,-23,27.0,12.0,2.0,0.286
2019-20,Darius Bazley,1629647,-19,34.0,22.0,3.0,0.5
2019-20,Darius Bazley,1629647,-5,23.0,5.0,0.0,0.4
2019-20,Darius Bazley,1629647,1,26.0,23.0,1.0,0.615
2019-20,Darius Bazley,1629647,2,28.0,10.0,0.0,0.667
2019-20,Darius Bazley,1629647,3,22.0,2.0,1.0,0.0
2019-20,Darius Bazley,1629647,7,30.0,9.0,1.0,0.25
2019-20,Darius Bazley,1629647,20,26.0,21.0,4.0,0.571
2019-20,Davis Bertans,202722,-9,28.0,18.0,1.0,0.462
2019-20,Davis Bertans,202722,-7,27.0,25.0,0.0,0.533
2019-20,Davis Bertans,202722,-5,26.0,17.0,1.0,0.25
2019-20,Davis Bertans,202722,-3,29.0,11.0,3.0,0.333
2019-20,Davis Bertans,202722,1,29.0,21.0,3.0,0.5
2019-20,Davis Bertans,202722,3,30.0,29.0,0.0,0.643
2019-20,De'Aaron Fox,1628368,-25,30.0,28.0,4.0,0.5
2019-20,De'Aaron Fox,1628368,-23,25.0,13.0,3.0,0.5
2019-20,De'Aaron Fox,1628368,-13,36.0,26.0,9.0,0.529
2019-20,De'Aaron Fox,1628368,-12,36.5,31.0,6.5,0.522
2019-20,De'Aaron Fox,1628368,-11,32.0,21.0,7.0,0.467
2019-20,De'Aaron Fox,1628368,2,38.0,28.0,9.0,0.444
2019-20,De'Aaron Fox,1628368,7,31.5,27.0,4.0,0.535
2019-20,De'Aaron Fox,1628368,16,37.0,30.0,10.0,0.571
2019-20,De'Aaron Fox,1628368,25,28.0,14.0,11.0,0.273
2019-20,De'Andre Hunter,1629631,-35,30.0,6.0,3.0,0.273
2019-20,De'Andre Hunter,1629631,-10,36.0,15.0,1.0,0.417
2019-20,De'Andre Hunter,1629631,-8,28.0,6.0,1.0,0.182
2019-20,De'Andre Hunter,1629631,-6,37.0,10.0,2.0,0.364
2019-20,De'Andre Hunter,1629631,3,37.0,13.0,2.0,0.6
2019-20,De'Anthony Melton,1629001,0,26.0,7.0,6.0,0.3
2019-20,De'Anthony Melton,1629001,4,22.0,8.0,3.0,0.375
2019-20,De'Anthony Melton,1629001,5,29.0,7.0,2.0,0.4
2019-20,De'Anthony Melton,1629001,13,22.0,9.0,3.0,0.333
2019-20,De'Anthony Melton,1629001,15,29.0,13.0,3.0,0.5
2019-20,De'Anthony Melton,1629001,17,23.0,11.0,4.0,0.375
2019-20,De'Anthony Melton,1629001,29,23.0,4.0,4.0,0.333
2019-20,DeAndre Jordan,201599,-1,27.0,8.0,1.0,0.571
2019-20,DeAndre Jordan,201599,11,22.0,12.0,1.0,0.5
2019-20,DeAndre Jordan,201599,12,28.0,11.0,4.0,0.8
2019-20,DeAndre Jordan,201599,29,35.0,8.0,1.0,0.75
2019-20,DeMar DeRozan,201942,-22,30.0,24.0,9.0,0.769
2019-20,DeMar DeRozan,201942,-8,42.0,25.0,4.0,0.368
2019-20,DeMar DeRozan,201942,-7,38.0,10.0,7.0,0.4
2019-20,DeMar DeRozan,201942,-6,32.0,18.0,8.0,0.455
2019-20,DeMar DeRozan,201942,-4,33.0,14.0,7.0,0.5
2019-20,DeMar DeRozan,201942,-3,32.5,21.0,7.0,0.5025000000000001
2019-20,DeMar DeRozan,201942,5,29.0,13.0,5.0,0.4
2019-20,DeMar DeRozan,201942,6,33.0,27.0,2.0,0.625
2019-20,DeMar DeRozan,201942,7,37.0,27.0,10.0,0.769
2019-20,DeMar DeRozan,201942,9,35.0,13.0,12.0,0.417
2019-20,DeMar DeRozan,201942,19,28.0,23.0,4.0,0.692
2019-20,DeMarre Carroll,201960,-29,24.0,5.0,1.0,0.4
2019-20,DeMarre Carroll,201960,-7,21.0,6.0,3.0,0.4
2019-20,Deandre Ayton,1629028,-15,38.0,13.0,1.0,0.357
2019-20,Deandre Ayton,1629028,-6,21.0,7.0,0.0,0.375
2019-20,Deandre Ayton,1629028,-2,37.0,19.0,4.0,0.5
2019-20,Deandre Ayton,1629028,5,33.0,15.5,1.5,0.5055000000000001
2019-20,Deandre Ayton,1629028,6,36.0,18.0,2.0,0.467
2019-20,Deandre Ayton,1629028,12,34.0,24.0,3.0,0.786
2019-20,Deandre Ayton,1629028,19,26.0,11.0,3.0,0.5
2019-20,Dejounte Murray,1627749,-31,25.0,6.0,3.0,0.188
2019-20,Dejounte Murray,1627749,-19,25.0,4.0,3.0,0.25
2019-20,Dejounte Murray,1627749,-13,25.0,11.0,4.0,0.5
2019-20,Dejounte Murray,1627749,-9,21.0,11.0,4.0,0.455
2019-20,Dejounte Murray,1627749,-3,29.0,13.0,2.0,0.286
2019-20,Dejounte Murray,1627749,1,32.0,18.0,2.0,0.357
2019-20,Dejounte Murray,1627749,3,29.0,19.0,6.0,0.5435
2019-20,Dejounte Murray,1627749,4,36.0,12.0,7.0,0.357
2019-20,Dejounte Murray,1627749,6,33.0,21.0,3.0,0.474
2019-20,Dejounte Murray,1627749,11,31.0,11.0,6.0,0.4
2019-20,Dejounte Murray,1627749,15,29.0,11.0,7.0,0.5
2019-20,Delon Wright,1626153,-11,22.0,7.0,1.0,0.6
2019-20,Delon Wright,1626153,-8,25.5,3.0,2.5,0.1
2019-20,Delon Wright,1626153,-5,21.0,4.0,4.0,0.5
2019-20,Delon Wright,1626153,4,23.0,1.0,5.0,0.0
2019-20,Delon Wright,1626153,5,31.0,4.0,6.0,0.222
2019-20,Delon Wright,1626153,11,24.0,10.0,5.0,0.6
2019-20,Delon Wright,1626153,14,29.0,11.0,5.0,0.667
2019-20,Delon Wright,1626153,27,28.0,10.0,4.0,0.375
2019-20,Dennis Schroder,203471,-17,30.0,24.0,0.0,0.474
2019-20,Dennis Schroder,203471,-10,25.0,17.0,4.0,0.5
2019-20,Dennis Schroder,203471,-4,21.0,13.0,2.0,0.625
2019-20,Dennis Schroder,203471,-3,34.0,27.0,6.0,0.476
2019-20,Dennis Schroder,203471,0,30.0,23.0,9.0,0.5
2019-20,Dennis Schroder,203471,21,29.0,16.0,3.0,0.313
2019-20,Denzel Valentine,1627756,-19,22.0,9.0,3.0,0.4
2019-20,Denzel Valentine,1627756,-6,24.0,15.0,2.0,0.41000000000000003
2019-20,Denzel Valentine,1627756,8,22.0,15.0,2.0,0.5
2019-20,Deonte Burton,1629126,-18,32.0,2.0,0.0,0.0
2019-20,Deonte Burton,1629126,0,29.0,6.0,5.0,0.273
2019-20,Derrick Favors,202324,-21,21.0,12.0,2.0,0.714
2019-20,Derrick Favors,202324,-9,28.0,2.0,1.0,0.333
2019-20,Derrick Favors,202324,-8,27.0,12.0,0.0,0.417
2019-20,Derrick Favors,202324,-5,29.0,12.0,1.0,0.625
2019-20,Derrick Favors,202324,-4,22.0,6.0,1.0,0.75
2019-20,Derrick Favors,202324,-2,26.0,10.0,1.0,0.833
2019-20,Derrick Favors,202324,7,23.0,10.0,1.0,0.625
2019-20,Derrick Favors,202324,8,28.0,2.0,0.0,0.25
2019-20,Derrick Favors,202324,10,31.0,10.0,2.0,0.625
2019-20,Derrick Favors,202324,12,25.0,6.0,1.0,0.6
2019-20,Derrick Favors,202324,24,21.0,9.0,0.0,0.667
2019-20,Derrick Jones Jr.,1627884,-6,23.0,7.0,1.0,0.5
2019-20,Derrick Jones Jr.,1627884,-5,20.0,9.0,2.0,0.667
2019-20,Derrick Jones Jr.,1627884,-4,29.0,23.0,1.0,0.769
2019-20,Derrick Jones Jr.,1627884,0,20.0,6.0,0.0,0.667
2019-20,Derrick Jones Jr.,1627884,2,21.0,18.0,0.0,0.818
2019-20,Derrick Jones Jr.,1627884,3,24.0,2.0,0.0,0.5
2019-20,Derrick Jones Jr.,1627884,10,30.0,4.0,3.0,0.333
2019-20,Derrick White,1628401,-7,24.0,17.0,3.0,0.571
2019-20,Derrick White,1628401,-5,33.0,23.0,7.0,0.4
2019-20,Derrick White,1628401,-3,33.0,16.0,7.0,0.333
2019-20,Derrick White,1628401,-1,27.0,19.0,2.0,0.5
2019-20,Derrick White,1628401,2,25.0,7.0,6.0,0.222
2019-20,Derrick White,1628401,4,28.0,20.0,3.0,0.545
2019-20,Derrick White,1628401,6,22.0,6.0,5.0,0.667
2019-20,Derrick White,1628401,12,20.0,16.0,3.0,0.545
2019-20,Derrick White,1628401,15,33.0,24.0,4.0,0.533
2019-20,Derrick White,1628401,16,35.0,14.0,9.0,0.455
2019-20,Derrick White,1628401,19,33.0,26.0,5.0,0.533
2019-20,Devin Booker,1626164,-16,37.0,22.0,10.0,0.357
2019-20,Devin Booker,1626164,-8,31.0,30.0,4.0,0.5
2019-20,Devin Booker,1626164,-7,35.0,29.0,9.0,0.36
2019-20,Devin Booker,1626164,-3,38.0,23.0,12.0,0.4
2019-20,Devin Booker,1626164,-1,35.0,35.0,6.0,0.577
2019-20,Devin Booker,1626164,0,37.0,35.0,8.0,0.52
2019-20,Devin Booker,1626164,8,39.0,36.0,8.0,0.765
2019-20,Devin Booker,1626164,12,29.0,20.0,10.0,0.5
2019-20,Devin Booker,1626164,14,40.0,35.0,7.0,0.458
2019-20,Devin Booker,1626164,15,29.0,35.0,4.0,0.529
2019-20,Devin Booker,1626164,24,35.0,27.0,4.0,0.381
2019-20,Devin Booker,1626164,30,31.0,27.0,5.0,0.55
2019-20,Devon Hall,1628985,-1,24.0,12.0,4.0,0.333
2019-20,Devonte' Graham,1628984,-14,32.0,17.0,3.0,0.389
2019-20,Devonte' Graham,1628984,-5,46.0,27.0,10.0,0.346
2019-20,Devonte' Graham,1628984,3,36.0,30.0,6.0,0.579
2019-20,Devonte' Graham,1628984,5,34.0,24.0,7.0,0.533
2019-20,Devonte' Graham,1628984,18,31.0,23.0,6.0,0.583
2019-20,Dewayne Dedmon,203473,-17,21.0,6.0,0.0,0.091
2019-20,Dewayne Dedmon,203473,-11,27.0,6.0,1.0,0.375
2019-20,Dewayne Dedmon,203473,20,27.0,14.0,2.0,0.462
2019-20,Dillon Brooks,1628415,-24,30.0,15.0,2.0,0.385
2019-20,Dillon Brooks,1628415,-13,34.0,25.0,2.0,0.423
2019-20,Dillon Brooks,1628415,-12,32.0,14.0,3.0,0.333
2019-20,Dillon Brooks,1628415,-11,35.0,15.0,4.0,0.375
2019-20,Dillon Brooks,1628415,-4,33.0,21.0,1.0,0.438
2019-20,Dillon Brooks,1628415,-3,31.0,23.0,1.0,0.412
2019-20,Dillon Brooks,1628415,-1,31.0,15.0,3.0,0.385
2019-20,Dillon Brooks,1628415,0,35.0,16.0,3.0,0.35
2019-20,Dillon Brooks,1628415,8,25.0,17.5,2.0,0.42500000000000004
2019-20,Dillon Brooks,1628415,15,21.0,12.0,1.0,0.455
2019-20,Dillon Brooks,1628415,20,27.0,13.0,2.0,0.267
2019-20,Dillon Brooks,1628415,27,32.0,31.0,2.0,0.667
2019-20,Dion Waiters,203079,-14,24.0,8.0,0.0,0.2
2019-20,Dion Waiters,203079,-9,25.0,14.0,2.0,0.385
2019-20,Dion Waiters,203079,-1,25.0,19.0,5.0,0.533
2019-20,Dion Waiters,203079,5,27.0,12.0,3.0,0.625
2019-20,Dion Waiters,203079,8,21.0,12.0,2.0,0.364
2019-20,Dion Waiters,203079,17,21.0,11.0,2.0,0.5
2019-20,Domantas Sabonis,1627734,-38,36.0,15.0,7.0,0.375
2019-20,Domantas Sabonis,1627734,-1,36.0,24.0,3.0,0.714
2019-20,Domantas Sabonis,1627734,3,41.0,20.0,6.0,0.615
2019-20,Domantas Sabonis,1627734,5,41.0,28.0,8.0,0.565
2019-20,Domantas Sabonis,1627734,9,35.0,14.0,5.0,0.364
2019-20,Donovan Mitchell,1628378,-30,34.0,11.0,3.0,0.25
2019-20,Donovan Mitchell,1628378,-20,32.0,11.0,2.0,0.2
2019-20,Donovan Mitchell,1628378,-8,31.0,13.0,4.0,0.333
2019-20,Donovan Mitchell,1628378,-4,35.0,33.0,4.0,0.409
2019-20,Donovan Mitchell,1628378,2,47.0,35.0,8.0,0.364
2019-20,Donovan Mitchell,1628378,7,35.0,20.0,5.0,0.429
2019-20,Donovan Mitchell,1628378,9,33.0,25.0,1.0,0.571
2019-20,Donovan Mitchell,1628378,13,33.0,23.0,8.0,0.429
2019-20,Donovan Mitchell,1628378,21,34.0,19.0,4.0,0.467
2019-20,Donovan Mitchell,1628378,22,37.0,18.0,6.0,0.389
2019-20,Donta Hall,1629743,-6,20.0,4.0,0.0,0.5
2019-20,Donta Hall,1629743,3,30.0,10.0,1.0,0.714
2019-20,Donte DiVincenzo,1628978,-14,24.0,17.0,4.0,0.538
2019-20,Donte DiVincenzo,1628978,-10,26.0,11.0,3.0,0.667
2019-20,Donte DiVincenzo,1628978,-3,23.0,9.0,1.0,0.4
2019-20,Donte DiVincenzo,1628978,0,24.0,11.0,6.0,0.5
2019-20,Donte DiVincenzo,1628978,5,22.0,1.0,0.0,0.0
2019-20,Donte DiVincenzo,1628978,8,28.0,16.0,4.0,0.636
2019-20,Donte DiVincenzo,1628978,10,27.0,6.0,1.0,0.222
2019-20,Donte DiVincenzo,1628978,11,23.0,19.0,3.0,0.5
2019-20,Donte DiVincenzo,1628978,13,26.0,10.0,3.0,0.5
2019-20,Donte DiVincenzo,1628978,14,27.0,2.0,5.0,0.2
2019-20,Dorian Finney-Smith,1627827,-24,36.0,12.0,3.0,0.556
2019-20,Dorian Finney-Smith,1627827,-1,37.0,15.0,0.0,0.6
2019-20,Dorian Finney-Smith,1627827,0,31.0,5.0,1.0,0.25
2019-20,Dorian Finney-Smith,1627827,1,43.0,27.0,5.0,0.526
2019-20,Dorian Finney-Smith,1627827,3,29.5,12.0,4.0,0.493
2019-20,Dorian Finney-Smith,1627827,9,29.0,15.0,1.0,0.75
2019-20,Dorian Finney-Smith,1627827,13,41.0,16.0,1.0,0.308
2019-20,Dorian Finney-Smith,1627827,35,30.0,9.0,4.0,0.667
2019-20,Doug McDermott,203926,-11,21.0,9.0,1.0,0.364
2019-20,Doug McDermott,203926,10,21.0,23.0,0.0,0.5
2019-20,Doug McDermott,203926,18,24.0,16.0,4.0,0.857
2019-20,Dragan Bender,1627733,-7,25.0,23.0,3.0,0.667
2019-20,Dragan Bender,1627733,4,22.0,14.0,2.0,0.556
2019-20,Drew Eubanks,1629234,-15,23.0,8.0,0.0,0.5
2019-20,Drew Eubanks,1629234,-10,27.0,8.0,3.0,0.167
2019-20,Drew Eubanks,1629234,2,23.0,8.0,3.0,0.667
2019-20,Drew Eubanks,1629234,7,21.0,6.0,1.0,0.5
2019-20,Duncan Robinson,1629130,-20,33.0,21.0,1.0,0.636
2019-20,Duncan Robinson,1629130,-12,37.0,25.0,3.0,0.467
2019-20,Duncan Robinson,1629130,-1,22.0,3.0,0.0,0.2
2019-20,Duncan Robinson,1629130,2,35.0,12.0,2.0,0.231
2019-20,Duncan Robinson,1629130,6,33.0,9.0,0.0,0.375
2019-20,Duncan Robinson,1629130,7,36.0,27.0,0.0,0.75
2019-20,Duncan Robinson,1629130,13,29.0,21.0,2.0,0.5
2019-20,Duncan Robinson,1629130,15,39.0,24.0,4.0,0.571
2019-20,Duncan Robinson,1629130,24,31.0,14.0,0.0,0.455
2019-20,Duncan Robinson,1629130,26,38.0,23.0,2.0,0.667
2019-20,Duncan Robinson,1629130,28,33.0,17.0,1.0,0.556
2019-20,Dwight Howard,2730,-11,20.0,8.0,1.0,0.5
2019-20,Dwight Howard,2730,8,22.0,8.0,1.0,0.667
2019-20,Dzanan Musa,1629058,15,35.0,17.0,6.0,0.333
2019-20,E'Twaun Moore,202734,-15,24.0,14.0,3.0,0.545
2019-20,Edmond Sumner,1628410,7,24.0,12.0,5.0,0.455
2019-20,Edmond Sumner,1628410,13,24.0,17.0,4.0,0.545
2019-20,Edmond Sumner,1628410,15,30.0,7.0,6.0,0.429
2019-20,Elfrid Payton,203901,-11,30.0,18.0,8.0,0.583
2019-20,Elfrid Payton,203901,-3,28.0,20.0,9.0,0.615
2019-20,Elfrid Payton,203901,7,30.0,16.0,6.0,0.636
2019-20,Elfrid Payton,203901,11,34.0,11.0,12.0,0.5
2019-20,Emmanuel Mudiay,1626144,-20,26.0,14.0,4.0,0.5
2019-20,Emmanuel Mudiay,1626144,-14,28.0,14.0,5.0,0.308
2019-20,Eric Bledsoe,202339,-17,20.0,3.0,5.0,0.143
2019-20,Eric Bledsoe,202339,-13,30.0,15.0,4.0,0.6
2019-20,Eric Bledsoe,202339,-8,34.0,28.0,7.0,0.632
2019-20,Eric Bledsoe,202339,-6,30.0,11.0,8.0,0.364
2019-20,Eric Bledsoe,202339,-1,28.0,11.0,3.0,0.385
2019-20,Eric Bledsoe,202339,2,21.0,7.0,4.0,0.6
2019-20,Eric Bledsoe,202339,6,22.0,4.0,2.0,0.25
2019-20,Eric Bledsoe,202339,10,27.0,16.0,7.0,0.556
2019-20,Eric Bledsoe,202339,12,23.0,9.0,5.0,0.375
2019-20,Eric Gordon,201569,-18,23.0,5.0,0.0,0.25
2019-20,Eric Gordon,201569,-12,23.0,13.0,2.0,0.4
2019-20,Eric Gordon,201569,-6,21.0,12.0,1.5,0.34850000000000003
2019-20,Eric Gordon,201569,4,29.0,16.0,1.0,0.333
2019-20,Eric Paschall,1629672,-28,32.0,12.0,7.0,0.333
2019-20,Eric Paschall,1629672,-6,33.0,17.0,6.0,0.5
2019-20,Eric Paschall,1629672,7,33.5,19.0,6.5,0.6074999999999999
2019-20,Eric Paschall,1629672,8,29.0,23.0,6.0,0.667
2019-20,Ersan Ilyasova,101141,-12,23.0,11.0,2.0,0.667
2019-20,Ersan Ilyasova,101141,6,21.0,3.0,0.0,0.167
2019-20,Evan Fournier,203095,-15,29.0,13.0,3.0,0.357
2019-20,Evan Fournier,203095,-6,32.0,7.0,3.0,0.2
2019-20,Evan Fournier,203095,-5,32.0,15.0,3.0,0.364
2019-20,Evan Fournier,203095,5,32.0,19.5,2.0,0.5555
2019-20,Evan Fournier,203095,19,21.0,4.0,2.0,0.333
2019-20,Evan Fournier,203095,26,24.0,24.0,5.0,0.667
2019-20,Frank Jackson,1628402,-8,36.0,31.0,5.0,0.5
2019-20,Frank Jackson,1628402,-2,22.5,15.0,2.5,0.649
2019-20,Frank Jackson,1628402,-1,21.0,8.0,1.0,0.25
2019-20,Frank Jackson,1628402,4,22.0,11.0,6.0,0.333
2019-20,Frank Jackson,1628402,30,20.0,13.0,2.0,0.6
2019-20,Frank Mason III,1628412,-16,29.0,9.0,5.0,0.333
2019-20,Frank Mason III,1628412,0,21.0,19.0,6.0,0.7
2019-20,Frank Mason III,1628412,5,25.0,18.0,8.0,0.538
2019-20,Frank Ntilikina,1628373,-10,23.0,8.0,2.0,0.143
2019-20,Frank Ntilikina,1628373,-2,28.0,11.0,4.0,0.5
2019-20,Frank Ntilikina,1628373,17,29.0,20.0,10.0,0.667
2019-20,Fred VanVleet,1627832,-22,30.0,13.0,4.0,0.286
2019-20,Fred VanVleet,1627832,-11,25.0,10.0,6.0,0.273
2019-20,Fred VanVleet,1627832,1,42.0,36.0,4.0,0.5
2019-20,Fred VanVleet,1627832,8,35.0,14.0,5.0,0.571
2019-20,Fred VanVleet,1627832,11,34.0,21.0,10.0,0.615
2019-20,Fred VanVleet,1627832,26,40.0,13.0,11.0,0.455
2019-20,Furkan Korkmaz,1627788,-16,31.0,12.0,0.0,0.273
2019-20,Furkan Korkmaz,1627788,-8,28.0,8.0,3.0,0.222
2019-20,Furkan Korkmaz,1627788,-5,29.0,21.0,4.0,0.5
2019-20,Furkan Korkmaz,1627788,-3,24.0,7.0,3.0,0.286
2019-20,Furkan Korkmaz,1627788,-2,24.0,3.0,1.0,0.2
2019-20,Furkan Korkmaz,1627788,0,23.0,11.0,2.0,0.4
2019-20,Furkan Korkmaz,1627788,4,21.0,12.0,0.0,0.429
2019-20,Furkan Korkmaz,1627788,15,20.0,17.0,2.0,0.714
2019-20,Garrett Temple,202066,-14,23.0,3.0,1.0,0.2
2019-20,Garrett Temple,202066,-7,22.0,4.0,4.0,0.167
2019-20,Garrett Temple,202066,-5,25.0,12.0,3.0,0.571
2019-20,Garrett Temple,202066,3,36.0,19.0,2.0,0.429
2019-20,Garrett Temple,202066,5,26.0,19.0,4.0,0.467
2019-20,Garrett Temple,202066,12,32.0,12.0,2.5,0.30000000000000004
2019-20,Gary Clark,1629109,-15,23.0,2.0,0.0,0.5
2019-20,Gary Clark,1629109,-7,25.0,3.0,0.0,0.2
2019-20,Gary Clark,1629109,-3,28.0,5.0,1.0,0.667
2019-20,Gary Clark,1629109,-1,29.0,8.0,0.0,0.429
2019-20,Gary Clark,1629109,4,33.0,15.0,0.0,0.625
2019-20,Gary Harris,203914,-18,25.0,8.0,1.0,0.6
2019-20,Gary Harris,203914,-10,34.0,8.0,4.0,0.571
2019-20,Gary Harris,203914,-2,30.0,18.0,1.0,0.875
2019-20,Gary Harris,203914,3,34.0,14.0,2.0,0.455
2019-20,Gary Harris,203914,6,32.0,15.0,2.0,0.556
2019-20,Gary Harris,203914,14,29.0,15.0,3.0,0.857
2019-20,Gary Trent Jr.,1629018,-9,27.5,18.0,0.5,0.547
2019-20,Gary Trent Jr.,1629018,-6,36.0,16.0,1.0,0.462
2019-20,Gary Trent Jr.,1629018,-5,21.0,9.0,0.0,0.4
2019-20,Gary Trent Jr.,1629018,-4,28.0,2.0,4.0,0.143
2019-20,Gary Trent Jr.,1629018,-3,33.0,5.0,1.0,0.25
2019-20,Gary Trent Jr.,1629018,7,35.0,16.0,0.0,0.455
2019-20,Gary Trent Jr.,1629018,8,33.5,22.5,1.5,0.573
2019-20,Gary Trent Jr.,1629018,19,36.0,27.0,4.0,0.667
2019-20,Gary Trent Jr.,1629018,20,26.0,17.0,2.0,0.625
2019-20,Gary Trent Jr.,1629018,24,35.0,11.0,1.0,0.455
2019-20,George Hill,201588,-13,24.0,12.0,3.0,0.556
2019-20,George Hill,201588,-4,27.0,7.0,4.0,0.4
2019-20,George Hill,201588,-3,26.0,5.0,5.0,0.333
2019-20,George Hill,201588,2,24.0,10.0,4.0,0.34850000000000003
2019-20,George Hill,201588,10,28.0,9.0,3.0,0.333
2019-20,George Hill,201588,17,22.0,5.0,6.0,0.25
2019-20,Georges Niang,1627777,-7,25.0,7.0,2.0,0.3
2019-20,Georges Niang,1627777,-2,27.0,7.0,2.0,0.273
2019-20,Georges Niang,1627777,13,22.0,13.0,2.0,0.5
2019-20,Giannis Antetokounmpo,203507,-16,31.5,23.5,2.0,0.4165
2019-20,Giannis Antetokounmpo,203507,-11,35.0,32.0,6.0,0.476
2019-20,Giannis Antetokounmpo,203507,1,32.0,36.0,8.0,0.56
2019-20,Giannis Antetokounmpo,203507,15,30.0,33.0,4.0,0.765
2019-20,Giannis Antetokounmpo,203507,18,32.0,36.0,7.0,0.7
2019-20,Giannis Antetokounmpo,203507,22,34.0,41.0,6.0,0.607
2019-20,Giannis Antetokounmpo,203507,26,28.0,29.0,6.0,0.435
2019-20,Glenn Robinson III,203922,-9,28.0,15.0,3.0,0.8
2019-20,Glenn Robinson III,203922,-7,25.0,15.0,0.0,0.556
2019-20,Glenn Robinson III,203922,-2,29.5,15.0,1.0,0.5
2019-20,Goran Dragic,201609,-13,26.0,3.0,5.0,0.111
2019-20,Goran Dragic,201609,0,23.0,11.0,3.0,0.3
2019-20,Goran Dragic,201609,3,27.0,17.5,3.0,0.4165
2019-20,Goran Dragic,201609,6,21.0,16.0,6.0,0.583
2019-20,Goran Dragic,201609,10,23.0,13.0,5.0,0.286
2019-20,Goran Dragic,201609,14,29.0,15.0,4.0,0.333
2019-20,Goran Dragic,201609,15,29.0,25.0,7.0,0.5880000000000001
2019-20,Goran Dragic,201609,22,30.0,11.0,9.0,0.313
2019-20,Gordon Hayward,202330,-9,36.0,15.0,3.0,0.385
2019-20,Gordon Hayward,202330,-4,35.0,22.0,5.5,0.47750000000000004
2019-20,Gordon Hayward,202330,-2,31.0,19.0,5.0,0.438
2019-20,Gordon Hayward,202330,9,36.5,26.5,4.0,0.6335
2019-20,Gordon Hayward,202330,13,37.0,24.0,4.0,0.474
2019-20,Gordon Hayward,202330,20,30.0,9.0,2.0,0.571
2019-20,Gordon Hayward,202330,30,31.0,18.0,3.0,0.333
2019-20,Gorgui Dieng,203476,7,22.0,10.0,0.0,0.333
2019-20,Gorgui Dieng,203476,11,22.0,12.0,0.0,0.75
2019-20,Gorgui Dieng,203476,33,26.0,17.0,1.0,0.75
2019-20,Grant Williams,1629684,-8,22.0,4.0,2.0,0.333
2019-20,Grant Williams,1629684,-4,24.0,7.0,2.0,0.286
2019-20,Grant Williams,1629684,-3,26.0,8.0,1.0,0.667
2019-20,Grayson Allen,1628960,-18,26.0,20.0,1.0,0.7
2019-20,Grayson Allen,1628960,-13,33.0,20.0,1.0,0.429
2019-20,Grayson Allen,1628960,-12,28.0,12.0,2.0,0.357
2019-20,Grayson Allen,1628960,-1,31.0,17.0,2.0,0.6
2019-20,Grayson Allen,1628960,0,21.0,5.0,0.0,0.5
2019-20,Grayson Allen,1628960,1,27.0,9.0,0.0,0.667
2019-20,Grayson Allen,1628960,4,27.0,15.0,2.0,0.556
2019-20,Grayson Allen,1628960,14,23.0,11.0,1.0,0.375
2019-20,Hamidou Diallo,1628977,-18,22.0,7.0,2.0,0.273
2019-20,Hamidou Diallo,1628977,-16,22.0,9.0,1.0,0.308
2019-20,Hamidou Diallo,1628977,-4,39.0,27.0,1.0,0.455
2019-20,Hamidou Diallo,1628977,1,20.0,9.0,1.0,0.5
2019-20,Hamidou Diallo,1628977,2,25.0,13.0,2.0,0.714
2019-20,Hamidou Diallo,1628977,11,24.0,11.0,1.0,0.444
2019-20,Hamidou Diallo,1628977,14,25.0,12.0,0.0,0.625
2019-20,Hamidou Diallo,1628977,19,24.0,2.0,4.0,0.2
2019-20,Harrison Barnes,203084,-37,24.0,12.0,0.0,0.5
2019-20,Harrison Barnes,203084,-21,25.0,11.0,0.0,0.455
2019-20,Harrison Barnes,203084,-16,36.5,12.5,3.0,0.65
2019-20,Harrison Barnes,203084,-8,33.5,11.0,1.0,0.4165
2019-20,Harrison Barnes,203084,-6,31.0,10.0,4.0,0.5
2019-20,Harrison Barnes,203084,-3,33.0,9.0,3.0,0.3
2019-20,Harrison Barnes,203084,0,35.0,10.0,4.0,0.333
2019-20,Harrison Barnes,203084,2,37.0,25.0,2.0,0.474
2019-20,Harrison Barnes,203084,8,24.0,3.0,0.0,0.2
2019-20,Harrison Barnes,203084,10,33.0,22.0,2.0,0.5
2019-20,Harrison Barnes,203084,17,35.0,20.0,1.0,0.538
2019-20,Harry Giles III,1628385,-5,20.0,12.0,0.0,0.556
2019-20,Harry Giles III,1628385,-2,24.0,12.0,3.0,0.353
2019-20,Harry Giles III,1628385,0,26.0,13.0,1.0,0.714
2019-20,Hassan Whiteside,202355,-18,30.0,19.0,0.0,0.727
2019-20,Hassan Whiteside,202355,0,40.0,23.0,1.0,0.786
2019-20,Hassan Whiteside,202355,16,26.0,16.0,1.0,0.5
2019-20,Hassan Whiteside,202355,17,36.0,16.0,1.0,0.667
2019-20,Hassan Whiteside,202355,29,34.0,24.0,2.0,0.714
2019-20,Isaac Bonga,1629067,-15,30.0,10.0,2.0,0.833
2019-20,Isaac Bonga,1629067,-11,25.0,11.5,1.5,0.375
2019-20,Isaac Bonga,1629067,-9,25.0,4.0,1.0,0.25
2019-20,Isaac Bonga,1629067,-7,24.0,7.0,2.0,0.25
2019-20,Isaac Bonga,1629067,-5,27.0,6.0,0.0,0.6
2019-20,Isaac Bonga,1629067,1,29.0,6.0,4.0,0.286
2019-20,Isaac Bonga,1629067,3,35.0,8.0,3.0,0.5
2019-20,Isaac Bonga,1629067,8,27.0,7.0,3.0,0.6
2019-20,Isaac Bonga,1629067,15,21.0,6.0,1.0,0.5
2019-20,Ish Smith,202397,-13,21.0,12.0,4.0,0.385
2019-20,Ish Smith,202397,-11,20.0,13.0,5.0,0.833
2019-20,Ish Smith,202397,-9,21.0,10.0,4.0,0.429
2019-20,Ish Smith,202397,-7,25.0,19.0,5.0,0.533
2019-20,Ish Smith,202397,-4,27.0,14.0,5.0,0.417
2019-20,Ish Smith,202397,-3,26.0,17.0,7.0,0.444
2019-20,Ish Smith,202397,-2,30.0,12.0,6.0,0.357
2019-20,Ish Smith,202397,-1,31.0,18.0,10.0,0.438
2019-20,Ish Smith,202397,1,20.0,6.0,5.0,0.333
2019-20,Ish Smith,202397,8,30.0,11.0,8.0,0.385
2019-20,Ivica Zubac,1627826,-9,24.0,8.0,2.0,0.5
2019-20,Ivica Zubac,1627826,-4,24.0,9.0,4.0,0.4
2019-20,Ivica Zubac,1627826,5,21.0,15.0,2.0,0.778
2019-20,Ivica Zubac,1627826,8,24.0,21.0,1.0,1.0
2019-20,Ivica Zubac,1627826,13,24.0,18.0,0.0,0.778
2019-20,Ivica Zubac,1627826,23,20.0,17.0,0.0,1.0
2019-20,Ivica Zubac,1627826,33,24.0,6.0,3.0,0.5
2019-20,J.J. Barea,200826,1,26.0,18.0,8.0,0.538
2019-20,JJ Redick,200755,-15,22.0,18.0,1.0,0.545
2019-20,JJ Redick,200755,-6,31.0,31.0,3.0,0.625
2019-20,JJ Redick,200755,-3,29.0,16.0,2.0,0.455
2019-20,JJ Redick,200755,3,29.0,15.0,2.0,0.357
2019-20,JJ Redick,200755,8,26.0,21.0,3.0,0.467
2019-20,JR Smith,2747,-15,25.0,11.0,2.0,0.5
2019-20,Ja Morant,1629630,-27,32.0,11.0,8.0,0.364
2019-20,Ja Morant,1629630,-16,37.0,20.0,9.0,0.533
2019-20,Ja Morant,1629630,-12,39.0,11.0,8.0,0.238
2019-20,Ja Morant,1629630,-8,42.0,26.0,13.0,0.538
2019-20,Ja Morant,1629630,-5,40.0,17.0,10.0,0.368
2019-20,Ja Morant,1629630,-2,24.0,13.0,5.0,0.6
2019-20,Ja Morant,1629630,1,36.0,25.0,9.0,0.556
2019-20,Ja Morant,1629630,4,37.5,21.5,8.0,0.378
2019-20,Ja Morant,1629630,12,31.0,19.0,9.0,0.417
2019-20,Ja Morant,1629630,15,32.5,18.0,8.0,0.48050000000000004
2019-20,Ja Morant,1629630,20,28.0,15.0,5.0,0.4
2019-20,JaKarr Sampson,203960,5,23.0,10.0,2.0,0.556
2019-20,JaMychal Green,203210,-15,23.0,10.0,1.0,0.667
2019-20,JaMychal Green,203210,-8,21.0,3.0,1.0,0.5
2019-20,JaMychal Green,203210,-3,24.0,12.0,2.0,0.598
2019-20,JaMychal Green,203210,-2,27.0,13.0,0.0,0.455
2019-20,JaMychal Green,203210,0,21.0,8.0,1.0,0.375
2019-20,JaMychal Green,203210,2,28.0,8.0,0.0,0.5
2019-20,JaMychal Green,203210,13,20.0,13.0,0.0,0.429
2019-20,JaVale McGee,201580,-20,20.0,8.0,1.0,0.667
2019-20,JaVale McGee,201580,-6,22.0,6.0,2.0,0.75
2019-20,JaVale McGee,201580,6,24.0,8.0,0.0,0.667
2019-20,JaVale McGee,201580,9,20.0,5.0,0.0,0.4
2019-20,Jabari Parker,203953,13,29.0,19.0,6.0,0.9
2019-20,Jae Crowder,203109,-28,25.0,15.0,1.0,0.625
2019-20,Jae Crowder,203109,-20,31.0,8.0,5.0,0.375
2019-20,Jae Crowder,203109,-14,33.0,16.0,3.0,0.429
2019-20,Jae Crowder,203109,3,29.0,18.0,4.0,0.6
2019-20,Jae Crowder,203109,7,28.0,8.0,0.0,0.6
2019-20,Jae Crowder,203109,8,32.0,3.0,4.0,0.125
2019-20,Jae Crowder,203109,9,27.0,17.0,1.0,0.857
2019-20,Jae Crowder,203109,16,28.0,14.0,4.0,0.625
2019-20,Jae Crowder,203109,18,29.0,9.0,1.0,0.75
2019-20,Jahlil Okafor,1626143,3,25.0,21.0,1.0,0.818
2019-20,Jakob Poeltl,1627751,-12,26.0,2.0,1.0,0.2
2019-20,Jakob Poeltl,1627751,-4,24.0,4.0,3.0,0.5
2019-20,Jakob Poeltl,1627751,-1,21.0,10.0,3.0,0.833
2019-20,Jakob Poeltl,1627751,4,22.0,4.0,1.0,0.5
2019-20,Jakob Poeltl,1627751,7,31.0,7.0,3.0,0.429
2019-20,Jakob Poeltl,1627751,17,30.0,19.0,2.0,0.75
2019-20,Jakob Poeltl,1627751,25,23.5,10.0,0.5,0.9285
2019-20,Jalen McDaniels,1629667,-8,28.0,11.0,1.0,0.5
2019-20,Jalen McDaniels,1629667,2,27.0,6.0,5.0,0.429
2019-20,Jalen McDaniels,1629667,17,28.0,5.0,2.0,0.333
2019-20,Jamal Murray,1627750,-12,38.0,25.0,5.0,0.455
2019-20,Jamal Murray,1627750,-9,37.0,14.0,3.0,0.214
2019-20,Jamal Murray,1627750,-8,34.0,18.0,6.0,0.429
2019-20,Jamal Murray,1627750,-7,24.0,14.0,3.0,0.6
2019-20,Jamal Murray,1627750,1,27.5,13.5,6.5,0.4375
2019-20,Jamal Murray,1627750,7,39.0,23.0,8.0,0.4
2019-20,Jamal Murray,1627750,15,37.0,21.5,5.5,0.531
2019-20,James Ennis III,203516,-15,23.0,12.0,0.0,0.75
2019-20,James Ennis III,203516,-10,28.0,10.0,1.0,0.3
2019-20,James Ennis III,203516,-9,26.0,4.0,1.0,0.4
2019-20,James Ennis III,203516,-3,27.0,12.0,2.0,0.556
2019-20,James Ennis III,203516,-2,24.0,10.0,2.0,0.571
2019-20,James Ennis III,203516,-1,21.0,8.0,1.0,0.3
2019-20,James Ennis III,203516,0,28.0,8.0,2.0,0.333
2019-20,James Ennis III,203516,1,24.0,3.0,3.0,0.5
2019-20,James Ennis III,203516,3,27.5,11.0,1.0,0.75
2019-20,James Ennis III,203516,5,23.0,7.0,2.0,0.5
2019-20,James Ennis III,203516,14,30.0,16.0,0.0,0.545
2019-20,James Harden,201935,-19,27.0,16.0,4.0,0.235
2019-20,James Harden,201935,-15,32.0,23.0,6.0,0.316
2019-20,James Harden,201935,-11,26.0,27.0,10.0,0.563
2019-20,James Harden,201935,-9,45.0,30.0,14.0,0.364
2019-20,James Harden,201935,-8,33.0,23.0,9.0,0.412
2019-20,James Harden,201935,-7,34.0,24.0,7.0,0.357
2019-20,James Harden,201935,-5,35.0,37.0,7.0,0.579
2019-20,James Harden,201935,8,43.0,49.0,8.0,0.7
2019-20,James Harden,201935,9,39.0,35.0,8.0,0.364
2019-20,James Harden,201935,11,35.0,45.0,9.0,0.619
2019-20,James Harden,201935,16,35.0,39.0,12.0,0.579
2019-20,James Harden,201935,24,32.0,32.0,7.0,0.476
2019-20,James Johnson,201949,-24,23.0,4.0,2.0,0.5
2019-20,James Johnson,201949,-4,24.5,15.5,3.5,0.47750000000000004
2019-20,James Johnson,201949,0,21.0,8.0,5.0,0.5
2019-20,James Johnson,201949,3,21.0,19.0,5.0,0.571
2019-20,Jared Dudley,201162,-6,22.0,6.0,5.0,0.667
2019-20,Jaren Jackson Jr.,1628991,-3,31.0,22.0,2.0,0.412
2019-20,Jaren Jackson Jr.,1628991,4,34.0,21.0,0.0,0.615
2019-20,Jaren Jackson Jr.,1628991,8,43.0,33.0,0.0,0.455
2019-20,Jarrell Brantley,1629714,-26,22.0,3.0,1.0,0.143
2019-20,Jarrell Brantley,1629714,-5,23.0,8.0,3.0,0.375
2019-20,Jarrell Brantley,1629714,-4,28.0,13.0,6.0,0.462
2019-20,Jarrett Allen,1628386,-24,26.0,14.0,3.0,0.778
2019-20,Jarrett Allen,1628386,-22,28.0,6.0,0.0,0.6
2019-20,Jarrett Allen,1628386,-14,28.0,11.0,4.0,0.625
2019-20,Jarrett Allen,1628386,-1,38.0,22.0,2.0,0.6
2019-20,Jarrett Allen,1628386,2,20.0,3.0,0.0,0.5
2019-20,Jarrett Allen,1628386,9,20.0,12.0,1.0,0.714
2019-20,Jarrett Allen,1628386,13,37.0,16.0,4.0,0.778
2019-20,Jarrett Allen,1628386,16,37.0,14.0,4.0,0.625
2019-20,Jarrett Allen,1628386,24,36.0,17.0,8.0,0.625
2019-20,Jarrett Culver,1629633,-11,25.0,12.0,2.0,0.5
2019-20,Jarrett Culver,1629633,3,21.0,13.0,0.0,0.455
2019-20,Jarrett Culver,1629633,5,20.0,10.0,1.0,0.571
2019-20,Jarrett Culver,1629633,11,26.0,7.0,2.0,0.429
2019-20,Jarrod Uthoff,1627784,1,24.0,8.0,0.0,0.429
2019-20,Javonte Green,1629750,-13,34.0,23.0,0.0,0.471
2019-20,Javonte Green,1629750,-3,21.0,2.0,1.0,0.333
2019-20,Jaxson Hayes,1629637,-13,30.0,13.0,0.0,0.714
2019-20,Jaxson Hayes,1629637,-9,22.0,9.0,0.0,1.0
2019-20,Jaxson Hayes,1629637,5,21.0,9.0,2.0,0.8
2019-20,Jaylen Brown,1627759,-7,35.5,20.0,0.5,0.3955
2019-20,Jaylen Brown,1627759,-2,38.0,19.0,1.0,0.368
2019-20,Jaylen Brown,1627759,3,36.0,30.0,1.0,0.556
2019-20,Jaylen Brown,1627759,4,34.0,22.0,3.0,0.438
2019-20,Jaylen Brown,1627759,5,23.0,21.0,2.0,0.538
2019-20,Jaylen Brown,1627759,16,28.0,7.0,2.0,0.231
2019-20,Jaylen Brown,1627759,28,31.0,20.0,2.0,0.5
2019-20,Jayson Tatum,1628369,-16,38.0,19.0,3.0,0.364
2019-20,Jayson Tatum,1628369,-13,32.0,5.0,3.0,0.111
2019-20,Jayson Tatum,1628369,1,33.0,23.0,1.0,0.545
2019-20,Jayson Tatum,1628369,5,35.0,30.0,2.0,0.5
2019-20,Jayson Tatum,1628369,6,39.0,34.0,8.0,0.5
2019-20,Jayson Tatum,1628369,7,39.0,32.0,6.0,0.458
2019-20,Jayson Tatum,1628369,10,28.0,29.0,2.0,0.769
2019-20,Jayson Tatum,1628369,12,32.0,18.0,3.0,0.368
2019-20,Jayson Tatum,1628369,14,41.0,29.0,6.0,0.417
2019-20,Jayson Tatum,1628369,34,27.0,18.0,4.0,0.5
2019-20,Jeff Green,201145,-17,26.0,18.0,0.0,1.0
2019-20,Jeff Green,201145,-16,30.0,14.0,1.0,0.417
2019-20,Jeff Green,201145,-13,31.0,17.0,2.0,0.667
2019-20,Jeff Green,201145,-8,27.0,22.0,1.0,0.467
2019-20,Jeff Green,201145,-7,25.0,17.0,4.0,0.8
2019-20,Jeff Green,201145,-2,24.0,13.5,3.0,0.5165
2019-20,Jeff Green,201145,10,20.0,3.0,1.0,0.167
2019-20,Jeff Green,201145,13,22.0,9.0,3.0,0.375
2019-20,Jeff Green,201145,28,29.0,20.0,2.0,0.667
2019-20,Jeff Teague,201952,5,28.0,9.0,5.0,0.444
2019-20,Jerami Grant,203924,-10,26.0,19.0,1.0,0.5
2019-20,Jerami Grant,203924,-7,28.0,25.0,1.0,0.643
2019-20,Jerami Grant,203924,-6,22.0,3.0,1.0,0.25
2019-20,Jerami Grant,203924,-1,33.0,2.0,2.0,0.2
2019-20,Jerami Grant,203924,1,27.5,14.5,1.0,0.473
2019-20,Jerami Grant,203924,2,46.0,21.0,1.0,0.583
2019-20,Jerami Grant,203924,5,27.0,14.5,2.0,0.5960000000000001
2019-20,Jerami Grant,203924,7,29.0,19.0,3.0,0.462
2019-20,Jerami Grant,203924,18,34.0,16.0,6.0,0.5
2019-20,Jeremiah Martin,1629725,-1,26.0,24.0,6.0,0.533
2019-20,Jerian Grant,1626170,-6,21.0,6.0,5.0,0.375
2019-20,Jerome Robinson,1629010,-19,27.0,12.0,2.0,0.333
2019-20,Jerome Robinson,1629010,-16,25.0,5.0,1.0,0.222
2019-20,Jerome Robinson,1629010,-15,29.0,19.0,3.0,0.455
2019-20,Jerome Robinson,1629010,-12,21.0,6.0,0.0,0.4
2019-20,Jerome Robinson,1629010,-11,27.0,13.0,0.5,0.514
2019-20,Jerome Robinson,1629010,-6,28.0,17.0,2.0,0.389
2019-20,Jerome Robinson,1629010,0,30.5,17.0,6.5,0.4155
2019-20,Jerome Robinson,1629010,1,27.0,10.0,1.0,0.4
2019-20,Jerome Robinson,1629010,7,35.0,14.0,5.0,0.444
2019-20,Jerome Robinson,1629010,22,30.0,10.0,2.0,0.5
2019-20,Jevon Carter,1628975,-8,23.0,8.0,1.0,0.25
2019-20,Jevon Carter,1628975,-5,32.0,12.0,1.0,0.5
2019-20,Jevon Carter,1628975,3,21.0,11.0,1.0,0.556
2019-20,Jevon Carter,1628975,4,21.0,3.0,2.0,0.167
2019-20,Jevon Carter,1628975,5,25.0,8.0,1.0,0.4145
2019-20,Jevon Carter,1628975,11,25.5,13.0,4.0,0.6
2019-20,Jevon Carter,1628975,26,37.0,8.0,5.0,1.0
2019-20,Jimmy Butler,202710,-7,35.0,22.0,5.5,0.4575
2019-20,Jimmy Butler,202710,-4,33.0,12.0,8.0,0.444
2019-20,Jimmy Butler,202710,-1,24.0,9.0,0.0,0.5
2019-20,Jimmy Butler,202710,9,29.0,22.0,7.0,0.545
2019-20,Jimmy Butler,202710,14,34.0,18.0,7.0,0.5
2019-20,Jimmy Butler,202710,17,28.0,19.0,5.0,0.385
2019-20,Joakim Noah,201149,8,28.0,9.0,5.0,0.571
2019-20,Joe Harris,203925,-29,24.0,14.0,2.0,0.429
2019-20,Joe Harris,203925,-20,34.0,19.0,4.0,0.643
2019-20,Joe Harris,203925,-17,29.0,13.0,1.0,0.385
2019-20,Joe Harris,203925,-16,21.0,10.0,0.0,0.364
2019-20,Joe Harris,203925,-14,29.0,14.0,2.0,0.545
2019-20,Joe Harris,203925,1,26.0,12.0,2.0,0.625
2019-20,Joe Harris,203925,12,26.75,22.25,2.0,0.6655
2019-20,Joe Harris,203925,14,36.0,27.0,1.0,0.769
2019-20,Joe Ingles,204060,-24,45.0,11.0,13.0,0.444
2019-20,Joe Ingles,204060,-16,31.0,7.0,4.0,0.5
2019-20,Joe Ingles,204060,-3,25.0,4.0,2.0,0.667
2019-20,Joe Ingles,204060,-1,31.0,20.0,6.0,0.667
2019-20,Joe Ingles,204060,2,35.0,5.0,5.0,0.4
2019-20,Joe Ingles,204060,4,28.0,5.0,8.0,0.5
2019-20,Joe Ingles,204060,6,33.0,25.0,5.0,0.538
2019-20,Joe Ingles,204060,7,29.0,8.0,6.0,0.75
2019-20,Joe Ingles,204060,11,31.0,13.0,2.0,0.571
2019-20,Joe Ingles,204060,22,29.0,9.0,6.0,0.429
2019-20,Joel Embiid,203954,-3,31.0,27.0,5.0,0.529
2019-20,Joel Embiid,203954,3,34.5,26.0,2.0,0.46950000000000003
2019-20,Joel Embiid,203954,9,22.0,14.0,1.0,0.5
2019-20,Joel Embiid,203954,10,26.0,30.0,3.0,0.529
2019-20,Joel Embiid,203954,21,34.0,41.0,4.0,0.652
2019-20,John Collins,1628381,-15,31.0,12.0,1.0,0.364
2019-20,John Collins,1628381,-8,39.0,27.0,3.0,0.563
2019-20,John Collins,1628381,-6,41.0,22.0,0.0,0.45
2019-20,John Collins,1628381,-1,45.0,28.0,0.0,0.923
2019-20,John Collins,1628381,5,29.0,26.0,1.0,0.667
2019-20,John Henson,203089,-5,20.0,10.0,1.0,0.714
2019-20,John Henson,203089,6,22.0,10.0,3.0,0.625
2019-20,John Konchar,1629723,25,22.0,5.0,2.0,0.667
2019-20,Johnathan Williams,1629140,-2,25.0,5.0,1.0,0.286
2019-20,Jonas Valanciunas,202685,-22,25.0,14.0,0.0,0.5
2019-20,Jonas Valanciunas,202685,-14,28.0,14.0,1.0,0.875
2019-20,Jonas Valanciunas,202685,-8,27.0,0.0,1.0,0.0
2019-20,Jonas Valanciunas,202685,-5,29.0,13.0,1.0,0.556
2019-20,Jonas Valanciunas,202685,-2,27.0,13.0,2.0,0.5
2019-20,Jonas Valanciunas,202685,7,24.0,15.0,2.0,0.857
2019-20,Jonas Valanciunas,202685,10,33.0,21.0,3.0,0.471
2019-20,Jonas Valanciunas,202685,11,35.0,27.0,0.0,0.9
2019-20,Jonas Valanciunas,202685,14,32.0,27.0,2.0,0.769
2019-20,Jonas Valanciunas,202685,16,26.0,9.0,2.0,0.444
2019-20,Jonas Valanciunas,202685,18,32.0,26.0,12.0,0.647
2019-20,Jonas Valanciunas,202685,19,24.0,19.0,2.0,0.727
2019-20,Jordan Clarkson,203903,-19,20.0,6.0,0.0,0.154
2019-20,Jordan Clarkson,203903,-15,32.0,23.0,3.0,0.471
2019-20,Jordan Clarkson,203903,-14,24.0,11.0,1.0,0.235
2019-20,Jordan Clarkson,203903,-11,23.0,14.0,1.0,0.429
2019-20,Jordan Clarkson,203903,1,24.0,13.0,0.0,0.5
2019-20,Jordan Clarkson,203903,4,24.0,24.0,4.0,0.444
2019-20,Jordan Clarkson,203903,10,22.5,13.0,1.5,0.381
2019-20,Jordan Clarkson,203903,14,23.0,9.0,3.0,0.333
2019-20,Jordan Clarkson,203903,15,24.0,14.0,1.0,0.5
2019-20,Jordan Clarkson,203903,26,26.0,17.0,2.0,0.538
2019-20,Jordan McLaughlin,1629162,-11,27.0,10.0,7.0,0.5
2019-20,Jordan McLaughlin,1629162,1,27.0,14.0,9.0,0.6
2019-20,Jordan McRae,203895,-23,27.0,10.0,3.0,0.308
2019-20,Jordan McRae,203895,-20,20.0,8.0,0.0,0.1
2019-20,Jordan McRae,203895,3,25.0,14.0,1.0,0.444
2019-20,Jordan McRae,203895,5,25.0,15.0,3.0,0.455
2019-20,Jordan Poole,1629673,-5,20.0,11.0,2.0,0.455
2019-20,Jordan Poole,1629673,-4,27.0,17.0,7.0,0.556
2019-20,Jordan Poole,1629673,-3,26.0,17.0,3.0,0.6
2019-20,Jordan Poole,1629673,0,22.0,15.0,6.0,0.571
2019-20,Josh Hart,1628404,-16,26.0,1.0,0.0,0.0
2019-20,Josh Hart,1628404,-12,26.0,11.0,5.0,0.385
2019-20,Josh Hart,1628404,-8,29.0,17.0,4.5,0.65
2019-20,Josh Hart,1628404,-6,21.0,7.0,3.0,0.6
2019-20,Josh Hart,1628404,-2,27.0,19.0,2.0,0.5
2019-20,Josh Hart,1628404,1,26.5,9.0,0.5,0.479
2019-20,Josh Hart,1628404,9,22.0,10.0,1.0,0.571
2019-20,Josh Hart,1628404,11,21.0,10.0,2.0,0.286
2019-20,Josh Jackson,1628367,-1,21.0,17.0,3.0,0.4
2019-20,Josh Jackson,1628367,6,21.0,16.0,2.0,0.467
2019-20,Josh Jackson,1628367,24,24.0,16.0,4.0,0.364
2019-20,Josh Okogie,1629006,-25,21.0,3.0,0.0,0.5
2019-20,Josh Okogie,1629006,-14,29.0,12.0,4.0,0.375
2019-20,Josh Okogie,1629006,-9,22.0,9.0,1.0,0.5
2019-20,Josh Okogie,1629006,2,32.5,9.0,2.0,0.4855
2019-20,Josh Okogie,1629006,4,26.0,5.0,2.0,0.5
2019-20,Josh Richardson,1626196,-9,29.0,4.0,1.0,0.5
2019-20,Josh Richardson,1626196,-1,33.0,19.0,2.0,0.333
2019-20,Josh Richardson,1626196,0,23.0,5.0,1.0,0.5
2019-20,Josh Richardson,1626196,1,38.0,34.0,6.0,0.65
2019-20,Josh Richardson,1626196,2,34.0,5.0,1.0,0.167
2019-20,Josh Richardson,1626196,5,35.0,15.0,3.0,0.556
2019-20,Josh Richardson,1626196,8,24.0,10.0,0.0,0.375
2019-20,Josh Richardson,1626196,11,29.0,8.0,1.0,0.333
2019-20,Jrue Holiday,201950,-19,24.0,4.0,5.0,0.286
2019-20,Jrue Holiday,201950,-13,36.0,20.0,4.0,0.5
2019-20,Jrue Holiday,201950,-7,38.0,11.0,6.0,0.4
2019-20,Jrue Holiday,201950,-4,29.0,17.0,5.0,0.7
2019-20,Jrue Holiday,201950,2,37.0,20.0,6.0,0.538
2019-20,Jrue Holiday,201950,4,37.0,27.0,12.0,0.625
2019-20,Jrue Holiday,201950,5,36.5,23.5,6.0,0.5545
2019-20,Jrue Holiday,201950,13,35.0,7.0,7.0,0.167
2019-20,Jrue Holiday,201950,14,33.0,15.0,3.0,0.5
2019-20,Jrue Holiday,201950,27,35.0,37.0,8.0,0.65
2019-20,Juan Toscano-Anderson,1629308,-14,21.0,2.0,3.0,0.25
2019-20,Juan Toscano-Anderson,1629308,-8,28.0,2.0,5.0,0.167
2019-20,Juan Toscano-Anderson,1629308,1,27.0,6.0,2.0,0.5
2019-20,Juan Toscano-Anderson,1629308,16,20.0,8.0,0.0,0.75
2019-20,Juancho Hernangomez,1627823,-24,27.0,12.0,1.0,0.455
2019-20,Juancho Hernangomez,1627823,-17,30.0,8.0,1.0,0.333
2019-20,Juancho Hernangomez,1627823,-8,27.0,3.0,1.0,0.2
2019-20,Juancho Hernangomez,1627823,0,31.0,12.0,2.0,0.5
2019-20,Juancho Hernangomez,1627823,4,29.0,18.0,0.0,0.5
2019-20,Juancho Hernangomez,1627823,5,33.0,16.0,2.0,0.545
2019-20,Julius Randle,203944,-24,26.0,16.0,2.0,0.455
2019-20,Julius Randle,203944,-16,30.0,22.0,0.0,0.5355
2019-20,Julius Randle,203944,-9,29.0,16.0,4.0,0.357
2019-20,Julius Randle,203944,-1,32.0,22.0,1.0,0.5
2019-20,Julius Randle,203944,8,38.0,33.0,3.0,0.591
2019-20,Justin Anderson,1626147,9,31.0,2.0,2.0,0.067
2019-20,Justin Holiday,203200,-13,21.0,11.0,0.0,0.571
2019-20,Justin Holiday,203200,-11,21.0,8.0,0.0,0.429
2019-20,Justin Holiday,203200,-6,27.333333333333332,8.333333333333334,0.0,0.5316666666666666
2019-20,Justin Holiday,203200,-4,27.0,3.0,3.0,0.143
2019-20,Justin Holiday,203200,-2,28.0,18.0,1.0,0.6
2019-20,Justin Holiday,203200,3,22.0,5.0,0.0,0.286
2019-20,Justin Holiday,203200,5,37.0,6.0,2.0,0.222
2019-20,Justin Holiday,203200,7,23.0,11.0,0.0,0.6
2019-20,Justin Jackson,1628382,-11,28.0,13.0,0.0,0.5
2019-20,Justin Jackson,1628382,-7,24.0,2.0,1.0,0.2
2019-20,Justin Jackson,1628382,29,31.0,10.0,4.0,0.5
2019-20,Jusuf Nurkic,203994,-13,32.0,30.0,5.0,0.6
2019-20,Jusuf Nurkic,203994,-12,29.0,6.0,0.0,0.333
2019-20,Jusuf Nurkic,203994,-4,33.0,10.0,9.0,0.375
2019-20,Jusuf Nurkic,203994,-2,33.0,18.0,5.0,0.455
2019-20,Jusuf Nurkic,203994,4,29.0,15.0,3.0,0.556
2019-20,Jusuf Nurkic,203994,6,34.0,22.0,4.0,0.45
2019-20,Jusuf Nurkic,203994,7,29.0,18.0,3.0,0.4
2019-20,Jusuf Nurkic,203994,10,32.0,22.0,3.0,0.647
2019-20,Juwan Morgan,1629752,-1,25.0,4.0,3.0,0.5
2019-20,Juwan Morgan,1629752,7,21.0,6.0,1.0,0.75
2019-20,Kawhi Leonard,202695,-17,37.0,27.0,0.0,0.5
2019-20,Kawhi Leonard,202695,-4,36.0,39.0,6.0,0.56
2019-20,Kawhi Leonard,202695,0,37.0,27.0,3.0,0.476
2019-20,Kawhi Leonard,202695,1,33.0,30.0,3.0,0.5
2019-20,Kawhi Leonard,202695,12,33.0,26.0,3.0,0.563
2019-20,Kawhi Leonard,202695,16,33.0,28.0,4.0,0.438
2019-20,Kawhi Leonard,202695,21,32.0,25.0,1.0,0.45
2019-20,Kawhi Leonard,202695,22,38.0,29.0,5.0,0.435
2019-20,Kawhi Leonard,202695,25,25.0,23.0,5.0,0.643
2019-20,Kawhi Leonard,202695,33,28.0,25.0,5.0,0.533
2019-20,Kawhi Leonard,202695,34,26.0,24.0,5.0,0.375
2019-20,Keita Bates-Diop,1628966,-11,23.0,3.0,0.0,0.333
2019-20,Keita Bates-Diop,1628966,-1,23.0,10.5,0.0,0.3865
2019-20,Keldon Johnson,1629640,-4,25.0,9.0,0.0,0.667
2019-20,Keldon Johnson,1629640,-1,25.0,9.0,0.0,0.667
2019-20,Keldon Johnson,1629640,3,21.0,15.0,1.0,0.667
2019-20,Keldon Johnson,1629640,4,30.0,24.0,0.0,0.667
2019-20,Keldon Johnson,1629640,5,23.0,4.0,1.0,0.5
2019-20,Keldon Johnson,1629640,7,30.0,8.0,2.0,0.429
2019-20,Keldon Johnson,1629640,8,26.0,20.0,2.0,0.7
2019-20,Keldon Johnson,1629640,11,21.0,13.0,0.0,0.667
2019-20,Keldon Johnson,1629640,21,25.0,24.0,3.0,0.667
2019-20,Kelly Olynyk,203482,-23,34.0,13.0,2.0,0.25
2019-20,Kelly Olynyk,203482,-9,20.0,6.0,0.0,0.222
2019-20,Kelly Olynyk,203482,-6,27.0,12.0,4.0,0.34850000000000003
2019-20,Kelly Olynyk,203482,0,29.0,8.0,3.0,0.273
2019-20,Kelly Olynyk,203482,8,23.0,20.0,3.0,0.727
2019-20,Kelly Olynyk,203482,10,30.0,17.0,2.0,0.462
2019-20,Kemba Walker,202689,-5,23.0,21.0,3.0,0.375
2019-20,Kemba Walker,202689,-3,26.0,15.0,4.0,0.444
2019-20,Kemba Walker,202689,-1,29.666666666666668,11.333333333333334,3.6666666666666665,0.35366666666666663
2019-20,Kemba Walker,202689,2,30.0,14.0,5.0,0.286
2019-20,Kemba Walker,202689,7,22.0,14.0,2.0,0.833
2019-20,Kemba Walker,202689,10,26.0,13.0,7.0,0.294
2019-20,Kemba Walker,202689,17,22.0,17.0,4.0,0.429
2019-20,Kendrick Nunn,1629134,-21,32.0,23.0,4.0,0.296
2019-20,Kendrick Nunn,1629134,-17,29.0,14.0,2.0,0.294
2019-20,Kendrick Nunn,1629134,-14,22.0,9.0,2.0,0.273
2019-20,Kendrick Nunn,1629134,1,22.0,11.0,2.0,0.714
2019-20,Kendrick Nunn,1629134,8,30.0,24.0,3.0,0.6
2019-20,Kendrick Nunn,1629134,9,29.0,18.0,1.0,0.412
2019-20,Kendrick Nunn,1629134,12,33.0,13.0,2.0,0.417
2019-20,Kent Bazemore,203145,-3,22.0,8.0,5.0,0.375
2019-20,Kent Bazemore,203145,-2,27.5,15.0,0.0,0.4655
2019-20,Kent Bazemore,203145,4,25.0,9.0,1.0,0.429
2019-20,Kent Bazemore,203145,5,25.0,11.5,2.5,0.5225
2019-20,Kent Bazemore,203145,6,31.0,7.0,2.0,0.167
2019-20,Kentavious Caldwell-Pope,203484,-27,29.0,5.0,2.0,0.286
2019-20,Kentavious Caldwell-Pope,203484,-19,31.0,8.0,1.0,0.429
2019-20,Kentavious Caldwell-Pope,203484,-7,20.0,10.0,0.0,0.571
2019-20,Kentavious Caldwell-Pope,203484,-3,29.0,10.0,1.0,0.571
2019-20,Kentavious Caldwell-Pope,203484,6,29.0,6.0,2.0,0.25
2019-20,Kentavious Caldwell-Pope,203484,7,24.0,7.0,2.0,0.429
2019-20,Kentavious Caldwell-Pope,203484,9,29.0,11.0,1.5,0.561
2019-20,Kentavious Caldwell-Pope,203484,11,23.0,10.0,0.0,0.571
2019-20,Kevin Huerter,1628989,-23,32.0,13.0,4.0,0.357
2019-20,Kevin Huerter,1628989,-10,38.0,14.0,10.0,0.429
2019-20,Kevin Huerter,1628989,-8,36.0,11.0,6.0,0.364
2019-20,Kevin Huerter,1628989,-4,29.0,8.0,7.0,0.444
2019-20,Kevin Huerter,1628989,0,46.0,10.0,6.0,0.333
2019-20,Kevin Love,201567,-2,37.0,26.0,5.0,0.529
2019-20,Kevin Love,201567,0,37.0,17.0,7.0,0.313
2019-20,Kevin Love,201567,3,31.0,22.0,2.0,0.467
2019-20,Kevin Love,201567,11,36.0,27.0,3.0,0.529
2019-20,Kevin Love,201567,14,40.0,14.0,3.0,0.25
2019-20,Kevin Porter Jr.,1629645,-22,40.0,16.0,4.0,0.357
2019-20,Khem Birch,203920,-16,27.0,12.0,2.0,0.571
2019-20,Khris Middleton,203114,-18,20.0,14.0,4.0,0.385
2019-20,Khris Middleton,203114,-14,27.0,12.0,0.0,0.25
2019-20,Khris Middleton,203114,-11,25.0,17.0,3.0,0.5
2019-20,Khris Middleton,203114,-9,36.0,21.0,11.0,0.667
2019-20,Khris Middleton,203114,-8,36.0,12.0,4.0,0.263
2019-20,Khris Middleton,203114,-6,35.0,39.0,4.0,0.5
2019-20,Khris Middleton,203114,-1,34.0,27.0,4.0,0.556
2019-20,Khris Middleton,203114,13,32.0,18.0,8.0,0.3
2019-20,Khris Middleton,203114,27,29.0,20.0,2.0,0.563
2019-20,Khris Middleton,203114,30,34.0,33.0,8.0,0.643
2019-20,Kristaps Porzingis,204001,-11,38.0,39.0,2.0,0.5
2019-20,Kristaps Porzingis,204001,-5,33.5,24.0,2.5,0.354
2019-20,Kristaps Porzingis,204001,-4,37.333333333333336,23.0,2.6666666666666665,0.3833333333333333
2019-20,Kristaps Porzingis,204001,-1,37.0,9.0,3.0,0.267
2019-20,Kristaps Porzingis,204001,1,35.0,36.0,0.0,0.706
2019-20,Kristaps Porzingis,204001,6,45.0,34.0,3.0,0.5
2019-20,Kristaps Porzingis,204001,22,36.0,38.0,4.0,0.52
2019-20,Kristaps Porzingis,204001,38,29.0,26.0,4.0,0.474
2019-20,Ky Bowman,1629065,-4,24.0,11.0,1.0,0.833
2019-20,Kyle Anderson,203937,-18,22.0,6.0,2.0,0.333
2019-20,Kyle Anderson,203937,-17,24.0,6.0,3.0,0.4
2019-20,Kyle Anderson,203937,-8,26.0,3.0,2.0,0.0
2019-20,Kyle Anderson,203937,-7,24.0,8.0,8.0,0.286
2019-20,Kyle Anderson,203937,-4,28.0,5.0,3.0,0.222
2019-20,Kyle Anderson,203937,9,30.0,12.0,4.0,0.556
2019-20,Kyle Anderson,203937,10,20.5,7.5,1.0,0.34950000000000003
2019-20,Kyle Anderson,203937,14,24.0,7.0,4.0,0.429
2019-20,Kyle Anderson,203937,16,28.0,10.0,6.0,0.5
2019-20,Kyle Anderson,203937,19,29.0,12.0,5.0,0.714
2019-20,Kyle Korver,2594,-1,20.0,4.0,0.0,0.333
2019-20,Kyle Korver,2594,0,24.0,23.0,4.0,0.533
2019-20,Kyle Korver,2594,5,22.0,19.0,2.0,0.833
2019-20,Kyle Korver,2594,13,24.0,3.0,2.0,0.167
2019-20,Kyle Kuzma,1628398,-10,24.0,11.0,1.0,0.214
2019-20,Kyle Kuzma,1628398,-9,29.0,21.0,3.0,0.5
2019-20,Kyle Kuzma,1628398,-5,28.0,16.0,1.0,0.385
2019-20,Kyle Kuzma,1628398,-3,26.0,10.0,0.0,0.429
2019-20,Kyle Kuzma,1628398,-1,22.0,11.0,0.5,0.521
2019-20,Kyle Kuzma,1628398,10,23.0,11.0,1.0,0.273
2019-20,Kyle Kuzma,1628398,11,35.0,20.0,1.0,0.444
2019-20,Kyle Kuzma,1628398,12,27.5,12.5,1.5,0.5
2019-20,Kyle Kuzma,1628398,16,32.0,25.0,3.0,0.688
2019-20,Kyle Lowry,200768,-20,27.0,11.0,2.0,0.5
2019-20,Kyle Lowry,200768,-9,37.0,17.0,8.0,0.286
2019-20,Kyle Lowry,200768,-4,24.0,19.0,3.0,0.545
2019-20,Kyle Lowry,200768,1,33.0,26.0,10.0,0.429
2019-20,Kyle Lowry,200768,6,36.0,15.0,8.0,0.333
2019-20,Kyle Lowry,200768,7,37.0,8.0,10.0,0.222
2019-20,Kyle Lowry,200768,10,35.0,14.0,5.0,0.25
2019-20,Kyle Lowry,200768,15,42.0,21.0,7.0,0.389
2019-20,Kyle Lowry,200768,16,35.0,30.0,8.0,0.667
2019-20,Kyle Lowry,200768,18,36.0,28.0,6.0,0.421
2019-20,Kyle Lowry,200768,24,35.0,33.0,6.0,0.5
2019-20,Kyle O'Quinn,203124,-12,32.0,9.0,11.0,0.667
2019-20,LaMarcus Aldridge,200746,6,36.0,24.0,2.0,0.435
2019-20,Lance Thomas,202498,-8,24.0,0.0,1.0,0.0
2019-20,Lance Thomas,202498,4,24.0,12.0,1.0,0.8
2019-20,Landry Shamet,1629013,-19,22.0,2.0,0.0,0.125
2019-20,Landry Shamet,1629013,-5,33.0,19.0,3.0,0.5
2019-20,Landry Shamet,1629013,-3,32.0,1.0,3.0,0.0
2019-20,Landry Shamet,1629013,0,25.0,9.5,3.5,0.30000000000000004
2019-20,Landry Shamet,1629013,22,26.0,5.0,3.0,0.333
2019-20,Langston Galloway,204038,-21,27.0,13.0,3.0,0.5
2019-20,Langston Galloway,204038,-10,23.0,9.0,2.0,0.375
2019-20,Langston Galloway,204038,-8,24.0,11.0,1.0,0.333
2019-20,Langston Galloway,204038,-1,25.0,14.0,0.0,0.667
2019-20,Langston Galloway,204038,0,27.0,9.0,0.0,0.375
2019-20,Larry Nance Jr.,1626204,-6,39.0,16.0,8.0,0.412
2019-20,Larry Nance Jr.,1626204,-5,39.0,19.0,4.0,0.538
2019-20,Larry Nance Jr.,1626204,0,30.5,12.0,5.0,0.7855
2019-20,Larry Nance Jr.,1626204,3,43.0,19.0,0.0,0.538
2019-20,Lauri Markkanen,1628374,-5,20.0,13.0,0.0,0.6
2019-20,Lauri Markkanen,1628374,-4,22.0,3.0,0.0,0.1
2019-20,Lauri Markkanen,1628374,6,26.0,16.0,4.0,0.625
2019-20,Lauri Markkanen,1628374,11,27.0,15.0,0.0,0.462
2019-20,LeBron James,2544,-20,34.0,20.0,5.0,0.467
2019-20,LeBron James,2544,-10,38.0,29.0,12.0,0.429
2019-20,LeBron James,2544,-8,30.0,19.0,4.0,0.368
2019-20,LeBron James,2544,-4,34.0,16.0,7.0,0.316
2019-20,LeBron James,2544,-2,33.0,22.0,14.0,0.563
2019-20,LeBron James,2544,0,34.0,22.0,9.0,0.563
2019-20,LeBron James,2544,7,34.0,28.0,9.0,0.412
2019-20,LeBron James,2544,8,35.0,33.0,8.5,0.558
2019-20,LeBron James,2544,14,35.0,31.0,7.0,0.542
2019-20,LeBron James,2544,22,36.0,34.0,13.0,0.667
2019-20,Lonnie Walker IV,1629022,-16,20.0,9.0,0.0,0.571
2019-20,Lonnie Walker IV,1629022,-12,34.0,15.0,4.0,0.429
2019-20,Lonnie Walker IV,1629022,-1,24.0,12.0,2.0,0.333
2019-20,Lonnie Walker IV,1629022,5,20.0,10.0,3.0,1.0
2019-20,Lonnie Walker IV,1629022,9,30.0,14.0,2.0,0.4
2019-20,Lonnie Walker IV,1629022,10,32.0,16.0,4.0,0.583
2019-20,Lonnie Walker IV,1629022,11,29.0,12.0,3.0,0.333
2019-20,Lonnie Walker IV,1629022,13,22.0,5.0,2.0,0.333
2019-20,Lonnie Walker IV,1629022,16,29.0,7.0,6.0,0.231
2019-20,Lonzo Ball,1628366,-29,23.0,7.0,3.0,0.333
2019-20,Lonzo Ball,1628366,-17,31.0,9.0,11.0,0.571
2019-20,Lonzo Ball,1628366,-8,27.0,4.0,7.0,0.154
2019-20,Lonzo Ball,1628366,-6,31.0,2.0,5.0,0.143
2019-20,Lonzo Ball,1628366,-5,31.0,5.0,10.0,0.2
2019-20,Lonzo Ball,1628366,-4,33.0,17.5,6.5,0.5115000000000001
2019-20,Lonzo Ball,1628366,-1,39.0,25.0,6.0,0.474
2019-20,Lonzo Ball,1628366,4,35.0,16.0,8.0,0.5
2019-20,Lonzo Ball,1628366,5,32.0,26.0,8.0,0.75
2019-20,Lonzo Ball,1628366,15,34.0,7.0,6.0,0.286
2019-20,Lonzo Ball,1628366,22,35.0,18.0,8.0,0.538
2019-20,Lou Williams,101150,-14,20.0,7.0,6.0,0.375
2019-20,Lou Williams,101150,-6,20.0,6.0,3.0,0.333
2019-20,Lou Williams,101150,-1,23.0,18.0,3.0,0.385
2019-20,Lou Williams,101150,4,24.0,23.0,7.0,0.615
2019-20,Lou Williams,101150,6,28.0,7.0,3.0,0.273
2019-20,Lou Williams,101150,10,22.0,14.0,4.0,0.444
2019-20,Lou Williams,101150,19,28.0,24.0,8.0,0.667
2019-20,Luguentz Dort,1629652,-14,36.0,10.0,1.0,0.231
2019-20,Luguentz Dort,1629652,-8,20.0,8.0,1.0,0.25
2019-20,Luguentz Dort,1629652,-7,30.0,16.0,2.0,0.667
2019-20,Luguentz Dort,1629652,-3,31.0,8.0,1.0,0.375
2019-20,Luguentz Dort,1629652,2,24.0,6.0,0.0,0.4
2019-20,Luguentz Dort,1629652,8,30.0,5.0,1.0,0.25
2019-20,Luguentz Dort,1629652,10,21.0,6.0,1.0,0.375
2019-20,Luguentz Dort,1629652,11,25.0,7.0,2.0,0.2
2019-20,Luguentz Dort,1629652,15,31.0,14.0,0.0,0.364
2019-20,Luguentz Dort,1629652,18,26.0,9.0,1.0,0.364
2019-20,Luka Doncic,1629029,-21,35.0,29.0,6.0,0.476
2019-20,Luka Doncic,1629029,-9,36.0,38.0,8.0,0.5
2019-20,Luka Doncic,1629029,-6,30.0,21.0,6.0,0.35
2019-20,Luka Doncic,1629029,-5,40.0,30.0,10.0,0.45
2019-20,Luka Doncic,1629029,-3,34.0,25.0,10.0,0.421
2019-20,Luka Doncic,1629029,0,42.0,28.0,10.0,0.407
2019-20,Luka Doncic,1629029,2,36.0,36.0,8.0,0.5
2019-20,Luka Doncic,1629029,3,40.0,34.0,10.666666666666666,0.5016666666666667
2019-20,Luka Doncic,1629029,10,38.0,23.0,9.0,0.4
2019-20,Luka Doncic,1629029,12,41.0,36.0,19.0,0.5
2019-20,Luka Samanic,1629677,7,31.0,16.0,3.0,0.5
2019-20,Malcolm Brogdon,1627763,-16,39.0,24.0,6.0,0.615
2019-20,Malcolm Brogdon,1627763,-12,29.0,12.0,6.0,0.333
2019-20,Malcolm Brogdon,1627763,-2,34.0,25.0,6.0,0.563
2019-20,Malcolm Brogdon,1627763,5,24.0,16.0,6.0,0.429
2019-20,Malcolm Brogdon,1627763,7,32.0,12.0,8.0,0.333
2019-20,Malcolm Brogdon,1627763,13,34.0,20.0,6.0,0.333
2019-20,Malcolm Brogdon,1627763,15,35.0,26.0,7.0,0.533
2019-20,Malcolm Miller,1626259,3,25.0,10.0,3.0,0.8
2019-20,Malik Beasley,1627736,-26,32.0,21.0,0.0,0.4
2019-20,Malik Beasley,1627736,-21,29.0,14.0,1.0,0.333
2019-20,Malik Beasley,1627736,-20,28.0,29.0,1.0,0.667
2019-20,Malik Beasley,1627736,-5,33.0,24.0,2.0,0.571
2019-20,Malik Beasley,1627736,-3,32.0,5.0,1.0,0.182
2019-20,Malik Beasley,1627736,12,35.0,28.0,4.0,0.846
2019-20,Marc Gasol,201188,-14,21.0,6.0,4.0,0.5
2019-20,Marc Gasol,201188,-4,20.0,0.0,8.0,0.0
2019-20,Marc Gasol,201188,7,24.0,13.0,1.0,0.625
2019-20,Marc Gasol,201188,11,22.0,6.0,1.0,0.5
2019-20,Marc Gasol,201188,14,22.0,10.0,1.0,0.75
2019-20,Marc Gasol,201188,18,24.0,8.0,2.0,0.429
2019-20,Marco Belinelli,201158,-6,29.0,16.0,0.0,0.545
2019-20,Marco Belinelli,201158,-4,20.0,14.0,2.0,0.273
2019-20,Marco Belinelli,201158,7,21.0,16.0,1.0,0.75
2019-20,Marco Belinelli,201158,9,21.0,13.0,1.0,0.455
2019-20,Marcus Morris Sr.,202694,-13,29.0,1.0,1.0,0.0
2019-20,Marcus Morris Sr.,202694,-5,31.0,15.0,1.0,0.462
2019-20,Marcus Morris Sr.,202694,-4,27.0,9.0,1.0,0.75
2019-20,Marcus Morris Sr.,202694,2,35.0,16.0,2.0,0.75
2019-20,Marcus Morris Sr.,202694,3,30.0,15.0,2.0,0.667
2019-20,Marcus Morris Sr.,202694,14,29.0,7.0,2.0,0.3
2019-20,Marcus Morris Sr.,202694,19,21.0,11.0,1.0,0.333
2019-20,Marcus Morris Sr.,202694,20,35.0,16.0,1.0,0.714
2019-20,Marcus Morris Sr.,202694,27,22.0,9.0,2.0,0.75
2019-20,Marcus Morris Sr.,202694,28,29.0,8.0,1.0,0.444
2019-20,Marcus Morris Sr.,202694,33,26.0,9.0,0.0,0.444
2019-20,Marcus Smart,203935,-14,37.0,19.0,4.0,0.412
2019-20,Marcus Smart,203935,-4,33.0,3.0,4.0,0.0
2019-20,Marcus Smart,203935,-3,31.0,8.0,9.0,0.3
2019-20,Marcus Smart,203935,0,33.5,16.0,6.0,0.333
2019-20,Marcus Smart,203935,3,32.0,23.0,1.0,0.636
2019-20,Marcus Smart,203935,10,37.0,29.0,1.0,0.391
2019-20,Marcus Smart,203935,12,35.0,16.0,5.0,0.429
2019-20,Marcus Smart,203935,18,32.0,12.0,6.0,0.4
2019-20,Marcus Smart,203935,19,24.0,2.0,5.0,0.125
2019-20,Marcus Smart,203935,23,28.0,11.0,9.0,0.429
2019-20,Mario Hezonja,1626209,-6,25.0,12.0,2.0,0.5
2019-20,Mario Hezonja,1626209,1,22.0,16.0,1.0,0.636
2019-20,Mario Hezonja,1626209,5,23.0,8.0,2.0,0.4
2019-20,Mario Hezonja,1626209,7,22.0,3.0,4.0,0.2
2019-20,Mario Hezonja,1626209,22,27.0,10.0,4.0,0.667
2019-20,Markelle Fultz,1628365,-11,21.0,13.0,3.0,0.333
2019-20,Markelle Fultz,1628365,-8,22.0,18.0,2.0,0.389
2019-20,Markelle Fultz,1628365,-3,27.5,12.0,4.5,0.4095
2019-20,Markelle Fultz,1628365,-1,29.5,17.0,7.5,0.528
2019-20,Markelle Fultz,1628365,0,24.0,7.0,10.0,0.333
2019-20,Markelle Fultz,1628365,5,31.0,14.0,6.0,0.6
2019-20,Markelle Fultz,1628365,16,27.0,24.0,5.0,0.786
2019-20,Markelle Fultz,1628365,19,24.0,11.0,5.0,0.417
2019-20,Marquese Chriss,1627737,-32,27.0,10.0,2.0,0.6
2019-20,Marquese Chriss,1627737,-18,30.0,12.0,2.0,0.75
2019-20,Marquese Chriss,1627737,5,29.0,17.0,4.0,0.429
2019-20,Marquese Chriss,1627737,12,28.0,14.5,4.5,0.625
2019-20,Marvin Williams,101107,-7,21.0,2.0,0.0,0.333
2019-20,Marvin Williams,101107,-2,23.0,4.0,0.0,0.4
2019-20,Marvin Williams,101107,1,20.0,4.0,1.5,0.5835
2019-20,Marvin Williams,101107,5,21.0,4.0,1.0,0.333
2019-20,Marvin Williams,101107,11,25.0,5.0,3.0,0.333
2019-20,Marvin Williams,101107,17,22.0,6.0,1.0,0.667
2019-20,Mason Plumlee,203486,-12,26.0,13.0,5.0,0.556
2019-20,Mason Plumlee,203486,0,24.0,11.0,5.0,0.625
2019-20,Matisse Thybulle,1629680,-12,29.0,10.0,1.0,0.571
2019-20,Matisse Thybulle,1629680,-9,28.0,7.0,0.0,0.75
2019-20,Matisse Thybulle,1629680,0,21.0,2.0,1.0,0.5
2019-20,Matisse Thybulle,1629680,4,33.0,2.0,3.0,0.333
2019-20,Matt Thomas,1629744,7,28.0,12.0,2.0,0.667
2019-20,Matt Thomas,1629744,13,37.0,22.0,1.0,0.529
2019-20,Matt Thomas,1629744,14,23.0,6.0,0.0,0.286
2019-20,Matthew Dellavedova,203521,-12,29.0,5.0,9.0,0.4
2019-20,Matthew Dellavedova,203521,-3,33.333333333333336,5.0,8.666666666666666,0.5833333333333334
2019-20,Matthew Dellavedova,203521,-2,44.0,14.0,11.0,0.273
2019-20,Maurice Harkless,203090,-13,20.0,2.0,0.0,0.25
2019-20,Maurice Harkless,203090,0,29.0,11.0,2.0,0.5
2019-20,Maurice Harkless,203090,10,40.0,14.0,6.0,0.462
2019-20,Maxi Kleber,1628467,-16,30.0,12.0,3.0,0.556
2019-20,Maxi Kleber,1628467,-10,26.0,12.0,0.0,0.444
2019-20,Maxi Kleber,1628467,-7,34.0,7.0,3.0,0.4
2019-20,Maxi Kleber,1628467,-4,39.0,5.0,4.0,0.25
2019-20,Maxi Kleber,1628467,-3,31.333333333333332,8.333333333333334,1.3333333333333333,0.4166666666666667
2019-20,Maxi Kleber,1628467,3,23.0,11.0,3.0,0.556
2019-20,Maxi Kleber,1628467,5,21.0,8.5,1.0,0.4375
2019-20,Maxi Kleber,1628467,7,29.0,8.0,1.0,0.4
2019-20,Maxi Kleber,1628467,8,29.0,9.0,2.0,0.375
2019-20,Maxi Kleber,1628467,11,38.0,15.0,1.0,0.462
2019-20,Melvin Frazier Jr.,1628982,-16,24.0,10.0,2.0,0.5
2019-20,Melvin Frazier Jr.,1628982,-8,27.0,4.0,0.0,0.5
2019-20,Meyers Leonard,203086,-10,28.0,9.0,0.0,0.429
2019-20,Michael Carter-Williams,203487,-16,21.0,5.0,0.0,0.143
2019-20,Michael Carter-Williams,203487,0,29.0,12.0,3.0,0.5
2019-20,Michael Carter-Williams,203487,1,22.0,17.0,5.0,0.857
2019-20,Michael Carter-Williams,203487,6,21.0,6.0,2.0,0.222
2019-20,Michael Carter-Williams,203487,8,24.0,20.0,0.0,0.667
2019-20,Michael Carter-Williams,203487,18,26.0,16.0,3.0,0.5
2019-20,Michael Kidd-Gilchrist,203077,-19,21.0,6.0,1.0,0.4
2019-20,Michael Porter Jr.,1629008,-16,25.0,11.0,2.0,0.4
2019-20,Michael Porter Jr.,1629008,-15,24.0,11.0,3.0,0.364
2019-20,Michael Porter Jr.,1629008,-12,34.0,27.0,2.0,0.556
2019-20,Michael Porter Jr.,1629008,2,24.0,15.0,1.0,1.0
2019-20,Michael Porter Jr.,1629008,13,40.5,26.5,1.0,0.484
2019-20,Michael Porter Jr.,1629008,25,43.0,37.0,1.0,0.75
2019-20,Mikal Bridges,1628969,-23,36.0,12.0,3.0,0.5
2019-20,Mikal Bridges,1628969,-15,42.0,8.0,3.0,0.667
2019-20,Mikal Bridges,1628969,0,33.0,9.0,2.0,0.5
2019-20,Mikal Bridges,1628969,1,34.0,10.0,2.0,0.556
2019-20,Mikal Bridges,1628969,2,38.0,10.0,1.0,0.273
2019-20,Mikal Bridges,1628969,5,38.0,4.0,1.0,0.222
2019-20,Mikal Bridges,1628969,7,33.0,18.5,2.0,0.65
2019-20,Mikal Bridges,1628969,12,42.0,21.0,3.0,0.538
2019-20,Mikal Bridges,1628969,23,33.5,18.0,1.5,0.5645
2019-20,Mikal Bridges,1628969,26,27.0,14.0,3.0,0.6
2019-20,Mike Conley,201144,-12,29.5,12.0,4.0,0.333
2019-20,Mike Conley,201144,-2,44.0,20.0,5.0,0.421
2019-20,Mike Conley,201144,3,34.0,24.0,8.0,0.471
2019-20,Mike Conley,201144,5,26.0,17.0,6.0,0.667
2019-20,Mike Conley,201144,6,34.0,25.0,5.0,0.563
2019-20,Mike Conley,201144,7,34.0,13.0,7.0,0.333
2019-20,Mike Conley,201144,9,30.0,15.0,6.0,0.5
2019-20,Mike Conley,201144,12,33.0,20.0,4.0,0.438
2019-20,Mike Conley,201144,14,34.0,23.0,7.0,0.462
2019-20,Mike Muscala,203488,-10,23.0,11.0,4.0,0.5
2019-20,Mike Muscala,203488,8,27.0,14.0,1.0,0.455
2019-20,Mike Scott,203118,-12,21.0,12.0,2.0,0.8
2019-20,Mike Scott,203118,-9,36.0,12.0,2.0,0.5
2019-20,Mike Scott,203118,-7,33.0,9.0,3.0,0.375
2019-20,Mike Scott,203118,0,26.0,11.0,3.0,0.667
2019-20,Mike Scott,203118,3,22.0,17.0,1.0,0.583
2019-20,Mike Scott,203118,11,25.0,11.0,4.0,0.5
2019-20,Miles Bridges,1628970,-4,35.0,7.0,2.0,0.231
2019-20,Miles Bridges,1628970,0,32.0,15.0,1.0,0.357
2019-20,Miles Bridges,1628970,2,26.5,7.0,2.5,0.23650000000000002
2019-20,Miles Bridges,1628970,10,34.0,16.0,2.0,0.313
2019-20,Miles Bridges,1628970,20,27.0,8.0,2.0,0.375
2019-20,Mitchell Robinson,1629011,-11,22.0,11.0,0.0,1.0
2019-20,Mitchell Robinson,1629011,3,24.0,10.0,0.0,0.8
2019-20,Mitchell Robinson,1629011,5,25.0,14.0,0.0,0.8125
2019-20,Mitchell Robinson,1629011,12,27.0,14.0,0.0,0.833
2019-20,Miye Oni,1629671,-11,30.0,14.0,0.0,0.444
2019-20,Miye Oni,1629671,-8,26.0,5.0,1.0,0.25
2019-20,Miye Oni,1629671,0,25.0,10.0,2.0,0.5
2019-20,Monte Morris,1628420,-11,28.0,13.0,5.0,0.429
2019-20,Monte Morris,1628420,-10,21.0,5.0,2.0,0.333
2019-20,Monte Morris,1628420,-9,29.0,11.0,1.0,0.4
2019-20,Monte Morris,1628420,-7,29.0,16.0,4.0,0.286
2019-20,Monte Morris,1628420,-6,28.0,15.0,1.0,0.667
2019-20,Monte Morris,1628420,-3,22.0,7.0,1.0,0.5
2019-20,Monte Morris,1628420,-1,35.0,19.0,4.0,0.615
2019-20,Monte Morris,1628420,4,23.0,14.0,4.0,0.455
2019-20,Monte Morris,1628420,7,23.0,7.0,5.0,0.222
2019-20,Monte Morris,1628420,8,26.5,13.5,4.0,0.597
2019-20,Monte Morris,1628420,28,38.0,17.0,4.0,0.5
2019-20,Montrezl Harrell,1626149,-3,33.0,20.0,1.0,0.7
2019-20,Montrezl Harrell,1626149,3,24.5,21.5,0.0,0.5695
2019-20,Moritz Wagner,1629021,-7,21.0,12.0,0.0,0.625
2019-20,Moritz Wagner,1629021,-6,20.0,6.0,2.0,0.333
2019-20,Moritz Wagner,1629021,3,21.0,10.0,1.0,0.75
2019-20,Mychal Mulder,1628539,-10,26.0,3.0,0.0,0.111
2019-20,Mychal Mulder,1628539,1,23.0,8.0,1.0,0.333
2019-20,Mychal Mulder,1628539,5,31.0,17.0,1.0,0.6
2019-20,Mychal Mulder,1628539,14,34.0,15.0,3.0,0.455
2019-20,Mychal Mulder,1628539,15,31.0,18.0,3.0,0.5
2019-20,Myles Turner,1626167,-39,30.0,7.0,0.0,0.333
2019-20,Myles Turner,1626167,-15,24.0,9.0,2.0,0.429
2019-20,Myles Turner,1626167,-13,27.0,18.0,2.0,0.357
2019-20,Myles Turner,1626167,-4,32.0,17.0,2.0,0.583
2019-20,Myles Turner,1626167,-1,33.0,16.5,1.0,0.618
2019-20,Myles Turner,1626167,0,35.0,15.0,1.0,0.417
2019-20,Myles Turner,1626167,2,25.0,7.0,1.0,0.25
2019-20,Myles Turner,1626167,10,33.0,17.0,2.0,0.538
2019-20,Myles Turner,1626167,11,34.0,21.0,2.0,0.636
2019-20,Myles Turner,1626167,15,33.0,16.0,0.0,0.667
2019-20,Naz Reid,1629675,-26,25.0,10.0,1.0,0.286
2019-20,Naz Reid,1629675,-14,28.0,16.0,3.0,0.357
2019-20,Naz Reid,1629675,-7,23.0,11.0,3.0,0.625
2019-20,Naz Reid,1629675,1,27.0,9.0,2.0,0.308
2019-20,Naz Reid,1629675,3,27.0,13.0,3.0,0.417
2019-20,Naz Reid,1629675,12,24.0,16.0,3.0,0.5
2019-20,Nemanja Bjelica,202357,-14,30.0,7.0,3.0,0.375
2019-20,Nemanja Bjelica,202357,-5,29.0,14.0,2.0,0.5
2019-20,Nemanja Bjelica,202357,-4,30.0,12.0,1.0,0.625
2019-20,Nemanja Bjelica,202357,-3,35.0,12.0,1.0,0.625
2019-20,Nemanja Bjelica,202357,-1,23.0,7.0,2.0,0.3
2019-20,Nemanja Bjelica,202357,8,29.0,6.0,4.0,0.5
2019-20,Nemanja Bjelica,202357,14,26.0,11.5,2.0,0.4365
2019-20,Nemanja Bjelica,202357,32,32.0,15.0,13.0,0.625
2019-20,Nerlens Noel,203457,-16,26.0,11.0,1.0,0.667
2019-20,Nerlens Noel,203457,-3,21.0,5.0,0.0,0.333
2019-20,Nickeil Alexander-Walker,1629638,-11,35.0,29.0,7.0,0.611
2019-20,Nickeil Alexander-Walker,1629638,6,24.0,9.0,6.0,0.3
2019-20,Nicolo Melli,1629740,-11,25.5,8.5,2.0,0.381
2019-20,Nicolo Melli,1629740,-10,26.0,3.0,3.0,0.111
2019-20,Nicolo Melli,1629740,-5,23.0,9.0,6.0,0.222
2019-20,Nicolo Melli,1629740,0,22.5,7.5,0.5,0.175
2019-20,Nicolo Melli,1629740,6,25.0,8.0,3.0,0.222
2019-20,Nigel Williams-Goss,1628430,-4,22.0,10.0,1.0,0.444
2019-20,Nikola Jokic,203999,-10,33.0,17.5,6.5,0.4525
2019-20,Nikola Jokic,203999,-5,25.0,12.0,4.0,0.571
2019-20,Nikola Jokic,203999,-1,23.0,8.0,13.0,0.375
2019-20,Nikola Jokic,203999,0,32.0,8.0,8.0,0.364
2019-20,Nikola Jokic,203999,2,30.0,14.0,8.0,0.5
2019-20,Nikola Jokic,203999,5,30.5,15.5,10.5,0.6679999999999999
2019-20,Nikola Jokic,203999,6,29.0,10.0,7.0,0.308
2019-20,Nikola Jokic,203999,8,31.0,25.0,11.0,0.588
2019-20,Nikola Jokic,203999,9,40.0,30.0,8.5,0.5
2019-20,Nikola Jokic,203999,18,35.0,23.0,11.0,0.727
2019-20,Nikola Vucevic,202696,-25,32.0,30.0,2.0,0.5
2019-20,Nikola Vucevic,202696,-7,32.5,18.0,2.5,0.4815
2019-20,Nikola Vucevic,202696,-6,35.0,19.0,7.0,0.6
2019-20,Nikola Vucevic,202696,-5,37.0,26.0,1.0,0.407
2019-20,Nikola Vucevic,202696,1,34.0,21.0,3.0,0.5
2019-20,Nikola Vucevic,202696,4,20.0,12.0,1.0,0.333
2019-20,Nikola Vucevic,202696,7,39.0,22.0,7.0,0.563
2019-20,Nikola Vucevic,202696,14,32.0,16.0,3.0,0.417
2019-20,Nikola Vucevic,202696,18,25.0,23.0,3.0,0.909
2019-20,Nikola Vucevic,202696,20,27.0,22.0,5.0,0.667
2019-20,Nikola Vucevic,202696,23,29.0,25.5,3.0,0.607
2019-20,Norman Powell,1626181,-22,24.0,8.0,0.0,0.25
2019-20,Norman Powell,1626181,-19,29.0,11.0,0.0,0.364
2019-20,Norman Powell,1626181,-13,40.0,24.0,0.0,0.529
2019-20,Norman Powell,1626181,-5,29.0,7.0,5.0,0.333
2019-20,Norman Powell,1626181,-3,22.0,15.0,2.0,0.667
2019-20,Norman Powell,1626181,2,26.0,17.0,1.0,0.5
2019-20,Norman Powell,1626181,4,25.0,15.0,2.0,0.5
2019-20,Norman Powell,1626181,7,38.0,37.0,2.0,0.619
2019-20,Norman Powell,1626181,8,32.0,23.5,2.5,0.5355000000000001
2019-20,Norman Powell,1626181,17,42.0,31.0,5.0,0.524
2019-20,O.G. Anunoby,1628384,-11,39.0,32.0,3.0,0.75
2019-20,O.G. Anunoby,1628384,0,32.0,7.0,1.0,0.2
2019-20,O.G. Anunoby,1628384,5,28.0,7.0,3.0,0.4165
2019-20,O.G. Anunoby,1628384,10,32.5,9.0,0.0,0.4105
2019-20,O.G. Anunoby,1628384,11,37.0,14.0,0.0,0.714
2019-20,O.G. Anunoby,1628384,13,37.0,11.0,2.0,0.417
2019-20,O.G. Anunoby,1628384,17,31.0,12.0,1.0,0.714
2019-20,O.G. Anunoby,1628384,27,33.0,23.0,1.0,0.889
2019-20,Otto Porter Jr.,203490,-3,25.0,15.0,2.0,0.545
2019-20,Otto Porter Jr.,203490,19,25.0,23.0,2.0,0.529
2019-20,P.J. Tucker,200782,-25,35.0,3.0,1.0,0.2
2019-20,P.J. Tucker,200782,-24,28.0,7.0,1.0,0.5
2019-20,P.J. Tucker,200782,-23,27.0,3.0,1.0,0.2
2019-20,P.J. Tucker,200782,-12,29.0,7.0,2.0,0.5
2019-20,P.J. Tucker,200782,-11,26.0,3.0,1.0,0.2
2019-20,P.J. Tucker,200782,-6,38.0,11.0,3.0,0.286
2019-20,P.J. Tucker,200782,-1,39.0,7.0,3.0,0.667
2019-20,P.J. Tucker,200782,0,33.0,6.0,0.0,0.286
2019-20,P.J. Tucker,200782,2,35.0,3.0,2.0,0.5
2019-20,P.J. Tucker,200782,6,33.0,0.0,3.0,0.0
2019-20,P.J. Tucker,200782,9,28.0,3.0,2.0,0.167
2019-20,P.J. Tucker,200782,15,33.0,1.0,1.0,0.0
2019-20,P.J. Tucker,200782,17,36.0,6.0,2.0,0.333
2019-20,P.J. Washington,1629023,-13,31.0,12.0,3.0,0.357
2019-20,P.J. Washington,1629023,-6,31.0,20.0,3.0,0.4
2019-20,P.J. Washington,1629023,2,36.0,17.0,2.0,0.412
2019-20,P.J. Washington,1629023,3,32.0,22.0,3.0,0.727
2019-20,P.J. Washington,1629023,4,34.0,19.0,3.0,0.462
2019-20,PJ Dozier,1628408,-12,22.0,6.0,3.0,0.3
2019-20,PJ Dozier,1628408,-5,25.5,16.5,6.0,0.561
2019-20,PJ Dozier,1628408,0,25.0,12.0,8.0,0.5
2019-20,PJ Dozier,1628408,2,26.0,18.0,4.0,0.714
2019-20,Pascal Siakam,1627783,-26,27.0,11.0,0.0,0.333
2019-20,Pascal Siakam,1627783,-13,39.0,16.0,5.0,0.286
2019-20,Pascal Siakam,1627783,-4,29.0,15.0,4.0,0.357
2019-20,Pascal Siakam,1627783,-2,37.0,17.0,5.0,0.294
2019-20,Pascal Siakam,1627783,7,35.0,26.0,3.0,0.563
2019-20,Pascal Siakam,1627783,8,28.0,14.0,2.0,0.313
2019-20,Pascal Siakam,1627783,10,38.0,23.0,5.0,0.467
2019-20,Pascal Siakam,1627783,13,38.0,24.0,2.0,0.5085
2019-20,Pascal Siakam,1627783,14,36.0,22.0,3.0,0.5
2019-20,Pascal Siakam,1627783,20,38.0,27.0,8.0,0.5
2019-20,Pascal Siakam,1627783,27,36.0,15.0,3.0,0.294
2019-20,Pat Connaughton,1626192,-18,21.0,12.0,2.0,0.5
2019-20,Pat Connaughton,1626192,-13,21.0,11.0,0.0,0.5
2019-20,Pat Connaughton,1626192,-8,29.0,6.0,1.0,0.286
2019-20,Pat Connaughton,1626192,0,24.0,6.0,1.0,0.4
2019-20,Pat Connaughton,1626192,14,24.0,10.0,3.0,0.429
2019-20,Pat Connaughton,1626192,26,23.0,8.0,5.0,0.429
2019-20,Patrick Beverley,201976,-16,26.0,2.0,1.0,0.333
2019-20,Patrick Beverley,201976,-11,23.0,0.0,4.0,0.0
2019-20,Patrick Beverley,201976,7,20.0,3.0,3.0,0.167
2019-20,Patrick Beverley,201976,27,20.0,15.0,2.0,0.5
2019-20,Patrick Beverley,201976,28,22.0,5.0,2.0,0.5
2019-20,Patrick McCaw,1627775,-13,24.0,7.0,1.0,0.75
2019-20,Patrick McCaw,1627775,5,24.0,0.0,3.0,0.0
2019-20,Patrick McCaw,1627775,8,33.0,5.0,2.0,0.333
2019-20,Patrick McCaw,1627775,21,42.0,2.0,2.0,0.2
2019-20,Patrick Patterson,202335,-10,21.0,3.0,1.0,0.167
2019-20,Patrick Patterson,202335,-6,38.0,17.0,0.0,0.25
2019-20,Patrick Patterson,202335,0,21.0,5.0,2.0,1.0
2019-20,Patrick Patterson,202335,15,21.0,8.0,3.0,0.75
2019-20,Patty Mills,201988,6,21.0,13.0,0.0,0.4
2019-20,Patty Mills,201988,12,23.0,24.0,1.0,0.538
2019-20,Patty Mills,201988,13,22.0,14.0,3.0,0.6
2019-20,Paul George,202331,-11,30.0,24.0,1.0,0.615
2019-20,Paul George,202331,-10,36.0,31.0,3.0,0.563
2019-20,Paul George,202331,-4,28.0,21.0,4.0,0.5
2019-20,Paul George,202331,-3,35.0,23.0,5.0,0.353
2019-20,Paul George,202331,0,34.0,30.0,3.0,0.647
2019-20,Paul George,202331,12,36.0,27.0,4.0,0.45
2019-20,Paul George,202331,17,32.5,18.5,6.5,0.4305
2019-20,Paul George,202331,18,27.0,16.0,3.0,0.5
2019-20,Paul George,202331,25,22.0,15.0,5.0,0.385
2019-20,Paul George,202331,27,25.0,28.0,1.0,0.471
2019-20,Paul Millsap,200794,-20,28.0,8.0,1.0,0.333
2019-20,Paul Millsap,200794,-9,25.0,18.0,3.0,0.667
2019-20,Paul Millsap,200794,-3,22.666666666666668,7.0,1.0,0.4223333333333334
2019-20,Paul Millsap,200794,2,23.0,9.0,3.0,0.5235
2019-20,Paul Millsap,200794,3,33.0,12.0,3.0,0.455
2019-20,Paul Millsap,200794,5,20.0,20.0,1.0,0.533
2019-20,Paul Millsap,200794,11,34.0,17.0,2.0,0.6
2019-20,Paul Watson,1628778,0,21.0,4.0,0.0,0.25
2019-20,Paul Watson,1628778,8,27.0,22.0,2.0,0.615
2019-20,Quinn Cook,1626188,-10,23.0,21.0,0.0,0.571
2019-20,Quinn Cook,1626188,-6,30.0,12.0,4.0,0.364
2019-20,Quinn Cook,1626188,-3,29.0,6.0,4.0,0.182
2019-20,RJ Barrett,1629628,-19,29.0,16.0,1.0,0.333
2019-20,RJ Barrett,1629628,-11,29.0,17.0,3.0,0.417
2019-20,RJ Barrett,1629628,-2,30.0,27.0,5.0,0.556
2019-20,RJ Barrett,1629628,-1,29.0,14.0,5.0,0.417
2019-20,RJ Barrett,1629628,2,25.0,12.0,2.0,0.313
2019-20,RJ Barrett,1629628,3,39.0,26.0,4.0,0.643
2019-20,Rajon Rondo,200765,0,22.0,4.0,7.0,0.25
2019-20,Raul Neto,203526,-11,25.0,22.0,4.0,0.5
2019-20,Raul Neto,203526,-4,26.0,17.0,5.0,0.4
2019-20,Raul Neto,203526,-2,20.0,16.0,2.0,0.625
2019-20,Raul Neto,203526,14,20.0,2.0,3.0,0.333
2019-20,Rayjon Tucker,1629730,-7,26.0,17.5,1.0,0.5355
2019-20,Reggie Bullock,203493,11,20.0,4.0,1.0,0.5
2019-20,Reggie Bullock,203493,17,28.0,10.0,3.0,0.667
2019-20,Reggie Jackson,202704,-11,34.0,17.0,5.0,0.429
2019-20,Reggie Jackson,202704,-2,24.0,7.0,3.0,0.375
2019-20,Reggie Jackson,202704,4,29.0,10.0,4.0,0.5
2019-20,Reggie Jackson,202704,9,34.0,10.0,4.0,0.3
2019-20,Reggie Jackson,202704,12,23.0,5.0,3.0,0.4
2019-20,Reggie Jackson,202704,14,20.0,15.0,2.0,0.556
2019-20,Richaun Holmes,1626158,-19,24.0,12.0,0.0,0.714
2019-20,Richaun Holmes,1626158,-3,23.0,10.0,1.0,0.6
2019-20,Richaun Holmes,1626158,3,25.0,8.0,0.0,1.0
2019-20,Richaun Holmes,1626158,19,32.0,8.0,2.0,0.333
2019-20,Ricky Rubio,201937,-13,35.0,21.0,9.0,0.4
2019-20,Ricky Rubio,201937,-10,27.0,18.0,4.0,0.5
2019-20,Ricky Rubio,201937,-8,29.0,15.0,9.0,0.429
2019-20,Ricky Rubio,201937,-4,31.5,16.0,10.0,0.5
2019-20,Ricky Rubio,201937,-1,29.0,7.0,8.0,0.333
2019-20,Ricky Rubio,201937,3,20.0,7.0,9.0,0.4
2019-20,Ricky Rubio,201937,4,20.0,7.0,12.0,0.333
2019-20,Ricky Rubio,201937,10,37.0,25.0,13.0,0.533
2019-20,Ricky Rubio,201937,12,32.0,20.0,7.0,0.412
2019-20,Ricky Rubio,201937,20,26.0,13.0,4.0,0.417
2019-20,Ricky Rubio,201937,32,33.0,13.0,10.0,0.455
2019-20,Robert Covington,203496,-24,27.0,3.0,1.0,0.25
2019-20,Robert Covington,203496,-23,38.0,25.0,0.0,0.563
2019-20,Robert Covington,203496,-21,25.0,7.0,2.0,0.3
2019-20,Robert Covington,203496,-10,35.0,6.0,1.0,0.182
2019-20,Robert Covington,203496,-7,29.0,6.0,3.0,0.222
2019-20,Robert Covington,203496,-3,24.0,5.0,1.0,0.25
2019-20,Robert Covington,203496,2,36.0,13.0,1.0,0.396
2019-20,Robert Covington,203496,7,42.0,13.0,3.0,0.286
2019-20,Robert Covington,203496,8,34.0,20.0,2.0,0.5
2019-20,Robert Covington,203496,19,40.0,10.0,1.0,0.444
2019-20,Robert Covington,203496,23,32.0,12.0,2.0,0.5
2019-20,Robert Covington,203496,29,33.0,8.0,2.0,0.429
2019-20,Robin Lopez,201577,-14,31.0,11.0,3.0,0.364
2019-20,Robin Lopez,201577,-10,20.0,2.0,1.0,0.25
2019-20,Robin Lopez,201577,2,21.333333333333332,6.666666666666667,0.6666666666666666,0.4406666666666667
2019-20,Rodions Kurucs,1629066,-1,29.5,8.5,3.0,0.432
2019-20,Rodions Kurucs,1629066,2,24.0,2.0,0.0,0.25
2019-20,Rodions Kurucs,1629066,4,26.0,8.0,2.0,0.55
2019-20,Rodions Kurucs,1629066,25,21.0,5.0,1.0,0.333
2019-20,Rodney McGruder,203585,-2,21.0,4.0,0.0,0.25
2019-20,Rodney McGruder,203585,0,51.0,9.0,2.0,0.182
2019-20,Romeo Langford,1629641,7,30.0,6.0,4.0,0.333
2019-20,Romeo Langford,1629641,27,25.0,4.0,2.0,0.333
2019-20,Rondae Hollis-Jefferson,1626178,-13,21.0,8.0,1.0,0.375
2019-20,Rondae Hollis-Jefferson,1626178,-2,24.0,9.0,3.0,0.5
2019-20,Rondae Hollis-Jefferson,1626178,5,24.0,8.0,4.0,0.667
2019-20,Rondae Hollis-Jefferson,1626178,8,26.0,11.0,5.0,0.444
2019-20,Rondae Hollis-Jefferson,1626178,11,22.0,6.0,3.0,0.333
2019-20,Royce O'Neale,1626220,-21,32.0,15.0,2.0,0.545
2019-20,Royce O'Neale,1626220,-17,30.0,7.0,3.0,0.333
2019-20,Royce O'Neale,1626220,-12,39.0,6.0,2.0,0.4
2019-20,Royce O'Neale,1626220,6,31.0,7.5,3.0,0.29000000000000004
2019-20,Royce O'Neale,1626220,7,33.0,5.0,5.0,0.286
2019-20,Royce O'Neale,1626220,11,28.0,12.0,3.0,0.667
2019-20,Royce O'Neale,1626220,14,30.0,0.0,4.0,0.0
2019-20,Royce O'Neale,1626220,16,34.0,15.0,3.0,0.5
2019-20,Rudy Gay,200752,-14,23.0,15.0,2.0,0.667
2019-20,Rudy Gay,200752,-5,35.0,19.0,0.0,0.368
2019-20,Rudy Gay,200752,-3,26.0,10.0,2.0,0.4
2019-20,Rudy Gay,200752,-2,23.666666666666668,20.666666666666668,2.3333333333333335,0.552
2019-20,Rudy Gay,200752,-1,28.0,12.0,1.0,0.2
2019-20,Rudy Gay,200752,3,26.0,19.0,1.0,0.533
2019-20,Rudy Gay,200752,6,26.0,13.0,1.0,0.545
2019-20,Rudy Gay,200752,17,28.0,19.0,3.0,0.455
2019-20,Rudy Gobert,203497,-22,31.0,6.0,0.0,0.25
2019-20,Rudy Gobert,203497,-20,32.0,9.0,2.0,1.0
2019-20,Rudy Gobert,203497,-14,28.0,10.0,0.0,0.833
2019-20,Rudy Gobert,203497,-8,33.0,16.0,2.0,1.0
2019-20,Rudy Gobert,203497,4,41.0,22.0,2.0,0.563
2019-20,Rudy Gobert,203497,7,35.0,10.0,3.0,0.667
2019-20,Rudy Gobert,203497,8,33.0,14.0,0.0,0.556
2019-20,Rudy Gobert,203497,14,34.0,18.0,1.0,0.875
2019-20,Rudy Gobert,203497,20,33.0,20.0,1.0,0.889
2019-20,Rudy Gobert,203497,21,36.0,21.0,1.0,0.556
2019-20,Rui Hachimura,1629060,-17,39.0,0.0,3.0,0.0
2019-20,Rui Hachimura,1629060,-16,28.0,11.0,4.0,0.364
2019-20,Rui Hachimura,1629060,-15,34.0,9.0,6.0,0.333
2019-20,Rui Hachimura,1629060,-14,29.0,20.0,1.0,0.333
2019-20,Rui Hachimura,1629060,-12,29.0,21.0,1.0,0.533
2019-20,Rui Hachimura,1629060,-9,25.0,11.0,1.0,0.364
2019-20,Rui Hachimura,1629060,-4,38.0,8.0,2.0,0.182
2019-20,Rui Hachimura,1629060,0,32.0,9.0,4.0,0.333
2019-20,Rui Hachimura,1629060,1,32.5,17.5,2.0,0.646
2019-20,Rui Hachimura,1629060,2,30.0,20.0,3.0,0.667
2019-20,Rui Hachimura,1629060,8,32.0,3.0,2.0,0.0
2019-20,Rui Hachimura,1629060,12,29.0,15.0,1.0,0.5
2019-20,Russell Westbrook,201566,-29,30.0,24.0,4.0,0.474
2019-20,Russell Westbrook,201566,-15,27.0,20.0,6.0,0.471
2019-20,Russell Westbrook,201566,-13,32.0,29.0,5.0,0.407
2019-20,Russell Westbrook,201566,-10,35.0,15.0,9.0,0.357
2019-20,Russell Westbrook,201566,-9,37.0,24.0,3.0,0.474
2019-20,Russell Westbrook,201566,-5,38.0,31.0,8.0,0.476
2019-20,Russell Westbrook,201566,8,36.0,27.0,7.0,0.647
2019-20,Russell Westbrook,201566,12,43.0,31.0,8.0,0.433
2019-20,Ryan Arcidiacono,1627853,0,22.0,9.0,2.0,0.5
2019-20,Ryan Arcidiacono,1627853,7,20.0,10.0,2.0,0.571
2019-20,Sekou Doumbouya,1629635,-19,22.0,2.0,2.0,0.25
2019-20,Semi Ojeleye,1628400,-3,31.0,13.0,2.0,0.364
2019-20,Semi Ojeleye,1628400,1,21.0,3.0,0.0,0.2
2019-20,Semi Ojeleye,1628400,4,33.0,9.0,0.0,0.4
2019-20,Semi Ojeleye,1628400,11,30.0,22.0,2.0,0.727
2019-20,Serge Ibaka,201586,-7,25.0,15.0,0.0,0.583
2019-20,Serge Ibaka,201586,-5,25.0,12.0,3.0,0.556
2019-20,Serge Ibaka,201586,-2,29.0,13.0,3.0,0.545
2019-20,Serge Ibaka,201586,4,22.0,11.0,1.0,0.455
2019-20,Serge Ibaka,201586,15,35.0,15.0,5.0,0.5
2019-20,Serge Ibaka,201586,28,36.0,27.0,3.0,0.529
2019-20,Seth Curry,203552,-24,20.0,8.0,0.0,0.333
2019-20,Seth Curry,203552,-12,23.0,3.0,0.0,0.0
2019-20,Seth Curry,203552,-4,21.0,2.0,1.0,0.143
2019-20,Seth Curry,203552,-1,34.0,16.0,2.0,0.545
2019-20,Seth Curry,203552,6,29.0,27.0,4.0,0.647
2019-20,Seth Curry,203552,13,29.0,22.0,2.0,0.727
2019-20,Seth Curry,203552,18,37.0,21.0,4.0,0.583
2019-20,Shabazz Napier,203894,-31,25.0,9.0,3.0,0.3
2019-20,Shabazz Napier,203894,-14,26.0,12.0,3.0,0.308
2019-20,Shabazz Napier,203894,-12,39.0,27.0,7.0,0.429
2019-20,Shabazz Napier,203894,-1,22.0,16.0,4.0,0.545
2019-20,Shabazz Napier,203894,3,25.0,5.0,2.0,0.222
2019-20,Shabazz Napier,203894,4,27.0,9.0,4.0,0.5
2019-20,Shabazz Napier,203894,8,38.0,21.0,6.0,0.5
2019-20,Shabazz Napier,203894,16,25.0,9.0,5.0,0.6
2019-20,Shabazz Napier,203894,17,23.0,9.0,6.0,0.429
2019-20,Shai Gilgeous-Alexander,1628983,-23,24.0,18.0,1.0,0.667
2019-20,Shai Gilgeous-Alexander,1628983,-22,33.0,15.0,2.0,0.583
2019-20,Shai Gilgeous-Alexander,1628983,-9,36.0,17.0,2.5,0.34650000000000003
2019-20,Shai Gilgeous-Alexander,1628983,8,35.0,18.0,7.0,0.5
2019-20,Shai Gilgeous-Alexander,1628983,9,35.0,13.0,5.0,0.273
2019-20,Shai Gilgeous-Alexander,1628983,12,34.0,27.0,3.0,0.8
2019-20,Shai Gilgeous-Alexander,1628983,14,21.0,18.0,5.0,0.6
2019-20,Shai Gilgeous-Alexander,1628983,15,32.0,19.0,6.0,0.5
2019-20,Shake Milton,1629003,-8,28.0,12.0,6.0,0.444
2019-20,Shake Milton,1629003,-7,30.0,8.0,7.0,0.333
2019-20,Shake Milton,1629003,-6,29.0,14.0,3.0,0.5
2019-20,Shake Milton,1629003,-5,27.0,14.0,4.0,0.571
2019-20,Shake Milton,1629003,-4,24.0,11.0,2.0,0.4
2019-20,Shake Milton,1629003,-1,22.0,8.0,5.0,0.222
2019-20,Shake Milton,1629003,1,27.0,12.0,4.0,0.455
2019-20,Shake Milton,1629003,2,25.0,6.0,8.0,0.4
2019-20,Shake Milton,1629003,3,25.0,16.0,3.0,0.667
2019-20,Shake Milton,1629003,4,39.0,39.0,5.0,0.7
2019-20,Shake Milton,1629003,19,27.0,20.0,3.0,0.571
2019-20,Shaquille Harrison,1627885,-10,28.5,12.5,3.0,0.527
2019-20,Shaquille Harrison,1627885,5,33.0,25.0,4.0,0.643
2019-20,Shaquille Harrison,1627885,9,35.0,6.0,3.0,0.333
2019-20,Solomon Hill,203524,-8,40.0,21.0,3.0,0.385
2019-20,Solomon Hill,203524,-5,24.0,10.0,1.0,0.4
2019-20,Solomon Hill,203524,0,23.0,0.0,1.0,0.0
2019-20,Solomon Hill,203524,7,30.0,5.0,3.0,0.333
2019-20,Spencer Dinwiddie,203915,-22,26.0,4.0,4.0,0.111
2019-20,Spencer Dinwiddie,203915,-20,23.0,14.0,4.0,0.4
2019-20,Spencer Dinwiddie,203915,-3,30.0,23.0,7.0,0.412
2019-20,Spencer Dinwiddie,203915,12,31.0,21.5,7.5,0.491
2019-20,Stanley Johnson,1626169,5,28.0,23.0,6.0,0.563
2019-20,Stephen Curry,201939,-13,27.0,23.0,7.0,0.375
2019-20,Sterling Brown,1628425,-16,22.0,3.0,1.0,0.25
2019-20,Sterling Brown,1628425,-7,36.0,16.0,3.0,0.375
2019-20,Sterling Brown,1628425,-6,29.0,23.0,2.0,0.563
2019-20,Steven Adams,203500,-18,34.0,9.0,1.0,0.5
2019-20,Steven Adams,203500,-17,27.0,4.0,2.0,0.333
2019-20,Steven Adams,203500,2,32.0,8.0,3.0,0.8
2019-20,Steven Adams,203500,4,26.0,6.0,1.0,0.5
2019-20,Steven Adams,203500,13,28.0,18.0,2.0,0.7
2019-20,Steven Adams,203500,14,23.0,12.0,1.0,0.625
2019-20,Steven Adams,203500,15,27.0,16.0,2.0,0.7
2019-20,Svi Mykhailiuk,1629004,-13,23.0,13.0,4.0,0.357
2019-20,Svi Mykhailiuk,1629004,-2,38.0,14.0,2.0,0.364
2019-20,Svi Mykhailiuk,1629004,-1,24.0,16.0,4.0,0.308
2019-20,Svi Mykhailiuk,1629004,0,23.0,3.0,6.0,0.125
2019-20,Svi Mykhailiuk,1629004,2,26.0,9.0,5.0,0.429
2019-20,T.J. McConnell,204456,-3,29.0,14.0,6.0,0.538
2019-20,T.J. McConnell,204456,12,21.0,8.0,8.0,0.5
2019-20,T.J. McConnell,204456,19,22.0,6.0,7.0,0.333
2019-20,T.J. Warren,203933,-41,32.0,18.0,1.0,0.444
2019-20,T.J. Warren,203933,-11,28.0,12.0,0.0,0.357
2019-20,T.J. Warren,203933,-1,34.0,19.0,0.5,0.425
2019-20,T.J. Warren,203933,3,32.0,16.0,1.0,0.538
2019-20,T.J. Warren,203933,12,39.0,23.0,2.0,0.571
2019-20,T.J. Warren,203933,16,38.0,32.0,3.0,0.765
2019-20,T.J. Warren,203933,18,40.0,53.0,3.0,0.69
2019-20,T.J. Warren,203933,23,36.0,39.0,1.0,0.682
2019-20,T.J. Warren,203933,25,39.0,34.0,4.0,0.538
2019-20,Taj Gibson,201959,-4,23.0,8.0,2.0,0.429
2019-20,Talen Horton-Tucker,1629659,-4,34.0,14.0,3.0,0.4
2019-20,Taurean Prince,1627752,-17,28.0,7.0,1.0,0.143
2019-20,Taurean Prince,1627752,-13,24.0,15.0,0.0,0.316
2019-20,Taurean Prince,1627752,6,27.0,7.0,0.0,0.182
2019-20,Taurean Prince,1627752,12,29.0,13.0,2.0,0.357
2019-20,Terance Mann,1629611,-7,41.0,25.0,9.0,0.667
2019-20,Terance Mann,1629611,-1,23.0,14.0,0.0,0.857
2019-20,Terence Davis,1629056,6,34.0,14.0,3.0,0.333
2019-20,Terrance Ferguson,1628390,-4,20.0,2.0,0.0,0.5
2019-20,Terrance Ferguson,1628390,8,23.0,3.0,5.0,0.2
2019-20,Terrence Ross,203082,-18,26.0,23.0,2.0,0.467
2019-20,Terrence Ross,203082,-12,31.0,15.0,2.0,0.429
2019-20,Terrence Ross,203082,-11,25.0,20.0,0.0,0.4
2019-20,Terrence Ross,203082,-7,34.0,35.0,0.0,0.667
2019-20,Terrence Ross,203082,-5,26.0,0.0,2.0,0.0
2019-20,Terrence Ross,203082,-2,35.5,17.0,3.0,0.5265
2019-20,Terrence Ross,203082,7,23.0,8.0,1.0,0.375
2019-20,Terrence Ross,203082,9,30.0,24.0,1.0,0.421
2019-20,Terrence Ross,203082,12,29.0,16.0,0.0,0.5
2019-20,Terrence Ross,203082,18,22.0,25.0,1.0,0.6
2019-20,Terry Rozier,1626179,-20,36.0,13.0,4.0,0.333
2019-20,Terry Rozier,1626179,-2,43.0,40.0,3.0,0.577
2019-20,Terry Rozier,1626179,3,35.0,20.0,5.0,0.444
2019-20,Terry Rozier,1626179,5,34.0,19.0,3.0,0.462
2019-20,Terry Rozier,1626179,10,38.0,24.0,6.0,0.533
2019-20,Thaddeus Young,201152,-12,35.0,12.0,4.0,0.417
2019-20,Thaddeus Young,201152,-6,20.0,8.0,3.0,0.5
2019-20,Thaddeus Young,201152,-2,25.0,6.0,3.0,0.3
2019-20,Thaddeus Young,201152,0,28.0,13.0,4.0,0.545
2019-20,Thaddeus Young,201152,2,25.0,17.0,0.0,0.429
2019-20,Thomas Bryant,1628418,-14,25.0,13.0,1.0,0.556
2019-20,Thomas Bryant,1628418,-13,22.0,9.0,0.0,0.25
2019-20,Thomas Bryant,1628418,-11,28.0,20.0,1.0,0.75
2019-20,Thomas Bryant,1628418,-9,33.0,10.0,3.0,0.333
2019-20,Thomas Bryant,1628418,1,35.0,26.0,2.0,0.55
2019-20,Thomas Bryant,1628418,8,27.0,14.5,0.5,0.4355
2019-20,Thomas Bryant,1628418,11,28.0,20.5,2.0,0.6115
2019-20,Thon Maker,1627748,-15,27.0,3.0,1.0,0.2
2019-20,Tim Hardaway Jr.,203501,-24,20.0,8.0,0.0,0.25
2019-20,Tim Hardaway Jr.,203501,-19,35.0,8.0,0.0,0.333
2019-20,Tim Hardaway Jr.,203501,-7,39.0,16.0,1.5,0.3865
2019-20,Tim Hardaway Jr.,203501,-4,35.0,26.0,3.0,0.476
2019-20,Tim Hardaway Jr.,203501,-2,37.0,27.0,2.0,0.5345
2019-20,Tim Hardaway Jr.,203501,-1,39.0,18.0,4.0,0.333
2019-20,Tim Hardaway Jr.,203501,0,33.0,11.0,3.0,0.27699999999999997
2019-20,Tim Hardaway Jr.,203501,2,41.0,22.0,0.0,0.429
2019-20,Tim Hardaway Jr.,203501,5,34.0,27.0,4.0,0.733
2019-20,Tim Hardaway Jr.,203501,17,39.0,14.0,1.0,0.267
2019-20,Tim Hardaway Jr.,203501,37,31.0,19.0,0.0,0.438
2019-20,Timothe Luwawu-Cabarrot,1627789,-24,26.0,8.0,1.0,0.286
2019-20,Timothe Luwawu-Cabarrot,1627789,-7,23.0,1.0,2.0,0.0
2019-20,Timothe Luwawu-Cabarrot,1627789,6,31.0,19.0,1.0,0.538
2019-20,Timothe Luwawu-Cabarrot,1627789,7,25.0,13.0,2.0,0.385
2019-20,Timothe Luwawu-Cabarrot,1627789,8,27.0,25.0,0.5,0.667
2019-20,Timothe Luwawu-Cabarrot,1627789,11,28.0,19.0,2.0,0.714
2019-20,Timothe Luwawu-Cabarrot,1627789,12,27.0,10.0,0.0,0.3
2019-20,Timothe Luwawu-Cabarrot,1627789,14,21.0,24.0,0.0,0.667
2019-20,Timothe Luwawu-Cabarrot,1627789,27,31.0,16.0,1.0,0.364
2019-20,Tobias Harris,202699,-14,33.0,18.0,2.0,0.444
2019-20,Tobias Harris,202699,-7,33.0,20.0,3.5,0.40149999999999997
2019-20,Tobias Harris,202699,-5,40.0,25.0,4.0,0.524
2019-20,Tobias Harris,202699,0,36.5,24.0,1.0,0.429
2019-20,Tobias Harris,202699,2,23.0,18.0,4.0,0.6
2019-20,Tobias Harris,202699,4,29.0,15.0,5.0,0.357
2019-20,Tobias Harris,202699,7,30.0,25.0,4.0,0.588
2019-20,Tobias Harris,202699,10,24.0,22.0,5.0,0.615
2019-20,Tobias Harris,202699,15,39.0,23.0,4.0,0.381
2019-20,Tobias Harris,202699,21,36.0,28.0,3.0,0.5
2019-20,Tomas Satoransky,203107,-15,25.0,4.0,1.0,0.143
2019-20,Tomas Satoransky,203107,-9,28.0,8.5,6.5,0.375
2019-20,Tomas Satoransky,203107,-3,29.0,10.0,5.0,0.455
2019-20,Tomas Satoransky,203107,9,28.0,5.0,5.0,0.286
2019-20,Tony Bradley,1628396,-1,21.0,6.0,1.0,0.429
2019-20,Tony Bradley,1628396,10,22.0,15.0,2.0,0.778
2019-20,Tony Snell,203503,-7,31.0,8.0,2.0,0.5
2019-20,Tony Snell,203503,0,32.0,5.0,6.0,0.4
2019-20,Tony Snell,203503,1,28.0,9.0,3.0,0.6
2019-20,Tony Snell,203503,4,28.0,4.0,3.0,0.111
2019-20,Tony Snell,203503,8,38.0,12.0,6.0,0.333
2019-20,Torrey Craig,1628470,-19,28.0,10.0,4.0,0.571
2019-20,Torrey Craig,1628470,-9,22.0,6.0,0.0,0.375
2019-20,Torrey Craig,1628470,-4,23.0,10.0,0.0,0.5
2019-20,Torrey Craig,1628470,-3,30.0,8.0,0.0,0.375
2019-20,Torrey Craig,1628470,-1,24.0,6.0,2.0,0.375
2019-20,Torrey Craig,1628470,1,24.0,13.0,2.0,0.714
2019-20,Torrey Craig,1628470,5,34.0,11.0,2.0,0.556
2019-20,Trae Young,1629027,-19,29.0,19.0,2.0,0.294
2019-20,Trae Young,1629027,-14,28.0,16.0,4.0,0.25
2019-20,Trae Young,1629027,-4,37.0,42.0,11.0,0.48
2019-20,Trae Young,1629027,9,43.0,31.0,16.0,0.44
2019-20,Tremont Waters,1629682,-7,29.0,7.0,4.0,0.143
2019-20,Treveon Graham,1626203,-18,22.0,5.0,2.0,0.286
2019-20,Trevor Ariza,2772,-15,29.0,5.0,2.0,0.167
2019-20,Trevor Ariza,2772,-5,36.0,17.0,3.0,0.556
2019-20,Trevor Ariza,2772,12,36.0,22.0,0.0,0.583
2019-20,Trevor Ariza,2772,28,36.0,11.0,3.0,0.4
2019-20,Trevor Ariza,2772,36,33.0,15.0,4.0,0.6
2019-20,Trey Burke,203504,-16,31.0,11.0,4.0,0.333
2019-20,Trey Burke,203504,1,23.0,14.0,4.0,0.5
2019-20,Trey Burke,203504,2,27.0,9.5,4.5,0.42200000000000004
2019-20,Trey Burke,203504,9,29.0,31.0,6.0,0.688
2019-20,Trey Burke,203504,10,20.0,10.0,3.0,0.231
2019-20,Trey Lyles,1626168,-20,23.0,19.0,2.0,0.5
2019-20,Trey Lyles,1626168,-12,41.0,13.0,2.0,0.4
2019-20,Trey Lyles,1626168,-8,36.0,20.0,0.0,0.471
2019-20,Trey Lyles,1626168,-5,32.0,6.0,2.0,0.25
2019-20,Trey Lyles,1626168,5,32.0,14.0,2.0,0.556
2019-20,Tristan Thompson,202684,-2,37.0,9.0,5.0,0.4
2019-20,Troy Brown Jr.,1628972,-24,29.0,12.0,4.0,0.357
2019-20,Troy Brown Jr.,1628972,-17,30.0,9.0,3.0,0.2
2019-20,Troy Brown Jr.,1628972,-14,26.0,15.0,1.0,0.545
2019-20,Troy Brown Jr.,1628972,-9,30.0,5.0,1.0,0.125
2019-20,Troy Brown Jr.,1628972,-8,30.0,10.0,8.0,0.364
2019-20,Troy Brown Jr.,1628972,-7,38.0,20.0,5.0,0.375
2019-20,Troy Brown Jr.,1628972,-5,24.0,11.0,4.5,0.5
2019-20,Troy Brown Jr.,1628972,-2,35.0,17.0,4.0,0.438
2019-20,Troy Brown Jr.,1628972,3,23.0,9.0,1.0,0.5
2019-20,Troy Brown Jr.,1628972,5,38.0,22.0,8.0,0.471
2019-20,Troy Brown Jr.,1628972,9,33.0,17.0,3.0,0.313
2019-20,Troy Daniels,203584,-2,28.0,10.0,1.0,0.364
2019-20,Tyler Herro,1629639,-10,27.0,16.0,3.0,0.375
2019-20,Tyler Herro,1629639,-8,29.5,20.5,2.5,0.4815
2019-20,Tyler Herro,1629639,2,20.0,7.0,2.0,0.429
2019-20,Tyler Herro,1629639,3,30.0,18.5,6.5,0.54
2019-20,Tyler Herro,1629639,8,25.0,17.0,2.0,0.636
2019-20,Tyler Herro,1629639,9,33.0,20.0,5.0,0.5
2019-20,Tyler Johnson,204020,-12,25.0,7.0,3.0,0.375
2019-20,Tyler Johnson,204020,-6,26.0,11.0,2.0,0.308
2019-20,Tyler Johnson,204020,-2,30.0,21.0,1.0,0.545
2019-20,Tyler Johnson,204020,0,29.0,2.0,5.0,0.0
2019-20,Tyler Johnson,204020,4,24.0,16.0,2.0,0.538
2019-20,Tyler Johnson,204020,7,21.0,14.0,5.0,0.5
2019-20,Tyus Jones,1626145,-3,20.0,9.0,1.0,0.25
2019-20,Tyus Jones,1626145,0,20.0,9.0,7.0,0.4
2019-20,Tyus Jones,1626145,18,20.0,18.0,6.0,0.462
2019-20,Udonis Haslem,2617,-5,23.0,7.0,0.0,0.6
2019-20,Vic Law,1629724,-9,20.0,10.0,1.0,0.5
2019-20,Vic Law,1629724,3,24.0,4.0,1.0,0.333
2019-20,Victor Oladipo,203506,-24,31.0,16.0,2.0,0.364
2019-20,Victor Oladipo,203506,-18,28.0,14.0,1.0,0.444
2019-20,Victor Oladipo,203506,-7,37.0,16.0,5.0,0.269
2019-20,Victor Oladipo,203506,5,28.0,27.0,4.0,0.563
2019-20,Victor Oladipo,203506,8,27.0,16.0,7.0,0.333
2019-20,Victor Oladipo,203506,9,28.5,15.5,3.0,0.4645
2019-20,Victor Oladipo,203506,13,27.0,13.0,2.0,0.5
2019-20,Victor Oladipo,203506,19,34.0,22.0,5.0,0.529
2019-20,Wayne Ellington,201961,0,25.0,3.0,4.0,0.167
2019-20,Wayne Ellington,201961,10,22.0,6.0,2.0,0.333
2019-20,Wendell Carter Jr.,1628976,-14,24.0,6.0,1.0,0.5
2019-20,Wendell Carter Jr.,1628976,-12,28.0,7.0,1.0,0.4
2019-20,Wendell Carter Jr.,1628976,-8,26.0,8.0,1.0,0.5
2019-20,Wendell Carter Jr.,1628976,-6,26.0,17.0,1.0,0.778
2019-20,Wendell Carter Jr.,1628976,1,22.0,7.0,1.0,0.4
2019-20,Wes Iwundu,1628411,-6,30.0,18.0,3.0,0.455
2019-20,Wes Iwundu,1628411,-2,25.0,9.0,1.0,0.286
2019-20,Wes Iwundu,1628411,11,26.0,15.0,6.0,0.8
2019-20,Wes Iwundu,1628411,21,22.0,8.0,1.0,0.6
2019-20,Wesley Matthews,202083,-22,28.0,6.0,1.0,0.5
2019-20,Wesley Matthews,202083,-12,26.0,2.0,2.0,0.167
2019-20,Wesley Matthews,202083,-10,31.0,9.0,2.0,0.182
2019-20,Wesley Matthews,202083,-1,26.0,3.0,1.0,0.167
2019-20,Wesley Matthews,202083,11,27.0,8.0,2.0,0.273
2019-20,Wesley Matthews,202083,12,26.0,9.0,0.0,0.333
2019-20,Wesley Matthews,202083,14,26.0,3.0,0.0,0.167
2019-20,Wesley Matthews,202083,22,25.0,15.0,0.0,0.6
2019-20,Wesley Matthews,202083,27,22.0,9.0,0.0,0.75
2019-20,Will Barton,203115,-9,34.0,18.0,0.0,0.444
2019-20,Will Barton,203115,-1,36.0,22.0,4.0,0.5
2019-20,Will Barton,203115,2,37.0,23.0,3.0,0.529
2019-20,Will Barton,203115,7,26.0,11.0,4.0,0.333
2019-20,Will Barton,203115,10,32.0,13.0,2.0,0.455
2019-20,Will Barton,203115,11,33.0,16.0,2.0,0.6
2019-20,Willy Hernangomez,1626195,1,22.0,14.0,0.0,0.636
2019-20,Willy Hernangomez,1626195,11,20.0,10.0,4.0,0.444
2019-20,Wilson Chandler,201163,-2,26.0,5.0,3.0,0.5
2019-20,Wilson Chandler,201163,21,21.0,6.0,1.0,0.286
2019-20,Zach Collins,1628380,-1,22.0,2.0,2.0,0.333
2019-20,Zach Collins,1628380,2,26.0,8.0,1.0,0.444
2019-20,Zach Collins,1628380,6,28.0,7.0,2.0,0.5
2019-20,Zach Collins,1628380,8,24.0,7.0,0.0,0.6
2019-20,Zach Collins,1628380,9,27.0,6.0,2.0,1.0
2019-20,Zach Collins,1628380,11,36.0,7.0,3.0,0.333
2019-20,Zion Williamson,1629627,-21,27.0,25.0,1.0,0.5
2019-20,Zion Williamson,1629627,-12,21.0,24.0,2.0,0.833
2019-20,Zion Williamson,1629627,-10,33.0,35.0,0.0,0.75
2019-20,Zion Williamson,1629627,0,32.0,25.0,3.0,0.526
2019-20,Zion Williamson,1629627,1,33.0,19.0,2.5,0.639
2019-20,Zion Williamson,1629627,8,25.0,23.0,5.0,0.429
2019-20,Zion Williamson,1629627,20,31.0,23.0,1.0,0.6
2019-20,Zylan Cheatham,1629597,2,20.0,8.0,1.0,1.0
